name,wilayah,category
Green Pramuka City,Jakarta Pusat,apartemen
Sudirman Park,Jakarta Pusat,apartemen
Semanggi,Jakarta Selatan,apartemen
Batavia,Jakarta Pusat,apartemen
Menteng Park,Jakarta Pusat,apartemen
Elpis Residence,Jakarta Pusat,apartemen
1 @ Cik Ditiro,Jakarta Pusat,apartemen
Kusuma Atmadja Residence,Jakarta Pusat,apartemen
Kimara Residence,Jakarta Pusat,apartemen
The Boulevard,Jakarta Pusat,apartemen
The Royale Springhill Residences,Jakarta Pusat,apartemen
Cik Ditiro Residence,Jakarta Pusat,apartemen
Bandar Kemayoran,Jakarta Pusat,apartemen
Pasar Baru Mansion,Jakarta Pusat,apartemen
Istana Sahid,Jakarta Pusat,apartemen
Mitra Oasis,Jakarta Pusat,apartemen
Executive Menteng,Jakarta Pusat,apartemen
Mediterania Lagoon Residences,Jakarta Pusat,apartemen
Springhill Terrace,Jakarta Pusat,apartemen
Cityloft,Jakarta Selatan,apartemen
Cempaka Mas,Jakarta Pusat,apartemen
Taman Kemayoran Condominium,Jakarta Pusat,apartemen
Mediterania Palace Kemayoran,Jakarta Pusat,apartemen
The Boutique,Jakarta Pusat,apartemen
Cosmo Terrace,Jakarta Pusat,apartemen
Thamrin Nine,Jakarta Pusat,apartemen
Jakarta Residence,Jakarta Pusat,apartemen
Menara Jakarta,Jakarta Pusat,apartemen
Sudirman Tower Condo,Jakarta Selatan,apartemen
Thamrin Residence,Jakarta Pusat,apartemen
Best Western Mangga Dua,Jakarta Pusat,apartemen
Cosmo Park,Jakarta Pusat,apartemen
Sahid Sudirman,Jakarta Selatan,apartemen
Keraton At The Plaza,Jakarta Pusat,apartemen
Salemba Residence,Jakarta Pusat,apartemen
Puri Kemayoran,Jakarta Pusat,apartemen
The Mansion at Dukuh Golf Kemayoran,Jakarta Pusat,apartemen
Mangga Dua Court,Jakarta Pusat,apartemen
Capitol Suites,Jakarta Pusat,apartemen
Grand Kartini,Jakarta Pusat,apartemen
Da Vinci Penthouse,Jakarta Pusat,apartemen
Holland Village,Jakarta Pusat,apartemen
Capitol Park,Jakarta Pusat,apartemen
57 Promenade,Jakarta Pusat,apartemen
Kempinski Grand Indonesia,Jakarta Pusat,apartemen
Menteng Square,Jakarta Pusat,apartemen
Pavilion,Jakarta Pusat,apartemen
T Residence,Jakarta Pusat,apartemen
Le Parc,Jakarta Selatan,apartemen
Amethyst Tower Kemayoran,Jakarta Pusat,apartemen
Senayan City Residence,Jakarta Pusat,apartemen
Thamrin Executive Residence,Jakarta Pusat,apartemen
Casa Domaine,Jakarta Pusat,apartemen
Arandra Residence,Jakarta Pusat,apartemen
Rajawali Condominium,Jakarta Pusat,apartemen
Grand Palace Kemayoran,Jakarta Pusat,apartemen
Sudirman Hill,Jakarta Selatan,apartemen
Springhill Royale Suites,Jakarta Pusat,apartemen
H Residence Kemayoran,Jakarta Pusat,apartemen
Istana Harmoni,Jakarta Pusat,apartemen
Plaza Residence Intercontinental,Jakarta Pusat,apartemen
Sudirman Residences,Jakarta Selatan,apartemen
Sentosa Residences,Jakarta Pusat,apartemen
Sudirman Suites,Jakarta Pusat,apartemen
Ascott Jakarta,Jakarta Pusat,apartemen
Shangri-La Residence,Jakarta Pusat,apartemen
Park Royale,Jakarta Selatan,apartemen
Mediterania Boulevard Kemayoran,Jakarta Pusat,apartemen
Palazzo,Jakarta Pusat,apartemen
1Park Avenue,Jakarta Selatan,apartemen
Casablanca Mansion,Jakarta Selatan,apartemen
Ambassade Residences,Jakarta Selatan,apartemen
Permata Hijau Suites,Jakarta Selatan,apartemen
Pakubuwono Town House,Jakarta Selatan,apartemen
The Foresque Apartment,Jakarta Selatan,apartemen
Pakubuwono Signature,Jakarta Selatan,apartemen
Abode,Jakarta Selatan,apartemen
Cilandak 88 Condominium,Jakarta Selatan,apartemen
The Wave,Jakarta Selatan,apartemen
Sudirman Mansion,Jakarta Selatan,apartemen
Bellagio,Jakarta Selatan,apartemen
Four Winds of Senayan,Jakarta Selatan,apartemen
Kusuma Chandra,Jakarta Selatan,apartemen
Grand Dhika Mansion,Jakarta Selatan,apartemen
Bellagio Mansion,Jakarta Selatan,apartemen
Kalibata City,Jakarta Selatan,apartemen
Anandamaya Residences,Jakarta Selatan,apartemen
The Grove Suites,Jakarta Selatan,apartemen
45 Antasari,Jakarta Selatan,apartemen
Botanica Apartment,Jakarta Selatan,apartemen
Kemang Mansion,Jakarta Selatan,apartemen
The Elements,Jakarta Selatan,apartemen
Antasari Heights,Jakarta Selatan,apartemen
The H Tower,Jakarta Selatan,apartemen
Casablanca,Jakarta Selatan,apartemen
Taman Rasuna,Jakarta Selatan,apartemen
Taman Sari Sudirman,Jakarta Selatan,apartemen
The Empyreal & The Masterpiece,Jakarta Selatan,apartemen
Setiabudi Residences,Jakarta Selatan,apartemen
Taman Sari Semanggi,Jakarta Selatan,apartemen
Mahata Tanjung Barat,Jakarta Selatan,apartemen
Kemang Jaya,Jakarta Selatan,apartemen
Griya Pancoran,Jakarta Selatan,apartemen
Pancoran Riverside,Jakarta Selatan,apartemen
Beverly Tower,Jakarta Selatan,apartemen
Pejaten Park Residence,Jakarta Selatan,apartemen
Kebagusan City,Jakarta Selatan,apartemen
Casa Grande,Jakarta Selatan,apartemen
Permata Hijau Residences,Jakarta Selatan,apartemen
Pearl Garden,Jakarta Selatan,apartemen
Linea Haus,Jakarta Selatan,apartemen
Kintamani,Jakarta Selatan,apartemen
Puri Casablanca,Jakarta Selatan,apartemen
Grand Permata,Jakarta Selatan,apartemen
The Mayflower,Jakarta Selatan,apartemen
Senopati Suites 2,Jakarta Selatan,apartemen
Senopati Suites 3,Jakarta Selatan,apartemen
Lavande,Jakarta Selatan,apartemen
Senopati Penthouse,Jakarta Selatan,apartemen
Eminence Darmawangsa,Jakarta Selatan,apartemen
The Batik @ Pejaten,Jakarta Selatan,apartemen
Denpasar Residence,Jakarta Selatan,apartemen
Bumimas,Jakarta Selatan,apartemen
South Hills,Jakarta Selatan,apartemen
AVANIA,Jakarta Selatan,apartemen
Cervino Village,Jakarta Selatan,apartemen
BonaVista,Jakarta Selatan,apartemen
La Vie All Suites,Jakarta Selatan,apartemen
Kuningan Place,Jakarta Selatan,apartemen
Cilandak Residence,Jakarta Selatan,apartemen
The Bellevue Suites,Jakarta Selatan,apartemen
One Casablanca,Jakarta Selatan,apartemen
Gardenia Boulevard,Jakarta Selatan,apartemen
Rusun Benhil,Jakarta Pusat,apartemen
Permata Hijau,Jakarta Selatan,apartemen
Pondok Klub Villa,Jakarta Selatan,apartemen
Kebayoran Icon,Jakarta Selatan,apartemen
Nifarro Park,Jakarta Selatan,apartemen
Sinabung Executive,Jakarta Selatan,apartemen
Woodland Park Residence,Jakarta Selatan,apartemen
Mangkuluhur City,Jakarta Selatan,apartemen
The Alana Pejaten,Jakarta Selatan,apartemen
Lebak Lestari Garden,Jakarta Selatan,apartemen
Daksa Residence,Jakarta Selatan,apartemen
Peruri 88,Jakarta Selatan,apartemen
LA City,Jakarta Selatan,apartemen
Synthesis Residence Kemang,Jakarta Selatan,apartemen
Marbella Kemang,Jakarta Selatan,apartemen
Vasaka Solterra,Jakarta Selatan,apartemen
Lexington Residence,Jakarta Selatan,apartemen
The Royal Olive Residence,Jakarta Selatan,apartemen
Poins Square,Jakarta Selatan,apartemen
The 18th Residence Rasuna,Jakarta Selatan,apartemen
The Residence @ Synthesis Square,Jakarta Selatan,apartemen
Gandaria Heights,Jakarta Selatan,apartemen
Kemang Village,Jakarta Selatan,apartemen
Providence Park,Jakarta Selatan,apartemen
Gayanti City,Jakarta Selatan,apartemen
Pakubuwono Terrace,Jakarta Selatan,apartemen
Grand Pancoran,Jakarta Selatan,apartemen
Hamptons Park,Jakarta Selatan,apartemen
The Hundred,Jakarta Selatan,apartemen
Apartemen Senopati,Jakarta Selatan,apartemen
Langham Residence,Jakarta Selatan,apartemen
Raffles Residence,Jakarta Selatan,apartemen
Nirvana Residence Kemang,Jakarta Selatan,apartemen
Sahid Metropolitan,Jakarta Selatan,apartemen
SCBD Suites,Jakarta Selatan,apartemen
Branz Simatupang,Jakarta Selatan,apartemen
The Peak,Jakarta Selatan,apartemen
Pakubuwono View,Jakarta Selatan,apartemen
Simprug Indah,Jakarta Selatan,apartemen
Simprug Terrace,Jakarta Selatan,apartemen
Airlangga Ritz Carlton,Jakarta Selatan,apartemen
Senayan Residence,Jakarta Selatan,apartemen
Pakubuwono Spring,Jakarta Selatan,apartemen
Plaza Senayan,Jakarta Pusat,apartemen
Somerset Berlian,Jakarta Selatan,apartemen
Pondok Indah Residences,Jakarta Selatan,apartemen
1Park Residences,Jakarta Selatan,apartemen
Capital Residence,Jakarta Selatan,apartemen
Gateway Pesanggrahan,Jakarta Selatan,apartemen
Oakwood,Jakarta Selatan,apartemen
Pondok Indah Golf Apartment,Jakarta Selatan,apartemen
Setiabudi Sky Garden,Jakarta Selatan,apartemen
Verde,Jakarta Selatan,apartemen
Verde 2,Jakarta Selatan,apartemen
Golfhill Terraces,Jakarta Selatan,apartemen
Senopati Suites,Jakarta Selatan,apartemen
Apple Residence,Jakarta Selatan,apartemen
Residence 8 Senopati,Jakarta Selatan,apartemen
Essence on Darmawangsa,Jakarta Selatan,apartemen
L'Avenue,Jakarta Selatan,apartemen
SOHO Pancoran,Jakarta Selatan,apartemen
Arzuria,Jakarta Selatan,apartemen
fX Residence,Jakarta Pusat,apartemen
Fatmawati City Center,Jakarta Selatan,apartemen
Apartemen Ambassador,Jakarta Selatan,apartemen
Signature Park Apartment,Jakarta Selatan,apartemen
Somerset Grand Citra Kuningan,Jakarta Selatan,apartemen
Somerset Kencana,Jakarta Selatan,apartemen
Puri Imperium,Jakarta Selatan,apartemen
The Kencana Residence,Jakarta Selatan,apartemen
Bellezza,Jakarta Selatan,apartemen
Pakubuwono Residence,Jakarta Selatan,apartemen
Permata Gandaria,Jakarta Selatan,apartemen
Sailendra,Jakarta Selatan,apartemen
Izzara,Jakarta Selatan,apartemen
Selatan 8,Jakarta Selatan,apartemen
Southgate Residence,Jakarta Selatan,apartemen
Dharmawangsa Residence,Jakarta Selatan,apartemen
District 8,Jakarta Selatan,apartemen
Pacific Place,Jakarta Selatan,apartemen
South Quarter,Jakarta Selatan,apartemen
The Stay Antasari 27,Jakarta Selatan,apartemen
Brawijaya,Jakarta Selatan,apartemen
The Aspen Residence,Jakarta Selatan,apartemen
Newton Ciputra World,Jakarta Selatan,apartemen
La Maison,Jakarta Selatan,apartemen
Nine Residence,Jakarta Selatan,apartemen
Havenwood Residence,Jakarta Selatan,apartemen
Lavish Kemang Residence,Jakarta Selatan,apartemen
Ciputra World,Jakarta Selatan,apartemen
Purnawarman Executive Mansion,Jakarta Selatan,apartemen
Regent Residences,Jakarta Selatan,apartemen
The St. Regis Residences,Jakarta Selatan,apartemen
Permata Senayan,Jakarta Selatan,apartemen
Galleria Court Condominium,Jakarta Selatan,apartemen
Bellevue Place,Jakarta Selatan,apartemen
Aston Rasuna,Jakarta Selatan,apartemen
Podomoro Park,Jakarta Timur,apartemen
Urban Signature,Jakarta Timur,apartemen
Menara Cawang,Jakarta Timur,apartemen
Casablanca East Residence,Jakarta Timur,apartemen
Bassura City,Jakarta Timur,apartemen
TheHive Taman Sari,Jakarta Timur,apartemen
Pondok Kelapa Village,Jakarta Timur,apartemen
Tamansari Skyhive Apartment,Jakarta Timur,apartemen
MT Haryono Square,Jakarta Timur,apartemen
Citralandmark,Jakarta Timur,apartemen
Taman Pasadenia,Jakarta Timur,apartemen
East Park,Jakarta Timur,apartemen
Titanium Square,Jakarta Timur,apartemen
The Sahid Asena,Jakarta Timur,apartemen
Cibubur Comfort,Jakarta Timur,apartemen
Patria Park,Jakarta Timur,apartemen
Signature Park Grande,Jakarta Timur,apartemen
MT Haryono Residence,Jakarta Timur,apartemen
Delta Cakung,Jakarta Timur,apartemen
The Hive Cawang,Jakarta Timur,apartemen
Core Sky Residence,Jakarta Timur,apartemen
Callia,Jakarta Timur,apartemen
Prajawangsa City,Jakarta Timur,apartemen
Sentra Timur Residence,Jakarta Timur,apartemen
Cibubur Village,Jakarta Timur,apartemen
Oak Tower,Jakarta Timur,apartemen
The H Residence,Jakarta Timur,apartemen
Bintara Residence,Jakarta Timur,apartemen
East 8,Jakarta Timur,apartemen
Jakarta Living Star,Jakarta Timur,apartemen
Tifolia,Jakarta Utara,apartemen
Citra Living,Jakarta Barat,apartemen
Puri Orchard,Jakarta Barat,apartemen
Aerium Residence,Jakarta Barat,apartemen
Wang Residence,Jakarta Barat,apartemen
Wesling Kedoya,Jakarta Barat,apartemen
Vittoria Residence,Jakarta Barat,apartemen
Rusun Tanah Abang,Jakarta Pusat,apartemen
Paradise Mansion,Jakarta Barat,apartemen
Gianetti,Jakarta Barat,apartemen
Veranda Residence @Puri,Jakarta Barat,apartemen
Metro Park Residence,Jakarta Barat,apartemen
Grand Tropic,Jakarta Barat,apartemen
Kedoya Elok,Jakarta Barat,apartemen
Centro City Residence,Jakarta Barat,apartemen
19 Avenue,Jakarta Barat,apartemen
Ciputra International Puri,Jakarta Barat,apartemen
Maqna Residence,Jakarta Barat,apartemen
Mediterania Gajah Mada,Jakarta Barat,apartemen
Green Parkview,Jakarta Barat,apartemen
Grand Palm Residence,Jakarta Barat,apartemen
City Park,Jakarta Barat,apartemen
Stars Residence,Jakarta Barat,apartemen
Gallery West Residence,Jakarta Barat,apartemen
Permata Eksekutif,Jakarta Barat,apartemen
Puri Mansion,Jakarta Barat,apartemen
D'Lofts,Jakarta Barat,apartemen
Mediterania Tanjung Duren,Jakarta Barat,apartemen
Taman Anggrek,Jakarta Barat,apartemen
St Moritz,Jakarta Barat,apartemen
Menara Latumenten,Jakarta Barat,apartemen
Central Park,Jakarta Barat,apartemen
Royal Mediterania Garden,Jakarta Barat,apartemen
GP Plaza,Jakarta Barat,apartemen
Slipi,Jakarta Barat,apartemen
Taman Anggrek Residences,Jakarta Barat,apartemen
Grand Madison,Jakarta Barat,apartemen
Satu8 Residence,Jakarta Barat,apartemen
Citra Garden City,Jakarta Barat,apartemen
Seasons City,Jakarta Barat,apartemen
Green Sedayu,Jakarta Barat,apartemen
Belmont Residence,Jakarta Barat,apartemen
Metro Park Residences,Jakarta Barat,apartemen
Madison Park,Jakarta Barat,apartemen
Puri Park Residence,Jakarta Barat,apartemen
Puri Garden,Jakarta Barat,apartemen
Daan Mogot City,Jakarta Barat,apartemen
Puri Park View,Jakarta Barat,apartemen
City Resort,Jakarta Barat,apartemen
Sky Terrace Lagoon Condominium,Jakarta Barat,apartemen
Point 8 Terrace Mansion,Jakarta Barat,apartemen
Green Central City,Jakarta Pusat,apartemen
Westmark Apartment,Jakarta Barat,apartemen
City Garden,Jakarta Barat,apartemen
Windsor,Jakarta Barat,apartemen
Menara Kebon Jeruk,Jakarta Barat,apartemen
Tomang Park,Jakarta Barat,apartemen
West Vista,Jakarta Barat,apartemen
SOHO @ Podomoro City,Jakarta Barat,apartemen
Gading Nias,Jakarta Utara,apartemen
Oceana Residence,Jakarta Utara,apartemen
Summerville,Jakarta Utara,apartemen
Menara Marina Condominium,Jakarta Utara,apartemen
Metro Sunter,Jakarta Utara,apartemen
Summit,Jakarta Utara,apartemen
The LINQ Kemayoran,Jakarta Pusat,apartemen
Aston Pluit,Jakarta Utara,apartemen
Aston Marina Residence,Jakarta Utara,apartemen
Marina Mediterania Ancol,Jakarta Utara,apartemen
Kelapa Gading Square,Jakarta Utara,apartemen
Sedayu City,Jakarta Utara,apartemen
Green Bay Pluit,Jakarta Utara,apartemen
Green Lake Sunter,Jakarta Utara,apartemen
De Ploeit Centrale,Jakarta Utara,apartemen
Sunter Park View,Jakarta Utara,apartemen
Sunter Icon,Jakarta Utara,apartemen
Royal Tower Riverside,Jakarta Utara,apartemen
Oyama Plaza,Jakarta Utara,apartemen
Regatta,Jakarta Utara,apartemen
Gold Coast,Jakarta Utara,apartemen
Pluit Sea View,Jakarta Utara,apartemen
Tokyo Riverside Apartment,Jakarta Utara,apartemen
The Park Residence,Jakarta Utara,apartemen
Maple Park,Jakarta Utara,apartemen
City Home Apartment,Jakarta Utara,apartemen
Gading Mediterania Residence,Jakarta Utara,apartemen
Ancol Mansion,Jakarta Utara,apartemen
Northland Ancol Residence,Jakarta Utara,apartemen
Wisma Gading Permai,Jakarta Utara,apartemen
French Walk,Jakarta Utara,apartemen
Gading Green Hill,Jakarta Utara,apartemen
Gading Resort Residences,Jakarta Utara,apartemen
Gading Icon,Jakarta Utara,apartemen
Sherwood Residence,Jakarta Utara,apartemen
The Kensington Royal Suites,Jakarta Utara,apartemen
Robinson,Jakarta Utara,apartemen
Apartemen Pantai Mutiara,Jakarta Utara,apartemen
Laguna Pluit,Jakarta Utara,apartemen
Aston Marina,Jakarta Utara,apartemen
Paladian Park,Jakarta Utara,apartemen
Teluk Intan,Jakarta Utara,apartemen
CBD Pluit,Jakarta Utara,apartemen
Osaka Riverview,Jakarta Utara,apartemen
Monumen Selamat Datang,Jakarta Pusat,bangunan_dan_struktur
Hotel Indonesia,Jakarta Pusat,bangunan_dan_struktur
The Westin,Jakarta Selatan,bangunan_dan_struktur
Wisma Arthaloka,Jakarta Pusat,bangunan_dan_struktur
Wisma Kyoei Prince,Jakarta Pusat,bangunan_dan_struktur
Wisma Prince Center,Jakarta Pusat,bangunan_dan_struktur
Wisma Nugraha Santana,Jakarta Pusat,bangunan_dan_struktur
Mid Plaza,Jakarta Selatan,bangunan_dan_struktur
Da Vinci Tower,Jakarta Pusat,bangunan_dan_struktur
Hotel Sahid Jakarta,Jakarta Selatan,bangunan_dan_struktur
Le Meridien Hotel,Jakarta Selatan,bangunan_dan_struktur
Wisma Dharmala Sakti,Jakarta Selatan,bangunan_dan_struktur
Wisma Sudirman,Jakarta Selatan,bangunan_dan_struktur
Gedung BRI I,Jakarta Pusat,bangunan_dan_struktur
Gedung BRI II,Jakarta Pusat,bangunan_dan_struktur
Wisma GKBI,Jakarta Pusat,bangunan_dan_struktur
Hotel Sultan,Jakarta Pusat,bangunan_dan_struktur
Gelora Bung Karno,Jakarta Pusat,bangunan_dan_struktur
Sudirman Palace,Jakarta Selatan,bangunan_dan_struktur
Depdiknas (Kemendikbud),Jakarta Selatan,bangunan_dan_struktur
Ratu Plaza,Jakarta Selatan,bangunan_dan_struktur
Panin Bank Center,Jakarta Selatan,bangunan_dan_struktur
Thamrin City,Jakarta Pusat,bangunan_dan_struktur
Thamrin Executive Residences,Jakarta Pusat,bangunan_dan_struktur
Thamrin Residences,Jakarta Pusat,bangunan_dan_struktur
Cosmo Mansion,Jakarta Pusat,bangunan_dan_struktur
Jakarta Residences,Jakarta Pusat,bangunan_dan_struktur
Cosmo Terrace,Jakarta Pusat,bangunan_dan_struktur
Hotel Mandarin Oriental,Jakarta Pusat,bangunan_dan_struktur
BBD Plaza,Jakarta Pusat,bangunan_dan_struktur
Stasiun Dukuh Atas,Jakarta Selatan,bangunan_dan_struktur
Landmark Towers,Jakarta Selatan,bangunan_dan_struktur
Wisma Indocement,Jakarta Selatan,bangunan_dan_struktur
Wisma Bumiputera,Jakarta Selatan,bangunan_dan_struktur
Chase Plaza,Jakarta Selatan,bangunan_dan_struktur
Wisma Tamara,Jakarta Selatan,bangunan_dan_struktur
Wisma BCA,Jakarta Pusat,bangunan_dan_struktur
Plaza Lippo,Jakarta Selatan,bangunan_dan_struktur
Plaza DM,Jakarta Selatan,bangunan_dan_struktur
Sona Topas Tower,Jakarta Selatan,bangunan_dan_struktur
Mayapada Tower,Jakarta Selatan,bangunan_dan_struktur
Wisma Metropolitan 1,Jakarta Pusat,bangunan_dan_struktur
Wisma Metropolitan 2,Jakarta Pusat,bangunan_dan_struktur
World Trade Center Jakarta,Jakarta Selatan,bangunan_dan_struktur
Sampoerna Strategic Square,Jakarta Selatan,bangunan_dan_struktur
Plaza Sentral,Jakarta Selatan,bangunan_dan_struktur
Rumah Sakit Jakarta,Jakarta Pusat,bangunan_dan_struktur
Universitas Kristen Atma Jaya,Jakarta Selatan,bangunan_dan_struktur
Plaza Semanggi,Jakarta Selatan,bangunan_dan_struktur
Balai Sarbini,Jakarta Selatan,bangunan_dan_struktur
Jembatan Semanggi,Jakarta Selatan,bangunan_dan_struktur
Polda Metro Jaya,Jakarta Selatan,bangunan_dan_struktur
Jakarta Stock Exchange,Jakarta Selatan,bangunan_dan_struktur
Plaza Bapindo,Jakarta Selatan,bangunan_dan_struktur
Graha Niaga,Jakarta Selatan,bangunan_dan_struktur
Plaza ABDA,Jakarta Selatan,bangunan_dan_struktur
Menara Sudirman,Jakarta Selatan,bangunan_dan_struktur
Summitmas,Jakarta Selatan,bangunan_dan_struktur
Sudirman Plaza,Jakarta Selatan,bangunan_dan_struktur
Bank Indonesia,Jakarta Pusat,bangunan_dan_struktur
Departemen Energi dan Sumber Daya Mineral(ESDM),Jakarta Pusat,bangunan_dan_struktur
Departemen Agama Republik Indonesia,Jakarta Pusat,bangunan_dan_struktur
Bank Rama,Jakarta Pusat,bangunan_dan_struktur
Badan Perencanaan dan Penerapan Teknologi(BPPT),Jakarta Pusat,bangunan_dan_struktur
Bank Bangkok,Jakarta Pusat,bangunan_dan_struktur
Menara Thamrin Bank Mandiri Syariah,Jakarta Pusat,bangunan_dan_struktur
Gedung Jaya,Jakarta Pusat,bangunan_dan_struktur
Hotel Sari Pan Pacific,Jakarta Pusat,bangunan_dan_struktur
Badan Pengawas Pemilihan Umum(Bawaslu),Jakarta Pusat,bangunan_dan_struktur
Menara Cakrawala,Jakarta Pusat,bangunan_dan_struktur
Menara Eksekutif,Jakarta Pusat,bangunan_dan_struktur
Gedung Sarinah,Jakarta Pusat,bangunan_dan_struktur
Thamrin Office Park,Jakarta Pusat,bangunan_dan_struktur
Kedutaan besar Prancis,Jakarta Pusat,bangunan_dan_struktur
EX Plaza,Jakarta Pusat,bangunan_dan_struktur
Plaza BII,Jakarta Pusat,bangunan_dan_struktur
Kedutaan besar Jepang,Jakarta Pusat,bangunan_dan_struktur
Kedutaan besar Korea Selatan,Jakarta Pusat,bangunan_dan_struktur
Wisma Kosgoro,Jakarta Pusat,bangunan_dan_struktur
The Kraton Tower,Jakarta Pusat,bangunan_dan_struktur
Oil Center Jakarta,Jakarta Pusat,bangunan_dan_struktur
The Plaza Tower,Jakarta Pusat,bangunan_dan_struktur
Plaza Permata,Jakarta Pusat,bangunan_dan_struktur
Plaza Indonesia,Jakarta Pusat,bangunan_dan_struktur
Grand Hyatt Jakarta,Jakarta Pusat,bangunan_dan_struktur
Hotel Nikko,Jakarta Pusat,bangunan_dan_struktur
Grand Indonesia Shopping Town,Jakarta Pusat,bangunan_dan_struktur
Kempinski Residence,Jakarta Pusat,bangunan_dan_struktur
Wisma Nusantara,Jakarta Pusat,bangunan_dan_struktur
Menara BCA,Jakarta Pusat,bangunan_dan_struktur
Kedutaan besar Inggris,Jakarta Pusat,bangunan_dan_struktur
UOB Plaza,Jakarta Pusat,bangunan_dan_struktur
Deutsche Bank,Jakarta Pusat,bangunan_dan_struktur
The Thamrin Nine,Jakarta Pusat,bangunan_dan_struktur
Kedutaan besar Jerman,Jakarta Pusat,bangunan_dan_struktur
The City Tower,Jakarta Pusat,bangunan_dan_struktur
Gedung Manggala Wanabakti,Jakarta Pusat,bangunan_dan_struktur
Kementerian Kehutanan Republik Indonesia,Jakarta Pusat,bangunan_dan_struktur
DPR/MPR,Jakarta Pusat,bangunan_dan_struktur
Jakarta Convention Center,Jakarta Pusat,bangunan_dan_struktur
Plaza Mandiri,Jakarta Selatan,bangunan_dan_struktur
Direktorat Jenderal Pajak,Jakarta Pusat,bangunan_dan_struktur
Autograph Tower,Jakarta Pusat,gedung_tinggi
Luminary Tower,Jakarta Pusat,gedung_tinggi
Gama Tower,Jakarta Selatan,gedung_tinggi
Azure Tower,Jakarta Selatan,gedung_tinggi
Treasury Tower,Jakarta Selatan,gedung_tinggi
Trinity Tower,Jakarta Selatan,gedung_tinggi
Gedung Mori,Jakarta Pusat,gedung_tinggi
Wisma 46,Jakarta Pusat,gedung_tinggi
Menara Astra,Jakarta Pusat,gedung_tinggi
Millenium Office Tower,Jakarta Pusat,gedung_tinggi
Equinox Tower,Jakarta Selatan,gedung_tinggi
Revenue Tower,Jakarta Selatan,gedung_tinggi
Raffles Jakarta,Jakarta Selatan,gedung_tinggi
The Pakubuwono Signature,Jakarta Selatan,gedung_tinggi
World Capital Tower,Jakarta Selatan,gedung_tinggi
St Regis Hotel and Residence,Jakarta Selatan,gedung_tinggi
Sahid Sudirman Center,Jakarta Pusat,gedung_tinggi
Sinarmas MSIG Tower,Jakarta Selatan,gedung_tinggi
Menara BCA,Jakarta Pusat,gedung_tinggi
Casa Domaine Tower 1,Jakarta Selatan,gedung_tinggi
Menara Kompas III,Jakarta Barat,gedung_tinggi
Keraton at The Plaza,Jakarta Pusat,gedung_tinggi
Mangkuluhur City Apartment Tower A,Jakarta Selatan,gedung_tinggi
Menara BTPN,Jakarta Selatan,gedung_tinggi
Telkom Landmark Tower 2,Jakarta Selatan,gedung_tinggi
Equity Tower,Jakarta Selatan,gedung_tinggi
The Peak 1,Jakarta Selatan,gedung_tinggi
The Peak 2,Jakarta Selatan,gedung_tinggi
Denpasar Residence 1,Jakarta Selatan,gedung_tinggi
Denpasar Residence 2,Jakarta Selatan,gedung_tinggi
Capital Place Office Tower,Jakarta Selatan,gedung_tinggi
The Energy Tower,Jakarta Selatan,gedung_tinggi
Kempinski Residences,Jakarta Pusat,gedung_tinggi
Bakrie Tower,Jakarta Selatan,gedung_tinggi
International Financial Centre Tower 2,Jakarta Selatan,gedung_tinggi
The Pinnacle,Jakarta Pusat,gedung_tinggi
Ritz-Carlton Jakarta Tower A,Jakarta Selatan,gedung_tinggi
Ritz-Carlton Jakarta Tower B,Jakarta Selatan,gedung_tinggi
The Tower,Jakarta Selatan,gedung_tinggi
PCPD Tower,Jakarta Pusat,gedung_tinggi
My Home & Ascott Apartment,Jakarta Pusat,gedung_tinggi
Sequis Centre Tower,Jakarta Selatan,gedung_tinggi
Casa Domaine Tower 2,Jakarta Selatan,gedung_tinggi
WTC 3,Jakarta Selatan,gedung_tinggi
SeaView Condominium Tower J,Jakarta Utara,gedung_tinggi
SeaView Condominium Tower K,Jakarta Utara,gedung_tinggi
SeaView Condominium Tower L,Jakarta Utara,gedung_tinggi
SeaView Condominium Tower M,Jakarta Utara,gedung_tinggi
The City Center Batavia,Jakarta Pusat,gedung_tinggi
The Plaza Office Tower,Jakarta Pusat,gedung_tinggi
Residence 8 @ Senopati Tower A,Jakarta Selatan,gedung_tinggi
Tokopedia Tower,Jakarta Selatan,gedung_tinggi
Residence 8 @ Senopati Tower B,Jakarta Selatan,gedung_tinggi
Eternity Tower,Jakarta Selatan,gedung_tinggi
Infinity Tower,Jakarta Selatan,gedung_tinggi
Axa Tower Jakarta,Jakarta Selatan,gedung_tinggi
Neo SOHO,Jakarta Barat,gedung_tinggi
SOHO Capital,Jakarta Barat,gedung_tinggi
West Vista Puri,Jakarta Barat,gedung_tinggi
Chitaland Tower,Jakarta Barat,gedung_tinggi
Wisma Mulia,Jakarta Selatan,gedung_tinggi
UOB Plaza,Jakarta Pusat,gedung_tinggi
DBS Tower,Jakarta Pusat,gedung_tinggi
Anandamaya Residences 1,Jakarta Pusat,gedung_tinggi
One Pacific Place,Jakarta Selatan,gedung_tinggi
MNC Media Tower,Jakarta Pusat,gedung_tinggi
Central Park Apartment Tower 1,Jakarta Barat,gedung_tinggi
Thamrin Executive Residence,Jakarta Pusat,gedung_tinggi
Menara Palma 2,Jakarta Selatan,gedung_tinggi
Pacific Place Residences East Tower,Jakarta Selatan,gedung_tinggi
Pacific Place Residences West Tower,Jakarta Selatan,gedung_tinggi
The St Moritz Presidential Suite Tower 1,Jakarta Barat,gedung_tinggi
Anandamaya Residences 2,Jakarta Pusat,gedung_tinggi
Anandamaya Residences 3,Jakarta Pusat,gedung_tinggi
The Orchard Satrio,Jakarta Selatan,gedung_tinggi
The Residence Satrio,Jakarta Selatan,gedung_tinggi
Menara Kadin Indonesia,Jakarta Selatan,gedung_tinggi
Central Park Office Tower,Jakarta Barat,gedung_tinggi
Botanica Apartment II & III,Jakarta Selatan,gedung_tinggi
The St Moritz Presidential Suite Tower 2,Jakarta Barat,gedung_tinggi
The Cosmopolitan Tower,Jakarta Selatan,gedung_tinggi
The Bloomington,Jakarta Selatan,gedung_tinggi
The Tiffany,Jakarta Selatan,gedung_tinggi
Sky Tower,Jakarta Selatan,gedung_tinggi
Aston Hotel Jakarta 1,Jakarta Pusat,gedung_tinggi
Ancol Mansion 1,Jakarta Utara,gedung_tinggi
Ancol Mansion 2,Jakarta Utara,gedung_tinggi
Sopo Del Tower A,Jakarta Selatan,gedung_tinggi
Centennial Tower,Jakarta Selatan,gedung_tinggi
City Lofts,Jakarta Pusat,gedung_tinggi
AIA Central,Jakarta Pusat,gedung_tinggi
The Grove Tower 1,Jakarta Selatan,gedung_tinggi
Office 8,Jakarta Selatan,gedung_tinggi
Plaza BII Tower II,Jakarta Pusat,gedung_tinggi
World Trade Center Tower II,Jakarta Selatan,gedung_tinggi
Botanica Apartment Tower I,Jakarta Selatan,gedung_tinggi
Lacewood Tower,Jakarta Selatan,gedung_tinggi
The St Moritz Office Tower 1,Jakarta Barat,gedung_tinggi
Sudirman Square Tower A,Jakarta Selatan,gedung_tinggi
Cyber 2 Tower,Jakarta Selatan,gedung_tinggi
Indofood Tower,Jakarta Pusat,gedung_tinggi
Mid Plaza Hotel Tower,Jakarta Pusat,gedung_tinggi
Menara BRI Gatot Subroto,Jakarta Selatan,gedung_tinggi
Mangkuluhur City Office Tower One,Jakarta Selatan,gedung_tinggi
Taman Anggrek (I–VIII),Jakarta Barat,gedung_tinggi
Menara BNI,Jakarta Pusat,gedung_tinggi
Dukuh Golf Apartment Tower (1–4),Jakarta Timur,gedung_tinggi
Kemayoran Office Tower (1–3),Jakarta Pusat,gedung_tinggi
Royal Springfield Residence (5–6),Jakarta Barat,gedung_tinggi
Lotus,Jakarta Barat,gedung_tinggi
Lavender,Jakarta Barat,gedung_tinggi
Magnolia,Jakarta Barat,gedung_tinggi
Marygold,Jakarta Barat,gedung_tinggi
Aston Hotel Jakarta II,Jakarta Pusat,gedung_tinggi
ITC Kuningan,Jakarta Selatan,gedung_tinggi
The City Tower,Jakarta Pusat,gedung_tinggi
Fairmont Hotel,Jakarta Pusat,gedung_tinggi
Multivision Tower,Jakarta Selatan,gedung_tinggi
Alam Lestari,Jakarta Pusat,kompleks
Asrama Brimob Jatinegara Kaum,Jakarta Timur,kompleks
Asrama Polisi Pesing,Jakarta Barat,kompleks
Asrama Zeni TNI AD Lubang Buaya,Jakarta Timur,kompleks
B21 Jl. Vila,Jakarta Selatan,kompleks
Bali Village,Jakarta Selatan,kompleks
Billy & Moon,Jakarta Timur,kompleks
Buaran Regency,Jakarta Timur,kompleks
Buaran Regensi,Jakarta Timur,kompleks
Bukit Duri Permai,Jakarta Timur,kompleks
Bukit Gading Mediterania,Jakarta Utara,kompleks
Bukit Gading Villa,Jakarta Utara,kompleks
Bukit Golf,Jakarta Utara,kompleks
Bukit Golf Mediterania PIK,Jakarta Utara,kompleks
Bukit Golf Pondok Indah,Jakarta Selatan,kompleks
Bukit Inkai,Jakarta Selatan,kompleks
Bukit Pratama,Jakarta Selatan,kompleks
Bumi Cengkareng Permai,Jakarta Barat,kompleks
Bumi Harapan Permai,Jakarta Timur,kompleks
Bumi Harum Manis,Jakarta Selatan,kompleks
Bumi Kemanggisan Indah,Jakarta Barat,kompleks
Bumi Malaka Asri,Jakarta Timur,kompleks
Bumi Pesanggrahan Mas,Jakarta Selatan,kompleks
Buncit Town House,Jakarta Selatan,kompleks
Casamora,Jakarta Selatan,kompleks
Cengkareng Residence,Jakarta Barat,kompleks
Cilandak Permai,Jakarta Selatan,kompleks
Cilandak Town House,Jakarta Selatan,kompleks
Cipinang Indah,Jakarta Timur,kompleks
Cipinang Indah 2,Jakarta Timur,kompleks
Citra Garden 1,Jakarta Barat,kompleks
Citra Garden 2,Jakarta Barat,kompleks
Citra Garden 3,Jakarta Barat,kompleks
Citra Garden 5,Jakarta Barat,kompleks
Daan Mogot Estate,Jakarta Barat,kompleks
Damai Town House,Jakarta Timur,kompleks
De Oaze Tomang Residence,Jakarta Barat,kompleks
Duri Besar,Jakarta Barat,kompleks
Duta Harapan Indah,Jakarta Utara,kompleks
Flat Rumah Dinas Bank Indonesia,Jakarta Selatan,kompleks
Gading Eight Residence,Jakarta Utara,kompleks
Gading Grande Residences,Jakarta Utara,kompleks
Gading Griya Lestari,Jakarta Utara,kompleks
Gading Kusuma,Jakarta Utara,kompleks
Gading Nirwana,Jakarta Utara,kompleks
Gading Park View,Jakarta Utara,kompleks
Gading Riviera,Jakarta Utara,kompleks
Gedong Asri,Jakarta Timur,kompleks
Grand Matoa,Jakarta Selatan,kompleks
Green Garden,Jakarta Barat,kompleks
Green Garden Rorotan,Jakarta Utara,kompleks
Green Garden Town House,Jakarta Barat,kompleks
Green Park,Jakarta Timur,kompleks
Griya Aquila,Jakarta Selatan,kompleks
Griya Sunter Pratama,Jakarta Utara,kompleks
Griya Sutra Jatipadang,Jakarta Selatan,kompleks
Harris Residence,Jakarta Timur,kompleks
IKIP Komplek Duren Sawit,Jakarta Timur,kompleks
Intan Town House,Jakarta Selatan,kompleks
Jamrud Town House,Jakarta Timur,kompleks
Janur Elok (Kelapa Gading Permai),Jakarta Utara,kompleks
Jati Indah Resort,Jakarta Selatan,kompleks
Jati Padang Residence,Jakarta Selatan,kompleks
Jatinegara Baru,Jakarta Timur,kompleks
Jatipadang Estate,Jakarta Selatan,kompleks
Kalideres Permai,Jakarta Barat,kompleks
Karang Indah,Jakarta Utara,kompleks
Karang Molek,Jakarta Utara,kompleks
Kavling DPRD,Jakarta Selatan,kompleks
Kavling Jatipadang,Jakarta Selatan,kompleks
Kavling Semper,Jakarta Utara,kompleks
Kawasan Departemen Kesehatan,Jakarta Pusat,kompleks
Kebon Jeruk Baru,Jakarta Barat,kompleks
Kebon Jeruk Indah,Jakarta Barat,kompleks
Kebon Jeruk Permai,Jakarta Barat,kompleks
Kedoya Garden,Jakarta Barat,kompleks
Kedoya Permai,Jakarta Barat,kompleks
Kelapa Gading Griya,Jakarta Utara,kompleks
Kelapa Gading Pratama,Jakarta Utara,kompleks
Kemang Indah,Jakarta Selatan,kompleks
Kemang Village,Jakarta Selatan,kompleks
Kemanggisan Indah,Jakarta Barat,kompleks
Kemayoran Villa,Jakarta Pusat,kompleks
Kesatrian Marinir Cilandak,Jakarta Selatan,kompleks
Klingkit Permai,Jakarta Barat,kompleks
Komplek Depkeu,Jakarta Timur,kompleks
Komplek Rindam Jaya,Jakarta Timur,kompleks
Komplek Perwira Mabad,Jakarta Barat,kompleks
Komplek Agraria,Jakarta Selatan,kompleks
Komplek Airud,Jakarta Utara,kompleks
Komplek Akabri,Jakarta Selatan,kompleks
Komplek Alamanda,Jakarta Selatan,kompleks
Komplek Ambon,Jakarta Barat,kompleks
Komplek Anggaran,Jakarta Selatan,kompleks
Komplek Anggota PWI,Jakarta Timur,kompleks
Komplek Angkasa Pura,Jakarta Pusat,kompleks
KOMPLEK ANGKATAN LAUT,Jakarta Pusat,kompleks
KOMPLEK BABEK TNI AD,Jakarta Utara,kompleks
KOMPLEK BAKN,Jakarta Pusat,kompleks
KOMPLEK BANGUN CIPTASARANA,Jakarta Timur,kompleks
KOMPLEK BANK INDONESIA (JATIPADANG),Jakarta Selatan,kompleks
KOMPLEK BANK INDONESIA (KEMANGGISAN),Jakarta Barat,kompleks
KOMPLEK BANK INDONESIA (MENTENG ATAS),Jakarta Selatan,kompleks
KOMPLEK BANK INDONESIA (MENTENG DALAM),Jakarta Selatan,kompleks
KOMPLEK BANK INDONESIA (PASAR MINGGU),Jakarta Selatan,kompleks
KOMPLEK BANK MANDIRI,Jakarta Selatan,kompleks
KOMPLEK BAPPENAS,Jakarta Selatan,kompleks
KOMPLEK BAPPENAS 1,Jakarta Selatan,kompleks
KOMPLEK BATAN,Jakarta Selatan,kompleks
KOMPLEK BATU KRAMAT,Jakarta Timur,kompleks
KOMPLEK BATU SARI,Jakarta Barat,kompleks
KOMPLEK BBD,Jakarta Selatan,kompleks
KOMPLEK BBD (CIGANJUR),Jakarta Selatan,kompleks
KOMPLEK BDN,Jakarta Barat,kompleks
KOMPLEK BEA CUKAI,Jakarta Timur,kompleks
KOMPLEK BEA CUKAI (PASAR MINGGU),Jakarta Selatan,kompleks
KOMPLEK BEA CUKAI (SUKAPURA),Jakarta Utara,kompleks
KOMPLEK BERMIS,Jakarta Utara,kompleks
KOMPLEK BIN,Jakarta Selatan,kompleks
KOMPLEK BINAMARGA (CIPAYUNG),Jakarta Timur,kompleks
KOMPLEK BINAMARGA (KEBAYORAN LAMA SELATAN),Jakarta Selatan,kompleks
KOMPLEK BINAMARGA (PONDOK KELAPA),Jakarta Timur,kompleks
KOMPLEK BINAMARGA (PONDOK PINANG),Jakarta Selatan,kompleks
KOMPLEK BINAMARGA (RAWAJATI),Jakarta Selatan,kompleks
KOMPLEK BNI 46,Jakarta Barat,kompleks
KOMPLEK BNI 46 (CILANDAK BARAT),Jakarta Selatan,kompleks
KOMPLEK BPP TEKNOLOGI,Jakarta Barat,kompleks
KOMPLEK BRI (JATIPADANG),Jakarta Selatan,kompleks
KOMPLEK BRI (RAWASARI),Jakarta Pusat,kompleks
KOMPLEK BRIMOB (CILINCING),Jakarta Utara,kompleks
KOMPLEK BRIMOB (SLIPI),Jakarta Barat,kompleks
KOMPLEK BTN,Jakarta Barat,kompleks
KOMPLEK BTN (KEMBANGAN UTARA),Jakarta Barat,kompleks
KOMPLEK BUARAN BARU,Jakarta Timur,kompleks
KOMPLEK BULOG (KAYU PUTIH),Jakarta Timur,kompleks
KOMPLEK BULOG (SUKABUMI SELATAN),Jakarta Barat,kompleks
KOMPLEK BULUH PERINDU,Jakarta Timur,kompleks
KOMPLEK BUNGUR 3,Jakarta Selatan,kompleks
KOMPLEK CAKRAWALA,Jakarta Utara,kompleks
KOMPLEK CALTEX,Jakarta Selatan,kompleks
KOMPLEK CARINA SAYANG 1,Jakarta Utara,kompleks
KOMPLEK CPM,Jakarta Selatan,kompleks
KOMPLEK DEN ZIPUR 3,Jakarta Timur,kompleks
KOMPLEK DEPARTEMEN AGAMA,Jakarta Barat,kompleks
KOMPLEK DEPARTEMEN DALAM NEGERI,Jakarta Selatan,kompleks
KOMPLEK DEPARTEMEN KESEHATAN (JOGLO),Jakarta Barat,kompleks
KOMPLEK DEPARTEMEN KESEHATAN (SUNTER JAYA),Jakarta Utara,kompleks
KOMPLEK DEPARTEMEN KEUANGAN (DUREN SAWIT),Jakarta Timur,kompleks
KOMPLEK DEPARTEMEN KEUANGAN (MERUYA SELATAN),Jakarta Barat,kompleks
KOMPLEK DEPARTEMEN LUAR NEGERI (CIPETE),Jakarta Selatan,kompleks
KOMPLEK DEPARTEMEN LUAR NEGERI (GROGOL SELATAN),Jakarta Selatan,kompleks
KOMPLEK DEPARTEMEN PENERANGAN,Jakarta Barat,kompleks
KOMPLEK DEPARTEMEN PERDAGANGAN,Jakarta Timur,kompleks
KOMPLEK DEPARTEMEN PERHUBUNGAN,Jakarta Timur,kompleks
KOMPLEK DEPARTEMEN PERTANIAN,Jakarta Selatan,kompleks
KOMPLEK DEPARTEMEN SOSIAL,Jakarta Timur,kompleks
KOMPLEK DEPARTEMEN SOSIAL MARGAGUNA,Jakarta Selatan,kompleks
KOMPLEK DEPDAGRI,Jakarta Timur,kompleks
KOMPLEK DEPDAGRI,Jakarta Selatan,kompleks
KOMPLEK DEPDIKBUD,Jakarta Selatan,kompleks
KOMPLEK DEPERINDAH,Jakarta Utara,kompleks
KOMPLEK DEPLU 25,Jakarta Selatan,kompleks
KOMPLEK DIRGANTARA 1,Jakarta Timur,kompleks
KOMPLEK DIRGANTARA 2,Jakarta Timur,kompleks
KOMPLEK DIRGANTARA 3,Jakarta Timur,kompleks
KOMPLEK DIRJEN ANGGARAN,Jakarta Timur,kompleks
KOMPLEK DISKUM AD,Jakarta Timur,kompleks
KOMPLEK DIT ZENI TNI AD,Jakarta Timur,kompleks
KOMPLEK DITJEN KETENAGAAN,Jakarta Barat,kompleks
KOMPLEK DITTOP TNI AD,Jakarta Pusat,kompleks
KOMPLEK DKI,Jakarta Barat,kompleks
KOMPLEK DOKTER,Jakarta Timur,kompleks
KOMPLEK DOLOG JAYA,Jakarta Timur,kompleks
KOMPLEK DOSEN TRISAKTI,Jakarta Barat,kompleks
KOMPLEK DPA (MERUYA SELATAN),Jakarta Barat,kompleks
KOMPLEK DPA (PALMERAH),Jakarta Barat,kompleks
KOMPLEK DPK SEMPER BARU,Jakarta Utara,kompleks
KOMPLEK DPR JOGLO,Jakarta Barat,kompleks
KOMPLEK DPR KEMANGGISAN,Jakarta Barat,kompleks
KOMPLEK DUREN SAWIT BARU,Jakarta Timur,kompleks
KOMPLEK GADING ARCADIA,Jakarta Utara,kompleks
KOMPLEK GRIYA AGUNG PERMAI,Jakarta Pusat,kompleks
KOMPLEK GUDANG PELURU,Jakarta Selatan,kompleks
KOMPLEK HARLAP,Jakarta Selatan,kompleks
JANUR ELOK,Jakarta Utara,kompleks
KESATRIAAN MARINIR CILANDAK,Jakarta Selatan,kompleks
KOMPLEK DEPARTEMEN KEUANGAN,Jakarta Timur,kompleks
KOMP.RINDAM JAYA,Jakarta Timur,kompleks
KOMPLE PERWIRA MABAD,Jakarta Barat,kompleks
MAWAR TOWNHOUSE,Jakarta Selatan,kompleks
MENTENG METROPOLITAN,Jakarta Timur,kompleks
METRO MARINA,Jakarta Utara,kompleks
MUTIARA BRAWIJAYA,Jakarta Selatan,kompleks
ORANGE GLEN (TAMAN JERUK PURUT),Jakarta Selatan,kompleks
PANORAMA INDAH,Jakarta Timur,kompleks
PERMATA KEMANG TOWN HOUSE,Jakarta Selatan,kompleks
PERMATA REGENCY,Jakarta Barat,kompleks
PERUM INTERKOTA INDAH,Jakarta Barat,kompleks
PERUM JASA TIRTA 2,Jakarta Timur,kompleks
PERUM YASMIN,Jakarta Selatan,kompleks
PERUMAHAN BANK EKONOMI,Jakarta Barat,kompleks
PERUMAHAN BATALYON KAVALERI 1,Jakarta Timur,kompleks
PERUMAHAN BEA CUKAI,Jakarta Barat,kompleks
PERUMAHAN BI,Jakarta Barat,kompleks
PERUMAHAN BNI,Jakarta Barat,kompleks
PERUMAHAN BUMI INDAH,Jakarta Barat,kompleks
PERUMAHAN BUMI KARANG INDAH,Jakarta Selatan,kompleks
PERUMAHAN BUMI MALAKA SARI,Jakarta Timur,kompleks
PERUMAHAN BUMI SARINAH,Jakarta Selatan,kompleks
PERUMAHAN BUNCIT RAYA PERMAI,Jakarta Selatan,kompleks
PERUMAHAN CENGKARENG INDAH,Jakarta Barat,kompleks
PERUMAHAN CIPULIR PERMAI,Jakarta Selatan,kompleks
PERUMAHAN DAAN MOGOT BARU,Jakarta Barat,kompleks
PERUMAHAN DUREN SAWIT,Jakarta Timur,kompleks
PERUMAHAN GOLKAR,Jakarta Barat,kompleks
PERUMAHAN JAYA,Jakarta Barat,kompleks
PERUMAHAN KARYAWAN FILM DAN TELEVISI,Jakarta Barat,kompleks
PERUMAHAN LEMIGAS,Jakarta Barat,kompleks
PERUMAHAN MIGAS 44,Jakarta Barat,kompleks
PERUMAHAN PAJAK,Jakarta Barat,kompleks
PERUMAHAN PERMATA MEDITERANIA,Jakarta Barat,kompleks
PERUMAHAN PERTAMINA,Jakarta Barat,kompleks
PERUMAHAN SEKNEG,Jakarta Barat,kompleks
PERUMAHAN SENAYAN RESIDENCES,Jakarta Selatan,kompleks
PERUMNAS BUMI SANGGRAHA,Jakarta Timur,kompleks
PONDOK ARLIN INDAH,Jakarta Timur,kompleks
PONDOK KUWERO,Jakarta Timur,kompleks
PULOMAS RESIDENCE,Jakarta Timur,kompleks
PURI BOTANICAL RESIDENCE,Jakarta Barat,kompleks
PURI KENCANA,Jakarta Barat,kompleks
RESIDENCE 28 KEDOYA,Jakarta Barat,kompleks
RUKO KELAPA GADING PERMAI,Jakarta Utara,kompleks
RUMAH KEDUTAAN,Jakarta Selatan,kompleks
RUMAH SUSUN BENDUNGAN HILIR,Jakarta Pusat,kompleks
RUMAH SUSUN KEMAYORAN,Jakarta Pusat,kompleks
RUSUN KOMPLEK DKI PENJARINGAN,Jakarta Utara,kompleks
SIMPRUG DIPORIS,Jakarta Utara,kompleks
SUNRISE GARDEN,Jakarta Barat,kompleks
TAMAN ALFA INDAH BLK C 2,Jakarta Barat,kompleks
TAMAN ALFA INDAH BLOCK B9,Jakarta Barat,kompleks
TAMAN BUKIT,Jakarta Selatan,kompleks
TAMAN GANDARIA,Jakarta Selatan,kompleks
TAMAN GANDARIA BLOK E,Jakarta Selatan,kompleks
TAMAN GRISENDA,Jakarta Utara,kompleks
TAMAN JATINEGARA,Jakarta Timur,kompleks
TAMAN KEBON JERUK,Jakarta Barat,kompleks
TAMAN KEDOYA BARU,Jakarta Barat,kompleks
TAMAN MERUYA ILIR,Jakarta Barat,kompleks
TAMAN PALEM LESTARI,Jakarta Barat,kompleks
TAMAN PERMATA BUANA,Jakarta Barat,kompleks
TAMAN PERMATA INDAH,Jakarta Barat,kompleks
TAMAN PERMATA INDAH II,Jakarta Utara,kompleks
TAMAN RATU INDAH,Jakarta Barat,kompleks
TAMAN RATU INDAH BLOK B4,Jakarta Barat,kompleks
TAMAN TAMAN PERMATA INDAH II (—),Jakarta Utara,kompleks
TAMAN RATU INDAH BLOK BB1,Jakarta Barat,kompleks
TAMAN TIRTA GOLF,Jakarta Selatan,kompleks
TANJUNG MAS RAYA,Jakarta Selatan,kompleks
THE GREEN MANSION,Jakarta Barat,kompleks
THE KEW GARDEN RESIDENCE,Jakarta Utara,kompleks
THE NIRWANA GARDEN,Jakarta Utara,kompleks
THE ST. MORITZ,Jakarta Barat,kompleks
THE VILLAS - KELAPA GADING SQUARE,Jakarta Utara,kompleks
TOWN HOUSE KEMANG,Jakarta Selatan,kompleks
TOWN HOUSE PURI BUNDA,Jakarta Timur,kompleks
VILLA ARTHA GADING,Jakarta Utara,kompleks
Agora Mall,Jakarta Pusat,mall
Citra Xperience Kemayoran,Jakarta Pusat,mall
Citywalk Sudirman,Jakarta Pusat,mall
FX Sudirman,Jakarta Pusat,mall
Gajah Mada Plaza,Jakarta Pusat,mall
Grand Indonesia,Jakarta Pusat,mall
Green Pramuka Square,Jakarta Pusat,mall
ITC Cempaka Mas,Jakarta Pusat,mall
ITC Roxy Mas,Jakarta Pusat,mall
Mal Atrium Senen,Jakarta Pusat,mall
Mal Mangga Dua,Jakarta Pusat,mall
Menteng Central,Jakarta Pusat,mall
MGK Kemayoran,Jakarta Pusat,mall
Plaza Indonesia,Jakarta Pusat,mall
Plaza Senayan,Jakarta Pusat,mall
Ratu Plaza,Jakarta Pusat,mall
Sarinah,Jakarta Pusat,mall
Senayan City,Jakarta Pusat,mall
Senayan Park,Jakarta Pusat,mall
Senayan Trade Center,Jakarta Pusat,mall
Thamrin City,Jakarta Pusat,mall
Baywalk Mall,Jakarta Utara,mall
Bella Terra Lifestyle Center,Jakarta Utara,mall
By The Sea Shopping District at Golf Island PIK,Jakarta Utara,mall
Emporium Pluit Mall,Jakarta Utara,mall
Food Centrum,Jakarta Utara,mall
ITC Mangga Dua,Jakarta Utara,mall
K Mall at Menara Jakarta,Jakarta Utara,mall
Koja Trade Mall,Jakarta Utara,mall
La Piazza,Jakarta Utara,mall
Mahaka Square,Jakarta Utara,mall
Mal Artha Gading,Jakarta Utara,mall
Mall of Indonesia,Jakarta Utara,mall
Mangga Dua Square,Jakarta Utara,mall
Metro Sunter Plaza,Jakarta Utara,mall
PIK Avenue,Jakarta Utara,mall
Pluit Village,Jakarta Utara,mall
Summarecon Mall Kelapa Gading,Jakarta Utara,mall
Sunter Mall,Jakarta Utara,mall
WTC Mangga Dua,Jakarta Utara,mall
Central Park Mall,Jakarta Barat,mall
Ciplaz Cengkareng,Jakarta Barat,mall
CityWalk Gajah Mada,Jakarta Barat,mall
Glodok Plaza,Jakarta Barat,mall
Grand Paragon Mall,Jakarta Barat,mall
Green Sedayu Mall,Jakarta Barat,mall
Lindeteves Trade Centre,Jakarta Barat,mall
Lokasari Square,Jakarta Barat,mall
Lippo Mall Puri,Jakarta Barat,mall
Mal Ciputra Jakarta,Jakarta Barat,mall
Mal Matahari Daan Mogot,Jakarta Barat,mall
Mal Taman Anggrek,Jakarta Barat,mall
Mal Taman Palem,Jakarta Barat,mall
Puri Indah Mall,Jakarta Barat,mall
Slipi Jaya Plaza,Jakarta Barat,mall
Srengseng Junction,Jakarta Barat,mall
Roxy Square,Jakarta Barat,mall
TM Seasons City,Jakarta Barat,mall
Wang Plaza,Jakarta Barat,mall
╞ON Mall Tanjung Barat,Jakarta Selatan,mall
Ashta District 8,Jakarta Selatan,mall
Bellagio Boutique Mall,Jakarta Selatan,mall
Blok M Plaza,Jakarta Selatan,mall
Blok M Square,Jakarta Selatan,mall
Cilandak Town Square,Jakarta Selatan,mall
Lotte Mall Jakarta,Jakarta Selatan,mall
Epiwalk,Jakarta Selatan,mall
Gandaria City,Jakarta Selatan,mall
Grand ITC Permata Hijau,Jakarta Selatan,mall
ITC Cipulir,Jakarta Selatan,mall
ITC Fatmawati,Jakarta Selatan,mall
ITC Kuningan,Jakarta Selatan,mall
Kalibata City Square,Jakarta Selatan,mall
Kemang Square,Jakarta Selatan,mall
Kota Kasablanka,Jakarta Selatan,mall
Kuningan City,Jakarta Selatan,mall
Lippo Mall Kemang,Jakarta Selatan,mall
Lippo Mall Nusantara,Jakarta Selatan,mall
Mal Ambasador,Jakarta Selatan,mall
Blok M Hub (dulu Mal Blok M),Jakarta Selatan,mall
Melawai Plaza,Jakarta Selatan,mall
One Belpark Mall,Jakarta Selatan,mall
Pacific Place,Jakarta Selatan,mall
Pasaraya Grande,Jakarta Selatan,mall
Plaza Festival,Jakarta Selatan,mall
Plaza Kalibata,Jakarta Selatan,mall
Poins Square,Jakarta Selatan,mall
Pondok Indah Mall,Jakarta Selatan,mall
Setiabudi One,Jakarta Selatan,mall
The Darmawangsa Square,Jakarta Selatan,mall
The Park Pejaten,Jakarta Selatan,mall
╞ON Mall Jakarta Garden City,Jakarta Timur,mall
Arion Mall,Jakarta Timur,mall
Buaran Plaza,Jakarta Timur,mall
Cibubur Junction,Jakarta Timur,mall
Ciplaz Klender,Jakarta Timur,mall
Cityplaza Jatinegara,Jakarta Timur,mall
Green Terrace TMII,Jakarta Timur,mall
Lippo Plaza Kramat Jati,Jakarta Timur,mall
Mall Grand Cakung,Jakarta Timur,mall
Mal Cijantung,Jakarta Timur,mall
Mall@Bassura,Jakarta Timur,mall
Mall Cipinang Indah,Jakarta Timur,mall
Pondok Kelapa Town Square,Jakarta Timur,mall
PGC Cililitan,Jakarta Timur,mall
Tamini Square,Jakarta Timur,mall
The Amboja,Jakarta Timur,mall
Art: 1 New Museum,Jakarta Pusat,museum
Bayt Al-Qurâ€™an dan Museum Istiqlal,Jakarta Timur,museum
Galeri Foto Jurnalistik Antara,Jakarta Pusat,museum
Galeri Nasional Indonesia,Jakarta Pusat,museum
Monumen Nasional dan Museum Sejarah Nasional,Jakarta Pusat,museum
Monumen Pancasila Sakti,Jakarta Timur,museum
Museum Alkitab,Jakarta Pusat,museum
Museum Al-Qurâ€™an,Jakarta Selatan,museum
Museum Anatomi Universitas Katolik Atmajaya,Jakarta Utara,museum
Museum Arkeologi Onrust,Kepulauan Seribu,museum
Museum Asmat,Jakarta Timur,museum
Museum Bahari,Jakarta Utara,museum
Museum Bank Indonesia,Jakarta Barat,museum
Museum Bank Tabungan Negara,Jakarta Barat,museum
Museum Basoeki Abdullah,Jakarta Selatan,museum
Museum Batik Indonesia,Jakarta Timur,museum
Museum Benda-Benda Alkitab Yerushalayim,Jakarta Utara,museum
Museum Betawi,Jakarta Selatan,museum
Museum BNI 1946,Jakarta Barat,museum
Museum Ciputra Artpreneur,Jakarta Selatan,museum
Museum Dharma Bhakti Kostrad,Jakarta Pusat,museum
Museum di Tengah Kebun,Jakarta Selatan,museum
Museum DPR RI,Jakarta Pusat,museum
Museum Fauna Indonesia â€œKomodoâ€ dan Taman Reptilia,Jakarta Timur,museum
Museum FKUI-Indonesia Museum of Health and Medicine,Jakarta Pusat,museum
Museum Graha Widya Patra (Minyak dan Gas Bumi),Jakarta Timur,museum
Museum Hakka Indonesia,Jakarta Timur,museum
Museum Harry Darsono,Jakarta Selatan,museum
Museum Indonesia,Jakarta Timur,museum
Museum Jenderal Besar Dr. A.H. Nasution,Jakarta Pusat,museum
Museum Joang â€˜45,Jakarta Pusat,museum
Museum Katedral,Jakarta Pusat,museum
Museum Kebangkitan Nasional,Jakarta Pusat,museum
Museum Kehutanan â€œIr. Djamaludin Suryohadikusumoâ€,Jakarta Pusat,museum
Museum Keprajuritan,Jakarta Timur,museum
Museum Korps Marinir Jakarta,Jakarta Pusat,museum
Museum Layang-Layang,Jakarta Selatan,museum
Museum Listrik dan Energi Baru,Jakarta Timur,museum
Museum MACAN (Modern and Contemporary Art in Nusantara),Jakarta Barat,museum
Museum Mandiri,Jakarta Barat,museum
Museum Maritim Indonesia,Jakarta Utara,museum
Museum M.H. Thamrin,Jakarta Pusat,museum
Museum Nasional Indonesia,Jakarta Pusat,museum
Museum Olahraga Nasional,Jakarta Timur,museum
Museum Pemadam Kebakaran,Jakarta Timur,museum
Museum Penerangan,Jakarta Timur,museum
Museum Perumusan Naskah Proklamasi,Jakarta Pusat,museum
Museum POLRI,Jakarta Selatan,museum
Museum Prangko,Jakarta Timur,museum
Museum Prasasti,Jakarta Pusat,museum
Museum Purna Bhakti Pertiwi,Jakarta Timur,museum
Museum Pusaka,Jakarta Timur,museum
Museum Santa Maria Juanda,Jakarta Pusat,museum
Museum Sasmitaloka Pahlawan Revolusi Jenderal TNI A. Yani,Jakarta Pusat,museum
Museum Satria Mandala,Jakarta Selatan,museum
Museum Sejarah Jakarta (Museum Fatahillah),Jakarta Barat,museum
Museum Seni Rupa dan Keramik,Jakarta Barat,museum
Museum Serangga,Jakarta Timur,museum
Museum Sumpah Pemuda,Jakarta Pusat,museum
Museum Tekstil,Jakarta Barat,museum
Museum Timor Timur,Jakarta Timur,museum
Museum Tragedi 12 Mei â€™98 Universitas Trisakti,Jakarta Barat,museum
Museum Transportasi,Jakarta Timur,museum
Museum Wayang,Jakarta Barat,museum
Pusat Peragaan IPTEK,Jakarta Timur,museum
Museum Benyamin Suaeb,Jakarta Timur,museum
Museum Pencak Silat,Jakarta Timur,museum
Museum Reksa Artha,Jakarta Selatan,museum
Diorama Sejarah Perjalanan Bangsa,Jakarta Selatan,museum
Museum Waspada Purbawisesa,Jakarta Selatan,museum
Museum Anti Narkotika Pranidha Ranajaya Ghanavara,Jakarta Timur,museum
Toeti Heraty Museum (Cemara 6 Galeri),Jakarta Pusat,museum
Roemah Toegoe,Jakarta Utara,museum
Magic Art 3D Museum Jakarta,Jakarta Barat,museum
Galeria Sophilia Fine Art Center,Jakarta Utara,museum
RSUD Cengkareng,Jakarta Barat,rumah_sakit
RSUD Kembangan,Jakarta Barat,rumah_sakit
RSUD Kalideres,Jakarta Barat,rumah_sakit
RSUD Taman Sari,Jakarta Barat,rumah_sakit
RS Cendana,Jakarta Barat,rumah_sakit
RS Ciputra Citragarden,Jakarta Barat,rumah_sakit
RS Dharmais,Jakarta Barat,rumah_sakit
RS dr. Soeharto Heerjan,Jakarta Barat,rumah_sakit
RS Hermina Daan Mogot,Jakarta Barat,rumah_sakit
RS Jakarta Eye Center Kedoya,Jakarta Barat,rumah_sakit
RS Mitra Keluarga Kalideres,Jakarta Barat,rumah_sakit
RS Pelni Petamburan,Jakarta Barat,rumah_sakit
RS Pendidikan Ukrida,Jakarta Barat,rumah_sakit
RS Siloam Kebon Jeruk,Jakarta Barat,rumah_sakit
RS Anggrek Mas,Jakarta Barat,rumah_sakit
RSIA Aries,Jakarta Barat,rumah_sakit
RSIA Harapan Kita,Jakarta Barat,rumah_sakit
RSIA Ibnu Sina,Jakarta Barat,rumah_sakit
RSIA Metro Hospitals Kebon Jeruk,Jakarta Barat,rumah_sakit
RSU Bhakti Mulia,Jakarta Barat,rumah_sakit
RSU Graha Kedoya,Jakarta Barat,rumah_sakit
RSU Manuela,Jakarta Barat,rumah_sakit
RSU Medika Permata Hijau,Jakarta Barat,rumah_sakit
RSU Patria Jakarta,Jakarta Barat,rumah_sakit
RSU Pondok Indah â€“ Puri Indah,Jakarta Barat,rumah_sakit
RSU Puri Mandiri Kedoya,Jakarta Barat,rumah_sakit
RSU Royal Taruma,Jakarta Barat,rumah_sakit
RSU Sumber Waras,Jakarta Barat,rumah_sakit
RSUD Cempakaputih,Jakarta Pusat,rumah_sakit
RSUD Joharbaru,Jakarta Pusat,rumah_sakit
RSUD Kemayoran,Jakarta Pusat,rumah_sakit
RSUD Sawahbesar,Jakarta Pusat,rumah_sakit
RSUD Tanahabang,Jakarta Pusat,rumah_sakit
RSUD Tarakan Jakarta,Jakarta Pusat,rumah_sakit
RSAL dr. Mintohardjo,Jakarta Pusat,rumah_sakit
RS Abdi Waluyo,Jakarta Pusat,rumah_sakit
RS Bina Estetika,Jakarta Pusat,rumah_sakit
RS Dharma Jaya,Jakarta Pusat,rumah_sakit
RS Dharma Sakti,Jakarta Pusat,rumah_sakit
RS FKG Universitas Indonesia,Jakarta Pusat,rumah_sakit
RS Hermina Kemayoran,Jakarta Pusat,rumah_sakit
RS Husada,Jakarta Pusat,rumah_sakit
RS Islam Jakarta,Jakarta Pusat,rumah_sakit
RS Jakarta Eye Center Menteng,Jakarta Pusat,rumah_sakit
RS Kramat Lima,Jakarta Pusat,rumah_sakit
RS Kramat 128,Jakarta Pusat,rumah_sakit
RS Menteng Mitra Afia,Jakarta Pusat,rumah_sakit
RS Mitra Keluarga Kemayoran,Jakarta Pusat,rumah_sakit
RS Murni Teguh Sudirman,Jakarta Pusat,rumah_sakit
RS Panti Raharja,Jakarta Pusat,rumah_sakit
RS Pertamina Jaya,Jakarta Pusat,rumah_sakit
RS Primaya PGI Cikini,Jakarta Pusat,rumah_sakit
RS Primaya Evasari,Jakarta Pusat,rumah_sakit
RS Prof. dr. Nizar,Jakarta Pusat,rumah_sakit
RS Proklamasi,Jakarta Pusat,rumah_sakit
RS Radjak Salemba,Jakarta Pusat,rumah_sakit
RS RE. Martadinata,Jakarta Pusat,rumah_sakit
RS Sahid Sahirman,Jakarta Pusat,rumah_sakit
RS Salemba Satu,Jakarta Pusat,rumah_sakit
RS Sint Carolus,Jakarta Pusat,rumah_sakit
RS Yarsi Jakarta,Jakarta Pusat,rumah_sakit
RSIA Angkasa,Jakarta Pusat,rumah_sakit
RSIA Berkat Ibu,Jakarta Pusat,rumah_sakit
RSIA Budi Kemuliaan,Jakarta Pusat,rumah_sakit
RSIA Bunda Jakarta,Jakarta Pusat,rumah_sakit
RSIA Tambak,Jakarta Pusat,rumah_sakit
RSIA YPK Mandiri,Jakarta Pusat,rumah_sakit
RSPAD Gatot Soebroto,Jakarta Pusat,rumah_sakit
RSUPN dr. Cipto Mangunkusumo,Jakarta Pusat,rumah_sakit
RSUD Jagakarsa,Jakarta Selatan,rumah_sakit
RSUD Jati Padang,Jakarta Selatan,rumah_sakit
RSUD Kebayoran Baru,Jakarta Selatan,rumah_sakit
RSUD Kebayoran Lama,Jakarta Selatan,rumah_sakit
RSUD Mampang Prapatan,Jakarta Selatan,rumah_sakit
RSUD Pasar Minggu,Jakarta Selatan,rumah_sakit
RSUD Pesanggrahan,Jakarta Selatan,rumah_sakit
RSUD Tebet,Jakarta Selatan,rumah_sakit
RS Agung,Jakarta Selatan,rumah_sakit
RS Ali Sibroh Malisi,Jakarta Selatan,rumah_sakit
RS Aulia Jakarta,Jakarta Selatan,rumah_sakit
RS Avisena,Jakarta Selatan,rumah_sakit
RS Bhayangkara Sespimma,Jakarta Selatan,rumah_sakit
RS Brawijaya Duren Tiga,Jakarta Selatan,rumah_sakit
RS Brawijaya Jakarta,Jakarta Selatan,rumah_sakit
RS Dharmawangsa,Jakarta Selatan,rumah_sakit
RS dr. Suyoto Pusrehab Kemhan,Jakarta Selatan,rumah_sakit
RS Gandaria,Jakarta Selatan,rumah_sakit
RS Halimun,Jakarta Selatan,rumah_sakit
RS Harapan Kartini,Jakarta Selatan,rumah_sakit
RS Indah Medika,Jakarta Selatan,rumah_sakit
RS Jakarta,Jakarta Selatan,rumah_sakit
RS Jakarta Medical Center,Jakarta Selatan,rumah_sakit
RS Marinir Cilandak,Jakarta Selatan,rumah_sakit
RS Mayapada Jakarta,Jakarta Selatan,rumah_sakit
RS Mayapada Kuningan,Jakarta Selatan,rumah_sakit
RS Medistra,Jakarta Selatan,rumah_sakit
RS MMC Jakarta,Jakarta Selatan,rumah_sakit
RS Muhammadiyah Taman Puring,Jakarta Selatan,rumah_sakit
RS Petukangan,Jakarta Selatan,rumah_sakit
RS Pondok Indah,Jakarta Selatan,rumah_sakit
RS Prikasih,Jakarta Selatan,rumah_sakit
RS Prof. dr. Moestopo,Jakarta Selatan,rumah_sakit
RS Pusat Pertamina,Jakarta Selatan,rumah_sakit
RS Setia Mitra,Jakarta Selatan,rumah_sakit
RS Siaga Raya,Jakarta Selatan,rumah_sakit
RS Siloam Asri,Jakarta Selatan,rumah_sakit
RS Siloam Semanggi,Jakarta Selatan,rumah_sakit
RS Siloam TB Simatupang,Jakarta Selatan,rumah_sakit
RS Tebet,Jakarta Selatan,rumah_sakit
RS Tria Dipa,Jakarta Selatan,rumah_sakit
RS Yadika Kebayoran Lama,Jakarta Selatan,rumah_sakit
RSIA Andhika,Jakarta Selatan,rumah_sakit
RSIA Asih,Jakarta Selatan,rumah_sakit
RSIA Budhi Jaya,Jakarta Selatan,rumah_sakit
RSIA Kartini,Jakarta Selatan,rumah_sakit
RSIA Kemang Medical Care,Jakarta Selatan,rumah_sakit
RSIA Panti Nugeraha,Jakarta Selatan,rumah_sakit
RSU Zahirah,Jakarta Selatan,rumah_sakit
RSUP Fatmawati,Jakarta Selatan,rumah_sakit
RSUD Budhi Asih,Jakarta Timur,rumah_sakit
RSUD Cipayung,Jakarta Timur,rumah_sakit
RSUD Ciracas,Jakarta Timur,rumah_sakit
RSUD Kramatjati,Jakarta Timur,rumah_sakit
RSUD Matraman,Jakarta Timur,rumah_sakit
RSUD Pasar Rebo,Jakarta Timur,rumah_sakit
RS Adhyaksa,Jakarta Timur,rumah_sakit
RS Admira,Jakarta Timur,rumah_sakit
RS Al-Fauzan,Jakarta Timur,rumah_sakit
RS Antam Medika,Jakarta Timur,rumah_sakit
RS Bedah Rawamangun,Jakarta Timur,rumah_sakit
RS Bhayangkara Raden Said Sukanto,Jakarta Timur,rumah_sakit
RS Bina Waluya,Jakarta Timur,rumah_sakit
RS Columbia Asia Pulomas,Jakarta Timur,rumah_sakit
RS Dharma Nugraha,Jakarta Timur,rumah_sakit
RS dr. Esnawan Antariksa,Jakarta Timur,rumah_sakit
RS dr. Euis,Jakarta Timur,rumah_sakit
RS Duren Sawit,Jakarta Timur,rumah_sakit
RS Haji Jakarta,Jakarta Timur,rumah_sakit
RS Harapan Bunda,Jakarta Timur,rumah_sakit
RS Harapan Jayakarta,Jakarta Timur,rumah_sakit
RS Harum Sisma Medika,Jakarta Timur,rumah_sakit
RS Hermina Jatinegara,Jakarta Timur,rumah_sakit
RS Islam Jakarta Pondokkopi,Jakarta Timur,rumah_sakit
RS Islam Klender,Jakarta Timur,rumah_sakit
RS Jantung Jakarta,Jakarta Timur,rumah_sakit
RS Kartika Pulomas,Jakarta Timur,rumah_sakit
RS Kesdam Jaya,Jakarta Timur,rumah_sakit
RS Ketergantungan Obat,Jakarta Timur,rumah_sakit
RS Mediros,Jakarta Timur,rumah_sakit
RS Ridwan Meuraksa,Jakarta Timur,rumah_sakit
RS Olahraga Nasional,Jakarta Timur,rumah_sakit
RS Omni Pulomas,Jakarta Timur,rumah_sakit
RS Pengayoman Cipinang,Jakarta Timur,rumah_sakit
RS Premier Jatinegara,Jakarta Timur,rumah_sakit
RSPON dr. Mahar Mardjono,Jakarta Timur,rumah_sakit
RS Pusdikkes,Jakarta Timur,rumah_sakit
RS SMEC Jakarta,Jakarta Timur,rumah_sakit
RS Universitas Kristen Indonesia,Jakarta Timur,rumah_sakit
RS Yadika Pondokbambu,Jakarta Timur,rumah_sakit
RSIA Alvernia Agusta,Jakarta Timur,rumah_sakit
RSIA Bunda Aliyah Pondokbambu,Jakarta Timur,rumah_sakit
RSIA El-Shama,Jakarta Timur,rumah_sakit
RSIA Restu Kasih,Jakarta Timur,rumah_sakit
RSIA Sammrie Basra,Jakarta Timur,rumah_sakit
RSIA Sayyida,Jakarta Timur,rumah_sakit
RSUP Persahabatan,Jakarta Timur,rumah_sakit
RSUD Cilincing,Jakarta Utara,rumah_sakit
RSUD Koja,Jakarta Utara,rumah_sakit
RSUD Pademangan,Jakarta Utara,rumah_sakit
RSUD Tanjungpriok,Jakarta Utara,rumah_sakit
RSUD Tugu Koja,Jakarta Utara,rumah_sakit
RS Atma Jaya,Jakarta Utara,rumah_sakit
RS Darurat Wisma Atlet,Jakarta Utara,rumah_sakit
RS Duta Indah,Jakarta Utara,rumah_sakit
RS Hermina Podomoro,Jakarta Utara,rumah_sakit
RS Islam Jakarta Sukapura,Jakarta Utara,rumah_sakit
RS Mitra Keluarga Kelapagading,Jakarta Utara,rumah_sakit
RS Primasana,Jakarta Utara,rumah_sakit
RS dr. Sulianti Saroso,Jakarta Utara,rumah_sakit
RS Royal Progress,Jakarta Utara,rumah_sakit
RSIA Family,Jakarta Utara,rumah_sakit
RSIA Grand Family,Jakarta Utara,rumah_sakit
RSIA Santo Yusuf,Jakarta Utara,rumah_sakit
RSU Firdaus,Jakarta Utara,rumah_sakit
RSU Gading Pluit,Jakarta Utara,rumah_sakit
RSU Mulyasari,Jakarta Utara,rumah_sakit
RSU Pantai Indah Kapuk,Jakarta Utara,rumah_sakit
RSU Pekerja,Jakarta Utara,rumah_sakit
RSU Pelabuhan Jakarta,Jakarta Utara,rumah_sakit
RSU Pluit,Jakarta Utara,rumah_sakit
RSU Port Medical Center,Jakarta Utara,rumah_sakit
RSU Puri Medika,Jakarta Utara,rumah_sakit
RSU Satya Negara,Jakarta Utara,rumah_sakit
RSU Sukmul Sisma Medika,Kepulauan Seribu,rumah_sakit
RSUD Kepulauan Seribu,Kepulauan Seribu,rumah_sakit
RS Darurat Pulau Sebaru,Kepulauan Seribu,rumah_sakit
SMA Negeri 1,Jakarta Pusat,sma_smk
SMA Negeri 2,Jakarta Pusat,sma_smk
SMA Negeri 3,Jakarta Selatan,sma_smk
SMA Negeri 4,Jakarta Pusat,sma_smk
SMA Negeri 5,Jakarta Pusat,sma_smk
SMA Negeri 6,Jakarta Selatan,sma_smk
SMA Negeri 7,Jakarta Selatan,sma_smk
SMA Negeri 8,Jakarta Selatan,sma_smk
SMA Negeri 9,Jakarta Timur,sma_smk
SMA Negeri 10,Jakarta Pusat,sma_smk
SMA Negeri 11,Jakarta Timur,sma_smk
SMA Negeri 12,Jakarta Timur,sma_smk
SMA Negeri 13,Jakarta Utara,sma_smk
SMA Negeri 14,Jakarta Timur,sma_smk
SMA Negeri 15,Jakarta Utara,sma_smk
SMA Negeri 16,Jakarta Barat,sma_smk
SMA Negeri 17,Jakarta Barat,sma_smk
SMA Negeri 18,Jakarta Utara,sma_smk
SMA Negeri 19,Jakarta Barat,sma_smk
SMA Negeri 20,Jakarta Pusat,sma_smk
SMA Negeri 21,Jakarta Timur,sma_smk
SMA Negeri 22,Jakarta Timur,sma_smk
SMA Negeri 23,Jakarta Barat,sma_smk
SMA Negeri 24,Jakarta Pusat,sma_smk
SMA Negeri 25,Jakarta Pusat,sma_smk
SMA Negeri 26,Jakarta Selatan,sma_smk
SMA Negeri 27,Jakarta Pusat,sma_smk
SMA Negeri 28,Jakarta Selatan,sma_smk
SMA Negeri 29,Jakarta Selatan,sma_smk
SMA Negeri 30,Jakarta Pusat,sma_smk
SMA Negeri 31,Jakarta Timur,sma_smk
SMA Negeri 32,Jakarta Selatan,sma_smk
SMA Negeri 33,Jakarta Barat,sma_smk
SMA Negeri 34,Jakarta Selatan,sma_smk
SMA Negeri 35,Jakarta Pusat,sma_smk
SMA Negeri 36,Jakarta Timur,sma_smk
SMA Negeri 37,Jakarta Selatan,sma_smk
SMA Negeri 38,Jakarta Selatan,sma_smk
SMA Negeri 39,Jakarta Timur,sma_smk
SMA Negeri 40,Jakarta Utara,sma_smk
SMA Negeri 41,Jakarta Utara,sma_smk
SMA Negeri 42,Jakarta Timur,sma_smk
SMA Negeri 43,Jakarta Selatan,sma_smk
SMA Negeri 44,Jakarta Timur,sma_smk
SMA Negeri 45,Jakarta Utara,sma_smk
SMA Negeri 46,Jakarta Selatan,sma_smk
SMA Negeri 47,Jakarta Selatan,sma_smk
SMA Negeri 48,Jakarta Timur,sma_smk
SMA Negeri 49,Jakarta Selatan,sma_smk
SMA Negeri 50,Jakarta Timur,sma_smk
SMA Negeri 51,Jakarta Timur,sma_smk
SMA Negeri 52,Jakarta Utara,sma_smk
SMA Negeri 53,Jakarta Timur,sma_smk
SMA Negeri 54,Jakarta Timur,sma_smk
SMA Negeri 55,Jakarta Selatan,sma_smk
SMA Negeri 56,Jakarta Barat,sma_smk
SMA Negeri 57,Jakarta Barat,sma_smk
SMA Negeri 58,Jakarta Timur,sma_smk
SMA Negeri 59,Jakarta Timur,sma_smk
SMA Negeri 60,Jakarta Selatan,sma_smk
SMA Negeri 61,Jakarta Timur,sma_smk
SMA Negeri 62,Jakarta Timur,sma_smk
SMA Negeri 63,Jakarta Selatan,sma_smk
SMA Negeri 64,Jakarta Timur,sma_smk
SMA Negeri 65,Jakarta Barat,sma_smk
SMA Negeri 66,Jakarta Selatan,sma_smk
SMA Negeri 67,Jakarta Timur,sma_smk
SMA Negeri 68,Jakarta Pusat,sma_smk
SMA Negeri 69,Kepulauan Seribu,sma_smk
SMA Negeri 70,Jakarta Selatan,sma_smk
SMA Negeri 71,Jakarta Timur,sma_smk
SMA Negeri 72,Jakarta Utara,sma_smk
SMA Negeri 73,Jakarta Utara,sma_smk
SMA Negeri 74,Jakarta Selatan,sma_smk
SMA Negeri 75,Jakarta Utara,sma_smk
SMA Negeri 76,Jakarta Timur,sma_smk
SMA Negeri 77,Jakarta Pusat,sma_smk
SMA Negeri 78,Jakarta Barat,sma_smk
SMA Negeri 79,Jakarta Selatan,sma_smk
SMA Negeri 80,Jakarta Utara,sma_smk
SMA Negeri 81,Jakarta Timur,sma_smk
SMA Negeri 82,Jakarta Selatan,sma_smk
SMA Negeri 83,Jakarta Utara,sma_smk
SMA Negeri 84,Jakarta Barat,sma_smk
SMA Negeri 85,Jakarta Barat,sma_smk
SMA Negeri 86,Jakarta Selatan,sma_smk
SMA Negeri 87,Jakarta Selatan,sma_smk
SMA Negeri 88,Jakarta Timur,sma_smk
SMA Negeri 89,Jakarta Timur,sma_smk
SMA Negeri 90,Jakarta Selatan,sma_smk
SMA Negeri 91,Jakarta Timur,sma_smk
SMA Negeri 92,Jakarta Utara,sma_smk
SMA Negeri 93,Jakarta Timur,sma_smk
SMA Negeri 94,Jakarta Barat,sma_smk
SMA Negeri 95,Jakarta Barat,sma_smk
SMA Negeri 96,Jakarta Barat,sma_smk
SMA Negeri 97,Jakarta Selatan,sma_smk
SMA Negeri 98,Jakarta Timur,sma_smk
SMA Negeri 99,Jakarta Timur,sma_smk
SMA Negeri 100,Jakarta Timur,sma_smk
SMA Negeri 101,Jakarta Barat,sma_smk
SMA Negeri 102,Jakarta Timur,sma_smk
SMA Negeri 103,Jakarta Timur,sma_smk
SMA Negeri 104,Jakarta Timur,sma_smk
SMA Negeri 105,Jakarta Timur,sma_smk
SMA Negeri 106,Jakarta Timur,sma_smk
SMA Negeri 107,Jakarta Timur,sma_smk
SMA Negeri 108,Jakarta Selatan,sma_smk
SMA Negeri 109,Jakarta Selatan,sma_smk
SMA Negeri 110,Jakarta Utara,sma_smk
SMA Negeri 111,Jakarta Utara,sma_smk
SMA Negeri 112,Jakarta Barat,sma_smk
SMA Negeri 113,Jakarta Timur,sma_smk
SMA Negeri 114,Jakarta Utara,sma_smk
SMA Negeri 115,Jakarta Utara,sma_smk
SMA Negeri 116,Jakarta Selatan,sma_smk
SMA Negeri 117,Jakarta Pusat,sma_smk
SMA Negeri Ragunan,Jakarta Selatan,sma_smk
SRMA 9 Jakarta Timur,Jakarta Timur,sma_smk
SRMA 10 Jakarta Selatan,Jakarta Selatan,sma_smk
SMA Negeri Unggulan M.H. Thamrin,Jakarta Timur,sma_smk
SMA Advent 1 Jakarta,Jakarta Pusat,sma_smk
SMA Advent Salemba,Jakarta Pusat,sma_smk
Sma At Taqwa Jakarta,Jakarta Pusat,sma_smk
SMA Budi Mulia,Jakarta Pusat,sma_smk
SMA Bunda Mulia Jakarta,Jakarta Pusat,sma_smk
SMA Dwi Saka Jakarta,Jakarta Pusat,sma_smk
SMA Fransiskus 1 Jakarta,Jakarta Pusat,sma_smk
SMA Hati Suci,Jakarta Pusat,sma_smk
SMA Islam Al Jihad Jakarta,Jakarta Pusat,sma_smk
SMA Islam Said Na'um Jakarta,Jakarta Pusat,sma_smk
SMA Kanisius Jakarta,Jakarta Pusat,sma_smk
SMA Kartini 1 Jakarta,Jakarta Pusat,sma_smk
SMA Kristen 2 BPK Penabur,Jakarta Pusat,sma_smk
SMA Kristen 3 Penabur,Jakarta Pusat,sma_smk
SMA Kristen Bethel,Jakarta Pusat,sma_smk
SMA Kristen Kanaan Jakarta,Jakarta Pusat,sma_smk
SMA Kristen Karunia Jakarta,Jakarta Pusat,sma_smk
SMA Kristen Ketapang 1 Jakarta,Jakarta Pusat,sma_smk
SMA Kristen Saint John,Jakarta Pusat,sma_smk
SMA Muhammadiyah 1 Jakarta,Jakarta Pusat,sma_smk
SMA Muhammadiyah 2 Jakarta,Jakarta Pusat,sma_smk
SMA Muhammadiyah 14 Jakarta,Jakarta Pusat,sma_smk
SMA Muhammadiyah 16 Jakarta,Jakarta Pusat,sma_smk
SMA Paskalis,Jakarta Pusat,sma_smk
SMA Perguruan Ksatrya,Jakarta Pusat,sma_smk
SMA Perguruan Nasional Jakarta,Jakarta Pusat,sma_smk
SMA PSKD 1 Jakarta,Jakarta Pusat,sma_smk
SMA PSKD 3 Jakarta,Jakarta Pusat,sma_smk
SMA Santa Theresia,Jakarta Pusat,sma_smk
SMA Santa Ursula,Jakarta Pusat,sma_smk
SMA Santo Bellarminus,Jakarta Pusat,sma_smk
SMA Santo Paulus Jakarta,Jakarta Pusat,sma_smk
SMA Sunda Kelapa Jakarta,Jakarta Pusat,sma_smk
SMA Taman Madya 5 Jakarta,Jakarta Pusat,sma_smk
SMA Taman Madya I Jakarta,Jakarta Pusat,sma_smk
SMA Tarsisius 1 Jakarta,Jakarta Pusat,sma_smk
SMA Triwibawa Jakarta,Jakarta Pusat,sma_smk
SMA Yapermas Jakarta,Jakarta Pusat,sma_smk
Smas YP IPPI Petojo Jakarta,Jakarta Pusat,sma_smk
SMA Al Jihad Jakarta,Jakarta Utara,sma_smk
SMA Al Khairiyah Jakarta,Jakarta Utara,sma_smk
SMA Al Muhajirin Jakarta,Jakarta Utara,sma_smk
SMA Bina Maju Bangsa,Jakarta Utara,sma_smk
SMA Buana Siswa,Jakarta Utara,sma_smk
SMA Budi Agung,Jakarta Utara,sma_smk
SMA Bukit Mulia,Jakarta Utara,sma_smk
SMA Bunga Hati Bangsa,Jakarta Utara,sma_smk
SMA Cahaya Kudus Jakarta,Jakarta Utara,sma_smk
SMA Chandra Kusuma Jakarta,Jakarta Utara,sma_smk
SMA Darma Satria Persada,Jakarta Utara,sma_smk
SMA Dharma Budhi Bhakti Jakarta,Jakarta Utara,sma_smk
SMA Dharma Putra Jakarta,Jakarta Utara,sma_smk
SMA Dharma Suci Jakarta,Jakarta Utara,sma_smk
SMA Don Bosco 1 Jakarta,Jakarta Utara,sma_smk
SMA Fons Vitae 2 Jakarta,Jakarta Utara,sma_smk
SMA Gideon Jakarta,Jakarta Utara,sma_smk
SMA Gita Kirti 2,Jakarta Utara,sma_smk
SMA Harapan Kasih Jakarta,Jakarta Utara,sma_smk
SMA Islam Al Azhar Kelapa Gading,Jakarta Utara,sma_smk
SMA Jac,Jakarta Utara,sma_smk
SMA Jubilee,Jakarta Utara,sma_smk
SMA Katolik Diakonia Jakarta,Jakarta Utara,sma_smk
SMA Kristen 5 Penabur,Jakarta Utara,sma_smk
SMA Kristen 6 Penabur,Jakarta Utara,sma_smk
SMA Kristen Calvin,Jakarta Utara,sma_smk
SMA Kristen Ipeka Pluit,Jakarta Utara,sma_smk
SMA Kristen Ipeka Sunter,Jakarta Utara,sma_smk
SMA Kristen Tunas Bangsa,Jakarta Utara,sma_smk
SMA Kristen Yusuf,Jakarta Utara,sma_smk
SMA Laphat Plus,Jakarta Utara,sma_smk
SMA Lilin Bangsa Intercultural School,Jakarta Utara,sma_smk
SMA Mahatma Gading,Jakarta Utara,sma_smk
SMA Mandala Cendekia,Jakarta Utara,sma_smk
SMA Marie Joseph,Jakarta Utara,sma_smk
SMA Methodist Jakarta,Jakarta Utara,sma_smk
SMA Mutiara 1 Jakarta,Jakarta Utara,sma_smk
SMA Nurul Falah Jakarta,Jakarta Utara,sma_smk
SMA Nusantara Jakarta,Jakarta Utara,sma_smk
SMA Nusantara Permai,Jakarta Utara,sma_smk
SMA Pelangi Kasih,Jakarta Utara,sma_smk
SMA Permai Jakarta,Jakarta Utara,sma_smk
SMA Permata Indah Jakarta,Jakarta Utara,sma_smk
SMA PGRI 12 Jakarta,Jakarta Utara,sma_smk
SMA Pusaka Abadi Jakarta,Jakarta Utara,sma_smk
SMA Saint Peter,Jakarta Utara,sma_smk
SMA Santo Lukas 1 Jakarta,Jakarta Utara,sma_smk
SMA Santo Yakobus Jakarta,Jakarta Utara,sma_smk
SMA St Maria Della Strada,Jakarta Utara,sma_smk
SMA Stella Maris Jakarta,Jakarta Utara,sma_smk
SMA Sukses Abadi,Jakarta Utara,sma_smk
SMA Tanjung Priok Jakarta,Jakarta Utara,sma_smk
SMA Tarakanita 2,Jakarta Utara,sma_smk
SMA Tunas Gading,Jakarta Utara,sma_smk
SMA Tunas Karya Jakarta,Jakarta Utara,sma_smk
SMA Westin,Jakarta Utara,sma_smk
SMA Wijaya Jakarta,Jakarta Utara,sma_smk
SMA Wijaya Kusuma Jakarta,Jakarta Utara,sma_smk
SMA Yaniic Jakarta,Jakarta Utara,sma_smk
SMA Yappenda,Jakarta Utara,sma_smk
SMA Yaspi Jakarta,Jakarta Utara,sma_smk
SMA Yusha Jakarta,Jakarta Utara,sma_smk
SMA 1 Barunawati,Jakarta Barat,sma_smk
SMA 1 Yadika,Jakarta Barat,sma_smk
SMA 3 Kalam Kudus,Jakarta Barat,sma_smk
SMA Al Chasanah,Jakarta Barat,sma_smk
SMA Al Huda Cengkareng,Jakarta Barat,sma_smk
SMA Al Kamal,Jakarta Barat,sma_smk
SMA Baptis Cengkareng Indah,Jakarta Barat,sma_smk
SMA Bhakti Utama,Jakarta Barat,sma_smk
SMA Bhineka Tunggal Ika,Jakarta Barat,sma_smk
SMA Bina Kusuma Mulia,Jakarta Barat,sma_smk
SMA Blossom School,Jakarta Barat,sma_smk
SMA Budaya,Jakarta Barat,sma_smk
SMA Budi Murni 2,Jakarta Barat,sma_smk
SMA Bunda Hati Kudus,Jakarta Barat,sma_smk
SMA Bunda Mulia,Jakarta Barat,sma_smk
SMA Cahaya Fadilah,Jakarta Barat,sma_smk
SMA Cakra Buana,Jakarta Barat,sma_smk
SMA Candra Naya,Jakarta Barat,sma_smk
SMA Cengkareng 1,Jakarta Barat,sma_smk
SMA Cinta Kasih Tzu Chi,Jakarta Barat,sma_smk
SMA Cinta Mulia Chong Mian,Jakarta Barat,sma_smk
SMA Citra Kasih,Jakarta Barat,sma_smk
SMA Damai,Jakarta Barat,sma_smk
SMA Dhammasavana,Jakarta Barat,sma_smk
SMA Dharma Jaya,Jakarta Barat,sma_smk
SMA Dian Harapan,Jakarta Barat,sma_smk
SMA Dian Kasih,Jakarta Barat,sma_smk
SMA Fajrul Islam,Jakarta Barat,sma_smk
SMA Fatahillah,Jakarta Barat,sma_smk
SMA Galatia 3,Jakarta Barat,sma_smk
SMA Global Nusantara School,Jakarta Barat,sma_smk
SMA Harapan Jaya,Jakarta Barat,sma_smk
SMA Ichthus Jakarta Barat,Jakarta Barat,sma_smk
SMA Impian Bunda,Jakarta Barat,sma_smk
SMA IP Yakin,Jakarta Barat,sma_smk
SMA Islam Al Azhar 20 Kembangan,Jakarta Barat,sma_smk
SMA Islam Tambora,Jakarta Barat,sma_smk
SMA Islam Terpadu Almaka,Jakarta Barat,sma_smk
SMA Josua,Jakarta Barat,sma_smk
SMA Kairos Gracia,Jakarta Barat,sma_smk
SMA Kanaan Global School,Jakarta Barat,sma_smk
SMA Kasih Bagi Bangsa,Jakarta Barat,sma_smk
SMA Kasih Immanuel,Jakarta Barat,sma_smk
SMA Kasih Karunia,Jakarta Barat,sma_smk
SMA Katholik Bintang Kejora,Jakarta Barat,sma_smk
SMA Katolik Abdi Siswa,Jakarta Barat,sma_smk
SMA Katolik Lia Stephanie,Jakarta Barat,sma_smk
SMA Katolik Ricci,Jakarta Barat,sma_smk
SMA Katolik Sang Timur,Jakarta Barat,sma_smk
SMA Kemurnian II,Jakarta Barat,sma_smk
SMA Kristen 1 BPK Penabur,Jakarta Barat,sma_smk
SMA Kristen 4 Penabur,Jakarta Barat,sma_smk
SMA Kristen Almasih,Jakarta Barat,sma_smk
SMA Kristen Immanuel,Jakarta Barat,sma_smk
SMA Kristen Ipeka Puri Indah,Jakarta Barat,sma_smk
SMA Kristen Ipeka Tomang,Jakarta Barat,sma_smk
SMA Kristen Kalam Kudus II,Jakarta Barat,sma_smk
SMA Kristen Kasih Kemuliaan,Jakarta Barat,sma_smk
SMA Kristen Pancaran Berkat,Jakarta Barat,sma_smk
SMA Kristen Samaria Kudus,Jakarta Barat,sma_smk
SMA Kristen Tiara Kasih,Jakarta Barat,sma_smk
SMA Kristen Tunas Bangsa,Jakarta Barat,sma_smk
SMA Lamaholot,Jakarta Barat,sma_smk
SMA Mahabodhi Vidya,Jakarta Barat,sma_smk
SMA Maitreyawira Jakarta,Jakarta Barat,sma_smk
SMA Makarios,Jakarta Barat,sma_smk
SMA Mentari Grand Surya,Jakarta Barat,sma_smk
SMA Muhammadiyah 13 Jakarta,Jakarta Barat,sma_smk
SMA Muhammadiyah 15,Jakarta Barat,sma_smk
SMA Muhammadiyah 24,Jakarta Barat,sma_smk
SMA Mutiara Bangsa 3,Jakarta Barat,sma_smk
SMA Nasional Nusantara,Jakarta Barat,sma_smk
SMA Notre Dame,Jakarta Barat,sma_smk
SMA Padindi,Jakarta Barat,sma_smk
SMA Pah Tsung,Jakarta Barat,sma_smk
SMA Pelita 2,Jakarta Barat,sma_smk
SMA Pelita Anugerah,Jakarta Barat,sma_smk
SMA Pelita IV,Jakarta Barat,sma_smk
SMA Pelita Kasih,Jakarta Barat,sma_smk
SMA Petra,Jakarta Barat,sma_smk
SMA Providentia,Jakarta Barat,sma_smk
SMA Regina Pacis,Jakarta Barat,sma_smk
SMA Saint Johns School,Jakarta Barat,sma_smk
SMA San Marino,Jakarta Barat,sma_smk
SMA Santo Kristoforus 1,Jakarta Barat,sma_smk
SMA Santo Kristoforus 2,Jakarta Barat,sma_smk
SMA Santo Leo,Jakarta Barat,sma_smk
SMA Santo Leo II,Jakarta Barat,sma_smk
SMA Sentosa,Jakarta Barat,sma_smk
SMA Sinar Dharma,Jakarta Barat,sma_smk
SMA Sumpah Pemuda,Jakarta Barat,sma_smk
SMA Tarsisius II,Jakarta Barat,sma_smk
SMA Tri Ratna,Jakarta Barat,sma_smk
SMA Tunas Harapan,Jakarta Barat,sma_smk
SMA Tunas Indonesia,Jakarta Barat,sma_smk
SMA Vianney,Jakarta Barat,sma_smk
SMA Wardaya,Jakarta Barat,sma_smk
SMA Yadika 2,Jakarta Barat,sma_smk
SMA Yadika 5,Jakarta Barat,sma_smk
SMA YP BDN,Jakarta Barat,sma_smk
SMA 17 Agustus 45 Jakarta,Jakarta Selatan,sma_smk
SMA 2 Perguruan Cikini,Jakarta Selatan,sma_smk
SMA 28 Oktober 1928,Jakarta Selatan,sma_smk
SMA Al Azhar Syifa Budi,Jakarta Selatan,sma_smk
SMA Al Kautsar,Jakarta Selatan,sma_smk
SMA Al Wildan 4 Islamic School Jakarta,Jakarta Selatan,sma_smk
SMA Asisi Jakarta,Jakarta Selatan,sma_smk
SMA Avicenna Jagakarsa,Jakarta Selatan,sma_smk
SMA Bakti Idhata Jakarta,Jakarta Selatan,sma_smk
SMA Bakti Mulya 400,Jakarta Selatan,sma_smk
SMA Bunda Kandung Jakarta,Jakarta Selatan,sma_smk
SMA Cenderawasih 1,Jakarta Selatan,sma_smk
SMA Charitas,Jakarta Selatan,sma_smk
SMA Cikal,Jakarta Selatan,sma_smk
SMA Citra Kasih Don Bosco Pondok Indah,Jakarta Selatan,sma_smk
SMA Darul Maarif Jakarta,Jakarta Selatan,sma_smk
SMA Darunnajah,Jakarta Selatan,sma_smk
SMA Dewi Sartika,Jakarta Selatan,sma_smk
SMA Dharma Karya Jakarta,Jakarta Selatan,sma_smk
SMA Eunoia Intercultural School,Jakarta Selatan,sma_smk
SMA Fatahillah Jakarta,Jakarta Selatan,sma_smk
SMA Garuda Cendekia,Jakarta Selatan,sma_smk
SMA Gita Kirtti 3 Jakarta,Jakarta Selatan,sma_smk
SMA Gonzaga Jakarta,Jakarta Selatan,sma_smk
SMA Hang Tuah 1 Jakarta,Jakarta Selatan,sma_smk
SMA International Islamic High School (IIHS),Jakarta Selatan,sma_smk
SMA Islam Al Azhar 1 Jakarta,Jakarta Selatan,sma_smk
SMA Islam Al Azhar 2 Jakarta,Jakarta Selatan,sma_smk
SMA Islam Al Azhar 3 Jakarta,Jakarta Selatan,sma_smk
SMA Islam Al Izhar Pondok Labu,Jakarta Selatan,sma_smk
SMA Islam Al Kholidin Jakarta,Jakarta Selatan,sma_smk
SMA Islam Annajah,Jakarta Selatan,sma_smk
SMA Islam As Syafiiyah 01,Jakarta Selatan,sma_smk
SMA Islam Harapan Ibu,Jakarta Selatan,sma_smk
SMA Jagakarsa,Jakarta Selatan,sma_smk
SMA Jakarta Montessori,Jakarta Selatan,sma_smk
SMA Kartika VIII-1 Jakarta,Jakarta Selatan,sma_smk
SMA Kartika X-1,Jakarta Selatan,sma_smk
SMA Keluarga Widuri Jakarta,Jakarta Selatan,sma_smk
SMA Kemala Bhayangkari 1,Jakarta Selatan,sma_smk
SMA Kharismawita Jakarta,Jakarta Selatan,sma_smk
SMA Labschool Bintaro,Jakarta Selatan,sma_smk
SMA Labschool Kebayoran,Jakarta Selatan,sma_smk
SMA Muhammadiyah 3 Jakarta,Jakarta Selatan,sma_smk
SMA Muhammadiyah 5 Jakarta,Jakarta Selatan,sma_smk
SMA Muhammadiyah 18 Jakarta,Jakarta Selatan,sma_smk
SMA Muttaqien Jakarta,Jakarta Selatan,sma_smk
SMA Pangudi Luhur Jakarta,Jakarta Selatan,sma_smk
SMA Pattimura Jakarta,Jakarta Selatan,sma_smk
SMA Perguruan Cikini Jakarta,Jakarta Selatan,sma_smk
SMA Perguruan Rakyat 1 Jakarta,Jakarta Selatan,sma_smk
SMA Perkumpulan Mandiri,Jakarta Selatan,sma_smk
SMA PGRI 3 Jakarta,Jakarta Selatan,sma_smk
SMA Plus Khadijah Islamic School,Jakarta Selatan,sma_smk
SMA PSKD 4 Jakarta,Jakarta Selatan,sma_smk
SMA Purnama Jakarta,Jakarta Selatan,sma_smk
SMA Suluh Jakarta,Jakarta Selatan,sma_smk
SMA Sumbangsih Jakarta,Jakarta Selatan,sma_smk
SMA Tarakanita 1 Jakarta,Jakarta Selatan,sma_smk
SMA Tirtamarta BPK Penabur,Jakarta Selatan,sma_smk
SMA Triguna Jakarta,Jakarta Selatan,sma_smk
SMA Yasporbi 1 Jakarta,Jakarta Selatan,sma_smk
SMA YMIK 2 Jakarta,Jakarta Selatan,sma_smk
SMA 1 Cawang Baru,Jakarta Timur,sma_smk
SMA Adi Luhur Jakarta,Jakarta Timur,sma_smk
SMA Al Falah,Jakarta Timur,sma_smk
SMA Al Ghurabaa Jakarta,Jakarta Timur,sma_smk
SMA Al Hikmah Jakarta,Jakarta Timur,sma_smk
SMA Al Wildan Islamic School 10 Jakarta,Jakarta Timur,sma_smk
SMA Angkasa 1 H Perdanakusuma,Jakarta Timur,sma_smk
SMA Angkasa 2 H Perdanakusuma,Jakarta Timur,sma_smk
SMA Bina Dharma Jakarta,Jakarta Timur,sma_smk
SMA Bina Pangudi Luhur Jakarta,Jakarta Timur,sma_smk
SMA BPS&K I,Jakarta Timur,sma_smk
SMA Budaya Jakarta,Jakarta Timur,sma_smk
SMA Budhaya 2 St Agustinus,Jakarta Timur,sma_smk
SMA Budhi Warman 1,Jakarta Timur,sma_smk
SMA Budhi Warman 2,Jakarta Timur,sma_smk
SMA Budi Mulia Utama Jakarta,Jakarta Timur,sma_smk
SMA Cahaya Sakti Jakarta,Jakarta Timur,sma_smk
SMA Chartar Buana,Jakarta Timur,sma_smk
SMA Cikal Amri,Jakarta Timur,sma_smk
SMA Corpatarin Jakarta,Jakarta Timur,sma_smk
SMA Dewi Sartika YBW Jakarta,Jakarta Timur,sma_smk
SMA Dian Persada Jakarta,Jakarta Timur,sma_smk
SMA Diponegoro 1 Jakarta,Jakarta Timur,sma_smk
SMA Diponegoro 2 Jakarta,Jakarta Timur,sma_smk
SMA Don Bosco II,Jakarta Timur,sma_smk
SMA Embun Pagi Islamic School,Jakarta Timur,sma_smk
SMA EMIISc Jakarta,Jakarta Timur,sma_smk
SMA Fons Vitae 1 Jakarta,Jakarta Timur,sma_smk
SMA Fransiskus 2 Jakarta,Jakarta Timur,sma_smk
SMA Global Islamic School,Jakarta Timur,sma_smk
SMA Global Mandiri,Jakarta Timur,sma_smk
SMA Highfield,Jakarta Timur,sma_smk
SMA IGN Slamet Riyadi,Jakarta Timur,sma_smk
SMA Islam Al Azhar 19,Jakarta Timur,sma_smk
SMA Islam Al Maruf,Jakarta Timur,sma_smk
SMA Islam PB Soedirman,Jakarta Timur,sma_smk
SMA IT Al Halimiyah Jakarta,Jakarta Timur,sma_smk
SMA IT Buahati Islamic School,Jakarta Timur,sma_smk
SMA Jakarta Islamic School,Jakarta Timur,sma_smk
SMA Kapin,Jakarta Timur,sma_smk
SMA Katolik Nusa Melati,Jakarta Timur,sma_smk
SMA Kristen 7 Penabur,Jakarta Timur,sma_smk
SMA Kristen Berkat Jakarta,Jakarta Timur,sma_smk
SMA Kristen Tunas Bangsa,Jakarta Timur,sma_smk
SMA Labschool Ciracas,Jakarta Timur,sma_smk
SMA Labschool Jakarta,Jakarta Timur,sma_smk
SMA Malahayati,Jakarta Timur,sma_smk
Sma Mardani Leadership School,Jakarta Timur,sma_smk
SMA Minhaajurrosyidiin,Jakarta Timur,sma_smk
SMA Muhammadiyah 11 Jakarta,Jakarta Timur,sma_smk
SMA Muhammadiyah 12 Jakarta,Jakarta Timur,sma_smk
SMA Muhammadiyah 23 Jakarta,Jakarta Timur,sma_smk
SMA Muhammadiyah 4 Jakarta,Jakarta Timur,sma_smk
SMA Nabawi Islamic School,Jakarta Timur,sma_smk
SMA Nahdlatul Wathan,Jakarta Timur,sma_smk
SMA Nizamia Andalusia,Jakarta Timur,sma_smk
SMA Nurul Huda Jakarta,Jakarta Timur,sma_smk
SMA Pangudi Rahayu,Jakarta Timur,sma_smk
SMA Pelita Tiga No 3 Jakarta,Jakarta Timur,sma_smk
SMA Pembangunan III YPI,Jakarta Timur,sma_smk
SMA Perguruan Advent XV,Jakarta Timur,sma_smk
SMA Perguruan Rakyat 2 Jakarta,Jakarta Timur,sma_smk
SMA Perguruan Rakyat 3 Jakarta,Jakarta Timur,sma_smk
SMA PGRI 1 Jakarta,Jakarta Timur,sma_smk
SMA PGRI 24 Jakarta,Jakarta Timur,sma_smk
SMA PGRI 4 Jakarta,Jakarta Timur,sma_smk
SMA PKP,Jakarta Timur,sma_smk
SMA Pratama,Jakarta Timur,sma_smk
SMA Prestasi Prima,Jakarta Timur,sma_smk
SMA PSKD II Jakarta,Jakarta Timur,sma_smk
SMA Pusaka 1 Jakarta,Jakarta Timur,sma_smk
SMA Putra 1,Jakarta Timur,sma_smk
SMA Santika,Jakarta Timur,sma_smk
SMA Santo Yoseph Jakarta,Jakarta Timur,sma_smk
SMA Sapta Kharisma Jakarta,Jakarta Timur,sma_smk
SMA ST Alexius Jakarta,Jakarta Timur,sma_smk
SMA ST Antonius Jakarta,Jakarta Timur,sma_smk
SMA Taruna Persada,Jakarta Timur,sma_smk
SMA Teladan 1 Jakarta,Jakarta Timur,sma_smk
SMA Trampil 2 Jakarta,Jakarta Timur,sma_smk
SMA Trisoko Jakarta,Jakarta Timur,sma_smk
SMA Tunas Markatin Jakarta,Jakarta Timur,sma_smk
SMA Uswatun Hasanah Jakarta,Jakarta Timur,sma_smk
SMA Villa Mas Jakarta,Jakarta Timur,sma_smk
SMA Widya Manggala Jakarta,Jakarta Timur,sma_smk
SMA Wijaya Kusuma,Jakarta Timur,sma_smk
SMA Yake Jakarta,Jakarta Timur,sma_smk
SMA YP IPPI Jakarta,Jakarta Timur,sma_smk
SMK Negeri 1,Jakarta Pusat,sma_smk
SMK Negeri 2,Jakarta Pusat,sma_smk
SMK Negeri 3,Jakarta Pusat,sma_smk
SMK Negeri 4,Jakarta Utara,sma_smk
SMK Negeri 5,Jakarta Timur,sma_smk
SMK Negeri 6,Jakarta Selatan,sma_smk
SMK Negeri 7,Jakarta Timur,sma_smk
SMK Negeri 8,Jakarta Selatan,sma_smk
SMK Negeri 9,Jakarta Barat,sma_smk
SMK Negeri 10,Jakarta Timur,sma_smk
SMK Negeri 11,Jakarta Barat,sma_smk
SMK Negeri 12,Jakarta Utara,sma_smk
SMK Negeri 13,Jakarta Barat,sma_smk
SMK Negeri 14,Jakarta Pusat,sma_smk
SMK Negeri 15,Jakarta Selatan,sma_smk
SMK Negeri 16,Jakarta Pusat,sma_smk
SMK Negeri 17,Jakarta Barat,sma_smk
SMK Negeri 18,Jakarta Selatan,sma_smk
SMK Negeri 19,Jakarta Pusat,sma_smk
SMK Negeri 20,Jakarta Selatan,sma_smk
SMK Negeri 21,Jakarta Pusat,sma_smk
SMK Negeri 22,Jakarta Timur,sma_smk
SMK Negeri 23,Jakarta Utara,sma_smk
SMK Negeri 24,Jakarta Timur,sma_smk
SMK Negeri 25,Jakarta Selatan,sma_smk
SMK Negeri 26,Jakarta Timur,sma_smk
SMK Negeri 27,Jakarta Pusat,sma_smk
SMK Negeri 28,Jakarta Selatan,sma_smk
SMK Negeri 29,Jakarta Selatan,sma_smk
SMK Negeri 30,Jakarta Selatan,sma_smk
SMK Negeri 31,Jakarta Pusat,sma_smk
SMK Negeri 32,Jakarta Selatan,sma_smk
SMK Negeri 33,Jakarta Utara,sma_smk
SMK Negeri 34,Jakarta Pusat,sma_smk
SMK Negeri 35,Jakarta Barat,sma_smk
SMK Negeri 36,Jakarta Utara,sma_smk
SMK Negeri 37,Jakarta Selatan,sma_smk
SMK Negeri 38,Jakarta Pusat,sma_smk
SMK Negeri 39,Jakarta Pusat,sma_smk
SMK Negeri 40,Jakarta Timur,sma_smk
SMK Negeri 41,Jakarta Selatan,sma_smk
SMK Negeri 42,Jakarta Barat,sma_smk
SMK Negeri 43,Jakarta Selatan,sma_smk
SMK Negeri 44,Jakarta Pusat,sma_smk
SMK Negeri 45,Jakarta Barat,sma_smk
SMK Negeri 46,Jakarta Timur,sma_smk
SMK Negeri 47,Jakarta Selatan,sma_smk
SMK Negeri 48,Jakarta Timur,sma_smk
SMK Negeri 49,Jakarta Utara,sma_smk
SMK Negeri 50,Jakarta Timur,sma_smk
SMK Negeri 51,Jakarta Timur,sma_smk
SMK Negeri 52,Jakarta Timur,sma_smk
SMK Negeri 53,Jakarta Barat,sma_smk
SMK Negeri 54,Jakarta Pusat,sma_smk
SMK Negeri 55,Jakarta Utara,sma_smk
SMK Negeri 56,Jakarta Utara,sma_smk
SMK Negeri 57,Jakarta Selatan,sma_smk
SMK Negeri 58,Jakarta Timur,sma_smk
SMK Negeri 59,Jakarta Selatan,sma_smk
SMK Negeri 60,Jakarta Barat,sma_smk
SMK Negeri 61,Kepulauan Seribu,sma_smk
SMK Negeri 62,Jakarta Selatan,sma_smk
SMK Negeri 63,Jakarta Selatan,sma_smk
SMK Negeri 64,Jakarta Timur,sma_smk
SMK Negeri 65,Jakarta Timur,sma_smk
SMK Negeri 66,Jakarta Timur,sma_smk
SMK Negeri 67,Jakarta Timur,sma_smk
SMK Negeri 68,Jakarta Timur,sma_smk
SMK Negeri 69,Jakarta Timur,sma_smk
SMK Negeri 70,Jakarta Timur,sma_smk
SMK Negeri 71,Jakarta Timur,sma_smk
SMK Negeri 72,Jakarta Barat,sma_smk
SMK Negeri 73,Jakarta Barat,sma_smk
SMK Negeri 74,Jakarta Selatan,sma_smk
SMK Al Ihsan,Jakarta Pusat,sma_smk
SMK Al Irsyad,Jakarta Pusat,sma_smk
SMK Al Ma'mur,Jakarta Pusat,sma_smk
SMK At Taqwa,Jakarta Pusat,sma_smk
SMK Bunda Mulia 1,Jakarta Pusat,sma_smk
SMK Cempaka,Jakarta Pusat,sma_smk
SMK Dental Asisten Sekesal Jakarta,Jakarta Pusat,sma_smk
SMK Farmasi BPK Penabur,Jakarta Pusat,sma_smk
SMK Farmasi Ditkesad,Jakarta Pusat,sma_smk
SMK Farmasi Tunas Bangsa,Jakarta Pusat,sma_smk
SMK Franciskus 2,Jakarta Pusat,sma_smk
SMK Global Multimedia,Jakarta Pusat,sma_smk
SMK Jakarta Dua,Jakarta Pusat,sma_smk
SMK Jakarta Pusat 1,Jakarta Pusat,sma_smk
SMK Jayawisata 1,Jakarta Pusat,sma_smk
SMK Kampung Jawa Jakarta,Jakarta Pusat,sma_smk
SMK Kartini,Jakarta Pusat,sma_smk
SMK Katolik Saint Joseph,Jakarta Pusat,sma_smk
SMK Kristen Bethel,Jakarta Pusat,sma_smk
SMK Kristen Kanaan,Jakarta Pusat,sma_smk
SMK Ksatrya,Jakarta Pusat,sma_smk
SMK Muhammadiyah 1 Jakarta,Jakarta Pusat,sma_smk
SMK Muhammadiyah 2 Jakarta,Jakarta Pusat,sma_smk
SMK Muhammadiyah 5 Jakarta,Jakarta Pusat,sma_smk
SMK Muhammadiyah 10 Jakarta,Jakarta Pusat,sma_smk
SMK Muhammadiyah 11 Jakarta,Jakarta Pusat,sma_smk
SMK PGRI 31 Jakarta,Jakarta Pusat,sma_smk
SMK PGRI 4 Jakarta,Jakarta Pusat,sma_smk
SMK Poncol,Jakarta Pusat,sma_smk
SMK PSKD 1 Jakarta,Jakarta Pusat,sma_smk
SMK Rex Mundi,Jakarta Pusat,sma_smk
SMK Said Naum,Jakarta Pusat,sma_smk
SMK Santa Maria,Jakarta Pusat,sma_smk
SMK Santa Theresia,Jakarta Pusat,sma_smk
SMK Santo Paulus,Jakarta Pusat,sma_smk
SMK Strada 1 Jakarta,Jakarta Pusat,sma_smk
SMK Strada Jakarta,Jakarta Pusat,sma_smk
SMK Taman Siswa 1 Jakarta,Jakarta Pusat,sma_smk
SMK Taman Siswa 2 Jakarta,Jakarta Pusat,sma_smk
SMK Taman Siswa 3 Jakarta,Jakarta Pusat,sma_smk
SMK Tunas Harapan,Jakarta Pusat,sma_smk
SMK Yapermas Jakarta,Jakarta Pusat,sma_smk
SMK YP IPPI Petojo,Jakarta Pusat,sma_smk
SMK 11 Maret,Jakarta Utara,sma_smk
SMK Al Irsyad Jakarta,Jakarta Utara,sma_smk
SMK Al Jihad Jakarta,Jakarta Utara,sma_smk
SMK Al Khairiyah 1 Jakarta,Jakarta Utara,sma_smk
SMK Al Khairiyah 2 Jakarta,Jakarta Utara,sma_smk
SMK Al Khairiyah Bahari,Jakarta Utara,sma_smk
SMK Al Miftahiyyah,Jakarta Utara,sma_smk
SMK Al Muttaqin,Jakarta Utara,sma_smk
SMK Ar Raudhah Jakarta,Jakarta Utara,sma_smk
SMK Az Zahrah,Jakarta Utara,sma_smk
SMK Barunawati,Jakarta Utara,sma_smk
SMK Bintang Nusantara,Jakarta Utara,sma_smk
SMK Budi Agung,Jakarta Utara,sma_smk
SMK Cilincing 1 Jakarta,Jakarta Utara,sma_smk
SMK Cilincing 3 Jakarta,Jakarta Utara,sma_smk
SMK Citra Bangsa,Jakarta Utara,sma_smk
SMK Darul Maarif,Jakarta Utara,sma_smk
SMK Dharma Putra 1,Jakarta Utara,sma_smk
SMK Fajar Indah,Jakarta Utara,sma_smk
SMK Genesaret,Jakarta Utara,sma_smk
SMK Gita Kirtti 2 Jakarta,Jakarta Utara,sma_smk
SMK Global 21 Jakarta,Jakarta Utara,sma_smk
SMK Gunung Jati Jakarta,Jakarta Utara,sma_smk
SMK Hang Tuah 1 Jakarta,Jakarta Utara,sma_smk
SMK Hang Tuah 2,Jakarta Utara,sma_smk
SMK Jaya Jakarta,Jakarta Utara,sma_smk
SMK Kasih Ananda,Jakarta Utara,sma_smk
SMK Kencana 1 Jakarta,Jakarta Utara,sma_smk
SMK Kesehatan Global Cendekia,Jakarta Utara,sma_smk
SMK Kristen Harapan Mulia,Jakarta Utara,sma_smk
SMK Lagoa,Jakarta Utara,sma_smk
SMK Media Karya,Jakarta Utara,sma_smk
SMK Muhammadiyah 12,Jakarta Utara,sma_smk
SMK Mutiara 1 Jakarta,Jakarta Utara,sma_smk
SMK Nusantara 1 Jakarta,Jakarta Utara,sma_smk
SMK Nusantara 2 Jakarta,Jakarta Utara,sma_smk
SMK Pangeran Wijayakusuma,Jakarta Utara,sma_smk
SMK Pelayaran Djadajat Jakarta,Jakarta Utara,sma_smk
SMK Pelayaran Jakarta,Jakarta Utara,sma_smk
SMK Pelayaran Jakarta Raya,Jakarta Utara,sma_smk
SMK Pelayaran Jalasena,Jakarta Utara,sma_smk
SMK Pelayaran Malahayati Jakarta,Jakarta Utara,sma_smk
SMK Perguruan Cikini Jakarta,Jakarta Utara,sma_smk
SMK Perintis Nasional Jakarta,Jakarta Utara,sma_smk
SMK Permata Indah,Jakarta Utara,sma_smk
SMK PGRI 3 Jakarta,Jakarta Utara,sma_smk
SMK PGRI 11 Jakarta,Jakarta Utara,sma_smk
SMK PGRI 38 Jakarta,Jakarta Utara,sma_smk
SMK Pluit Raya,Jakarta Utara,sma_smk
SMK PSKD 3 Jakarta,Jakarta Utara,sma_smk
SMK Raudhatul Jannatunnaim,Jakarta Utara,sma_smk
SMK Remaja Pluit,Jakarta Utara,sma_smk
SMK Sari Putra,Jakarta Utara,sma_smk
SMK Sejahtera Jakarta,Jakarta Utara,sma_smk
SMK Siliwangi Jakarta,Jakarta Utara,sma_smk
SMK Sismadi,Jakarta Utara,sma_smk
SMK SPES Patriae,Jakarta Utara,sma_smk
SMK Strada 3 Jakarta,Jakarta Utara,sma_smk
SMK Syahid,Jakarta Utara,sma_smk
SMK Tanjung Priok 1 Jakarta,Jakarta Utara,sma_smk
SMK Tanjung Priok 2 Jakarta,Jakarta Utara,sma_smk
SMK Tridharma Budhidaya,Jakarta Utara,sma_smk
SMK Walang Jaya,Jakarta Utara,sma_smk
SMK Wiyatamandala Bakti Jakarta,Jakarta Utara,sma_smk
SMK Wiyatamandala Jakarta,Jakarta Utara,sma_smk
SMK Yanindo Jakarta,Jakarta Utara,sma_smk
SMK Yappenda Jakarta,Jakarta Utara,sma_smk
SMK Yaspi Jaya,Jakarta Utara,sma_smk
SMK Yusha Jakarta,Jakarta Utara,sma_smk
SMK 1 Barunawati,Jakarta Barat,sma_smk
SMK 1 Citra Adhi Pratama,Jakarta Barat,sma_smk
SMK Ad Dawah,Jakarta Barat,sma_smk
SMK Al Chasanah Jakarta,Jakarta Barat,sma_smk
SMK Al Firdaus,Jakarta Barat,sma_smk
SMK Al Hamidiyah,Jakarta Barat,sma_smk
SMK Al Huda Kebon Jeruk,Jakarta Barat,sma_smk
SMK Al Ihsan Jakarta,Jakarta Barat,sma_smk
SMK Al Mafatih Jakarta,Jakarta Barat,sma_smk
SMK Al Washilah 1 Jakarta,Jakarta Barat,sma_smk
SMK Benteng Gading Jakarta,Jakarta Barat,sma_smk
SMK Bhakti,Jakarta Barat,sma_smk
SMK Bhara Trikora 1 Jakarta,Jakarta Barat,sma_smk
SMK Bina Bangsa,Jakarta Barat,sma_smk
SMK Bina Husada Mandiri,Jakarta Barat,sma_smk
SMK Bina Insan Mandiri,Jakarta Barat,sma_smk
SMK Bina Insan Nusantara,Jakarta Barat,sma_smk
SMK Bina Karya Jakarta,Jakarta Barat,sma_smk
SMK Budi Murni 2,Jakarta Barat,sma_smk
SMK Bunda Mulia,Jakarta Barat,sma_smk
SMK Cahaya Prima,Jakarta Barat,sma_smk
SMK Candra Naya,Jakarta Barat,sma_smk
SMK Cengkareng 1,Jakarta Barat,sma_smk
SMK Cengkareng 2,Jakarta Barat,sma_smk
SMK Cengkareng Jakarta,Jakarta Barat,sma_smk
SMK Cindera Mata Indah Jakarta,Jakarta Barat,sma_smk
SMK Cinta Kasih Tzu Chi,Jakarta Barat,sma_smk
SMK Citra Utama,Jakarta Barat,sma_smk
SMK Dewi Sartika,Jakarta Barat,sma_smk
SMK Dhamma Savana Jakarta,Jakarta Barat,sma_smk
SMK Dian Jakarta,Jakarta Barat,sma_smk
SMK Didaktika,Jakarta Barat,sma_smk
SMK Duta Bangsa Jakarta,Jakarta Barat,sma_smk
SMK Duta Mas Jakarta,Jakarta Barat,sma_smk
SMK Eka Sakti,Jakarta Barat,sma_smk
SMK Era Pembangunan 3,Jakarta Barat,sma_smk
SMK Global Persada,Jakarta Barat,sma_smk
SMK Harapan Jaya,Jakarta Barat,sma_smk
SMK Harapan Raya,Jakarta Barat,sma_smk
SMK Harvard Jakarta,Jakarta Barat,sma_smk
SMK Ibu Pertiwi 1 Jakarta,Jakarta Barat,sma_smk
SMK Ibu Pertiwi 2 Jakarta,Jakarta Barat,sma_smk
SMK Insan Aqilah 4,Jakarta Barat,sma_smk
SMK Insan Cendikia,Jakarta Barat,sma_smk
SMK Insan Cita,Jakarta Barat,sma_smk
SMK Insan Global,Jakarta Barat,sma_smk
SMK IP Yakin,Jakarta Barat,sma_smk
SMK Islam Assaadatul Abadiyah Jakarta,Jakarta Barat,sma_smk
SMK Islam Bahagia,Jakarta Barat,sma_smk
SMK Islam Fatahillah Jakarta,Jakarta Barat,sma_smk
SMK Islam Perti Jakarta,Jakarta Barat,sma_smk
SMK Jakarta 1,Jakarta Barat,sma_smk
SMK Jakarta Barat 1,Jakarta Barat,sma_smk
SMK Jakarta III,Jakarta Barat,sma_smk
SMK Jakarta IV,Jakarta Barat,sma_smk
SMK Josua Jakarta,Jakarta Barat,sma_smk
SMK Kartika X 1,Jakarta Barat,sma_smk
SMK Kasih Anugerah,Jakarta Barat,sma_smk
SMK Kebon Jeruk Jakarta,Jakarta Barat,sma_smk
SMK Kebudayaan,Jakarta Barat,sma_smk
SMK Kesatuan,Jakarta Barat,sma_smk
SMK Kristen Cendrawasih,Jakarta Barat,sma_smk
SMK Kristen Pancaran Berkat,Jakarta Barat,sma_smk
SMK Kristen Rahmani,Jakarta Barat,sma_smk
SMK Lamaholot Jakarta,Jakarta Barat,sma_smk
SMK Maarif Jakarta,Jakarta Barat,sma_smk
SMK Muhammadiyah 3 Jakarta,Jakarta Barat,sma_smk
SMK Muhammadiyah 4 Jakarta,Jakarta Barat,sma_smk
SMK Muhammadiyah 13 Jakarta,Jakarta Barat,sma_smk
SMK Multimedia Mandiri,Jakarta Barat,sma_smk
SMK Mutiara Bangsa,Jakarta Barat,sma_smk
SMK Mutiara Bangsa 3,Jakarta Barat,sma_smk
SMK Nusantara,Jakarta Barat,sma_smk
SMK Padindi,Jakarta Barat,sma_smk
SMK Pariwisata Sumbangsih,Jakarta Barat,sma_smk
SMK Patmos,Jakarta Barat,sma_smk
SMK Patriot Nusantara,Jakarta Barat,sma_smk
SMK Pelita IV,Jakarta Barat,sma_smk
SMK Pembangun Generasi Emas,Jakarta Barat,sma_smk
SMK Permata Bunda I Jakarta,Jakarta Barat,sma_smk
SMK Permata Dunia,Jakarta Barat,sma_smk
SMK PGRI 2 Jakarta,Jakarta Barat,sma_smk
SMK PGRI 5 Jakarta,Jakarta Barat,sma_smk
SMK PGRI 24 Jakarta,Jakarta Barat,sma_smk
SMK PGRI 29 Jakarta,Jakarta Barat,sma_smk
SMK PGRI 35 Jakarta,Jakarta Barat,sma_smk
SMK PGRI 36 Jakarta,Jakarta Barat,sma_smk
SMK  Prima Wisata,Jakarta Barat,sma_smk
SMK  Putra Mandiri,Jakarta Barat,sma_smk
SMK Putra Nusantara,Jakarta Barat,sma_smk
SMK Reformasi,Jakarta Barat,sma_smk
SMK Santo Leo,Jakarta Barat,sma_smk
SMK Satria Jakarta,Jakarta Barat,sma_smk
SMK Sentosa,Jakarta Barat,sma_smk
SMK Setia Gama,Jakarta Barat,sma_smk
SMK Strada II Jakarta,Jakarta Barat,sma_smk
SMK Sumpah Pemuda,Jakarta Barat,sma_smk
SMK Taman Sakti Jakarta,Jakarta Barat,sma_smk
SMK Tanjung Jakarta,Jakarta Barat,sma_smk
SMK Teladan Jakarta,Jakarta Barat,sma_smk
SMK Telkom Sandhy Putra Jakarta,Jakarta Barat,sma_smk
SMK Tomang Raya,Jakarta Barat,sma_smk
SMK Tri Arga 2,Jakarta Barat,sma_smk
SMK Tri Ratna Jakarta,Jakarta Barat,sma_smk
SMK Tunas Harapan,Jakarta Barat,sma_smk
SMK Widya Patria 2,Jakarta Barat,sma_smk
SMK Wiyata Satya,Jakarta Barat,sma_smk
SMK Yadika 1 Jakarta,Jakarta Barat,sma_smk
SMK Yadika 2 Jakarta,Jakarta Barat,sma_smk
SMK Yadika 3 Jakarta,Jakarta Barat,sma_smk
SMK Yandika,Jakarta Barat,sma_smk
SMK YMIK Jakarta,Jakarta Barat,sma_smk
SMK 10 Nopember,Jakarta Selatan,sma_smk
SMK 17 Agustus 1945 2 Jakarta,Jakarta Selatan,sma_smk
SMK 28 Oktober 1928 1,Jakarta Selatan,sma_smk
SMK 28 Oktober 1928 2,Jakarta Selatan,sma_smk
SMK 3 Perguruan Cikini,Jakarta Selatan,sma_smk
SMK Al Fajar Jakarta,Jakarta Selatan,sma_smk
SMK Al Falah,Jakarta Selatan,sma_smk
SMK Al Hidayah 1 Jakarta,Jakarta Selatan,sma_smk
SMK Al Hidayah 2 Jakarta,Jakarta Selatan,sma_smk
SMK Al Hidayah Lestari,Jakarta Selatan,sma_smk
SMK Al Kautsar,Jakarta Selatan,sma_smk
SMK Al Makmur Jakarta,Jakarta Selatan,sma_smk
SMK Amaliyah,Jakarta Selatan,sma_smk
SMK An Nuriyah,Jakarta Selatan,sma_smk
SMK As Sa`adah,Jakarta Selatan,sma_smk
SMK As Syafi`iyah Jakarta,Jakarta Selatan,sma_smk
SMK Asisi,Jakarta Selatan,sma_smk
SMK Averus,Jakarta Selatan,sma_smk
SMK Bakti 17,Jakarta Selatan,sma_smk
SMK Bakti Idhata,Jakarta Selatan,sma_smk
SMK Bina Putra Jakarta,Jakarta Selatan,sma_smk
SMK Budi Asih,Jakarta Selatan,sma_smk
SMK Bunda Kandung Jakarta,Jakarta Selatan,sma_smk
SMK Cyber Media,Jakarta Selatan,sma_smk
SMK Daarul Uluum,Jakarta Selatan,sma_smk
SMK Daarussalaam Jakarta,Jakarta Selatan,sma_smk
SMK Dharma Karya,Jakarta Selatan,sma_smk
SMK Fatahillah,Jakarta Selatan,sma_smk
SMK Gapura Merah Putih,Jakarta Selatan,sma_smk
SMK Gita Kirtti 1 Jakarta,Jakarta Selatan,sma_smk
SMK Grafika Desa Putera Jakarta,Jakarta Selatan,sma_smk
SMK Grafika Yayasan Lektur,Jakarta Selatan,sma_smk
SMK Harnasto Institut Jakarta,Jakarta Selatan,sma_smk
SMK Hidatha Jakarta,Jakarta Selatan,sma_smk
SMK Islam Al Hikmah,Jakarta Selatan,sma_smk
SMK Islam Andalus,Jakarta Selatan,sma_smk
SMK Islam Wijaya Kusuma,Jakarta Selatan,sma_smk
SMK Islam YPS,Jakarta Selatan,sma_smk
SMK IT Aisyiyah,Jakarta Selatan,sma_smk
SMK Jagakarsa,Jakarta Selatan,sma_smk
SMK Jakarta Manajemen,Jakarta Selatan,sma_smk
SMK Jakarta Wisata 1,Jakarta Selatan,sma_smk
SMK Kahuripan 1 Jakarta,Jakarta Selatan,sma_smk
SMK Kartika X 2,Jakarta Selatan,sma_smk
SMK Karya Guna Jakarta,Jakarta Selatan,sma_smk
SMK Karya Teladan,Jakarta Selatan,sma_smk
SMK Keluarga Widuri,Jakarta Selatan,sma_smk
SMK Kemala Bhayangkari Delog,Jakarta Selatan,sma_smk
SMK Kesehatan Mulia Karya Husada,Jakarta Selatan,sma_smk
SMK Kesehatan Sekawan,Jakarta Selatan,sma_smk
SMK Kharismawita 1 Jakarta,Jakarta Selatan,sma_smk
SMK Kharismawita 2 Jakarta,Jakarta Selatan,sma_smk
SMK Krisanti,Jakarta Selatan,sma_smk
SMK LP3 Istana,Jakarta Selatan,sma_smk
SMK Makarya 1 Jakarta,Jakarta Selatan,sma_smk
SMK Makarya 2 Jakarta,Jakarta Selatan,sma_smk
SMK Media Informatika,Jakarta Selatan,sma_smk
SMK Miftahul Falah Jakarta,Jakarta Selatan,sma_smk
SMK Mitra Pembangunan,Jakarta Selatan,sma_smk
SMK Muhammadiyah 7 Jakarta,Jakarta Selatan,sma_smk
SMK Muhammadiyah 9 Jakarta,Jakarta Selatan,sma_smk
SMK Muhammadiyah 15 Jakarta,Jakarta Selatan,sma_smk
SMK Musik Perguruan Cikini,Jakarta Selatan,sma_smk
SMK Pandawa Budi Luhur Jakarta,Jakarta Selatan,sma_smk
SMK Pasar Minggu Jakarta,Jakarta Selatan,sma_smk
SMK Patria Wisata Jakarta,Jakarta Selatan,sma_smk
SMK Pembangunan Jaya Yakapi,Jakarta Selatan,sma_smk
SMK Perguruan Rakyat,Jakarta Selatan,sma_smk
SMK Perwira Jakarta,Jakarta Selatan,sma_smk
SMK PGRI 15 Jakarta,Jakarta Selatan,sma_smk
SMK PGRI 23 Jakarta,Jakarta Selatan,sma_smk
SMK PGRI 37 Jakarta,Jakarta Selatan,sma_smk
SMK Plus Al Musyarrofah,Jakarta Selatan,sma_smk
SMK Pondok Indah,Jakarta Selatan,sma_smk
SMK Purnama 1 Jakarta,Jakarta Selatan,sma_smk
SMK Purnama 2 Jakarta,Jakarta Selatan,sma_smk
SMK Purnama 3 Jakarta,Jakarta Selatan,sma_smk
SMK Puspita Persada,Jakarta Selatan,sma_smk
SMK Putra Satria,Jakarta Selatan,sma_smk
SMK RPI Jakarta,Jakarta Selatan,sma_smk
SMK Selagan Jaya,Jakarta Selatan,sma_smk
SMK Sumbangsih,Jakarta Selatan,sma_smk
SMK Tanjung Barat,Jakarta Selatan,sma_smk
SMK Tarakanita Jakarta,Jakarta Selatan,sma_smk
SMK Teladan,Jakarta Selatan,sma_smk
SMK Teladan Utama,Jakarta Selatan,sma_smk
SMK Tri Mulia Jakarta,Jakarta Selatan,sma_smk
SMK Triguna 1956,Jakarta Selatan,sma_smk
SMK Trikarya,Jakarta Selatan,sma_smk
SMK Tunas Grafika Informatika,Jakarta Selatan,sma_smk
SMK Tunas Pembangunan,Jakarta Selatan,sma_smk
SMK Walisongo Jakarta,Jakarta Selatan,sma_smk
SMK Wisata Indonesia,Jakarta Selatan,sma_smk
SMK Yanusa Jakarta,Jakarta Selatan,sma_smk
SMK Yapenap Jakarta,Jakarta Selatan,sma_smk
SMK Yapimda,Jakarta Selatan,sma_smk
SMK Yapri Jakarta,Jakarta Selatan,sma_smk
SMK Yasda,Jakarta Selatan,sma_smk
SMK Yaspen,Jakarta Selatan,sma_smk
SMK Yaspia,Jakarta Selatan,sma_smk
SMK YP Mulia,Jakarta Selatan,sma_smk
SMK YPK Kesatuan Jakarta,Jakarta Selatan,sma_smk
SMK YPUI Jakarta,Jakarta Selatan,sma_smk
SMK Adi Luhur Jakarta,Jakarta Timur,sma_smk
SMK Al Akhyar 1 Jakarta,Jakarta Timur,sma_smk
SMK Al Akhyar 2 Jakarta,Jakarta Timur,sma_smk
SMK Al Fathiyah Jakarta,Jakarta Timur,sma_smk
SMK Al Hadiriyah,Jakarta Timur,sma_smk
SMK Al Wahyu Jakarta,Jakarta Timur,sma_smk
SMK Al Washliyah Jakarta,Jakarta Timur,sma_smk
SMK Al Wathoniyah Jakarta,Jakarta Timur,sma_smk
SMK Analis Kesehatan Ditkesad,Jakarta Timur,sma_smk
SMK Analis Kesehatan Tunas Medika,Jakarta Timur,sma_smk
SMK Angkasa 1 Jakarta,Jakarta Timur,sma_smk
SMK Ankes Tunas Harapan,Jakarta Timur,sma_smk
SMK Ar Raisiyah Husada,Jakarta Timur,sma_smk
SMK As Saadah,Jakarta Timur,sma_smk
SMK As Syafiiyah 2,Jakarta Timur,sma_smk
SMK Atlantica Wisata Jakarta,Jakarta Timur,sma_smk
SMK Bhakti 1 Jakarta,Jakarta Timur,sma_smk
SMK Bhakti Pertiwi Jakarta,Jakarta Timur,sma_smk
SMK Bhumi Husada,Jakarta Timur,sma_smk
SMK Bina Citra Asia,Jakarta Timur,sma_smk
SMK Bina Dharma,Jakarta Timur,sma_smk
SMK Bina Karya Utama Jakarta,Jakarta Timur,sma_smk
SMK Bina Manajemen Jakarta,Jakarta Timur,sma_smk
SMK Bina Medika Jakarta,Jakarta Timur,sma_smk
SMK Bina Nusa Mandiri,Jakarta Timur,sma_smk
SMK Bina Pangudi Luhur Jakarta,Jakarta Timur,sma_smk
SMK Bina Pembangunan 1,Jakarta Timur,sma_smk
SMK Bina Prestasi,Jakarta Timur,sma_smk
SMK Bisnis Indonesia Jakarta,Jakarta Timur,sma_smk
SMK BPS&K 1 Jakarta,Jakarta Timur,sma_smk
SMK BPS&K 2 Jakarta,Jakarta Timur,sma_smk
SMK Budaya Jakarta,Jakarta Timur,sma_smk
SMK Budhi Warman 1 Jakarta,Jakarta Timur,sma_smk
SMK Budhi Warman 2 Jakarta,Jakarta Timur,sma_smk
SMK Budi Mulia Utama,Jakarta Timur,sma_smk
SMK Budi Murni 1 Jakarta,Jakarta Timur,sma_smk
SMK Budi Murni 3 Jakarta,Jakarta Timur,sma_smk
SMK Budi Murni 4 Jakarta,Jakarta Timur,sma_smk
SMK Budi Murni 5 Jakarta,Jakarta Timur,sma_smk
SMK Cahaya Sakti Jakarta,Jakarta Timur,sma_smk
SMK Caraka Nusantara,Jakarta Timur,sma_smk
SMK Cipta Karya Jakarta,Jakarta Timur,sma_smk
SMK Citra Dharma Jakarta,Jakarta Timur,sma_smk
SMK Citra Mandiri Jakarta,Jakarta Timur,sma_smk
SMK Corpatarin 1 Jakarta,Jakarta Timur,sma_smk
SMK Corpatarin 2 Jakarta,Jakarta Timur,sma_smk
SMK Dewi Sartika,Jakarta Timur,sma_smk
SMK Dharma Paramitha,Jakarta Timur,sma_smk
SMK Dharma Surya,Jakarta Timur,sma_smk
SMK Dinamika Pembangunan 1 Jakarta,Jakarta Timur,sma_smk
SMK Dinamika Pembangunan 2 Jakarta,Jakarta Timur,sma_smk
SMK Diponegoro 1 Jakarta,Jakarta Timur,sma_smk
SMK Era Pembangunan Umat Jakarta,Jakarta Timur,sma_smk
SMK Farmasi Ikifa,Jakarta Timur,sma_smk
SMK Fensensius Jakarta,Jakarta Timur,sma_smk
SMK Fransiskus 1 Jakarta,Jakarta Timur,sma_smk
SMK Garuda Jakarta,Jakarta Timur,sma_smk
SMK Gita Wisata,Jakarta Timur,sma_smk
SMK Global Cendekia,Jakarta Timur,sma_smk
SMK Gutama Jakarta,Jakarta Timur,sma_smk
SMK Harapan 1 Jakarta,Jakarta Timur,sma_smk
SMK Hatawana,Jakarta Timur,sma_smk
SMK IMTAQ Darurrahim Jakarta,Jakarta Timur,sma_smk
SMK Insan Mulia Informatika,Jakarta Timur,sma_smk
SMK Insan Teknologi Jakarta,Jakarta Timur,sma_smk
SMK IPTEK Jakarta,Jakarta Timur,sma_smk
SMK Islam Al Makiyah,Jakarta Timur,sma_smk
SMK Islam Malahayati,Jakarta Timur,sma_smk
SMK Islam PB Soedirman 1 Jakarta,Jakarta Timur,sma_smk
SMK Islam PB Soedirman 2 Jakarta,Jakarta Timur,sma_smk
SMK IT Assalaamah,Jakarta Timur,sma_smk
SMK Jakarta 1,Jakarta Timur,sma_smk
SMK Jakarta Raya 1,Jakarta Timur,sma_smk
SMK Jakarta Raya 2,Jakarta Timur,sma_smk
SMK Jakarta Timur 1,Jakarta Timur,sma_smk
SMK Jakarta Timur 2,Jakarta Timur,sma_smk
SMK Jayawisata 2 Jakarta,Jakarta Timur,sma_smk
SMK Kalpataru Cakung Jakarta,Jakarta Timur,sma_smk
SMK Karya Dharma 2 Jakarta,Jakarta Timur,sma_smk
SMK Karya Ekopin,Jakarta Timur,sma_smk
SMK Karya Wijaya Kusuma Jakarta,Jakarta Timur,sma_smk
SMK Kawula Indonesia,Jakarta Timur,sma_smk
SMK Kawula Jakarta,Jakarta Timur,sma_smk
SMK Kemala Bhayangkari 1 Jakarta,Jakarta Timur,sma_smk
SMK Kesdam Jaya,Jakarta Timur,sma_smk
SMK L`pina Jakarta,Jakarta Timur,sma_smk
SMK Laboratorium Jakarta,Jakarta Timur,sma_smk
SMK Mahadhika 1 Jakarta,Jakarta Timur,sma_smk
SMK Mahadhika 2 Jakarta,Jakarta Timur,sma_smk
SMK Mahadhika 3 Jakarta,Jakarta Timur,sma_smk
SMK Mahadhika 4 Jakarta,Jakarta Timur,sma_smk
SMK Malaka Jakarta,Jakarta Timur,sma_smk
SMK Mandala Tiara Bangsa,Jakarta Timur,sma_smk
SMK Mardhika,Jakarta Timur,sma_smk
SMK Mardi Bakti Jakarta,Jakarta Timur,sma_smk
SMK Medical High School,Jakarta Timur,sma_smk
SMK Mercusuar,Jakarta Timur,sma_smk
SMK Mitra Kencana Jakarta,Jakarta Timur,sma_smk
SMK Muara Indonesia Jakarta,Jakarta Timur,sma_smk
SMK Muhammadiyah 6 Jakarta,Jakarta Timur,sma_smk
SMK Multimedia Nusantara,Jakarta Timur,sma_smk
SMK Nasional Alfan,Jakarta Timur,sma_smk
SMK Nurul Huda,Jakarta Timur,sma_smk
SMK Nurul Iman Jakarta,Jakarta Timur,sma_smk
SMK Nurul Islam Jakarta,Jakarta Timur,sma_smk
SMK Nusantara Wisata Respati,Jakarta Timur,sma_smk
SMK Otomindo,Jakarta Timur,sma_smk
SMK Pancasila Jakarta,Jakarta Timur,sma_smk
SMK Pandawa,Jakarta Timur,sma_smk
SMK Pangudi Rahayu I Jakarta,Jakarta Timur,sma_smk
SMK Pangudi Rahayu II Jakarta,Jakarta Timur,sma_smk
SMK Paramitha 2 Jakarta,Jakarta Timur,sma_smk
SMK Paramitha Jakarta,Jakarta Timur,sma_smk
SMK Paskita Global,Jakarta Timur,sma_smk
SMK Pelayaran Bimasakti Jakarta,Jakarta Timur,sma_smk
SMK Pelayaran Dewaruci,Jakarta Timur,sma_smk
SMK Pelayaran Pembangunan Jakarta,Jakarta Timur,sma_smk
SMK Pelita Tiga No 1 Jakarta,Jakarta Timur,sma_smk
SMK Pembangunan,Jakarta Timur,sma_smk
SMK Perbankan Nasional Jakarta,Jakarta Timur,sma_smk
SMK Perdana Kusuma,Jakarta Timur,sma_smk
SMK Perguruan Rakyat 2,Jakarta Timur,sma_smk
SMK Pertiwi Jakarta,Jakarta Timur,sma_smk
SMK Petri Jaya,Jakarta Timur,sma_smk
SMK PGRI 1 Jakarta,Jakarta Timur,sma_smk
SMK PGRI 16 Jakarta,Jakarta Timur,sma_smk
SMK PGRI 20 Jakarta,Jakarta Timur,sma_smk
SMK PGRI 28 Jakarta,Jakarta Timur,sma_smk
SMK PGRI 39 Jakarta,Jakarta Timur,sma_smk
SMK PGRI 8 Jakarta,Jakarta Timur,sma_smk
SMK PKP 1 Jakarta,Jakarta Timur,sma_smk
SMK Prestasi Agung,Jakarta Timur,sma_smk
SMK Prestasi Prima,Jakarta Timur,sma_smk
SMK Pusaka 1 Jakarta,Jakarta Timur,sma_smk
SMK Rahayu Mulyo,Jakarta Timur,sma_smk
SMK Respati 1,Jakarta Timur,sma_smk
SMK Respati 2 Jakarta,Jakarta Timur,sma_smk
SMK Ristek Jaya Jakarta,Jakarta Timur,sma_smk
SMK Ristek Kikin Jakarta,Jakarta Timur,sma_smk
SMK Sahid Jakarta,Jakarta Timur,sma_smk
SMK Santa Lucia,Jakarta Timur,sma_smk
SMK Satya Bhakti 1 Jakarta,Jakarta Timur,sma_smk
SMK Satya Bhakti 2 Jakarta,Jakarta Timur,sma_smk
SMK Sriwijaya Jakarta,Jakarta Timur,sma_smk
SMK St Bonaventura Jakarta,Jakarta Timur,sma_smk
SMK Swadaya Global School,Jakarta Timur,sma_smk
SMK T Kapin Jakarta,Jakarta Timur,sma_smk
SMK Teknik 10 Nopember,Jakarta Timur,sma_smk
SMK Teratai Putih Jakarta,Jakarta Timur,sma_smk
SMK Tirta Sari Surya,Jakarta Timur,sma_smk
SMK Trampil Jakarta,Jakarta Timur,sma_smk
SMK Tri Sastra 1 Jakarta,Jakarta Timur,sma_smk
SMK Tri Sastra 2 Jakarta,Jakarta Timur,sma_smk
SMK Tunas Markatin,Jakarta Timur,sma_smk
SMK Uswatun Hasanah,Jakarta Timur,sma_smk
SMK Wawasan Nusantara Jakarta,Jakarta Timur,sma_smk
SMK Widya Manggala Jakarta,Jakarta Timur,sma_smk
SMK Yamas Jakarta,Jakarta Timur,sma_smk
SMK Yaspia 17,Jakarta Timur,sma_smk
SMK YP Darul Mukminin,Jakarta Timur,sma_smk
SMK YP IPPI Jakarta,Jakarta Timur,sma_smk
SMK YPIA Al Falah Jakarta,Jakarta Timur,sma_smk
MAK Unggulan Informatika,Jakarta Selatan,sma_smk
Taman Suropati,Jakarta Pusat,taman
Taman Jalan Layang Non Tol Tanah Abang,Jakarta Pusat,taman
Taman Menteng,Jakarta Pusat,taman
Taman Mangrove Muara Angke,Jakarta Utara,taman
Taman Waduk Pluit,Jakarta Utara,taman
Taman Waduk Ria Rio,Jakarta Timur,taman
Taman Sunter,Jakarta Utara,taman
Taman Aheme,Jakarta Selatan,taman
Taman Bendera Pusaka,Jakarta Selatan,taman
Taman Mahakam,Jakarta Selatan,taman
Taman Mataram,Jakarta Selatan,taman
Taman Jagakarsa,Jakarta Selatan,taman
Taman Literasi Martha Christina Tiahahu,Jakarta Selatan,taman
Taman Semanggi,Jakarta Selatan,taman
RPTRA Bahari,Jakarta Selatan,taman
RPTRA Sungai Bambu,Jakarta Utara,taman
RPTRA Jatinegara,Jakarta Timur,taman
RPTRA Meruya Utara,Jakarta Barat,taman
RPTRA Meruya Selatan,Jakarta Barat,taman
RPTRA Kembangan Selatan,Jakarta Barat,taman
RPTRA Cipinang Besar Utara,Jakarta Timur,taman
RPTRA Rusun Pulo Gebang,Jakarta Timur,taman
RPTRA Karet Tengsin,Jakarta Pusat,taman
RPTRA Amir Hamzah,Jakarta Pusat,taman
RPTRA Borobudur,Jakarta Pusat,taman
RPTRA Krendang,Jakarta Barat,taman
Taman Hutan Kota Penjaringan,Jakarta Utara,taman
RPTRA Sunter Jaya,Jakarta Utara,taman
Taman Situ Lembang,Jakarta Pusat,taman
RPTRA Pulo Gundul,Jakarta Pusat,taman
RPTRA Rasamala,Jakarta Selatan,taman
RPTRA Cililitan,Jakarta Timur,taman
RPTRA Rawa Badak Utara,Jakarta Utara,taman
RPTRA Manunggal,Jakarta Barat,taman
RPTRA Melati Duri Pulo,Jakarta Pusat,taman
RPTRA Ciganjur Berseri,Jakarta Selatan,taman
RPTRA Kampung Perigi,Jakarta Selatan,taman
Taman Nasional Kepulauan Seribu,Kepulauan Seribu,tempat_wisata
Discovery Pulau Seribu,Kepulauan Seribu,tempat_wisata
Pulau Ayer,Kepulauan Seribu,tempat_wisata
Pulau Seribu,Kepulauan Seribu,tempat_wisata
Pulau Harapan,Kepulauan Seribu,tempat_wisata
Pulau Untung Jawa,Kepulauan Seribu,tempat_wisata
Pulau Semak Daun,Kepulauan Seribu,tempat_wisata
Pulau Bira,Kepulauan Seribu,tempat_wisata
Pulau Bidadari,Kepulauan Seribu,tempat_wisata
Pulau Tidung,Kepulauan Seribu,tempat_wisata
Pulau Onrust,Kepulauan Seribu,tempat_wisata
Pulau Kotok,Kepulauan Seribu,tempat_wisata
Pulau Pramuka,Kepulauan Seribu,tempat_wisata
Pantai Bukit Matahari,Kepulauan Seribu,tempat_wisata
Pantai Pasir Perawan,Kepulauan Seribu,tempat_wisata
Pantai Anyer,Kepulauan Seribu,tempat_wisata
Penangkaran penyu sisik,Kepulauan Seribu,tempat_wisata
Penangkaran Hiu [ 1 ],Kepulauan Seribu,tempat_wisata
Museum Fatahillah,Jakarta Barat,tempat_wisata
Taman Tomang (Taman Cattleya),Jakarta Barat,tempat_wisata
Hutan Kota Srengseng,Jakarta Barat,tempat_wisata
Museum Wayang,Jakarta Barat,tempat_wisata
Jakarta Aquarium,Jakarta Barat,tempat_wisata
Museum Seni Rupa dan Keramik,Jakarta Barat,tempat_wisata
Museum Tekstil,Jakarta Barat,tempat_wisata
Kerta Niaga Kota Tua,Jakarta Barat,tempat_wisata
Museum Mandiri,Jakarta Barat,tempat_wisata
Pasar Glodok,Jakarta Barat,tempat_wisata
China Town,Jakarta Barat,tempat_wisata
Slipi Jaya Plaza Slipi,Jakarta Barat,tempat_wisata
ITC Roxy Square,Jakarta Barat,tempat_wisata
Mall Taman Anggrek,Jakarta Barat,tempat_wisata
Mall Puri Indah,Jakarta Barat,tempat_wisata
Mall Daan Mogot,Jakarta Barat,tempat_wisata
Mall Ciputra Jakarta (d/h Citraland Mall),Jakarta Barat,tempat_wisata
Lokasari Plaza,Jakarta Barat,tempat_wisata
Lindeteves Trade Center (LTC-Glodok),Jakarta Barat,tempat_wisata
Taman Kali Jodo,Jakarta Barat,tempat_wisata
Hayam Wuruk Lindeteves,Jakarta Barat,tempat_wisata
Harco Glodok Taman Sari,Jakarta Barat,tempat_wisata
Glodok Plaza,Jakarta Barat,tempat_wisata
Monumen Selamat Datang,Jakarta Pusat,tempat_wisata
Monumen Proklamasi,Jakarta Pusat,tempat_wisata
Taman Suropati,Jakarta Pusat,tempat_wisata
Masjid Istiqlal,Jakarta Pusat,tempat_wisata
Wisata Kuliner Pecenongan,Jakarta Pusat,tempat_wisata
Taman Menteng,Jakarta Pusat,tempat_wisata
Taman Ismail Marzuki,Jakarta Pusat,tempat_wisata
Taman Lapangan Banteng,Jakarta Pusat,tempat_wisata
Kawasan Kota Tua,Jakarta Pusat,tempat_wisata
Museum Sumpah Pemuda,Jakarta Pusat,tempat_wisata
Museum Prasasti,Jakarta Pusat,tempat_wisata
Pasar Tanah Abang Blok A,Jakarta Pusat,tempat_wisata
Museum Gedung Mohammad Hoesni Thamrin,Jakarta Pusat,tempat_wisata
Monumen Nasional atau lebih dikenal Monas,Jakarta Pusat,tempat_wisata
Museum Nasional Republik Indonesia atau Museum Gajah,Jakarta Pusat,tempat_wisata
Museum Gajah,Jakarta Pusat,tempat_wisata
Museum Adam Malik,Jakarta Pusat,tempat_wisata
Museum Prangko Indonesia,Jakarta Pusat,tempat_wisata
Taman Prasasti,Jakarta Pusat,tempat_wisata
Gedung Joang '45,Jakarta Pusat,tempat_wisata
Planetarium Menteng,Jakarta Pusat,tempat_wisata
Museum Bank Indonesia,Jakarta Pusat,tempat_wisata
Grand Indonesia Shopping Town,Jakarta Pusat,tempat_wisata
Sarinah Plaza,Jakarta Pusat,tempat_wisata
Thamrin City,Jakarta Pusat,tempat_wisata
Pusat Pertokoan Duta Merlin Gambir,Jakarta Pusat,tempat_wisata
Senayan City,Jakarta Pusat,tempat_wisata
Lifestyle X'nter,Jakarta Pusat,tempat_wisata
ITC Roxy Mas,Jakarta Pusat,tempat_wisata
Harco Manggua Dua,Jakarta Pusat,tempat_wisata
Harco Mas Mangga Dua,Jakarta Pusat,tempat_wisata
Dusit Mangga Dua,Jakarta Pusat,tempat_wisata
Plaza Atrium,Jakarta Pusat,tempat_wisata
EX Plaza Indonesia,Jakarta Pusat,tempat_wisata
Plaza Menteng,Jakarta Pusat,tempat_wisata
ITC Cempaka Mas,Jakarta Pusat,tempat_wisata
Gajah Mada Plaza,Jakarta Pusat,tempat_wisata
Plaza Indonesia,Jakarta Pusat,tempat_wisata
Unit Pengelola Kawasan Perkampungan Budaya Betawi,Jakarta Selatan,tempat_wisata
Setu Babakan,Jakarta Selatan,tempat_wisata
Taman Anggrek Ragunan,Jakarta Selatan,tempat_wisata
Taman Spathodea Kebagusan,Jakarta Selatan,tempat_wisata
Kebun Binatang Ragunan,Jakarta Selatan,tempat_wisata
Taman Safari,Jakarta Selatan,tempat_wisata
Taman Ayodya,Jakarta Selatan,tempat_wisata
Museum Satria Mandala,Jakarta Selatan,tempat_wisata
Gandaria City,Jakarta Selatan,tempat_wisata
Pasaraya Blok M,Jakarta Selatan,tempat_wisata
Mall Blok M,Jakarta Selatan,tempat_wisata
Blok M Plaza,Jakarta Selatan,tempat_wisata
Melawai Plaza,Jakarta Selatan,tempat_wisata
Pasar Bata Putih,Jakarta Selatan,tempat_wisata
ITC Permata Hijau,Jakarta Selatan,tempat_wisata
Plaza Semanggi,Jakarta Selatan,tempat_wisata
Pacific Place,Jakarta Selatan,tempat_wisata
Setiabudi One,Jakarta Selatan,tempat_wisata
Mall Pondok Indah 1&2,Jakarta Selatan,tempat_wisata
Mall Ambassador Kuningan,Jakarta Selatan,tempat_wisata
ITC Kuningan Setiabudi,Jakarta Selatan,tempat_wisata
ITC Fatmawati,Jakarta Selatan,tempat_wisata
Mall Cilandak Cilandak,Jakarta Selatan,tempat_wisata
Cilandak Town Square Cilandak,Jakarta Selatan,tempat_wisata
Plaza Kalibata Pancoran,Jakarta Selatan,tempat_wisata
Pancoran,Jakarta Selatan,tempat_wisata
Taman Hutan Tebet,Jakarta Selatan,tempat_wisata
Taman Mini Indonesia Indah,Jakarta Timur,tempat_wisata
TMII Fresh Water Aquarium Park,Jakarta Timur,tempat_wisata
SnowBay Waterpark,Jakarta Timur,tempat_wisata
Bird Park TMII,Jakarta Timur,tempat_wisata
Archipelago Conservation Park,Jakarta Timur,tempat_wisata
BUPERTA,Jakarta Timur,tempat_wisata
Monumen Pancasila Sakti,Jakarta Timur,tempat_wisata
Museum Timor Timur,Jakarta Timur,tempat_wisata
Museum Pengkhianatan PKI,Jakarta Timur,tempat_wisata
Pulogadung Trade Center,Jakarta Timur,tempat_wisata
Tamini Square,Jakarta Timur,tempat_wisata
Pusat Grosir Cililitan,Jakarta Timur,tempat_wisata
Cibubur Junction,Jakarta Timur,tempat_wisata
Lippo Plaza Kramat Jati,Jakarta Timur,tempat_wisata
Taman Ria Atmaja,Jakarta Timur,tempat_wisata
Taman Wisata Alam Mangrove,Jakarta Utara,tempat_wisata
Museum Bahari,Jakarta Utara,tempat_wisata
Ocean Eco Park,Jakarta Utara,tempat_wisata
Ocean Dream,Jakarta Utara,tempat_wisata
Taman Impian Jaya Ancol,Jakarta Utara,tempat_wisata
DUFAN Ancol,Jakarta Utara,tempat_wisata
Sea World Ancol,Jakarta Utara,tempat_wisata
Atlantis Water Adventure,Jakarta Utara,tempat_wisata
Pantai Ancol,Jakarta Utara,tempat_wisata
Pasar Seni Ancol,Jakarta Utara,tempat_wisata
Gerbang Barat Ancol,Jakarta Utara,tempat_wisata
Ancol Lagoon,Jakarta Utara,tempat_wisata
Pantai Marunda,Jakarta Utara,tempat_wisata
Marina Beach,Jakarta Utara,tempat_wisata
Bartega,Jakarta Utara,tempat_wisata
Koja Trade Mall (KTM),Jakarta Utara,tempat_wisata
Plaza Koja - Ramayana Koja,Jakarta Utara,tempat_wisata
Emporium Pluit Mall,Jakarta Utara,tempat_wisata
Mall of Indonesia,Jakarta Utara,tempat_wisata
Kelapa Gading Trade Center,Jakarta Utara,tempat_wisata
Sports Mall Kelapa Gading,Jakarta Utara,tempat_wisata
Mall Artha Gading,Jakarta Utara,tempat_wisata
Mangga Dua Square,Jakarta Utara,tempat_wisata
Pasar Pagi Mangga Dua,Jakarta Utara,tempat_wisata
WTC Mangga Dua,Jakarta Utara,tempat_wisata
Pluit Village/Megamal Pluit,Jakarta Utara,tempat_wisata
Mall Sunter,Jakarta Utara,tempat_wisata
Mangga Dua Square,Jakarta Utara,tempat_wisata
Mall Kelapa Gading,Jakarta Utara,tempat_wisata
ITC Mangga Dua,Jakarta Utara,tempat_wisata
Universitas 17 Agustus 1945 Jakarta (UNTAG),None,universitas
Universitas Agung Podomoro,None,universitas
Universitas Al Azhar Indonesia (UAI),None,universitas
Universitas Azzahra,None,universitas
Universitas Bakrie (UB),None,universitas
Universitas Bhayangkara Jakarta Raya (UBHARA JAYA),None,universitas
Universitas Bina Nusantara (UBINUS),None,universitas
Universitas Binawan,None,universitas
Universitas Borobudur,None,universitas
Universitas Budi Luhur (UBL),None,universitas
Universitas Bunda Mulia (UBM),None,universitas
Universitas Bung Karno (UBK),None,universitas
Universitas Darma Persada (UNSADA),None,universitas
Universitas Darunnajah (UDN),None,universitas
Universitas Dian Nusantara (UNDIRA),None,universitas
Universitas Dirgantara Marsekal Suryadarma (UNSURYA),None,universitas
Universitas Esa Unggul (UEU),None,universitas
Universitas Ibnu Chaldun (UIC),None,universitas
Universitas Indonesia Maju,None,universitas
Universitas Indraprasta PGRI (UNINDRA),None,universitas
Universitas Insan Cita Indonesia (UICI),None,universitas
Universitas Islam Jakarta (UID),None,universitas
Universitas Jakarta,None,universitas
Universitas Jayabaya,None,universitas
Universitas Katolik Indonesia Atma Jaya,None,universitas
Universitas Kristen Indonesia (UKI),None,universitas
Universitas Kristen Krida Wacana (UKRIDA),None,universitas
Universitas Media Nusantara Citra (MNCU),None,universitas
Universitas Mercu Buana (UMB),None,universitas
Universitas Mpu Tantular (UMT),None,universitas
Universitas Muhammadiyah Prof. Dr. HAMKA (UHAMKA),None,universitas
Universitas MH Thamrin Jakarta (UMHT),None,universitas
Universitas Nahdlatul Ulama Indonesia (UNUSIA),None,universitas
Universitas Nasional (UNAS),None,universitas
Universitas Nusa Mandiri,None,universitas
Universitas Pancasila (UP),None,universitas
Universitas Paramadina (UPM),None,universitas
Universitas Persada Indonesia Yayasan Administrasi Indonesia (UPI Y.A.I),None,universitas
Universitas Pertamina,None,universitas
Universitas Prasetiya Mulya,None,universitas
Universitas Prof Dr Moestopo (Beragama) (UPDM),None,universitas
Universitas Respati Indonesia (URINDO),None,universitas
Universitas Sahid (USAHID),None,universitas
Universitas Saintek Muhammadiyah,None,universitas
Universitas Sampoerna,None,universitas
Universitas Satya Negara Indonesia (USNI),None,universitas
Universitas Satyagama (USG),None,universitas
Universitas Siber Asia (UNSIA),None,universitas
Universitas Surapati,None,universitas
Universitas Tama Jagakarsa (UTJ),None,universitas
Universitas Tanri Abeng (TAU),None,universitas
Universitas Tarumanagara (UNTAR),None,universitas
Universitas Teknologi Muhammadiyah Jakarta,None,universitas
Universitas Trilogi,None,universitas
Universitas Trisakti,None,universitas
Universitas Wiraswasta Indonesia,None,universitas
Universitas YARSI,None,universitas
Universitas Telkom Jakarta,None,universitas
Institut Bisnis dan Informatika Kosgoro 1957,None,universitas
Institut Bisnis dan Informatika Indonesia,None,universitas
Institut Bisnis Nusantara,None,universitas
Institut Ilmu Sosial dan Ilmu Politik Jakarta,None,universitas
Institut Ilmu Sosial dan Manajemen STIAMI,None,universitas
Institut Kalbis (KALBIS),None,universitas
Institut Kesenian Jakarta (IKJ),None,universitas
Institut Keuangan Perbankan dan Informatika Asia Perbanas (AFBI Institute Perbanas),None,universitas
Institut Sains dan Teknologi Al-Kamal (ISTA),None,universitas
Institut Sains dan Teknologi Nasional (ISTN),None,universitas
Institut Teknologi dan Bisnis BRI (BRI Institute ),None,universitas
Institut Teknologi dan Bisnis Kalbe (ITBK),None,universitas
Institut Teknologi Budi Utomo (ITBU),None,universitas
Institut Teknologi Kartika Candra (ITKC),None,universitas
Institut Transportasi dan Logistik Trisakti (ITL Trisakti),None,universitas
Indonesia International Institute for Life Sciences,None,universitas
ESMOD International Fashion Institutes & Universities,None,universitas
Institut teknologi telkom jakarta,None,universitas
Sekolah Tinggi Manajemen Pariwisata dan Logistik Lentera Mondial (Lemondial Business School),None,universitas
Sekolah Tinggi Ilmu Ekonomi Media Nusantara Citra,None,universitas
Sekolah Tinggi Keguruan dan Ilmu Pendidikan Media Nusantara Citra,None,universitas
Sekolah Tinggi Agama Buddha Dutavira,None,universitas
Sekolah Tinggi Agama Buddha Maha Prajna,None,universitas
Sekolah Tinggi Agama Buddha Nalanda,None,universitas
Sekolah Tinggi Agama Islam Acprilesma Indonesia,None,universitas
Sekolah Tinggi Bahasa Asing IEC,None,universitas
Sekolah Tinggi Bahasa Asing Indonesia LPI,None,universitas
Sekolah Tinggi Bahasa Asing LIA,None,universitas
Sekolah Tinggi Bahasa Asing Pertiwi Indonesia,None,universitas
Sekolah Tinggi Filsafat Driyarkara,None,universitas
Sekolah Tinggi Filsafat Theologi,None,universitas
Sekolah Tinggi Hukum Indonesia,None,universitas
Sekolah Tinggi Ilmu Administrasi dan Sekretari ASMI,None,universitas
Sekolah Tinggi Ilmu Administrasi Kawula Indonesia,None,universitas
Sekolah Tinggi Ilmu Administrasi Yapann,None,universitas
Sekolah Tinggi Ilmu Administrasi YPIAMI,None,universitas
Sekolah Tinggi Ilmu Hukum LPIHM-IBLM,None,universitas
Sekolah Tinggi Ilmu Kesehatan Indonesia Maju,None,universitas
Sekolah Tinggi Ilmu Kesehatan Istara Nusantara,None,universitas
Sekolah Tinggi Ilmu Kesehatan Kesetiakawanan Sosial Indonesia,None,universitas
Sekolah Tinggi Ilmu Kesehatan Medistra Indonesia,None,universitas
Sekolah Tinggi Ilmu Kesehatan Mohammad Husni Thamrin,None,universitas
Sekolah Tinggi Ilmu Kesehatan Mitra Ria Husada,None,universitas
Sekolah Tinggi Ilmu Kesehatan Pamentas,None,universitas
Sekolah Tinggi Ilmu Kesehatan Saint Carolus,None,universitas
Sekolah Tinggi Ilmu Komputer Cipta Karya Informatika,None,universitas
Sekolah Tinggi Ilmu Komunikasi dan Sekretari TARAKANITA (d/h Aksek LPK Tarakanita) (STARKI),None,universitas
Sekolah Tinggi Ilmu Komunikasi Indonesia Maju,None,universitas
Sekolah Tinggi Ilmu Komunikasi Inter Studi,None,universitas
Sekolah Tinggi Ilmu Komunikasi LSPR,None,universitas
Sekolah Tinggi Ilmu Komunikasi Profesi Indonesia,None,universitas
Sekolah Tinggi Ilmu Komunikasi YTKP,None,universitas
Sekolah Tinggi Ilmu Manajemen Kosgoro,None,universitas
Sekolah Tinggi Ilmu Manajemen LPMI,None,universitas
Sekolah Tinggi Ilmu Maritim AMI,None,universitas
Sekolah Tinggi Ilmu Pemerintahan Abdi Negara,None,universitas
Sekolah Tinggi Kedokteran YARSI Jakarta (sekarang Universitas YARSI ),None,universitas
Sekolah Tinggi Keuangan Niaga dan Negara Pembangunan,None,universitas
Sekolah Tinggi Manajemen Risiko Dan Asuransi (STIMRA),None,universitas
Sekolah Tinggi Manajemen Asuransi Trisakti,None,universitas
Sekolah Tinggi Manajemen dan Informatika Komputer Jayakarta,None,universitas
Sekolah Tinggi Manajemen IMMI,None,universitas
Sekolah Tinggi Manajemen IMNI,None,universitas
Sekolah Tinggi Manajemen Industri Indonesia,None,universitas
Sekolah Tinggi Manajemen IPMI,None,universitas
Sekolah Tinggi Manajemen Labora,None,universitas
Sekolah Tinggi Manajemen PPM,None,universitas
Sekolah Tinggi Manajemen Prasetiya Mulya,None,universitas
Sekolah Tinggi Manajemen Transpor Trisakti,None,universitas
Sekolah Tinggi Manajemen Transportasi Malahayati,None,universitas
Sekolah Tinggi Manajemen Yaksi,None,universitas
Sekolah Tinggi Pariwisata Sahid,None,universitas
Sekolah Tinggi Pariwisata Trisakti,None,universitas
Sekolah Tinggi Penerbangan Aviasi,None,universitas
Sekolah Tinggi Perpajakan Indonesia,None,universitas
Sekolah Tinggi Teknik Informatik Benarif Indonesia,None,universitas
Sekolah Tinggi Teknologi Informasi NIIT I-Tech Jakarta,None,universitas
Sekolah Tinggi Teknologi Jakarta,None,universitas
Sekolah Tinggi Teknik Jaya Mahadika,None,universitas
Sekolah Tinggi Teknik Sapta Taruna,None,universitas
Sekolah Tinggi Teknik-PLN,None,universitas
Sekolah Tinggi Teknologi 10 November,None,universitas
Sekolah Tinggi Teknologi Indonesia,None,universitas
Sekolah Tinggi Teknologi Kelautan Hatawana,None,universitas
Sekolah Tinggi Teologi Jakarta,None,universitas
Sekolah Tinggi Teologi Sunsugos,None,universitas
Sekolah Tinggi Theologi Jaffray Jakarta,None,universitas
STMIK Jakarta Institute of Technology,None,universitas
Politeknik Bisnis Indonesia,None,universitas
Politeknik Bisnis dan Pasar Modal,None,universitas
Politeknik Bunda Kandung,None,universitas
Politeknik Global Indonesia,None,universitas
Politeknik Karya Husada,None,universitas
Politeknik LP3I,None,universitas
Politeknik Manufaktur Astra,None,universitas
Politeknik Statistika STIS,None,universitas
Politeknik Swadharma Diarsipkan 2011-08-12 di Wayback Machine .,None,universitas
Politeknik Trisila Dharma,None,universitas
Politeknik Tugu Jakarta,None,universitas
Akademi Administrasi Keuangan Jakarta,None,universitas
Akademi Administrasi Kusuma Mandiri,None,universitas
Akademi Administrasi Pembangunan Indonesia,None,universitas
Akademi Akuntansi Artawiyata Indo-LPI,None,universitas
Akademi Akuntansi Bentara Indonesia,None,universitas
Akademi Akuntansi Borobudur,None,universitas
Akademi Akuntansi Jayabaya,None,universitas
Akademi Akuntansi Nasional,None,universitas
Akademi Akuntansi Paramita,None,universitas
Akademi Akuntansi Santa Ursula,None,universitas
Akademi Akuntansi Syafa'at Indonesia,None,universitas
Akademi Akuntansi YAI,None,universitas
Akademi Angutan Udara Niaga Trisakti (AAUN Trisakti),None,universitas
Akademi Asuransi Indonesia,None,universitas
Akademi Bahasa Asing Borobudur,None,universitas
Akademi Bahasa Asing BSI,None,universitas
Akademi Bahasa Asing Kusuma Mandiri,None,universitas
Akademi Bahasa Asing Indonesia LPI,None,universitas
Akademi Bahasa Asing Nasional,None,universitas
Akademi Bahasa Asing Prawira Marta,None,universitas
Akademi Bahasa Asing Saint Mary,None,universitas
Akademi Bahasa Asing Santa Ursula,None,universitas
Akademi Bahasa Asing Widuri Widyasastra,None,universitas
Akademi Bank Indonesia,None,universitas
Akademi Bisnis Indonesia,None,universitas
Akademi Kebidanan Al-Fathonah,None,universitas
Akademi Kebidanan Bhakti Pertiwi Indonesia,None,universitas
Akademi Kebidanan Istara Nusantara,None,universitas
Akademi Kebidanan Kartika Mitra Husada,None,universitas
Akademi Kebidanan Keris Husada,None,universitas
Akademi Kabidanan Kartini Jakarta,None,universitas
Akademi Kebidanan Mitra Persahabatan,None,universitas
Akademi Kebidanan Pelita Persada,None,universitas
Akademi Kebidanan Prestasi Agung,None,universitas
Akademi Kebidanan Sismadi,None,universitas
Akademi Kebidanan Suluh Bangsa,None,universitas
Akademi Kebidanan Widyakarsa,None,universitas
Akademi Kebidanan Yaspen Tugu Ibu,None,universitas
Akademi Kebidanan YPDR,None,universitas
Akademi Keperawatan Keris Husada,None,universitas
Akademi Keperawatan Rumah Sakit DGI Cikini,None,universitas
Akademi Keperawatan Rumah Sakit Jakarta,None,universitas
Akademi Keperawatan Rumah Sakit Husada,None,universitas
Akademi Keperawatan Syafaat Indonesia,None,universitas
Akademi Keuangan Dan Perbankan Borobudur,None,universitas
Akademi Keuangan Dan Perbankan LPI,None,universitas
Akademi Keuangan Dan Perbankan Patrisia,None,universitas
Akademi Keuangan Dan Perbankan Yapenanta,None,universitas
Akademi Keuangan Dan Perbankan YPK,None,universitas
Akademi Kimia Analis Caraka Nusantara,None,universitas
Akademi Komunikasi Bina Ekatama,None,universitas
Akademi Komunikasi Bina Sarana Informatika,None,universitas
Akademi Komunikasi Media Radio Dan TV,None,universitas
Akademi Komunikasi The Next Academy,None,universitas
Akademi Litigasi Indonesia Triguna,None,universitas
Akademi Manajemen Indonesia (AMIK),None,universitas
Akademi Manajemen Keuangan YP-IPPI,None,universitas
Akademi Manajemen Pemasaran Cavendish,None,universitas
Akademi Manajemen Perusahan Jayabaya,None,universitas
Akademi Manajemen YAPK,None,universitas
Akademi Manajemen YPPI,None,universitas
Akademi Maritim Djadajat,None,universitas
Akademi Maritim Nasional Jaya,None,universitas
Akademi Maritim Pembangunan,None,universitas
Akademi Pariwisata Bhakti Nusantara,None,universitas
Akademi Pariwisata Buana Wisata,None,universitas
Akademi Pariwisata Bunda Mulia,None,universitas
Akademi Pariwisata Gsp Internasional,None,universitas
Akademi Pariwisata Indonesia,None,universitas
Akademi Pariwisata Jakarta,None,universitas
Akademi Pariwisata Jakarta International Hotel,None,universitas
Akademi Pariwisata Krisanti Widya Mandiri,None,universitas
Akademi Pariwisata Matoa,None,universitas
Akademi Pariwisata Nasional,None,universitas
Akademi Pariwisata Nusantara Jaya,None,universitas
Akademi Pariwisata Paramitha,None,universitas
Akademi Pariwisata Patria Indonesia,None,universitas
Akademi Pariwisata Saint Mary,None,universitas
Akademi Pariwisata Pelita Harapan,None,universitas
Akademi Pariwisata Pertiwi,None,universitas
Akademi Pariwisata Tridaya Wisata,None,universitas
Akademi Pelayaran Niaga Indonesia,None,universitas
Akademi Perbankan Yuki,None,universitas
Akademi Pertamanan Interstudi,None,universitas
Akademi Sekretari Budi Luhur,None,universitas
Akademi Sekretari dan Manajemen BSI,None,universitas
Akademi Sekretari dan Manajemen Dharma Budhi Bhakti,None,universitas
Akademi Sekretari dan Manajemen Don Bosco,None,universitas
Akademi Sekretari dan Manajemen Pitaloka,None,universitas
Akademi Sekretari dan Manajemen Purnama,None,universitas
Akademi Sekretari dan Manajemen Saint Mary,None,universitas
Akademi Sekretari dan Manjemen Santa Ursula,None,universitas
Akademi Sekretari Interstudi,None,universitas
Akademi Sekretari Jayabaya,None,universitas
Akademi Sekretari Regina Contesorum,None,universitas
Akademi Sekretari Saint Theresia,None,universitas
Akademi Sekretaris ISWI,None,universitas
Akademi Sekretaris LPK Tarakanita,None,universitas
Akademi Seni Rupa dan Desain Iswi,None,universitas
Akademi Theologia Amanat Penuaian Terakhir,None,universitas
Akademi Teknik Desain Interior,None,universitas
Akademi Teknik Informatika Tunas Bangsa,None,universitas
Akademi Teknik Telekomunikasi Sandhy Putra Jakarta,None,universitas
Akademi Teknologi Grafika Indonesia,None,universitas
Akademi Teknologi Grafika Trisakti,None,universitas
Akademi Teknologi Komunikasi Dan Informatika,None,universitas
Akademi Telekomunikasi Indonesia Gemilang,None,universitas
Akademi Televisi Indonesia/ATVI Indosiar-SCTV,None,universitas
AMIK Jakarta Institut of Technology,None,universitas
