WILAYAH,KECAMATAN,NAMA_JALAN
JAKARTA PUSAT,TANAH ABANG,JL. ADMINISTRASI
JAKARTA PUSAT,TANAH ABANG,JL. ARTERI PEJOMPONGAN
JAKARTA PUSAT,TANAH ABANG,JL. ASIA AFRIKA/PINTU IX
JAKARTA PUSAT,TANAH ABANG,JL. BENDUNGAN HILIR RAYA
JAKARTA PUSAT,TANAH ABANG,JL. BENDUNGAN HILIR
JAKARTA PUSAT,TANAH ABANG,JL. BENDUNGAN HILIR II
JAKARTA PUSAT,TANAH ABANG,JL. BENDUNGAN HILIR III
JAKARTA PUSAT,TANAH ABANG,JL. BENDUNGAN HILIR IV
JAKARTA PUSAT,TANAH ABANG,JL. BENDUNGAN HILIR IX
JAKARTA PUSAT,TANAH ABANG,JL. BENDUNGAN HILIR V
JAKARTA PUSAT,TANAH ABANG,JL. BENDUNGAN HILIR VI
JAKARTA PUSAT,TANAH ABANG,JL. BENDUNGAN HILIR VII
JAKARTA PUSAT,TANAH ABANG,JL. BENDUNGAN HILIR VIII
JAKARTA PUSAT,TANAH ABANG,JL. BENDUNGAN HILIR X
JAKARTA PUSAT,TANAH ABANG,JL. BENDUNGAN HILIR XI
JAKARTA PUSAT,TANAH ABANG,JL. BENDUNGAN HILIR XII
JAKARTA PUSAT,TANAH ABANG,JL. BENDUNGAN HILIR XIII
JAKARTA PUSAT,TANAH ABANG,JL. BENDUNGAN HILIR XIV
JAKARTA PUSAT,TANAH ABANG,JL. BENDUNGAN JATI LUHUR
JAKARTA PUSAT,TANAH ABANG,JL. DANAU DI ATAS
JAKARTA PUSAT,TANAH ABANG,JL. DANAU DI BAWAH
JAKARTA PUSAT,TANAH ABANG,JL. DANAU LIMBOTO
JAKARTA PUSAT,TANAH ABANG,JL. DANAU TONDANO
JAKARTA PUSAT,TANAH ABANG,JL. GELORA
JAKARTA PUSAT,TANAH ABANG,JL. GERBANG PEMUDA
JAKARTA PUSAT,TANAH ABANG,JL. GG. LONTAR
JAKARTA PUSAT,TANAH ABANG,JL. HANG LEKIR
JAKARTA PUSAT,TANAH ABANG,JL. INSPEKSI/KARET PS BARU TIMUR
JAKARTA PUSAT,TANAH ABANG,JL. JATI BARU
JAKARTA PUSAT,TANAH ABANG,JL. JEMBATAN TINGGI
JAKARTA PUSAT,TANAH ABANG,JL. JEND. GATOT SUBROTO
JAKARTA PUSAT,TANAH ABANG,JL. JEND. SUDIRMAN
JAKARTA PUSAT,TANAH ABANG,JL. KAMPUNG BALI
JAKARTA PUSAT,TANAH ABANG,JL. KARET PASAR BARU BARAT
JAKARTA PUSAT,TANAH ABANG,JL. KEBON JATI
JAKARTA PUSAT,TANAH ABANG,JL. KEBON KACANG
JAKARTA PUSAT,TANAH ABANG,JL. KEBON KACANG II
JAKARTA PUSAT,TANAH ABANG,JL. KEBON KACANG III
JAKARTA PUSAT,TANAH ABANG,JL. KEBON KACANG IV
JAKARTA PUSAT,TANAH ABANG,JL. KEBON KACANG IX
JAKARTA PUSAT,TANAH ABANG,JL. KEBON KACANG RAYA
JAKARTA PUSAT,TANAH ABANG,JL. KEBON KACANG V
JAKARTA PUSAT,TANAH ABANG,JL. KEBON KACANG VI
JAKARTA PUSAT,TANAH ABANG,JL. KEBON KACANG VII
JAKARTA PUSAT,TANAH ABANG,JL. KEBON KACANG VIII
JAKARTA PUSAT,TANAH ABANG,JL. KEBON KACANG X
JAKARTA PUSAT,TANAH ABANG,JL. KEBON KACANG XI
JAKARTA PUSAT,TANAH ABANG,JL. KEBON KACANG XII
JAKARTA PUSAT,TANAH ABANG,JL. KEBON KACANG XIII
JAKARTA PUSAT,TANAH ABANG,JL. KH. FACHRUDDIN
JAKARTA PUSAT,TANAH ABANG,JL. KH. MAS MANSYUR
JAKARTA PUSAT,TANAH ABANG,JL. KOTA BUMI
JAKARTA PUSAT,TANAH ABANG,JL. KS. TUBUN
JAKARTA PUSAT,TANAH ABANG,JL. LAPANGAN TEMBAK
JAKARTA PUSAT,TANAH ABANG,JL. MANILA
JAKARTA PUSAT,TANAH ABANG,JL. NEW DELHI
JAKARTA PUSAT,TANAH ABANG,JL. PALMERAH BARAT
JAKARTA PUSAT,TANAH ABANG,JL. PALMERAH TIMUR
JAKARTA PUSAT,TANAH ABANG,JL. PALMERAH UTARA
JAKARTA PUSAT,TANAH ABANG,JL. PAM BARU
JAKARTA PUSAT,TANAH ABANG,JL. PAM LAMA
JAKARTA PUSAT,TANAH ABANG,JL. AREA GBK
JAKARTA PUSAT,TANAH ABANG,JL. PASAR KEBON MELATI
JAKARTA PUSAT,TANAH ABANG,JL. PASAR TANAH ABANG
JAKARTA PUSAT,TANAH ABANG,JL. PEJOMPONGAN RAYA
JAKARTA PUSAT,TANAH ABANG,JL. PEJOMPONGAN DALAM
JAKARTA PUSAT,TANAH ABANG,JL. PENJERNIHAN
JAKARTA PUSAT,TANAH ABANG,JL. PETAMBURAN
JAKARTA PUSAT,TANAH ABANG,JL. PETAMBURAN II
JAKARTA PUSAT,TANAH ABANG,JL. PETAMBURAN III
JAKARTA PUSAT,TANAH ABANG,JL. PETAMBURAN IV
JAKARTA PUSAT,TANAH ABANG,JL. PETAMBURAN V
JAKARTA PUSAT,TANAH ABANG,JL. PETAMBURAN VI
JAKARTA PUSAT,TANAH ABANG,JL. PETAMBURAN VII
JAKARTA PUSAT,TANAH ABANG,JL. PINTU I SENAYAN
JAKARTA PUSAT,TANAH ABANG,JL. PLAJU
JAKARTA PUSAT,TANAH ABANG,JL. SUNGAI GERONG
JAKARTA PUSAT,TANAH ABANG,JL. TALANG BETUTU
JAKARTA PUSAT,TANAH ABANG,JL. TAMAN BENDUNGAN ASAHAN
JAKARTA PUSAT,TANAH ABANG,JL. TANAH ABANG BUKIT
JAKARTA PUSAT,TANAH ABANG,JL. TELUK BETUNG
JAKARTA PUSAT,TANAH ABANG,JL. M. H. THAMRIN
JAKARTA PUSAT,TANAH ABANG,JL. TAMAN KEBON SIRIH
JAKARTA PUSAT,TANAH ABANG,JL. KH. WAHID HASYIM
JAKARTA PUSAT,TANAH ABANG,JL. TANJUNG KARANG
JAKARTA PUSAT,TANAH ABANG,JL. THAMRIN BOULEVARD
JAKARTA PUSAT,TANAH ABANG,JL. PENJERNIHAN II
JAKARTA PUSAT,TANAH ABANG,JL. BENDUNGAN WALAHAR
JAKARTA PUSAT,TANAH ABANG,JL. DANAU POSO
JAKARTA PUSAT,TANAH ABANG,JL. DANAU TOBA
JAKARTA PUSAT,TANAH ABANG,JL. H. ABDUL JALIL
JAKARTA PUSAT,TANAH ABANG,JL. KARET PASAR BARU TIMUR III
JAKARTA PUSAT,TANAH ABANG,JL. KARET PASAR BARU TIMUR V
JAKARTA PUSAT,TANAH ABANG,JL. MUTIARA/JL. KARET PASAR BARU BRT 1
JAKARTA PUSAT,TANAH ABANG,JL. KEBON KACANG XXX
JAKARTA PUSAT,MENTENG,JL. BLORA
JAKARTA PUSAT,MENTENG,JL. CENDANA
JAKARTA PUSAT,MENTENG,JL. CIKINI RAYA
JAKARTA PUSAT,MENTENG,JL. CILACAP
JAKARTA PUSAT,MENTENG,JL. CILOSARI
JAKARTA PUSAT,MENTENG,JL. CIMAHI
JAKARTA PUSAT,MENTENG,JL. CUT MUTIAH
JAKARTA PUSAT,MENTENG,JL. CUT NYAK DIEN
JAKARTA PUSAT,MENTENG,JL. DIPONEGORO
JAKARTA PUSAT,MENTENG,JL. DR. KUSUMAATMADJA
JAKARTA PUSAT,MENTENG,JL. DR. LATUHARHARY
JAKARTA PUSAT,MENTENG,JL. GARUT
JAKARTA PUSAT,MENTENG,JL. H. AGUS SALIM / JL. SABANG
JAKARTA PUSAT,MENTENG,JL. HOS COKROAMINOTO
JAKARTA PUSAT,MENTENG,JL. IMAM BONJOL
JAKARTA PUSAT,MENTENG,JL. INDRAMAYU
JAKARTA PUSAT,MENTENG,JL. IRIAN
JAKARTA PUSAT,MENTENG,JL. JAKSA
JAKARTA PUSAT,MENTENG,JL. JAMBU
JAKARTA PUSAT,MENTENG,JL. JOHAR
JAKARTA PUSAT,MENTENG,JL. KARAWANG
JAKARTA PUSAT,MENTENG,JL. KEBON SIRIH
JAKARTA PUSAT,MENTENG,JL. KEBON SIRIH BARAT DALAM
JAKARTA PUSAT,MENTENG,JL. KEBON SIRIH DALAM
JAKARTA PUSAT,MENTENG,JL. KEBUMEN
JAKARTA PUSAT,MENTENG,JL. KEDIRI
JAKARTA PUSAT,MENTENG,JL. KEMIRI
JAKARTA PUSAT,MENTENG,JL. KENDAL
JAKARTA PUSAT,MENTENG,JL. KH. WAHID HASYIM
JAKARTA PUSAT,MENTENG,JL. KI MANGUNSARKORO
JAKARTA PUSAT,MENTENG,JL. KUDUS
JAKARTA PUSAT,MENTENG,JL. LOMBOK
JAKARTA PUSAT,MENTENG,JL. M. H. THAMRIN
JAKARTA PUSAT,MENTENG,JL. MADIUN
JAKARTA PUSAT,MENTENG,JL. MALANG
JAKARTA PUSAT,MENTENG,JL. MALUKU
JAKARTA PUSAT,MENTENG,JL. MENDUT
JAKARTA PUSAT,MENTENG,JL. MENTENG
JAKARTA PUSAT,MENTENG,JL. MENTENG KECIL
JAKARTA PUSAT,MENTENG,JL. MENTENG RAYA
JAKARTA PUSAT,MENTENG,"JL. MOCH. YAMIN, SH"
JAKARTA PUSAT,MENTENG,JL. PEGANGSAAN BARAT
JAKARTA PUSAT,MENTENG,JL. PEGANGSAAN TIMUR
JAKARTA PUSAT,MENTENG,JL. PEKALONGAN
JAKARTA PUSAT,MENTENG,JL. PROKLAMASI
JAKARTA PUSAT,MENTENG,JL. PURBOLINGGO
JAKARTA PUSAT,MENTENG,JL. PURWAKARTA
JAKARTA PUSAT,MENTENG,JL. RADEN SALEH II
JAKARTA PUSAT,MENTENG,JL. RADEN SALEH RAYA
JAKARTA PUSAT,MENTENG,JL. RIAU
JAKARTA PUSAT,MENTENG,JL. RP.SOEROSO
JAKARTA PUSAT,MENTENG,JL. SEMARANG
JAKARTA PUSAT,MENTENG,JL. SOLO
JAKARTA PUSAT,MENTENG,JL. SRIKAYA
JAKARTA PUSAT,MENTENG,JL. SUBANG
JAKARTA PUSAT,MENTENG,JL. SUKABUMI
JAKARTA PUSAT,MENTENG,JL. SULTAN SYAHRIR
JAKARTA PUSAT,MENTENG,JL. SUMATERA
JAKARTA PUSAT,MENTENG,JL. SUMENEP
JAKARTA PUSAT,MENTENG,JL. SUNDA
JAKARTA PUSAT,MENTENG,JL. SURABAYA
JAKARTA PUSAT,MENTENG,JL. SUWIRJO
JAKARTA PUSAT,MENTENG,JL. SYAMSU RIZAL
JAKARTA PUSAT,MENTENG,JL. TALANG
JAKARTA PUSAT,MENTENG,JL. TAMAN SUROPATI
JAKARTA PUSAT,MENTENG,JL. TAMBAK
JAKARTA PUSAT,MENTENG,JL. TANJUNG
JAKARTA PUSAT,MENTENG,JL. TEGAL
JAKARTA PUSAT,MENTENG,JL. TEUKU CIK DITIRO
JAKARTA PUSAT,MENTENG,JL. TEUKU UMAR
JAKARTA PUSAT,MENTENG,JL. TIMOR
JAKARTA PUSAT,MENTENG,JL. YUSUF ADIWINATA
JAKARTA PUSAT,MENTENG,JL. GEREJA THERESIA
JAKARTA PUSAT,MENTENG,JL. SAM RATULANGI
JAKARTA PUSAT,MENTENG,JL. MATRAMAN DALAM
JAKARTA PUSAT,MENTENG,JL. CEMARA
JAKARTA PUSAT,MENTENG,JL. KIMIA
JAKARTA PUSAT,MENTENG,JL. DEMPO
JAKARTA PUSAT,MENTENG,JL. KEBON SIRIH TIMUR
JAKARTA PUSAT,MENTENG,JL. BANDUNG
JAKARTA PUSAT,MENTENG,JL. BANYUMAS
JAKARTA PUSAT,MENTENG,JL. BELITON
JAKARTA PUSAT,MENTENG,JL. BONANG
JAKARTA PUSAT,MENTENG,JL. BONDOWOSO
JAKARTA PUSAT,MENTENG,JL. BOROBUDUR
JAKARTA PUSAT,MENTENG,JL. KALASAN
JAKARTA PUSAT,MENTENG,JL. KALI PASIR
JAKARTA PUSAT,MENTENG,JL. PADALARANG
JAKARTA PUSAT,MENTENG,JL. PRAMBANAN
JAKARTA PUSAT,MENTENG,JL. SAWO
JAKARTA PUSAT,MENTENG,JL. YUANA
JAKARTA PUSAT,MENTENG,JL. A RAKHMAN HAKIM
JAKARTA PUSAT,MENTENG,JL. TELUK BETUNG
JAKARTA PUSAT,SENEN,JL. KALILIO
JAKARTA PUSAT,SENEN,JL. KAWI
JAKARTA PUSAT,SENEN,JL. KENARI
JAKARTA PUSAT,SENEN,JL. KENARI
JAKARTA PUSAT,SENEN,JL. KENARI II
JAKARTA PUSAT,SENEN,JL. KOMP. ATRIUM PLAZA
JAKARTA PUSAT,SENEN,JL. KRAMAT BARU
JAKARTA PUSAT,SENEN,JL. KRAMAT BUNDER
JAKARTA PUSAT,SENEN,JL. KRAMAT
JAKARTA PUSAT,SENEN,JL. KRAMAT JAYA BARU
JAKARTA PUSAT,SENEN,JL. KRAMAT JAYA BARU
JAKARTA PUSAT,SENEN,JL. KRAMAT JAYA BARU II
JAKARTA PUSAT,SENEN,JL. KRAMAT JAYA BARU IV
JAKARTA PUSAT,SENEN,JL. KRAMAT JAYA BARU V
JAKARTA PUSAT,SENEN,JL. KRAMAT KWITANG
JAKARTA PUSAT,SENEN,JL. KRAMAT LONTAR
JAKARTA PUSAT,SENEN,JL. KRAMAT PULO
JAKARTA PUSAT,SENEN,JL. KRAMAT PULO GUNDUL
JAKARTA PUSAT,SENEN,JL. KRAMAT RAYA
JAKARTA PUSAT,SENEN,JL. KRAMAT RAYA DALAM
JAKARTA PUSAT,SENEN,JL. KRAMAT SENTIONG
JAKARTA PUSAT,SENEN,JL. KRAMAT VIII
JAKARTA PUSAT,SENEN,JL. KWINI
JAKARTA PUSAT,SENEN,JL. MATRAMMV DALAM
JAKARTA PUSAT,SENEN,JL. MATRAMAO RAYA
JAKARTA PUSAT,SENEN,JL. PASAR KAWI-KAWI
JAKARTA PUSAT,SENEN,JL. PASAR SENEN/GN.SAHARI-KRAMAT
JAKARTA PUSAT,SENEN,JL. PASEBAN
JAKARTA PUSAT,SENEN,JL. PRAMUKA JAYA SARI
JAKARTA PUSAT,SENEN,JL. PUSAT PERDAGANGAN SENEN
JAKARTA PUSAT,SENEN,JL. SALEMBA BLUNTAS
JAKARTA PUSAT,SENEN,JL. SALEMBA
JAKARTA PUSAT,SENEN,JL. SALEMBA RAYA
JAKARTA PUSAT,SENEN,JL. SALEMBA TENGAH
JAKARTA PUSAT,SENEN,JL. SENEN RAYA
JAKARTA PUSAT,SENEN,JL. STASIUN SENEN
JAKARTA PUSAT,SENEN,JL. TOPAZ
JAKARTA PUSAT,SENEN,JL. KRAMAT II
JAKARTA PUSAT,SENEN,JL. KRAMAT III
JAKARTA PUSAT,SENEN,JL. KRAMAT IV
JAKARTA PUSAT,SENEN,JL. KRAMAT V
JAKARTA PUSAT,SENEN,JL. KRAMAT VI
JAKARTA PUSAT,SENEN,JL. KRAMAT VII
JAKARTA PUSAT,SENEN,JL. PRAMUKA JATI
JAKARTA PUSAT,SENEN,JL. JAMBRUT
JAKARTA PUSAT,SENEN,JL. KRAMAT SAWAH BARU
JAKARTA PUSAT,SENEN,JL. KRAMAT PULO DALAM
JAKARTA PUSAT,SENEN,JL. KEMBANG RAYA
JAKARTA PUSAT,SENEN,JL. MOH. SALEH
JAKARTA PUSAT,SENEN,JL. KRAMAT SOKA
JAKARTA PUSAT,SENEN,JL. KEMBANG PACAR
JAKARTA PUSAT,SENEN,JL. SEDAP MALAM
JAKARTA PUSAT,SENEN,JL. KEMBANG SEPATU
JAKARTA PUSAT,SENEN,JL. MELATI
JAKARTA PUSAT,SENEN,JL. KWINI
JAKARTA PUSAT,SENEN,JL. ABDUL RAHMAN SALEH
JAKARTA PUSAT,SENEN,JL. TANAH TINGGI TIMUR
JAKARTA PUSAT,SENEN,JL. TANAH TINGGI BARAT
JAKARTA PUSAT,SENEN,JL. PAL PUTIH
JAKARTA PUSAT,SENEN,JL. GUNUNG SAHARI
JAKARTA PUSAT,SENEN,JL. PRAPATAN/KWITANG
JAKARTA PUSAT,SENEN,JL. PRAMUKA RAYA
JAKARTA PUSAT,SENEN,JL. LETJEN SUPRAPTO
JAKARTA PUSAT,SENEN,JL. RADEN SALEH RAYA
JAKARTA PUSAT,SENEN,JL. RADEN SALEH
JAKARTA PUSAT,SENEN,JL. KERNOLONG
JAKARTA PUSAT,SENEN,JL. KALIBARU TIMUR IV
JAKARTA PUSAT,SENEN,JL. KALIBARU TIMUR V
JAKARTA PUSAT,SENEN,JL. PANGERAN DIPONEGORO
JAKARTA PUSAT,SENEN,JL. PRAPATAN
JAKARTA PUSAT,SENEN,JL. KALIBARU TIMUR
JAKARTA PUSAT,SENEN,JL. KALIBARU TIMUR III
JAKARTA PUSAT,SENEN,JL. SALEMBA TENGAH II
JAKARTA PUSAT,SENEN,JL. KALIBARU TIMUR VI
JAKARTA PUSAT,SENEN,JL. KEPU SELATAN
JAKARTA PUSAT,SENEN,JL. PERCETAKAN NEGARA
JAKARTA PUSAT,SENEN,JL. KALIBARU TIMUR II
JAKARTA PUSAT,SENEN,JL. KALIBARU TIMUR
JAKARTA PUSAT,SENEN,JL. BUNGUR BESAR RAYA
JAKARTA PUSAT,SENEN,JL. SENEN RAYA III
JAKARTA PUSAT,SENEN,JL. SENEN RAYA IV
JAKARTA PUSAT,SENEN,JL. PRAMUKA JATI
JAKARTA PUSAT,SENEN,JL. INSPEKSI KALI CILIWUNG KENARI
JAKARTA PUSAT,SENEN,JL. GUNUNG SAHARI
JAKARTA PUSAT,CEMPAKA PUTIH,JL. CEMPAKA PUTIH BARAT
JAKARTA PUSAT,CEMPAKA PUTIH,JL. CEMPAKA PUTIH RAYA
JAKARTA PUSAT,CEMPAKA PUTIH,JL. CEMPAKA PUTIH TENGAH
JAKARTA PUSAT,CEMPAKA PUTIH,JL. CEMPAKA PUTIH TIMUR
JAKARTA PUSAT,CEMPAKA PUTIH,JL. CEMPAKA PUTIH UTARA
JAKARTA PUSAT,CEMPAKA PUTIH,JL. GARDU ASEM
JAKARTA PUSAT,CEMPAKA PUTIH,JL. JEND. AHMAD YANI
JAKARTA PUSAT,CEMPAKA PUTIH,JL. KP. RAWA SAWAH
JAKARTA PUSAT,CEMPAKA PUTIH,JL. KP. RAWA SELATAN
JAKARTA PUSAT,CEMPAKA PUTIH,JL. KP. RAWA TENGAH
JAKARTA PUSAT,CEMPAKA PUTIH,JL. PANGKALAN ASAM
JAKARTA PUSAT,CEMPAKA PUTIH,JL. PERCETAKAN NEGARA
JAKARTA PUSAT,CEMPAKA PUTIH,JL. PERCETAKAN NEGARA II
JAKARTA PUSAT,CEMPAKA PUTIH,JL. PERCETAKAN NEGARA V
JAKARTA PUSAT,CEMPAKA PUTIH,JL. PERCETAKAN NEGARA XI
JAKARTA PUSAT,CEMPAKA PUTIH,JL. PRAMUKA SARI
JAKARTA PUSAT,CEMPAKA PUTIH,JL. RAWAMANGUN
JAKARTA PUSAT,CEMPAKA PUTIH,JL. RAWASARI
JAKARTA PUSAT,CEMPAKA PUTIH,JL. RAWASARI SELATAN
JAKARTA PUSAT,CEMPAKA PUTIH,JL. YOS SUDARSO
JAKARTA PUSAT,CEMPAKA PUTIH,JL. PRAMUKA
JAKARTA PUSAT,CEMPAKA PUTIH,JL. LETJEN SUPRAPTO
JAKARTA PUSAT,CEMPAKA PUTIH,JL. MARDANI RAYA
JAKARTA PUSAT,CEMPAKA PUTIH,JL. PRAMUKA JAYA SARI
JAKARTA PUSAT,CEMPAKA PUTIH,JL. RAWASARI BARAT
JAKARTA PUSAT,CEMPAKA PUTIH,JL. LINGKUNGAN
JAKARTA PUSAT,CEMPAKA PUTIH,JL. PERCETAKAN NEGARA III
JAKARTA PUSAT,JOHAR BARU,JL. ABDUL GAN1
JAKARTA PUSAT,JOHAR BARU,JL. GALUR RAYA
JAKARTA PUSAT,JOHAR BARU,JL. JOHAR BARU
JAKARTA PUSAT,JOHAR BARU,JL. JOHAR BARU
JAKARTA PUSAT,JOHAR BARU,JL. JOHAR BARU II
JAKARTA PUSAT,JOHAR BARU,JL. JOHAR BARU III
JAKARTA PUSAT,JOHAR BARU,JL. JOHAR BARU IV
JAKARTA PUSAT,JOHAR BARU,JL. JOHAR BARU UTARA
JAKARTA PUSAT,JOHAR BARU,JL. JOHAR BARU UTARA III
JAKARTA PUSAT,JOHAR BARU,JL. JOHAR BARU UTARA IV
JAKARTA PUSAT,JOHAR BARU,JL. JOHAR BARU UTARA V
JAKARTA PUSAT,JOHAR BARU,JL. JOHAR BARU UTARA VI
JAKARTA PUSAT,JOHAR BARU,JL. JOHAR BARU V
JAKARTA PUSAT,JOHAR BARU,JL. JOHAR BARU VI
JAKARTA PUSAT,JOHAR BARU,JL. JOHAR BARU VII
JAKARTA PUSAT,JOHAR BARU,JL. KAMPUNG RAWA SELATAN IV
JAKARTA PUSAT,JOHAR BARU,JL. KAWI-KAWI ATAS
JAKARTA PUSAT,JOHAR BARU,JL. KAWI-KAWI BAWAH
JAKARTA PUSAT,JOHAR BARU,JL. KOTA PARIS
JAKARTA PUSAT,JOHAR BARU,JL. PERCETAKAN NEGARA
JAKARTA PUSAT,JOHAR BARU,JL. PERCETAKAN NEGARA II
JAKARTA PUSAT,JOHAR BARU,JL. PERCETAKAN NEGARA IV
JAKARTA PUSAT,JOHAR BARU,JL. PERCETAKAN NEGARA IV A
JAKARTA PUSAT,JOHAR BARU,JL. PERCETAKAN NEGARA IV B
JAKARTA PUSAT,JOHAR BARU,JL. PERCETAKAN NEGARA IV C
JAKARTA PUSAT,JOHAR BARU,JL. PERCETAKAN NEGARA IV D
JAKARTA PUSAT,JOHAR BARU,JL. RAWA SELATAN
JAKARTA PUSAT,JOHAR BARU,JL. SADEWA
JAKARTA PUSAT,JOHAR BARU,JL. TANAH TINGGI
JAKARTA PUSAT,JOHAR BARU,JL. TANAH TINGGI
JAKARTA PUSAT,JOHAR BARU,JL. TANAH TINGGI II
JAKARTA PUSAT,JOHAR BARU,JL. TANAH TINGGI III
JAKARTA PUSAT,JOHAR BARU,JL. TANAH TINGGI IV
JAKARTA PUSAT,JOHAR BARU,JL. TANAH TINGGI IX
JAKARTA PUSAT,JOHAR BARU,JL. TANAH TINGGI SAWAH
JAKARTA PUSAT,JOHAR BARU,JL. TANAH TINGGI V
JAKARTA PUSAT,JOHAR BARU,JL. TANAH TINGGI VI
JAKARTA PUSAT,JOHAR BARU,JL. TANAH TINGGI VII
JAKARTA PUSAT,JOHAR BARU,JL. TANAH TINGGI VIII
JAKARTA PUSAT,JOHAR BARU,JL. TANAH TINGGI X
JAKARTA PUSAT,JOHAR BARU,JL. TANAH TINGGI XI
JAKARTA PUSAT,JOHAR BARU,JL. TANAH TINGGI XII
JAKARTA PUSAT,JOHAR BARU,JL. LETJEN SUPRAPTO
JAKARTA PUSAT,JOHAR BARU,JL. PANGKALAN ASAM
JAKARTA PUSAT,JOHAR BARU,JL. MARDANI RAYA
JAKARTA PUSAT,JOHAR BARU,JL. ARIMBI
JAKARTA PUSAT,JOHAR BARU,JL. ABIMANYU
JAKARTA PUSAT,JOHAR BARU,JL. ARJUNA
JAKARTA PUSAT,JOHAR BARU,JL. BALADEWA
JAKARTA PUSAT,JOHAR BARU,JL. BIDURI
JAKARTA PUSAT,JOHAR BARU,JL. BIMA
JAKARTA PUSAT,JOHAR BARU,JL. INTAN
JAKARTA PUSAT,JOHAR BARU,JL. IRAWAN
JAKARTA PUSAT,JOHAR BARU,JL. KAMPUNG RAWA SAWAH
JAKARTA PUSAT,JOHAR BARU,JL. KAMPUNG RAWA SAWAH II
JAKARTA PUSAT,JOHAR BARU,JL. KAMPUNG RAWA SAWAH III
JAKARTA PUSAT,JOHAR BARU,JL. KAMPUNG RAWA SELATAN
JAKARTA PUSAT,JOHAR BARU,JL. KAMPUNG RAWA SELATAN II
JAKARTA PUSAT,JOHAR BARU,JL. KAMPUNG RAWA SELATAN 111
JAKARTA PUSAT,JOHAR BARU,JL. KAMPUNG RAWA SELATAN V
JAKARTA PUSAT,JOHAR BARU,JL. KAMPUNG RAWA SELATAN VI
JAKARTA PUSAT,JOHAR BARU,JL. KAMPUNG RAWA SELATAN VII
JAKARTA PUSAT,JOHAR BARU,JL. KRESNA
JAKARTA PUSAT,JOHAR BARU,JL. MOCH ALI
JAKARTA PUSAT,JOHAR BARU,JL. NAKULA
JAKARTA PUSAT,JOHAR BARU,JL. NARADA
JAKARTA PUSAT,JOHAR BARU,JL. PANCA WARNA
JAKARTA PUSAT,JOHAR BARU,JL. SAMBA
JAKARTA PUSAT,JOHAR BARU,JL. SUMBADRA
JAKARTA PUSAT,JOHAR BARU,JL. KRAMAT SENTIONG
JAKARTA PUSAT,JOHAR BARU,JL. KRAMAT JAYA BARU
JAKARTA PUSAT,JOHAR BARU,JL. KRAMAT JAYA BARU
JAKARTA PUSAT,JOHAR BARU,JL. KRAMAT JAYA BARU II
JAKARTA PUSAT,JOHAR BARU,JL. KRAMAT JAYA BARU IV
JAKARTA PUSAT,JOHAR BARU,JL. KRAMAT JAYA BARU V
JAKARTA PUSAT,JOHAR BARU,JL. KRAMAT PULO GUNDUL
JAKARTA PUSAT,JOHAR BARU,JL. KP RAWA SAWAH
JAKARTA PUSAT,JOHAR BARU,JL. KP RAWA TENGAH
JAKARTA PUSAT,KEMAYORAN,JL. ABIMANYU
JAKARTA PUSAT,KEMAYORAN,JL. ANGKASA
JAKARTA PUSAT,KEMAYORAN,JL. APRON
JAKARTA PUSAT,KEMAYORAN,JL. ARIMBI
JAKARTA PUSAT,KEMAYORAN,JL. ARJUNA
JAKARTA PUSAT,KEMAYORAN,JL. ARTERI
JAKARTA PUSAT,KEMAYORAN,JL. BACANG
JAKARTA PUSAT,KEMAYORAN,JL. BALADEWA
JAKARTA PUSAT,KEMAYORAN,JL. BANGAU
JAKARTA PUSAT,KEMAYORAN,JL. BATANG HARI
JAKARTA PUSAT,KEMAYORAN,JL. BENDUNGAN JAGO
JAKARTA PUSAT,KEMAYORAN,JL. BENDUNGAN JAYA
JAKARTA PUSAT,KEMAYORAN,JL. BESUKI
JAKARTA PUSAT,KEMAYORAN,JL. BIDURI
JAKARTA PUSAT,KEMAYORAN,JL. BIMA
JAKARTA PUSAT,KEMAYORAN,JL. BOEING
JAKARTA PUSAT,KEMAYORAN,JL. BUNGUR BESAR RAYA
JAKARTA PUSAT,KEMAYORAN,JL. BUNGUR RAYA
JAKARTA PUSAT,KEMAYORAN,JL. DAKOTA
JAKARTA PUSAT,KEMAYORAN,JL. EIXLON
JAKARTA PUSAT,KEMAYORAN,JL. FARMASI
JAKARTA PUSAT,KEMAYORAN,JL. GALUR RAYA
JAKARTA PUSAT,KEMAYORAN,JL. GARUDA
JAKARTA PUSAT,KEMAYORAN,JL. GRIYA UTAMA KEMAYORAN
JAKARTA PUSAT,KEMAYORAN,JL. GUNUNG SAHARI RAYA
JAKARTA PUSAT,KEMAYORAN,JL. H. BENYAMIN SUEB
JAKARTA PUSAT,KEMAYORAN,JL. HAJI UNG
JAKARTA PUSAT,KEMAYORAN,JL. HARAPAN JAYA
JAKARTA PUSAT,KEMAYORAN,JL. HARAPAN MULYA
JAKARTA PUSAT,KEMAYORAN,JL. HATI SUCI
JAKARTA PUSAT,KEMAYORAN,JL. HOWITZER
JAKARTA PUSAT,KEMAYORAN,JL. INDUSTRI
JAKARTA PUSAT,KEMAYORAN,JL. INTAN
JAKARTA PUSAT,KEMAYORAN,JL. IRAWAN
JAKARTA PUSAT,KEMAYORAN,JL. KALI BARU BARAT
JAKARTA PUSAT,KEMAYORAN,JL. KALI BARU TIMUR
JAKARTA PUSAT,KEMAYORAN,JL. KALI BARU TIMUR II
JAKARTA PUSAT,KEMAYORAN,JL. KALI BARU TIMUR III
JAKARTA PUSAT,KEMAYORAN,JL. KALI BARU TIMUR IV
JAKARTA PUSAT,KEMAYORAN,JL. KALI BARU TIMUR V
JAKARTA PUSAT,KEMAYORAN,JL. KALI BARU TIMUR VI
JAKARTA PUSAT,KEMAYORAN,JL. KAMPUNG RAWA SAWAH
JAKARTA PUSAT,KEMAYORAN,JL. KAMPUNG RAWA SAWAH 11
JAKARTA PUSAT,KEMAYORAN,JL. KAMPUNG RAWA SAWAH III
JAKARTA PUSAT,KEMAYORAN,JL. KAMPUNG RAWA SELATAN
JAKARTA PUSAT,KEMAYORAN,JL. KAMPUNG RAWA SELATAN II
JAKARTA PUSAT,KEMAYORAN,JL. KAMPUNG RAWA SELATAN 111
JAKARTA PUSAT,KEMAYORAN,JL. KAMPUNG RAWA SELATAN V
JAKARTA PUSAT,KEMAYORAN,JL. KAMPUNG RAWA SELATAN VI
JAKARTA PUSAT,KEMAYORAN,JL. KAMPUNG RAWA SELATAN VII
JAKARTA PUSAT,KEMAYORAN,JL. KEMAYORAN
JAKARTA PUSAT,KEMAYORAN,JL. KEMAYORAN BANDARA
JAKARTA PUSAT,KEMAYORAN,JL. KEMAYORAN GEMPOL
JAKARTA PUSAT,KEMAYORAN,JL. KEMAYORAN KETAPANG
JAKARTA PUSAT,KEMAYORAN,JL. KEPU DALAM
JAKARTA PUSAT,KEMAYORAN,JL. KEPU SELATAN
JAKARTA PUSAT,KEMAYORAN,JL. KEPU TIMUR
JAKARTA PUSAT,KEMAYORAN,JL. KOMANDO RAYA
JAKARTA PUSAT,KEMAYORAN,JL. KOMP. CEMPAKA MAS
JAKARTA PUSAT,KEMAYORAN,JL. KOMP. CILONGOK
JAKARTA PUSAT,KEMAYORAN,JL. KOMP. ITC CEMPAKA MAS
JAKARTA PUSAT,KEMAYORAN,JL. KOMP. PASAR MOBIL KEMAYORAN
JAKARTA PUSAT,KEMAYORAN,JL. KOMP. PERTOKOAN CEMPAKA MAS
JAKARTA PUSAT,KEMAYORAN,JL. KOTA BARU BANDAR KEMAYORAN
JAKARTA PUSAT,KEMAYORAN,JL. KRAN
JAKARTA PUSAT,KEMAYORAN,JL. KRESNA
JAKARTA PUSAT,KEMAYORAN,JL. LANDAS PACU BARAT
JAKARTA PUSAT,KEMAYORAN,JL. LANDAS PACU SELATAN
JAKARTA PUSAT,KEMAYORAN,JL. LANDAS PACU TIMUR
JAKARTA PUSAT,KEMAYORAN,JL. LANDAS PACU UTARA
JAKARTA PUSAT,KEMAYORAN,JL. LETJEN SUPRAPTO
JAKARTA PUSAT,KEMAYORAN,JL. MERPATI
JAKARTA PUSAT,KEMAYORAN,JL. MOCH ALI
JAKARTA PUSAT,KEMAYORAN,JL. MURDAI
JAKARTA PUSAT,KEMAYORAN,JL. MUSIUM
JAKARTA PUSAT,KEMAYORAN,JL. NAKULA
JAKARTA PUSAT,KEMAYORAN,JL. NARADA
JAKARTA PUSAT,KEMAYORAN,JL. PAM RAYA
JAKARTA PUSAT,KEMAYORAN,JL. PANARUKAN
JAKARTA PUSAT,KEMAYORAN,JL. PANCA WARNA
JAKARTA PUSAT,KEMAYORAN,JL. PASAR BENDUNGAN JAGO
JAKARTA PUSAT,KEMAYORAN,JL. PASAR GARDU ASEM
JAKARTA PUSAT,KEMAYORAN,JL. PASAR GEMBRONG
JAKARTA PUSAT,KEMAYORAN,JL. PATRICE LUMUMBA
JAKARTA PUSAT,KEMAYORAN,JL. PENGAIRAN
JAKARTA PUSAT,KEMAYORAN,JL. PENGARENGAN PRAPATAN
JAKARTA PUSAT,KEMAYORAN,JL. PERIKANAN
JAKARTA PUSAT,KEMAYORAN,JL. PERUNGGU
JAKARTA PUSAT,KEMAYORAN,JL. PINTU SENG
JAKARTA PUSAT,KEMAYORAN,JL. PISANGAN BATU
JAKARTA PUSAT,KEMAYORAN,JL. PRJ KEMAYORAN
JAKARTA PUSAT,KEMAYORAN,JL. RAJAWALI RAYA
JAKARTA PUSAT,KEMAYORAN,JL. REMAJA III
JAKARTA PUSAT,KEMAYORAN,JL. RUSUN KEMAYORAN
JAKARTA PUSAT,KEMAYORAN,JL. SAMBA
JAKARTA PUSAT,KEMAYORAN,JL. SERDANG
JAKARTA PUSAT,KEMAYORAN,JL. SERDANG BARU
JAKARTA PUSAT,KEMAYORAN,JL. CEMPAKA BARU
JAKARTA PUSAT,KEMAYORAN,JL. CEMPAKA SARI
JAKARTA PUSAT,KEMAYORAN,JL. SUMBADRA
JAKARTA PUSAT,KEMAYORAN,JL. SUMUR BATU
JAKARTA PUSAT,KEMAYORAN,JL. SUNGAI SIANTAR
JAKARTA PUSAT,KEMAYORAN,JL. SUNTER KEMAYORAN
JAKARTA PUSAT,KEMAYORAN,JL. SUKA MULYA
JAKARTA PUSAT,KEMAYORAN,JL. GUNUNG SAHARI
JAKARTA PUSAT,KEMAYORAN,JL. TEMBAGA
JAKARTA PUSAT,KEMAYORAN,JL. TIMAH
JAKARTA PUSAT,KEMAYORAN,JL. UTAN PANJANG
JAKARTA PUSAT,KEMAYORAN,JL. UTAN PANJANG BARAT
JAKARTA PUSAT,KEMAYORAN,JL. UTAN PANJANG RAYA
JAKARTA PUSAT,KEMAYORAN,JL. WAY BESAI
JAKARTA PUSAT,KEMAYORAN,JL. CEMPAKA WANGI
JAKARTA PUSAT,KEMAYORAN,JL. GARDU ASEM
JAKARTA PUSAT,KEMAYORAN,JL. KEBON KOSONG
JAKARTA PUSAT,KEMAYORAN,JL. SAWO
JAKARTA PUSAT,KEMAYORAN,JL. GUNUNG SAHARI II
JAKARTA PUSAT,KEMAYORAN,JL. GUNUNG SAHARI III
JAKARTA PUSAT,KEMAYORAN,JL. TANAH TINGGI TIMUR
JAKARTA PUSAT,KEMAYORAN,JL. HBR MOTIK
JAKARTA PUSAT,KEMAYORAN,JL. GUNUNG SAHARI IV
JAKARTA PUSAT,KEMAYORAN,JL. GUNUNG SAHARI V
JAKARTA PUSAT,KEMAYORAN,JL. CEMPAKA PUTIH UTARA
JAKARTA PUSAT,KEMAYORAN,JL. CEMPAKA BARU TIMUR
JAKARTA PUSAT,KEMAYORAN,JL. TARUNA JAYA
JAKARTA PUSAT,KEMAYORAN,JL. RAYA KODAM
JAKARTA PUSAT,KEMAYORAN,JL. CASA
JAKARTA PUSAT,KEMAYORAN,JL. PUMA
JAKARTA PUSAT,KEMAYORAN,JL. INSPEKSI KALI SUNTER
JAKARTA PUSAT,KEMAYORAN,JL. SELANGIT
JAKARTA PUSAT,SAWAH BESAR,JL. ANTARA
JAKARTA PUSAT,SAWAH BESAR,JL. BUDI UTOMO
JAKARTA PUSAT,SAWAH BESAR,JL. DR. SUTOMO
JAKARTA PUSAT,SAWAH BESAR,JL. DR. WAHIDIN S
JAKARTA PUSAT,SAWAH BESAR,JL. GANG KELINCI
JAKARTA PUSAT,SAWAH BESAR,JL. GEREJA AYAM
JAKARTA PUSAT,SAWAH BESAR,JL. GUNUNG SAHARI IV
JAKARTA PUSAT,SAWAH BESAR,JL. GUNUNG SAHARI IX
JAKARTA PUSAT,SAWAH BESAR,JL. GUNUNG SAHARI PERMAI
JAKARTA PUSAT,SAWAH BESAR,JL. GUNUNG SAHARI V
JAKARTA PUSAT,SAWAH BESAR,JL. GUNUNG SAHARI VI
JAKARTA PUSAT,SAWAH BESAR,JL. GUNUNG SAHARI VII
JAKARTA PUSAT,SAWAH BESAR,JL. GUNUNG SAHARI VIII
JAKARTA PUSAT,SAWAH BESAR,JL. GUNUNG SAHARI X
JAKARTA PUSAT,SAWAH BESAR,JL. GUNUNG SAHARI XI
JAKARTA PUSAT,SAWAH BESAR,JL. GUNUNG SAHARI XII
JAKARTA PUSAT,SAWAH BESAR,JL. H. SAMANHUDI
JAKARTA PUSAT,SAWAH BESAR,JL. KARANG ANYAR
JAKARTA PUSAT,SAWAH BESAR,JL. KARANG ANYAR PERMAI
JAKARTA PUSAT,SAWAH BESAR,JL. KARANG ANYAR UTARA
JAKARTA PUSAT,SAWAH BESAR,JL. KARTINI
JAKARTA PUSAT,SAWAH BESAR,JL. KOMP. AGUNG SEDAYU
JAKARTA PUSAT,SAWAH BESAR,JL. KOMP. BAHAN BANGUNAN
JAKARTA PUSAT,SAWAH BESAR,JL. KOMP. DUTA JAYAKARTA
JAKARTA PUSAT,SAWAH BESAR,JL. KOMP. HARCO MANGGA DUA
JAKARTA PUSAT,SAWAH BESAR,JL. KOMP. HARCO PASAR BARU
JAKARTA PUSAT,SAWAH BESAR,JL. KOMP. METRO ATOM
JAKARTA PUSAT,SAWAH BESAR,JL. KOMP. METRO PLAZA
JAKARTA PUSAT,SAWAH BESAR,JL. KOMP. PERTOKOAN MANGGA DUA
JAKARTA PUSAT,SAWAH BESAR,JL. KOMP. PERTOKOAN P. JAYAKARTA
JAKARTA PUSAT,SAWAH BESAR,JL. KOMP. RUKO GUNUNG SAHARI
JAKARTA PUSAT,SAWAH BESAR,JL. KREKOT BUNDER
JAKARTA PUSAT,SAWAH BESAR,JL. KREKOT DALAM
JAKARTA PUSAT,SAWAH BESAR,JL. KREKOT JAYA MOLEK
JAKARTA PUSAT,SAWAH BESAR,JL. KREKOT RAYA
JAKARTA PUSAT,SAWAH BESAR,JL. LAP. BANTENG BARAT
JAKARTA PUSAT,SAWAH BESAR,JL. LAP. BANTENG SELATAN
JAKARTA PUSAT,SAWAH BESAR,JL. LAP. BANTENG TIMUR
JAKARTA PUSAT,SAWAH BESAR,JL. LAP. BANTENG UTARA
JAKARTA PUSAT,SAWAH BESAR,JL. LAUTZE
JAKARTA PUSAT,SAWAH BESAR,JL. MANGGA BESAR RAYA
JAKARTA PUSAT,SAWAH BESAR,JL. MANGGA BESAR XIII
JAKARTA PUSAT,SAWAH BESAR,JL. MANGGA DUA ABDAD
JAKARTA PUSAT,SAWAH BESAR,JL. MANGGA DUA DALAM
JAKARTA PUSAT,SAWAH BESAR,JL. MANGGA DUA RAYA
JAKARTA PUSAT,SAWAH BESAR,JL. MANGGA DUA SELATAN
JAKARTA PUSAT,SAWAH BESAR,JL. PANGERAN JAYAKARTA
JAKARTA PUSAT,SAWAH BESAR,JL. PASAR BARU
JAKARTA PUSAT,SAWAH BESAR,JL. PASAR BARU SELATAN
JAKARTA PUSAT,SAWAH BESAR,JL. PASAR BARU TIMUR
JAKARTA PUSAT,SAWAH BESAR,JL. PERTOKOAN PS. JEMBATAN MERAH
JAKARTA PUSAT,SAWAH BESAR,JL. PINTU AIR
JAKARTA PUSAT,SAWAH BESAR,JL. PINTU BESAR
JAKARTA PUSAT,SAWAH BESAR,JL. RAJAWALI SELATAN
JAKARTA PUSAT,SAWAH BESAR,JL. SAWAH BESAR
JAKARTA PUSAT,SAWAH BESAR,JL. ANGKASA
JAKARTA PUSAT,SAWAH BESAR,JL. DWI WARNA
JAKARTA PUSAT,SAWAH BESAR,JL. GEDUNG KESENIAN
JAKARTA PUSAT,SAWAH BESAR,JL. GUNUNG SAHARI RAYA
JAKARTA PUSAT,SAWAH BESAR,JL. INDUSTRI
JAKARTA PUSAT,SAWAH BESAR,JL. PINTU BESI
JAKARTA PUSAT,SAWAH BESAR,JL. PINTU BESI
JAKARTA PUSAT,SAWAH BESAR,JL. JEMBATAN MERAH
JAKARTA PUSAT,SAWAH BESAR,JL. DR. WAHIDIN II
JAKARTA PUSAT,SAWAH BESAR,JL. GOTONG ROYONG
JAKARTA PUSAT,SAWAH BESAR,JL. KREKOT JAYA
JAKARTA PUSAT,SAWAH BESAR,JL. KELINCI
JAKARTA PUSAT,SAWAH BESAR,JL. POS
JAKARTA PUSAT,SAWAH BESAR,JL. IR. H. DJUANDA RAYA
JAKARTA PUSAT,GAMBIR,JL. A.M. SANGAJI
JAKARTA PUSAT,GAMBIR,JL. ABDUL MUIS
JAKARTA PUSAT,GAMBIR,JL. ALAYDRUS
JAKARTA PUSAT,GAMBIR,JL. BALIKPAPAN
JAKARTA PUSAT,GAMBIR,JL. BATU CEPER
JAKARTA PUSAT,GAMBIR,JL. BATU JAJAR
JAKARTA PUSAT,GAMBIR,JL. BATU TULIS
JAKARTA PUSAT,GAMBIR,JL. BIAK
JAKARTA PUSAT,GAMBIR,JL. BUDI KEMULIAAN
JAKARTA PUSAT,GAMBIR,JL. CIDENG BARAT
JAKARTA PUSAT,GAMBIR,JL. CIDENG TIMUR
JAKARTA PUSAT,GAMBIR,JL. DURI PULO
JAKARTA PUSAT,GAMBIR,JL. GAJAH MADA
JAKARTA PUSAT,GAMBIR,JL. HAYAM WURUK
JAKARTA PUSAT,GAMBIR,JL. IR. H. DJUANDA
JAKARTA PUSAT,GAMBIR,"JL. IR. H, DJUANDA II"
JAKARTA PUSAT,GAMBIR,JL. IR. H. DJUANDA III
JAKARTA PUSAT,GAMBIR,JL. IR. H. DJUANDA RAYA
JAKARTA PUSAT,GAMBIR,JL. JATI BARU
JAKARTA PUSAT,GAMBIR,JL. JEMBATAN LIMA
JAKARTA PUSAT,GAMBIR,JL. KAJI
JAKARTA PUSAT,GAMBIR,JL. KESEHATAN
JAKARTA PUSAT,GAMBIR,JL. KESEHATAN II
JAKARTA PUSAT,GAMBIR,JL. KESEHATAN III
JAKARTA PUSAT,GAMBIR,JL. KESEHATAN IV
JAKARTA PUSAT,GAMBIR,JL. KESEHATAN IX
JAKARTA PUSAT,GAMBIR,JL. KESEHATAN RAYA
JAKARTA PUSAT,GAMBIR,JL. KESEHATAN V
JAKARTA PUSAT,GAMBIR,JL. KESEHATAN VI
JAKARTA PUSAT,GAMBIR,JL. KESEHATAN VII
JAKARTA PUSAT,GAMBIR,JL. KESEHATAN VIII
JAKARTA PUSAT,GAMBIR,JL. KESEHATAN X
JAKARTA PUSAT,GAMBIR,JL. KH. HASYIM ASHARI
JAKARTA PUSAT,GAMBIR,JL. KH. MOCH. MANSYUR
JAKARTA PUSAT,GAMBIR,JL. KH. ZAINUL ARIFIN
JAKARTA PUSAT,GAMBIR,JL. KOMP. ATAP MERAH
JAKARTA PUSAT,GAMBIR,JL. KOMP. DUTA MERLIN
JAKARTA PUSAT,GAMBIR,JL. KOMP. GAJAH MADA PLAZA
JAKARTA PUSAT,GAMBIR,JL. KOMP. HARMONI PLAZA
JAKARTA PUSAT,GAMBIR,JL. KOMP. HAYAM WURUK
JAKARTA PUSAT,GAMBIR,JL. KOMP. ITC ROXY MAS
JAKARTA PUSAT,GAMBIR,JL. KOMP. STASIUN GAMBIR
JAKARTA PUSAT,GAMBIR,JL. KYAI CARINGIN
JAKARTA PUSAT,GAMBIR,JL. M.I. RIDWAN RAIS
JAKARTA PUSAT,GAMBIR,JL. MAJAPAHIT
JAKARTA PUSAT,GAMBIR,JL. MEDAN MERDEKA BARAT
JAKARTA PUSAT,GAMBIR,JL. MEDAN MERDEKA SELATAN
JAKARTA PUSAT,GAMBIR,JL. MEDAN MERDEKA TIMUR
JAKARTA PUSAT,GAMBIR,JL. MEDAN MERDEKA UTARA
JAKARTA PUSAT,GAMBIR,JL. MUSI
JAKARTA PUSAT,GAMBIR,JL. PASAR PETOJO ILIR
JAKARTA PUSAT,GAMBIR,JL. PECENONGAN
JAKARTA PUSAT,GAMBIR,JL. PEJAMBON
JAKARTA PUSAT,GAMBIR,JL. PEMBANGUNAN
JAKARTA PUSAT,GAMBIR,JL. PEMBANGUNAN II
JAKARTA PUSAT,GAMBIR,JL. PERWIRA
JAKARTA PUSAT,GAMBIR,JL. PETOJO BARAT
JAKARTA PUSAT,GAMBIR,JL. PETOJO BINATU
JAKARTA PUSAT,GAMBIR,JL. PETOJO ENCLEK
JAKARTA PUSAT,GAMBIR,JL. PETOJO MELINTANG
JAKARTA PUSAT,GAMBIR,JL. PETOJO RAYA
JAKARTA PUSAT,GAMBIR,JL. PETOJO SABANGAN
JAKARTA PUSAT,GAMBIR,JL. PETOJO SELATAN
JAKARTA PUSAT,GAMBIR,JL. PETOJO UTARA
JAKARTA PUSAT,GAMBIR,JL. POS
JAKARTA PUSAT,GAMBIR,JL. SETIA KAWAN
JAKARTA PUSAT,GAMBIR,JL. SILANG MONAS
JAKARTA PUSAT,GAMBIR,JL. SUKARDJO WIRJOPRANOTO
JAKARTA PUSAT,GAMBIR,JL. SURYOPRANOTO
JAKARTA PUSAT,GAMBIR,JL. TANAH ABANG
JAKARTA PUSAT,GAMBIR,JL. TANAH ABANG II
JAKARTA PUSAT,GAMBIR,JL. TANAH ABANG III
JAKARTA PUSAT,GAMBIR,JL. TANAH ABANG TIMUR
JAKARTA PUSAT,GAMBIR,JL. TEMBUS CIDENG JA'FIBARU
JAKARTA PUSAT,GAMBIR,JL. VETERAN
JAKARTA PUSAT,GAMBIR,JL. VETERAN II
JAKARTA PUSAT,GAMBIR,JL. VETERAN III
JAKARTA PUSAT,GAMBIR,JL. VETERAN RAYA
JAKARTA PUSAT,GAMBIR,JL. TANAH ABANG V
JAKARTA PUSAT,GAMBIR,JL. PEMBANGUNAN III
JAKARTA PUSAT,GAMBIR,JL. PETOJO VIY
JAKARTA PUSAT,GAMBIR,JL. TANAH ABANG IV
JAKARTA PUSAT,GAMBIR,JL. M. H. THAMRIN
JAKARTA PUSAT,GAMBIR,JL. KEBON SIRIH
JAKARTA PUSAT,GAMBIR,JL. H. AGUS SALIM / JL. SABANG
JAKARTA PUSAT,GAMBIR,JL. TANJUNG SELOR
JAKARTA PUSAT,GAMBIR,JL. TERNATE
JAKARTA PUSAT,GAMBIR,JL. CEYLON
JAKARTA PUSAT,GAMBIR,JL. CITARUM
JAKARTA PUSAT,GAMBIR,JL. CIUJUNG
JAKARTA PUSAT,GAMBIR,JL. SIANTAR
JAKARTA PUSAT,GAMBIR,JL. TIDORE
JAKARTA PUSAT,GAMBIR,JL. DURI
JAKARTA PUSAT,GAMBIR,JL. BANJARMASIN
JAKARTA PUSAT,GAMBIR,JL. BATANGHARI
JAKARTA PUSAT,GAMBIR,JL. BATU
JAKARTA PUSAT,GAMBIR,JL. BELAWAN
JAKARTA PUSAT,GAMBIR,JL. BRANTAS
JAKARTA PUSAT,GAMBIR,JL. KAPUAS
JAKARTA PUSAT,GAMBIR,JL. KOMERING
JAKARTA PUSAT,GAMBIR,JL. PANE
JAKARTA PUSAT,GAMBIR,JL. SAMBOJA
JAKARTA PUSAT,GAMBIR,JL. SANGIHE
JAKARTA PUSAT,GAMBIR,JL. SUBUR
JAKARTA PUSAT,GAMBIR,JL. SUKADANA
JAKARTA PUSAT,GAMBIR,JL. TALAUT
JAKARTA PUSAT,GAMBIR,JL. TAMBESI
JAKARTA PUSAT,GAMBIR,JL. IMAM MAHMUD
JAKARTA PUSAT,GAMBIR,JL. PINTU AIR 2
JAKARTA SELATAN,KEBAYORAN LAMA,JL. AMETIS
JAKARTA SELATAN,KEBAYORAN LAMA,JL. BARU II
JAKARTA SELATAN,KEBAYORAN LAMA,JL. BENDI
JAKARTA SELATAN,KEBAYORAN LAMA,JL. BENDI BESAR
JAKARTA SELATAN,KEBAYORAN LAMA,JL. BUKIT HIJAU
JAKARTA SELATAN,KEBAYORAN LAMA,JL. BUNGUR
JAKARTA SELATAN,KEBAYORAN LAMA,JL. CIDODOL
JAKARTA SELATAN,KEBAYORAN LAMA,JL. CILEDUG RAYA
JAKARTA SELATAN,KEBAYORAN LAMA,JL. CIPULIR
JAKARTA SELATAN,KEBAYORAN LAMA,JL. CIPULIR II
JAKARTA SELATAN,KEBAYORAN LAMA,JL. CIPULIR III
JAKARTA SELATAN,KEBAYORAN LAMA,JL. CIPULIR IV
JAKARTA SELATAN,KEBAYORAN LAMA,JL. CIPULIR V
JAKARTA SELATAN,KEBAYORAN LAMA,JL. CIPULIR VI
JAKARTA SELATAN,KEBAYORAN LAMA,JL. CIPUTAT RAYA
JAKARTA SELATAN,KEBAYORAN LAMA,JL. DELMAN INDAH
JAKARTA SELATAN,KEBAYORAN LAMA,JL. DELMAN KENCANA
JAKARTA SELATAN,KEBAYORAN LAMA,JL. DELMAN UTAMA
JAKARTA SELATAN,KEBAYORAN LAMA,JL. DEPLU RAYA
JAKARTA SELATAN,KEBAYORAN LAMA,JL. DHARMA PUTRA RAYA
JAKARTA SELATAN,KEBAYORAN LAMA,JL. DUTA INDAH
JAKARTA SELATAN,KEBAYORAN LAMA,JL. DUTA NIAGA
JAKARTA SELATAN,KEBAYORAN LAMA,JL. GANG MAKMUR
JAKARTA SELATAN,KEBAYORAN LAMA,JL. GEDUNG HIJAU RAYA
JAKARTA SELATAN,KEBAYORAN LAMA,JL. GEDUNG HIJAU
JAKARTA SELATAN,KEBAYORAN LAMA,JL. GEDUNG PINANG
JAKARTA SELATAN,KEBAYORAN LAMA,JL. JATAYU
JAKARTA SELATAN,KEBAYORAN LAMA,JL. JOHARI
JAKARTA SELATAN,KEBAYORAN LAMA,JL. KARTIKA UTAMA
JAKARTA SELATAN,KEBAYORAN LAMA,JL. KARYAWAN
JAKARTA SELATAN,KEBAYORAN LAMA,JL. KEBAYORAN BARU
JAKARTA SELATAN,KEBAYORAN LAMA,JL. KEBAYORAN LAMA
JAKARTA SELATAN,KEBAYORAN LAMA,JL. KEMANDORAN
JAKARTA SELATAN,KEBAYORAN LAMA,JL. KEMANDORAN II
JAKARTA SELATAN,KEBAYORAN LAMA,JL. KEMANDORAN III
JAKARTA SELATAN,KEBAYORAN LAMA,JL. KEMANDORAN IV
JAKARTA SELATAN,KEBAYORAN LAMA,JL. KEMANDORAN V
JAKARTA SELATAN,KEBAYORAN LAMA,JL. KEMANDORAN VI
JAKARTA SELATAN,KEBAYORAN LAMA,JL. KEMANDORAN VII
JAKARTA SELATAN,KEBAYORAN LAMA,JL. KEMANDORAN VIII
JAKARTA SELATAN,KEBAYORAN LAMA,JL. KH. M. SYAFTI HADZAMI / GANDARIA
JAKARTA SELATAN,KEBAYORAN LAMA,JL. KODIRUN
JAKARTA SELATAN,KEBAYORAN LAMA,JL. KRAMAT
JAKARTA SELATAN,KEBAYORAN LAMA,JL. LAPANGAN HIJAU
JAKARTA SELATAN,KEBAYORAN LAMA,JL. LEMIGAS
JAKARTA SELATAN,KEBAYORAN LAMA,JL. MARGAGUNA RAYA
JAKARTA SELATAN,KEBAYORAN LAMA,JL. MESJID AL MUBAROK
JAKARTA SELATAN,KEBAYORAN LAMA,JL. METRO DUTA NIAGA
JAKARTA SELATAN,KEBAYORAN LAMA,JL. METRO KENCANA
JAKARTA SELATAN,KEBAYORAN LAMA,JL. METRO KENCANA IV
JAKARTA SELATAN,KEBAYORAN LAMA,JL. METRO PONDOK INDAH
JAKARTA SELATAN,KEBAYORAN LAMA,JL. NIAGA HIJAU
JAKARTA SELATAN,KEBAYORAN LAMA,JL. NIKEL
JAKARTA SELATAN,KEBAYORAN LAMA,JL. NIMUN RAYA
JAKARTA SELATAN,KEBAYORAN LAMA,JL. PALMERAH BARAT
JAKARTA SELATAN,KEBAYORAN LAMA,JL. PANJANG CIDODOL
JAKARTA SELATAN,KEBAYORAN LAMA,JL. PATAL SENAYAN
JAKARTA SELATAN,KEBAYORAN LAMA,JL. PATAL SENAYAN
JAKARTA SELATAN,KEBAYORAN LAMA,JL. PENINGGARAN
JAKARTA SELATAN,KEBAYORAN LAMA,JL. PERMATA HIJAU
JAKARTA SELATAN,KEBAYORAN LAMA,JL. PERSATUAN
JAKARTA SELATAN,KEBAYORAN LAMA,JL. PINANG EMAS
JAKARTA SELATAN,KEBAYORAN LAMA,JL. PINANG EMAS II
JAKARTA SELATAN,KEBAYORAN LAMA,JL. PINANG EMAS III
JAKARTA SELATAN,KEBAYORAN LAMA,JL. PINANG EMAS IV
JAKARTA SELATAN,KEBAYORAN LAMA,JL. PINANG EMAS IX
JAKARTA SELATAN,KEBAYORAN LAMA,JL. PINANG EMAS V
JAKARTA SELATAN,KEBAYORAN LAMA,JL. PINANG EMAS VI
JAKARTA SELATAN,KEBAYORAN LAMA,JL. PINANG EMAS VII
JAKARTA SELATAN,KEBAYORAN LAMA,JL. PINANG EMAS VIII
JAKARTA SELATAN,KEBAYORAN LAMA,JL. PINANG EMAS X
JAKARTA SELATAN,KEBAYORAN LAMA,JL. PINANG EMAS XI
JAKARTA SELATAN,KEBAYORAN LAMA,JL. PINANG KUNINGAN
JAKARTA SELATAN,KEBAYORAN LAMA,JL. PINANG NIKEL
JAKARTA SELATAN,KEBAYORAN LAMA,JL. PINANG PERAK
JAKARTA SELATAN,KEBAYORAN LAMA,JL. PINANG PERAK II
JAKARTA SELATAN,KEBAYORAN LAMA,JL. PINANG PERAK III
JAKARTA SELATAN,KEBAYORAN LAMA,JL. PINANG PERAK IV
JAKARTA SELATAN,KEBAYORAN LAMA,JL. PINANG PERAK V
JAKARTA SELATAN,KEBAYORAN LAMA,JL. PINANG PERAK VI
JAKARTA SELATAN,KEBAYORAN LAMA,JL. PONDOK PINANG
JAKARTA SELATAN,KEBAYORAN LAMA,JL. PRAJA DALAM
JAKARTA SELATAN,KEBAYORAN LAMA,JL. RA. KARTINI
JAKARTA SELATAN,KEBAYORAN LAMA,JL. RAHARJA
JAKARTA SELATAN,KEBAYORAN LAMA,JL. SEKOLAH DUTA IV
JAKARTA SELATAN,KEBAYORAN LAMA,JL. SEKOLAH KENCANA
JAKARTA SELATAN,KEBAYORAN LAMA,JL. SESKOAL
JAKARTA SELATAN,KEBAYORAN LAMA,JL. SIMPRUK GARDEN VI
JAKARTA SELATAN,KEBAYORAN LAMA,JL. LETJEN SOEPENO
JAKARTA SELATAN,KEBAYORAN LAMA,JL. SULTAN ISKANDAR MUDA
JAKARTA SELATAN,KEBAYORAN LAMA,JL. TAMAN PINANG
JAKARTA SELATAN,KEBAYORAN LAMA,JL. TANAH KUSIR
JAKARTA SELATAN,KEBAYORAN LAMA,JL. TB. SIMATUPANG
JAKARTA SELATAN,KEBAYORAN LAMA,JL. TENTARA PELAJAR
JAKARTA SELATAN,KEBAYORAN LAMA,JL. BUNGUR RAYA
JAKARTA SELATAN,KEBAYORAN LAMA,JL. BUNGUR II
JAKARTA SELATAN,KEBAYORAN LAMA,JL. H. MUHI
JAKARTA SELATAN,KEBAYORAN LAMA,JL. LEBAK BULUS RAYA
JAKARTA SELATAN,KEBAYORAN LAMA,JL. LIMO
JAKARTA SELATAN,KEBAYORAN LAMA,JL. PANJANG CIPULIR
JAKARTA SELATAN,KEBAYORAN LAMA,JL. PATAL SENAYAN SIMPRUG
JAKARTA SELATAN,KEBAYORAN LAMA,JL. PERMATA BERLIAN
JAKARTA SELATAN,KEBAYORAN LAMA,JL. PERMATA HIJAU BOULEVARD
JAKARTA SELATAN,KEBAYORAN LAMA,JL. RAWA SIMPRUG
JAKARTA SELATAN,KEBAYORAN LAMA,JL. SEHA
JAKARTA SELATAN,KEBAYORAN LAMA,JL. SEKOLAH DUTA RAYA
JAKARTA SELATAN,KEBAYORAN LAMA,JL. SIMPRUG GARDEN
JAKARTA SELATAN,KEBAYORAN LAMA,JL. SIMPRUG GOLF
JAKARTA SELATAN,KEBAYORAN LAMA,JL. SIMPRUG PERMATA
JAKARTA SELATAN,KEBAYORAN LAMA,JL. SINABUNG
JAKARTA SELATAN,KEBAYORAN LAMA,JL. TEUKU NYAK ARIEF
JAKARTA SELATAN,PESANGGRAHAN,JL. BINTARO JAYA
JAKARTA SELATAN,PESANGGRAHAN,JL. BINTARO JAYA SEKTOR
JAKARTA SELATAN,PESANGGRAHAN,JL. BINTARO PERMAI
JAKARTA SELATAN,PESANGGRAHAN,JL. BINTARO RAYA
JAKARTA SELATAN,PESANGGRAHAN,JL. BINTARO TAMAN BARAT
JAKARTA SELATAN,PESANGGRAHAN,JL. BINTARO TENGAH
JAKARTA SELATAN,PESANGGRAHAN,JL. BINTARO UTAMA
JAKARTA SELATAN,PESANGGRAHAN,JL. CEMPAKA RAYA
JAKARTA SELATAN,PESANGGRAHAN,JL. CILEDUK RAYA
JAKARTA SELATAN,PESANGGRAHAN,JL. DAMAI
JAKARTA SELATAN,PESANGGRAHAN,JL. DEPLU
JAKARTA SELATAN,PESANGGRAHAN,JL. DEPLU PET SELATAN
JAKARTA SELATAN,PESANGGRAHAN,JL. DEPSOS
JAKARTA SELATAN,PESANGGRAHAN,JL. GARUDA RAYA
JAKARTA SELATAN,PESANGGRAHAN,JL. GEDUNG HIJAU
JAKARTA SELATAN,PESANGGRAHAN,JL. GEDUNG HIJAU
JAKARTA SELATAN,PESANGGRAHAN,JL. H. MUCHTAR RAYA
JAKARTA SELATAN,PESANGGRAHAN,JL. M. SAIDI RAYA
JAKARTA SELATAN,PESANGGRAHAN,JL. KARANG TENGAH
JAKARTA SELATAN,PESANGGRAHAN,JL. KESEHATAN RAYA
JAKARTA SELATAN,PESANGGRAHAN,JL. KESEHATAN
JAKARTA SELATAN,PESANGGRAHAN,JL. KESEHATAN II
JAKARTA SELATAN,PESANGGRAHAN,JL. KESEHATAN III
JAKARTA SELATAN,PESANGGRAHAN,JL. KESEHATAN IV
JAKARTA SELATAN,PESANGGRAHAN,JL. KESEHATAN V
JAKARTA SELATAN,PESANGGRAHAN,JL. KESEHATAN VI
JAKARTA SELATAN,PESANGGRAHAN,JL. KODAM BINTARO
JAKARTA SELATAN,PESANGGRAHAN,JL. MASJID DARUL FALAH
JAKARTA SELATAN,PESANGGRAHAN,JL. MURAI
JAKARTA SELATAN,PESANGGRAHAN,JL. MURAI
JAKARTA SELATAN,PESANGGRAHAN,JL. PAHLAWAN REMPOA
JAKARTA SELATAN,PESANGGRAHAN,JL. PESANGGRAHAN
JAKARTA SELATAN,PESANGGRAHAN,JL. PETUKANGAN RAYA
JAKARTA SELATAN,PESANGGRAHAN,JL. PETUKANGAN SELATAN
JAKARTA SELATAN,PESANGGRAHAN,JL. PETUKANGAN UTARA
JAKARTA SELATAN,PESANGGRAHAN,JL. PRAPATAN JOGLO
JAKARTA SELATAN,PESANGGRAHAN,JL. BINTARO PUSPITA RAYA
JAKARTA SELATAN,PESANGGRAHAN,JL. REMPOA RAYA
JAKARTA SELATAN,PESANGGRAHAN,JL. SABAR
JAKARTA SELATAN,PESANGGRAHAN,JL. SWADARMA
JAKARTA SELATAN,PESANGGRAHAN,JL. TAMAN ALFA INDAH
JAKARTA SELATAN,PESANGGRAHAN,JL. TAMAN PERKANTORAN BINTARO
JAKARTA SELATAN,PESANGGRAHAN,JL. ULUJAMI
JAKARTA SELATAN,PESANGGRAHAN,JL. RC VETERAN RAYA
JAKARTA SELATAN,PESANGGRAHAN,JL. PALEM PESANGGRAHAN
JAKARTA SELATAN,PESANGGRAHAN,JL. LINGKAR LUAR SELATAN
JAKARTA SELATAN,PESANGGRAHAN,JL. ANGGREK
JAKARTA SELATAN,PESANGGRAHAN,JL. KOSTRAD
JAKARTA SELATAN,PESANGGRAHAN,JL. RAWA PAPAN
JAKARTA SELATAN,PESANGGRAHAN,JL. RENGAS
JAKARTA SELATAN,PESANGGRAHAN,JL. KEMAJUAN
JAKARTA SELATAN,PESANGGRAHAN,JL. BINTARO UTARA
JAKARTA SELATAN,CILANDAK,JL. ABD MAJID
JAKARTA SELATAN,CILANDAK,JL. ABD MAJID DALAM
JAKARTA SELATAN,CILANDAK,JL. ABUSERIN
JAKARTA SELATAN,CILANDAK,JL. ADIYAKSA
JAKARTA SELATAN,CILANDAK,JL. ALBARKAH
JAKARTA SELATAN,CILANDAK,JL. ANDARA
JAKARTA SELATAN,CILANDAK,JL. ASEM DUA
JAKARTA SELATAN,CILANDAK,JL. BANGAU
JAKARTA SELATAN,CILANDAK,JL. BATAN
JAKARTA SELATAN,CILANDAK,JL. BDN
JAKARTA SELATAN,CILANDAK,JL. BDN
JAKARTA SELATAN,CILANDAK,JL. BDN II
JAKARTA SELATAN,CILANDAK,JL. CARINGIN BARAT
JAKARTA SELATAN,CILANDAK,JL. CILANDAK
JAKARTA SELATAN,CILANDAK,JL. CILANDAK BAWAH
JAKARTA SELATAN,CILANDAK,JL. CILANDAK DALAM
JAKARTA SELATAN,CILANDAK,JL. CILANDAK
JAKARTA SELATAN,CILANDAK,JL. CILANDAK II
JAKARTA SELATAN,CILANDAK,JL. CILANDAK III
JAKARTA SELATAN,CILANDAK,JL. CILANDAK IV
JAKARTA SELATAN,CILANDAK,JL. CILANDAK IX
JAKARTA SELATAN,CILANDAK,JL. CILANDAK TENGAH
JAKARTA SELATAN,CILANDAK,JL. CILANDAK V
JAKARTA SELATAN,CILANDAK,JL. CILANDAK VI
JAKARTA SELATAN,CILANDAK,JL. CILANDAK VII
JAKARTA SELATAN,CILANDAK,JL. CILANDAK VIII
JAKARTA SELATAN,CILANDAK,JL. CILANDAK X
JAKARTA SELATAN,CILANDAK,JL. CILANDAK XI
JAKARTA SELATAN,CILANDAK,JL. CINERE
JAKARTA SELATAN,CILANDAK,JL. CIPETE RAYA
JAKARTA SELATAN,CILANDAK,JL. CIPUTAT
JAKARTA SELATAN,CILANDAK,JL. H. ABDUL MAJID
JAKARTA SELATAN,CILANDAK,JL. H. BATONG
JAKARTA SELATAN,CILANDAK,JL. H. IPIN
JAKARTA SELATAN,CILANDAK,JL. H. NAWI
JAKARTA SELATAN,CILANDAK,JL. HAJI NAWI
JAKARTA SELATAN,CILANDAK,JL. JAPAGOR
JAKARTA SELATAN,CILANDAK,JL. KARANG TENGAH
JAKARTA SELATAN,CILANDAK,JL. KARANG TENGAH
JAKARTA SELATAN,CILANDAK,JL. KOMP. BUKIT INDAH
JAKARTA SELATAN,CILANDAK,JL. KOMP. DUTA MAS FATMAWATI
JAKARTA SELATAN,CILANDAK,JL. KOMP. GOLDEN PLAZA
JAKARTA SELATAN,CILANDAK,JL. KOMP. VILLA DELIMA
JAKARTA SELATAN,CILANDAK,JL. KOMPLEK PT. TIMAH
JAKARTA SELATAN,CILANDAK,JL. KRAMAT BATU DALAM
JAKARTA SELATAN,CILANDAK,JL. LEBAK BULUS
JAKARTA SELATAN,CILANDAK,JL. LEBAK BULUS
JAKARTA SELATAN,CILANDAK,JL. LEBAK BULUS II
JAKARTA SELATAN,CILANDAK,JL. LEBAK BULUS III
JAKARTA SELATAN,CILANDAK,JL. LEBAK BULUS IV
JAKARTA SELATAN,CILANDAK,JL. LEBAK BULUS PDK
JAKARTA SELATAN,CILANDAK,JL. LEBAK BULUS V
JAKARTA SELATAN,CILANDAK,JL. LINGKAR I LEBAK BULUS
JAKARTA SELATAN,CILANDAK,JL. LINGKAR LUAR SELATAN
JAKARTA SELATAN,CILANDAK,JL. MADRASAH
JAKARTA SELATAN,CILANDAK,JL. MARGA GUNA
JAKARTA SELATAN,CILANDAK,JL. MARGASATWA RAYA
JAKARTA SELATAN,CILANDAK,JL. MPR DALAM III
JAKARTA SELATAN,CILANDAK,JL. PANGERAN ANTASARI
JAKARTA SELATAN,CILANDAK,JL. PANGKALAN JATI
JAKARTA SELATAN,CILANDAK,JL. PASAR JUM-AT
JAKARTA SELATAN,CILANDAK,JL. PINANG
JAKARTA SELATAN,CILANDAK,JL. PINANG
JAKARTA SELATAN,CILANDAK,JL. PINANG KALI JATI
JAKARTA SELATAN,CILANDAK,JL. PONDOK LABU
JAKARTA SELATAN,CILANDAK,JL. PURI MUTIARA
JAKARTA SELATAN,CILANDAK,JL. RA. KARTINI
JAKARTA SELATAN,CILANDAK,JL. RS. FATMAWATI
JAKARTA SELATAN,CILANDAK,JL. SWAKARYA
JAKARTA SELATAN,CILANDAK,JL. TAMAN CILANDAK
JAKARTA SELATAN,CILANDAK,JL. TAROGONG
JAKARTA SELATAN,CILANDAK,JL. TB. SIMATUPANG
JAKARTA SELATAN,CILANDAK,JL. WIJAYA KUSUMA
JAKARTA SELATAN,CILANDAK,JL. INTAN
JAKARTA SELATAN,CILANDAK,JL. CIPETE
JAKARTA SELATAN,CILANDAK,JL. CIPETE II
JAKARTA SELATAN,CILANDAK,JL. CIPETE III
JAKARTA SELATAN,CILANDAK,JL. CIPETE IV
JAKARTA SELATAN,CILANDAK,JL. CIPETE V
JAKARTA SELATAN,CILANDAK,JL. CIPETE VII
JAKARTA SELATAN,CILANDAK,JL. CIPETE VIII
JAKARTA SELATAN,CILANDAK,JL. CIPETE DALAM
JAKARTA SELATAN,CILANDAK,JL. GAHARU
JAKARTA SELATAN,CILANDAK,JL. PURI SAKTI
JAKARTA SELATAN,CILANDAK,JL. H. JUNAEDI
JAKARTA SELATAN,CILANDAK,JL. H. BATONG
JAKARTA SELATAN,CILANDAK,JL. PELITA
JAKARTA SELATAN,CILANDAK,JL. TEROGONG III
JAKARTA SELATAN,CILANDAK,JL. PONCOL
JAKARTA SELATAN,CILANDAK,JL. PERTANIAN
JAKARTA SELATAN,PASAR MINGGU,JL. A U P
JAKARTA SELATAN,PASAR MINGGU,JL. AMIL
JAKARTA SELATAN,PASAR MINGGU,JL. AMPERA
JAKARTA SELATAN,PASAR MINGGU,JL. ANGSANA
JAKARTA SELATAN,PASAR MINGGU,JL. BACANG II
JAKARTA SELATAN,PASAR MINGGU,JL. BACANG III
JAKARTA SELATAN,PASAR MINGGU,JL. BACANG IV
JAKARTA SELATAN,PASAR MINGGU,JL. BACANG V
JAKARTA SELATAN,PASAR MINGGU,JL. BACANG VI
JAKARTA SELATAN,PASAR MINGGU,JL. BAKTI
JAKARTA SELATAN,PASAR MINGGU,JL. BAMBU KUNING
JAKARTA SELATAN,PASAR MINGGU,JL. BAUNG
JAKARTA SELATAN,PASAR MINGGU,JL. BENDA
JAKARTA SELATAN,PASAR MINGGU,JL. BUNCIT RAYA
JAKARTA SELATAN,PASAR MINGGU,JL. DAMAI
JAKARTA SELATAN,PASAR MINGGU,JL. EMPANG TIGA
JAKARTA SELATAN,PASAR MINGGU,JL. GURAME
JAKARTA SELATAN,PASAR MINGGU,JL. H. AMIL
JAKARTA SELATAN,PASAR MINGGU,JL. H. SAMALI/SAMADI
JAKARTA SELATAN,PASAR MINGGU,JL. HARSONO R.M
JAKARTA SELATAN,PASAR MINGGU,JL. JATI MURNI
JAKARTA SELATAN,PASAR MINGGU,JL. JATI PADANG
JAKARTA SELATAN,PASAR MINGGU,JL. JERUK PURUT
JAKARTA SELATAN,PASAR MINGGU,JL. KAVLING POLRI
JAKARTA SELATAN,PASAR MINGGU,JL. KEBAGUSAN
JAKARTA SELATAN,PASAR MINGGU,JL. KEBAGUSAN II
JAKARTA SELATAN,PASAR MINGGU,JL. KEBAGUSAN III
JAKARTA SELATAN,PASAR MINGGU,JL. KEBAGUSAN IV
JAKARTA SELATAN,PASAR MINGGU,JL. KEBAGUSAN RAYA
JAKARTA SELATAN,PASAR MINGGU,JL. KEBUN BINATANG
JAKARTA SELATAN,PASAR MINGGU,JL. KEBUN BINATANG RAGUNAN
JAKARTA SELATAN,PASAR MINGGU,JL. KEMANG SELATAN
JAKARTA SELATAN,PASAR MINGGU,JL. KEMANG SELATAN
JAKARTA SELATAN,PASAR MINGGU,JL. KEMANG TIMUR
JAKARTA SELATAN,PASAR MINGGU,JL. KEMUNING
JAKARTA SELATAN,PASAR MINGGU,JL. KKO RAYA
JAKARTA SELATAN,PASAR MINGGU,JL. MADRASAH
JAKARTA SELATAN,PASAR MINGGU,JL. MARGASATWA BARAT
JAKARTA SELATAN,PASAR MINGGU,JL. MARGASATWA RAYA
JAKARTA SELATAN,PASAR MINGGU,JL. MASJID AL HIDAYAH
JAKARTA SELATAN,PASAR MINGGU,JL. MELATI
JAKARTA SELATAN,PASAR MINGGU,JL. MESJID AL FAJRI
JAKARTA SELATAN,PASAR MINGGU,JL. MUJAIR
JAKARTA SELATAN,PASAR MINGGU,JL. NANGKA
JAKARTA SELATAN,PASAR MINGGU,JL. PEJATEN BARAT RAYA
JAKARTA SELATAN,PASAR MINGGU,JL. PEJATEN RAYA
JAKARTA SELATAN,PASAR MINGGU,JL. POL TANGAN
JAKARTA SELATAN,PASAR MINGGU,JL. RAWAJATI TIMUR
JAKARTA SELATAN,PASAR MINGGU,JL. RAYA PASAR MINGGU
JAKARTA SELATAN,PASAR MINGGU,JL. RAYA RAGUNAN
JAKARTA SELATAN,PASAR MINGGU,JL. RAYA RAWA BAMBU
JAKARTA SELATAN,PASAR MINGGU,JL. RAYA TERMINAL BARU
JAKARTA SELATAN,PASAR MINGGU,JL. SACO
JAKARTA SELATAN,PASAR MINGGU,JL. SALIARA
JAKARTA SELATAN,PASAR MINGGU,JL. SAWO MANILA
JAKARTA SELATAN,PASAR MINGGU,JL. SIAGA
JAKARTA SELATAN,PASAR MINGGU,JL. SIAGA
JAKARTA SELATAN,PASAR MINGGU,JL. SIAGA 11
JAKARTA SELATAN,PASAR MINGGU,JL. SWADAYA
JAKARTA SELATAN,PASAR MINGGU,JL. TAMAN MARGASATWA
JAKARTA SELATAN,PASAR MINGGU,JL. TANJUNG BARAT
JAKARTA SELATAN,PASAR MINGGU,JL. TB. SIMATUPANG
JAKARTA SELATAN,PASAR MINGGU,JL. WARGA
JAKARTA SELATAN,PASAR MINGGU,JL. WARUNG JATI BARAT
JAKARTA SELATAN,PASAR MINGGU,JL. KEMANG SELATAN XII
JAKARTA SELATAN,PASAR MINGGU,JL. PEDURENAN
JAKARTA SELATAN,PASAR MINGGU,JL. SAWO MANILA UNAS
JAKARTA SELATAN,PASAR MINGGU,JL. RAWA JATI TIMUR
JAKARTA SELATAN,PASAR MINGGU,JL. BATU
JAKARTA SELATAN,PASAR MINGGU,JL. AYUB
JAKARTA SELATAN,PASAR MINGGU,JL. H NOOR
JAKARTA SELATAN,PASAR MINGGU,JL. SEPAT
JAKARTA SELATAN,PASAR MINGGU,JL. JATI PADANG UTARA
JAKARTA SELATAN,PASAR MINGGU,JL. KENANGA
JAKARTA SELATAN,PASAR MINGGU,JL. BENDA ATAS
JAKARTA SELATAN,PASAR MINGGU,JL. JOE
JAKARTA SELATAN,PASAR MINGGU,JL. PAGUJATEN
JAKARTA SELATAN,PASAR MINGGU,JL. POLTANGAN I - V
JAKARTA SELATAN,PASAR MINGGU,JL. GUNUK
JAKARTA SELATAN,PASAR MINGGU,JL. SWADAYA
JAKARTA SELATAN,PASAR MINGGU,JL. ASSAKINAH
JAKARTA SELATAN,PASAR MINGGU,JL. PEKAYON
JAKARTA SELATAN,PASAR MINGGU,JL. PEJATEN BARAT
JAKARTA SELATAN,PASAR MINGGU,JL. PEJATEN BARAT II
JAKARTA SELATAN,PASAR MINGGU,JL. PEJATEN BARAT III
JAKARTA SELATAN,PASAR MINGGU,JL. PEJATEN BARAT IV
JAKARTA SELATAN,JAGAKARSA,JL. AGUNG RAYA
JAKARTA SELATAN,JAGAKARSA,JL. ASELIH
JAKARTA SELATAN,JAGAKARSA,JL. BAUNG
JAKARTA SELATAN,JAGAKARSA,JL. BELIMBING
JAKARTA SELATAN,JAGAKARSA,JL. BRIGIF
JAKARTA SELATAN,JAGAKARSA,JL. JAGAKARSA
JAKARTA SELATAN,JAGAKARSA,JL. JERUK
JAKARTA SELATAN,JAGAKARSA,JL. JOE
JAKARTA SELATAN,JAGAKARSA,JL. KAVLING POLRI
JAKARTA SELATAN,JAGAKARSA,JL. KEBAGUSAN RAYA
JAKARTA SELATAN,JAGAKARSA,JL. KECAPI
JAKARTA SELATAN,JAGAKARSA,JL. KELAPA TIGA
JAKARTA SELATAN,JAGAKARSA,JL. LENTENG AGUNG
JAKARTA SELATAN,JAGAKARSA,JL. MARGASATWA BARAT
JAKARTA SELATAN,JAGAKARSA,JL. MARGASATWA RAYA
JAKARTA SELATAN,JAGAKARSA,JL. MOCH. KAFIFI
JAKARTA SELATAN,JAGAKARSA,JL. MOCH. KAHFI II
JAKARTA SELATAN,JAGAKARSA,JL. NANGKA
JAKARTA SELATAN,JAGAKARSA,JL. PASO
JAKARTA SELATAN,JAGAKARSA,JL. POL TANGAN
JAKARTA SELATAN,JAGAKARSA,JL. SADAR
JAKARTA SELATAN,JAGAKARSA,JL. SIRSAK
JAKARTA SELATAN,JAGAKARSA,JL. SRENGSENG SAWAH
JAKARTA SELATAN,JAGAKARSA,JL. TANJUNG BARAT
JAKARTA SELATAN,JAGAKARSA,JL. TB. SIMATUPANG
JAKARTA SELATAN,JAGAKARSA,JL. TIMBUL
JAKARTA SELATAN,JAGAKARSA,JL. TIMBUL CIGANJUR
JAKARTA SELATAN,JAGAKARSA,JL. WARUNG SILA
JAKARTA SELATAN,JAGAKARSA,JL. RANCHO INDAH
JAKARTA SELATAN,JAGAKARSA,KO TANJUNG MAS
JAKARTA SELATAN,JAGAKARSA,JL. HERMAN SUSILO
JAKARTA SELATAN,MAMPANG PRAPATAN,JL. ABDUL RAHIM
JAKARTA SELATAN,MAMPANG PRAPATAN,JL. BANGKA
JAKARTA SELATAN,MAMPANG PRAPATAN,JL. BANGKA II
JAKARTA SELATAN,MAMPANG PRAPATAN,JL. BANGKA 111
JAKARTA SELATAN,MAMPANG PRAPATAN,JL. BANGKA IV
JAKARTA SELATAN,MAMPANG PRAPATAN,JL. BANGKA IX
JAKARTA SELATAN,MAMPANG PRAPATAN,JL. BANGKA RAYA
JAKARTA SELATAN,MAMPANG PRAPATAN,JL. BANGKA SELATAN
JAKARTA SELATAN,MAMPANG PRAPATAN,JL. BANGKA V
JAKARTA SELATAN,MAMPANG PRAPATAN,JL. BANGKA VI
JAKARTA SELATAN,MAMPANG PRAPATAN,JL. BANGKA VII
JAKARTA SELATAN,MAMPANG PRAPATAN,JL. BANGKA VIII
JAKARTA SELATAN,MAMPANG PRAPATAN,JL. BANGKA X
JAKARTA SELATAN,MAMPANG PRAPATAN,JL. BANGKA XI
JAKARTA SELATAN,MAMPANG PRAPATAN,JL. BANGKA XII
JAKARTA SELATAN,MAMPANG PRAPATAN,JL. DUREN BANGKA
JAKARTA SELATAN,MAMPANG PRAPATAN,JL. JEND. GATOT SUBROTO
JAKARTA SELATAN,MAMPANG PRAPATAN,JL. KAPT. PIERE TENDEAN
JAKARTA SELATAN,MAMPANG PRAPATAN,JL. KEMANG
JAKARTA SELATAN,MAMPANG PRAPATAN,JL. KEMANG RAYA
JAKARTA SELATAN,MAMPANG PRAPATAN,JL. KEMANG SELATAN
JAKARTA SELATAN,MAMPANG PRAPATAN,JL. KEMANG SELATAN
JAKARTA SELATAN,MAMPANG PRAPATAN,JL. KEMANG SELATAN II
JAKARTA SELATAN,MAMPANG PRAPATAN,JL. KEMANG SELATAN III
JAKARTA SELATAN,MAMPANG PRAPATAN,JL. KEMANG SELATAN IV
JAKARTA SELATAN,MAMPANG PRAPATAN,JL. KEMANG SELATAN V
JAKARTA SELATAN,MAMPANG PRAPATAN,JL. KEMANG SELATAN VI
JAKARTA SELATAN,MAMPANG PRAPATAN,JL. KEMANG SELATAN VII
JAKARTA SELATAN,MAMPANG PRAPATAN,JL. KEMANG SELATAN VIII
JAKARTA SELATAN,MAMPANG PRAPATAN,JL. KEMANG TIMUR
JAKARTA SELATAN,MAMPANG PRAPATAN,JL. KEMANG UTARA
JAKARTA SELATAN,MAMPANG PRAPATAN,JL. KEMANG UTARA IX
JAKARTA SELATAN,MAMPANG PRAPATAN,JL. KUNINGAN BARAT
JAKARTA SELATAN,MAMPANG PRAPATAN,JL. KUNINGAN TERUSAN
JAKARTA SELATAN,MAMPANG PRAPATAN,JL. MAMPANG PRAPATAN
JAKARTA SELATAN,MAMPANG PRAPATAN,JL. MAMPANG PRAPATAN
JAKARTA SELATAN,MAMPANG PRAPATAN,JL. MAMPANG PRAPATAN II
JAKARTA SELATAN,MAMPANG PRAPATAN,JL. MAMPANG PRAPATAN III
JAKARTA SELATAN,MAMPANG PRAPATAN,JL. MAMPANG PRAPATAN IV
JAKARTA SELATAN,MAMPANG PRAPATAN,JL. MAMPANG PRAPATAN IX
JAKARTA SELATAN,MAMPANG PRAPATAN,JL. MAMPANG PRAPATAN V
JAKARTA SELATAN,MAMPANG PRAPATAN,JL. MAMPANG PRAPATAN VI
JAKARTA SELATAN,MAMPANG PRAPATAN,JL. MAMPANG PRAPATAN VII
JAKARTA SELATAN,MAMPANG PRAPATAN,JL. MAMPANG PRAPATAN VIII
JAKARTA SELATAN,MAMPANG PRAPATAN,JL. MAMPANG PRAPATAN X
JAKARTA SELATAN,MAMPANG PRAPATAN,JL. MAMPANG PRAPATAN XI
JAKARTA SELATAN,MAMPANG PRAPATAN,JL. MAMPANG PRAPATAN XII
JAKARTA SELATAN,MAMPANG PRAPATAN,JL. MESJID TEGAL PARANG
JAKARTA SELATAN,MAMPANG PRAPATAN,JL. PONDOK JAYA
JAKARTA SELATAN,MAMPANG PRAPATAN,JL. PONDOK KARYA
JAKARTA SELATAN,MAMPANG PRAPATAN,JL. TAMAN KEMANG
JAKARTA SELATAN,MAMPANG PRAPATAN,JL. TEGAL PARANG SELATAN
JAKARTA SELATAN,MAMPANG PRAPATAN,JL. TEGAL PARANG UTARA
JAKARTA SELATAN,PANCORAN,JL. BUNCIT RAYA
JAKARTA SELATAN,PANCORAN,JL. DUREN BANGKA
JAKARTA SELATAN,PANCORAN,JL. DUREN TIGA
JAKARTA SELATAN,PANCORAN,JL. DUREN TIGA SELATAN
JAKARTA SELATAN,PANCORAN,JL. DURI
JAKARTA SELATAN,PANCORAN,JL. EMPANG TIGA
JAKARTA SELATAN,PANCORAN,JL. H. SAMALI/SAMADI
JAKARTA SELATAN,PANCORAN,JL. JEND. GATOT SUBROTO
JAKARTA SELATAN,PANCORAN,JL. JEND. MT. HARYONO
JAKARTA SELATAN,PANCORAN,JL. KALIBATA INDAH
JAKARTA SELATAN,PANCORAN,JL. KALIBATA TENGAH
JAKARTA SELATAN,PANCORAN,JL. KALIBATA TIMUR
JAKARTA SELATAN,PANCORAN,JL. KALIBATA TIMUR
JAKARTA SELATAN,PANCORAN,JL. KALIBATA UTARA
JAKARTA SELATAN,PANCORAN,JL. KEMANG UTARA IX
JAKARTA SELATAN,PANCORAN,JL. MAMPANG PRAPATAN XIX
JAKARTA SELATAN,PANCORAN,JL. MAMPANG PRAPATAN XV
JAKARTA SELATAN,PANCORAN,JL. MAMPANG PRAPATAN XVI
JAKARTA SELATAN,PANCORAN,JL. MAMPANG PRAPATAN XVII
JAKARTA SELATAN,PANCORAN,JL. MAMPANG PRAPATAN XVIII
JAKARTA SELATAN,PANCORAN,JL. MAMPANG PRAPATAN XX
JAKARTA SELATAN,PANCORAN,JL. PANCORAN
JAKARTA SELATAN,PANCORAN,JL. PANCORAN BARAT
JAKARTA SELATAN,PANCORAN,JL. PANCORAN TIMUR
JAKARTA SELATAN,PANCORAN,JL. PENGADEGAN BARAT
JAKARTA SELATAN,PANCORAN,JL. PENGADEGAN SELATAN
JAKARTA SELATAN,PANCORAN,JL. PENGADEGAN TIMUR
JAKARTA SELATAN,PANCORAN,JL. PENGGADEGAN TIMUR
JAKARTA SELATAN,PANCORAN,JL. RAWAJATI TIMUR
JAKARTA SELATAN,PANCORAN,JL. RAYA PASAR MINGGU
JAKARTA SELATAN,PANCORAN,JL. TMP KALIBATA
JAKARTA SELATAN,PANCORAN,JL. WARUNG JATI BARAT
JAKARTA SELATAN,PANCORAN,JL. WARUNG JATI TIMUR
JAKARTA SELATAN,PANCORAN,JL. DUREN TIGA BARAT
JAKARTA SELATAN,PANCORAN,JL. DUREN TIGA UTARA
JAKARTA SELATAN,PANCORAN,JL. PANCORAN TIMUR II
JAKARTA SELATAN,PANCORAN,JL. PENGADEGAN UTARA
JAKARTA SELATAN,PANCORAN,JL. RAWAJATI TIMUR
JAKARTA SELATAN,PANCORAN,JL. CIKOKO
JAKARTA SELATAN,PANCORAN,JL. CIKOKO BARAT
JAKARTA SELATAN,PANCORAN,JL. CIKOKO TIMUR
JAKARTA SELATAN,PANCORAN,JL. AMIL
JAKARTA SELATAN,PANCORAN,JL. LOKA INDAH
JAKARTA SELATAN,PANCORAN,JL. MINYAK
JAKARTA SELATAN,PANCORAN,JL. GURU ALIP
JAKARTA SELATAN,PANCORAN,JL. JATILUHUR
JAKARTA SELATAN,PANCORAN,JL. TRILOKA
JAKARTA SELATAN,PANCORAN,JL. DAKSA PIUN
JAKARTA SELATAN,PANCORAN,JL. PERTANI
JAKARTA SELATAN,PANCORAN,JL. BUNCIT PERSADA
JAKARTA SELATAN,PANCORAN,JL. KALIBATA PULO
JAKARTA SELATAN,PANCORAN,JL. VETERAN
JAKARTA SELATAN,PANCORAN,JL. RAWAJATI BARAT
JAKARTA SELATAN,PANCORAN,JL. PLN
JAKARTA SELATAN,PANCORAN,JL. POTLOT
JAKARTA SELATAN,PANCORAN,JL. PERTANI
JAKARTA SELATAN,KEBAYORAN BARU,JL. ABD MAJID
JAKARTA SELATAN,KEBAYORAN BARU,JL. ABD MAJID DALAM
JAKARTA SELATAN,KEBAYORAN BARU,JL. ADITIAWARMAN
JAKARTA SELATAN,KEBAYORAN BARU,JL. AKRI KOMP. POLRI
JAKARTA SELATAN,KEBAYORAN BARU,JL. ANDARA
JAKARTA SELATAN,KEBAYORAN BARU,JL. ANGGREK
JAKARTA SELATAN,KEBAYORAN BARU,JL. ANTENA
JAKARTA SELATAN,KEBAYORAN BARU,JL. ANTENA II
JAKARTA SELATAN,KEBAYORAN BARU,JL. ANTENA III
JAKARTA SELATAN,KEBAYORAN BARU,JL. ANTENA IV
JAKARTA SELATAN,KEBAYORAN BARU,JL. ANTENA IX
JAKARTA SELATAN,KEBAYORAN BARU,JL. ANTENA V
JAKARTA SELATAN,KEBAYORAN BARU,JL. ANTENA VI
JAKARTA SELATAN,KEBAYORAN BARU,JL. ANTENA VII
JAKARTA SELATAN,KEBAYORAN BARU,JL. ANTENA VIII
JAKARTA SELATAN,KEBAYORAN BARU,JL. ANTENA X
JAKARTA SELATAN,KEBAYORAN BARU,JL. ANTENA XI
JAKARTA SELATAN,KEBAYORAN BARU,JL. ANTENA XII
JAKARTA SELATAN,KEBAYORAN BARU,JL. ANTENA XIII
JAKARTA SELATAN,KEBAYORAN BARU,JL. ANTENA XIV
JAKARTA SELATAN,KEBAYORAN BARU,JL. ANTENA XV
JAKARTA SELATAN,KEBAYORAN BARU,JL. ANTENA XVI
JAKARTA SELATAN,KEBAYORAN BARU,JL. ASIA AFRIKA/PINTU IX
JAKARTA SELATAN,KEBAYORAN BARU,JL. BACANG
JAKARTA SELATAN,KEBAYORAN BARU,JL. BAKTI
JAKARTA SELATAN,KEBAYORAN BARU,JL. BARITO
JAKARTA SELATAN,KEBAYORAN BARU,JL. BARITO II
JAKARTA SELATAN,KEBAYORAN BARU,JL. BATAN
JAKARTA SELATAN,KEBAYORAN BARU,JL. BELITUNG
JAKARTA SELATAN,KEBAYORAN BARU,JL. BENDA
JAKARTA SELATAN,KEBAYORAN BARU,JL. BENDA
JAKARTA SELATAN,KEBAYORAN BARU,JL. BENDA II
JAKARTA SELATAN,KEBAYORAN BARU,JL. BENDA III
JAKARTA SELATAN,KEBAYORAN BARU,JL. BENDA IV
JAKARTA SELATAN,KEBAYORAN BARU,JL. BENDA V
JAKARTA SELATAN,KEBAYORAN BARU,JL. BIRAH
JAKARTA SELATAN,KEBAYORAN BARU,JL. BIRAH II
JAKARTA SELATAN,KEBAYORAN BARU,JL. BIRAH III
JAKARTA SELATAN,KEBAYORAN BARU,JL. BIRAH IV
JAKARTA SELATAN,KEBAYORAN BARU,JL. BRAWIJAYA
JAKARTA SELATAN,KEBAYORAN BARU,JL. BULUNGAN
JAKARTA SELATAN,KEBAYORAN BARU,JL. BUMI
JAKARTA SELATAN,KEBAYORAN BARU,JL. BUNCIT
JAKARTA SELATAN,KEBAYORAN BARU,JL. CATUR
JAKARTA SELATAN,KEBAYORAN BARU,JL. CIASEM
JAKARTA SELATAN,KEBAYORAN BARU,JL. CIBITUNG
JAKARTA SELATAN,KEBAYORAN BARU,JL. CIBITUNG II
JAKARTA SELATAN,KEBAYORAN BARU,JL. CIBITUNG III
JAKARTA SELATAN,KEBAYORAN BARU,JL. CIBULAN
JAKARTA SELATAN,KEBAYORAN BARU,JL. CIBULAN II
JAKARTA SELATAN,KEBAYORAN BARU,JL. CIBULAN III
JAKARTA SELATAN,KEBAYORAN BARU,JL. CIBULAN IV
JAKARTA SELATAN,KEBAYORAN BARU,JL. CIBULAN IX
JAKARTA SELATAN,KEBAYORAN BARU,JL. CIBULAN RAYA
JAKARTA SELATAN,KEBAYORAN BARU,JL. CIBULAN V
JAKARTA SELATAN,KEBAYORAN BARU,JL. CIBULAN VI
JAKARTA SELATAN,KEBAYORAN BARU,JL. CIBULAN VII
JAKARTA SELATAN,KEBAYORAN BARU,JL. CIBULAN X
JAKARTA SELATAN,KEBAYORAN BARU,JL. CIBULAN XI
JAKARTA SELATAN,KEBAYORAN BARU,JL. CIBULAN XII
JAKARTA SELATAN,KEBAYORAN BARU,JL. CIGANJUR
JAKARTA SELATAN,KEBAYORAN BARU,JL. CIKAJANG
JAKARTA SELATAN,KEBAYORAN BARU,JL. CIKATOMAS
JAKARTA SELATAN,KEBAYORAN BARU,JL. CIKATOMAS II
JAKARTA SELATAN,KEBAYORAN BARU,JL. CINIRU
JAKARTA SELATAN,KEBAYORAN BARU,JL. CIPAKU
JAKARTA SELATAN,KEBAYORAN BARU,JL. CIPAKU II
JAKARTA SELATAN,KEBAYORAN BARU,JL. CIPAKU III
JAKARTA SELATAN,KEBAYORAN BARU,JL. CIPEDAK
JAKARTA SELATAN,KEBAYORAN BARU,JL. CIRAGIL
JAKARTA SELATAN,KEBAYORAN BARU,JL. CIRANJANG
JAKARTA SELATAN,KEBAYORAN BARU,JL. CISANGGIRI
JAKARTA SELATAN,KEBAYORAN BARU,JL. CISANGGIRI II
JAKARTA SELATAN,KEBAYORAN BARU,JL. CISANGGIRI III
JAKARTA SELATAN,KEBAYORAN BARU,JL. CISANGGIRI IV
JAKARTA SELATAN,KEBAYORAN BARU,JL. CISANGGIRI V
JAKARTA SELATAN,KEBAYORAN BARU,JL. CITAYAM
JAKARTA SELATAN,KEBAYORAN BARU,JL. DAKSA
JAKARTA SELATAN,KEBAYORAN BARU,JL. DAKSA II
JAKARTA SELATAN,KEBAYORAN BARU,JL. DAKSA III
JAKARTA SELATAN,KEBAYORAN BARU,JL. DAKSA IV
JAKARTA SELATAN,KEBAYORAN BARU,JL. DAKSA V
JAKARTA SELATAN,KEBAYORAN BARU,JL. DAMAI
JAKARTA SELATAN,KEBAYORAN BARU,JL. DARMAWANGSA
JAKARTA SELATAN,KEBAYORAN BARU,JL. DARMAWANGSA II
JAKARTA SELATAN,KEBAYORAN BARU,JL. DARMAWANGSA III
JAKARTA SELATAN,KEBAYORAN BARU,JL. DARMAWANGSA IV
JAKARTA SELATAN,KEBAYORAN BARU,JL. DARMAWANGSA IX
JAKARTA SELATAN,KEBAYORAN BARU,JL. DARMAWANGSA V
JAKARTA SELATAN,KEBAYORAN BARU,JL. DARMAWANGSA VI
JAKARTA SELATAN,KEBAYORAN BARU,JL. DARMAWANGSA VII
JAKARTA SELATAN,KEBAYORAN BARU,JL. DARMAWANGSA VIII
JAKARTA SELATAN,KEBAYORAN BARU,JL. DARMAWANGSA X
JAKARTA SELATAN,KEBAYORAN BARU,JL. DEMPO
JAKARTA SELATAN,KEBAYORAN BARU,JL. DEMPO II
JAKARTA SELATAN,KEBAYORAN BARU,JL. DEMPO III
JAKARTA SELATAN,KEBAYORAN BARU,JL. DEMPO IV
JAKARTA SELATAN,KEBAYORAN BARU,JL. DEMPO V
JAKARTA SELATAN,KEBAYORAN BARU,JL. DHARMAWANGSA
JAKARTA SELATAN,KEBAYORAN BARU,JL. DURIAN
JAKARTA SELATAN,KEBAYORAN BARU,JL. DWIJAYA
JAKARTA SELATAN,KEBAYORAN BARU,JL. DWIJAYA
JAKARTA SELATAN,KEBAYORAN BARU,JL. DWIJAYA II
JAKARTA SELATAN,KEBAYORAN BARU,JL. EMPU SENDOK
JAKARTA SELATAN,KEBAYORAN BARU,JL. ERLANGGA
JAKARTA SELATAN,KEBAYORAN BARU,JL. ERLANGGA II
JAKARTA SELATAN,KEBAYORAN BARU,JL. FALATEHAN
JAKARTA SELATAN,KEBAYORAN BARU,JL. GAHARU
JAKARTA SELATAN,KEBAYORAN BARU,JL. GAHARU II
JAKARTA SELATAN,KEBAYORAN BARU,JL. GALUNGGUNG
JAKARTA SELATAN,KEBAYORAN BARU,JL. GANDARIA
JAKARTA SELATAN,KEBAYORAN BARU,JL. GANDARIA
JAKARTA SELATAN,KEBAYORAN BARU,JL. GANDARIA TENGAH
JAKARTA SELATAN,KEBAYORAN BARU,JL. GANDARIA TENGAH II
JAKARTA SELATAN,KEBAYORAN BARU,JL. GANDARIA TENGAH III
JAKARTA SELATAN,KEBAYORAN BARU,JL. GANDARIA TENGAH IV
JAKARTA SELATAN,KEBAYORAN BARU,JL. GARUDA
JAKARTA SELATAN,KEBAYORAN BARU,JL. GUNAWARMAN
JAKARTA SELATAN,KEBAYORAN BARU,JL. H. ABDUL MAJID
JAKARTA SELATAN,KEBAYORAN BARU,JL. H. AOM
JAKARTA SELATAN,KEBAYORAN BARU,JL. H. JIAN
JAKARTA SELATAN,KEBAYORAN BARU,JL. H. SAIDI
JAKARTA SELATAN,KEBAYORAN BARU,JL. H. TING
JAKARTA SELATAN,KEBAYORAN BARU,JL. HALIMUN
JAKARTA SELATAN,KEBAYORAN BARU,JL. HANG JEBAT
JAKARTA SELATAN,KEBAYORAN BARU,JL. HANG LEKIR
JAKARTA SELATAN,KEBAYORAN BARU,JL. HANG LEKIU
JAKARTA SELATAN,KEBAYORAN BARU,JL. HANG LEKIU II
JAKARTA SELATAN,KEBAYORAN BARU,JL. HANG LEKIU III
JAKARTA SELATAN,KEBAYORAN BARU,JL. HANG LEKIU IV
JAKARTA SELATAN,KEBAYORAN BARU,JL. HANG LEKIU V
JAKARTA SELATAN,KEBAYORAN BARU,JL. HANG TUAH
JAKARTA SELATAN,KEBAYORAN BARU,JL. HANG TUAH
JAKARTA SELATAN,KEBAYORAN BARU,JL. HARSONO R.M
JAKARTA SELATAN,KEBAYORAN BARU,JL. HASANUDDIN DALAM
JAKARTA SELATAN,KEBAYORAN BARU,JL. HIDUP BARU
JAKARTA SELATAN,KEBAYORAN BARU,JL. ISKANDARSYAH
JAKARTA SELATAN,KEBAYORAN BARU,JL. JAMBLANG
JAKARTA SELATAN,KEBAYORAN BARU,JL. JAPAGOR
JAKARTA SELATAN,KEBAYORAN BARU,JL. JATI PADANG
JAKARTA SELATAN,KEBAYORAN BARU,JL. JATI UTARA
JAKARTA SELATAN,KEBAYORAN BARU,JL. JEMBATAN BARAT
JAKARTA SELATAN,KEBAYORAN BARU,JL. JEMBATAN SELATAN
JAKARTA SELATAN,KEBAYORAN BARU,JL. JEMBATAN TENGAH
JAKARTA SELATAN,KEBAYORAN BARU,JL. JEMBATAN TIMUR
JAKARTA SELATAN,KEBAYORAN BARU,JL. JEMBATAN UTARA
JAKARTA SELATAN,KEBAYORAN BARU,JL. JEND. GATOT SUBROTO
JAKARTA SELATAN,KEBAYORAN BARU,JL. JEND. SUDIRMAN
JAKARTA SELATAN,KEBAYORAN BARU,JL. JENGGALA
JAKARTA SELATAN,KEBAYORAN BARU,JL. JOHARI
JAKARTA SELATAN,KEBAYORAN BARU,"JL. JOKO SUTONO, SH"
JAKARTA SELATAN,KEBAYORAN BARU,JL. KARANG TENGAH
JAKARTA SELATAN,KEBAYORAN BARU,JL. KAVLING KEUANGAN
JAKARTA SELATAN,KEBAYORAN BARU,JL. KAWASAN SUDIRMAN SCBD
JAKARTA SELATAN,KEBAYORAN BARU,JL. KEBAGUSAN RAYA
JAKARTA SELATAN,KEBAYORAN BARU,JL. KEBAYORAN LAMA
JAKARTA SELATAN,KEBAYORAN BARU,JL. KEBON ANGGREK
JAKARTA SELATAN,KEBAYORAN BARU,JL. KERINCI
JAKARTA SELATAN,KEBAYORAN BARU,JL. KERINCI II
JAKARTA SELATAN,KEBAYORAN BARU,JL. KERINCI III
JAKARTA SELATAN,KEBAYORAN BARU,JL. KERINCI IV
JAKARTA SELATAN,KEBAYORAN BARU,JL. KERINCI IX
JAKARTA SELATAN,KEBAYORAN BARU,JL. KERINCI V
JAKARTA SELATAN,KEBAYORAN BARU,JL. KERINCI VI
JAKARTA SELATAN,KEBAYORAN BARU,JL. KERINCI VII
JAKARTA SELATAN,KEBAYORAN BARU,JL. KERINCI VIII
JAKARTA SELATAN,KEBAYORAN BARU,JL. KERINCI X
JAKARTA SELATAN,KEBAYORAN BARU,JL. KERINCI XI
JAKARTA SELATAN,KEBAYORAN BARU,JL. KERTANEGARA
JAKARTA SELATAN,KEBAYORAN BARU,JL. KESEHATAN
JAKARTA SELATAN,KEBAYORAN BARU,JL. KETIMUN
JAKARTA SELATAN,KEBAYORAN BARU,JL. KH. AHMAD DAHLAN
JAKARTA SELATAN,KEBAYORAN BARU,JL. KIRAI
JAKARTA SELATAN,KEBAYORAN BARU,JL. KOMPLEK BNI
JAKARTA SELATAN,KEBAYORAN BARU,JL. KUBIS
JAKARTA SELATAN,KEBAYORAN BARU,JL. KYAI MAJA
JAKARTA SELATAN,KEBAYORAN BARU,JL. LAMANDAU
JAKARTA SELATAN,KEBAYORAN BARU,JL. LAMANDAU II
JAKARTA SELATAN,KEBAYORAN BARU,JL. LAMANDAU III
JAKARTA SELATAN,KEBAYORAN BARU,JL. LAMANDAU IV
JAKARTA SELATAN,KEBAYORAN BARU,JL. LAMANDAU RAYA
JAKARTA SELATAN,KEBAYORAN BARU,JL. LANGSAT
JAKARTA SELATAN,KEBAYORAN BARU,JL. LEBAK BULUS
JAKARTA SELATAN,KEBAYORAN BARU,JL. LEUSER
JAKARTA SELATAN,KEBAYORAN BARU,JL. LINGKUNGAN
JAKARTA SELATAN,KEBAYORAN BARU,JL. MAHAKAM
JAKARTA SELATAN,KEBAYORAN BARU,JL. MARGA GUNA
JAKARTA SELATAN,KEBAYORAN BARU,JL. MARITIM
JAKARTA SELATAN,KEBAYORAN BARU,JL. MARTIMBANG
JAKARTA SELATAN,KEBAYORAN BARU,JL. MAS STAM
JAKARTA SELATAN,KEBAYORAN BARU,JL. MELAWAI
JAKARTA SELATAN,KEBAYORAN BARU,JL. MELAWAI III
JAKARTA SELATAN,KEBAYORAN BARU,JL. MELAWAI IV
JAKARTA SELATAN,KEBAYORAN BARU,JL. MELAWAI IX
JAKARTA SELATAN,KEBAYORAN BARU,JL. MELAWAI RAYA
JAKARTA SELATAN,KEBAYORAN BARU,JL. MELAWAI V
JAKARTA SELATAN,KEBAYORAN BARU,JL. MELAWAI VI
JAKARTA SELATAN,KEBAYORAN BARU,JL. MELAWAI VII
JAKARTA SELATAN,KEBAYORAN BARU,JL. MELAWAI VIII
JAKARTA SELATAN,KEBAYORAN BARU,JL. MELAWAI X
JAKARTA SELATAN,KEBAYORAN BARU,JL. MELAWAI XI
JAKARTA SELATAN,KEBAYORAN BARU,JL. MELAWAI XII
JAKARTA SELATAN,KEBAYORAN BARU,JL. MENDAWAI
JAKARTA SELATAN,KEBAYORAN BARU,JL. MENDAWAI II
JAKARTA SELATAN,KEBAYORAN BARU,JL. MENDAWAI III
JAKARTA SELATAN,KEBAYORAN BARU,JL. MENDAWAI IV
JAKARTA SELATAN,KEBAYORAN BARU,JL. METRO PONDOK INDAH
JAKARTA SELATAN,KEBAYORAN BARU,JL. MULAWARMAN
JAKARTA SELATAN,KEBAYORAN BARU,JL. NANGKA
JAKARTA SELATAN,KEBAYORAN BARU,JL. NIPAH
JAKARTA SELATAN,KEBAYORAN BARU,JL. NYI. AGENG SERANG
JAKARTA SELATAN,KEBAYORAN BARU,JL. PADANG PANJANG
JAKARTA SELATAN,KEBAYORAN BARU,JL. PAKUBUWONO VI
JAKARTA SELATAN,KEBAYORAN BARU,JL. PANGLIMA POLIM
JAKARTA SELATAN,KEBAYORAN BARU,JL. PANGLIMA POLIM
JAKARTA SELATAN,KEBAYORAN BARU,JL. PANGLIMA POLIM II
JAKARTA SELATAN,KEBAYORAN BARU,JL. PANGLIMA POLIM III
JAKARTA SELATAN,KEBAYORAN BARU,JL. PANGLIMA POLIM IV
JAKARTA SELATAN,KEBAYORAN BARU,JL. PANGLIMA POLIM IX
JAKARTA SELATAN,KEBAYORAN BARU,JL. PANGLIMA POLIM V
JAKARTA SELATAN,KEBAYORAN BARU,JL. PANGLIMA POLIM VI
JAKARTA SELATAN,KEBAYORAN BARU,JL. PANGLIMA POLIM VII
JAKARTA SELATAN,KEBAYORAN BARU,JL. PANGLIMA POLIM VIII
JAKARTA SELATAN,KEBAYORAN BARU,JL. PANGLIMA POLIM X
JAKARTA SELATAN,KEBAYORAN BARU,JL. PANGLIMA POLIM XI
JAKARTA SELATAN,KEBAYORAN BARU,JL. PANGLIMA POLIM XII
JAKARTA SELATAN,KEBAYORAN BARU,JL. PANGLIMA POLIM XIII
JAKARTA SELATAN,KEBAYORAN BARU,JL. PANGLIMA POLIM XIV
JAKARTA SELATAN,KEBAYORAN BARU,JL. PANJANG
JAKARTA SELATAN,KEBAYORAN BARU,JL. PATI UNUS
JAKARTA SELATAN,KEBAYORAN BARU,JL. PATIMURA
JAKARTA SELATAN,KEBAYORAN BARU,JL. PAYAKUMBUH
JAKARTA SELATAN,KEBAYORAN BARU,JL. PELA/KRAMAT PELA
JAKARTA SELATAN,KEBAYORAN BARU,JL. PETE
JAKARTA SELATAN,KEBAYORAN BARU,JL. PETOGOGAN
JAKARTA SELATAN,KEBAYORAN BARU,JL. PONDOK BETUNG
JAKARTA SELATAN,KEBAYORAN BARU,JL. PONDOK LABU
JAKARTA SELATAN,KEBAYORAN BARU,JL. PRAPANCA
JAKARTA SELATAN,KEBAYORAN BARU,JL. PROF. JOKO SUTONO
JAKARTA SELATAN,KEBAYORAN BARU,JL. PULO BANGKENG
JAKARTA SELATAN,KEBAYORAN BARU,JL. PULO RAYA
JAKARTA SELATAN,KEBAYORAN BARU,JL. PURNAWARMAN
JAKARTA SELATAN,KEBAYORAN BARU,JL. RADEN PATAH
JAKARTA SELATAN,KEBAYORAN BARU,JL. RADIO DALAM
JAKARTA SELATAN,KEBAYORAN BARU,JL. RAJASA
JAKARTA SELATAN,KEBAYORAN BARU,JL. RAJASA II
JAKARTA SELATAN,KEBAYORAN BARU,JL. RAJASA III
JAKARTA SELATAN,KEBAYORAN BARU,JL. RUBYI
JAKARTA SELATAN,KEBAYORAN BARU,JL. SAMA
JAKARTA SELATAN,KEBAYORAN BARU,JL. SAMPIT
JAKARTA SELATAN,KEBAYORAN BARU,JL. SAWAH LUNTO
JAKARTA SELATAN,KEBAYORAN BARU,JL. SENAYAN
JAKARTA SELATAN,KEBAYORAN BARU,JL. SENOPATI
JAKARTA SELATAN,KEBAYORAN BARU,JL. SINABUNG
JAKARTA SELATAN,KEBAYORAN BARU,JL. SINABUNG II
JAKARTA SELATAN,KEBAYORAN BARU,JL. SINABUNG III
JAKARTA SELATAN,KEBAYORAN BARU,JL. SINABUNG IV
JAKARTA SELATAN,KEBAYORAN BARU,JL. SINGGALANG
JAKARTA SELATAN,KEBAYORAN BARU,JL. SISINGAMANGARAJA
JAKARTA SELATAN,KEBAYORAN BARU,JL. SULTAN HASANUDDIN
JAKARTA SELATAN,KEBAYORAN BARU,JL. SUNAN AMPEL
JAKARTA SELATAN,KEBAYORAN BARU,JL. SUNAN KALIJAGA
JAKARTA SELATAN,KEBAYORAN BARU,JL. SUNGAI SAMBAS
JAKARTA SELATAN,KEBAYORAN BARU,JL. SUNGAI SAMBAS II
JAKARTA SELATAN,KEBAYORAN BARU,JL. SUNGAI SAMBAS III
JAKARTA SELATAN,KEBAYORAN BARU,JL. SUNGAI SAMBAS IV
JAKARTA SELATAN,KEBAYORAN BARU,JL. SURY0
JAKARTA SELATAN,KEBAYORAN BARU,JL. SWADAYA
JAKARTA SELATAN,KEBAYORAN BARU,JL. TAMAN DUTA
JAKARTA SELATAN,KEBAYORAN BARU,JL. TAMAN RADIO DALAM
JAKARTA SELATAN,KEBAYORAN BARU,JL. TAMAN RADIO DALAM 11
JAKARTA SELATAN,KEBAYORAN BARU,JL. TAMAN RADIO DALAM III
JAKARTA SELATAN,KEBAYORAN BARU,JL. TAMAN RADIO DALAM IV
JAKARTA SELATAN,KEBAYORAN BARU,JL. TAMAN RADIO DALAM IX
JAKARTA SELATAN,KEBAYORAN BARU,JL. TAMAN RADIO DALAM V
JAKARTA SELATAN,KEBAYORAN BARU,JL. TAMAN RADIO DALAM VI
JAKARTA SELATAN,KEBAYORAN BARU,JL. TAMAN RADIO DALAM VII
JAKARTA SELATAN,KEBAYORAN BARU,JL. TAMAN RADIO DALAM VIII
JAKARTA SELATAN,KEBAYORAN BARU,JL. TAROGONG
JAKARTA SELATAN,KEBAYORAN BARU,JL. TEBAH
JAKARTA SELATAN,KEBAYORAN BARU,JL. TEBAH II
JAKARTA SELATAN,KEBAYORAN BARU,JL. TEBAH III
JAKARTA SELATAN,KEBAYORAN BARU,JL. TEBAH IV
JAKARTA SELATAN,KEBAYORAN BARU,JL. TEBAH RAYA
JAKARTA SELATAN,KEBAYORAN BARU,JL. TEBAH V
JAKARTA SELATAN,KEBAYORAN BARU,JL. TEBAH VI
JAKARTA SELATAN,KEBAYORAN BARU,JL. TIRTAYASA
JAKARTA SELATAN,KEBAYORAN BARU,JL. TRUNOJOY0
JAKARTA SELATAN,KEBAYORAN BARU,JL. TULODONG ATAS
JAKARTA SELATAN,KEBAYORAN BARU,JL. TULODONG BAWAH
JAKARTA SELATAN,KEBAYORAN BARU,JL. WIDYA CHANDRA
JAKARTA SELATAN,KEBAYORAN BARU,JL. WIJAYA CHANDRA
JAKARTA SELATAN,KEBAYORAN BARU,JL. WIJAYA
JAKARTA SELATAN,KEBAYORAN BARU,JL. WIJAYA II
JAKARTA SELATAN,KEBAYORAN BARU,JL. WIJAYA III
JAKARTA SELATAN,KEBAYORAN BARU,JL. WIJAYA IV
JAKARTA SELATAN,KEBAYORAN BARU,JL. WIJAYA IX
JAKARTA SELATAN,KEBAYORAN BARU,JL. WIJAYA RAYA
JAKARTA SELATAN,KEBAYORAN BARU,JL. WIJAYA V
JAKARTA SELATAN,KEBAYORAN BARU,JL. WIJAYA VI
JAKARTA SELATAN,KEBAYORAN BARU,JL. WIJAYA VII
JAKARTA SELATAN,KEBAYORAN BARU,JL. WIJAYA VIII
JAKARTA SELATAN,KEBAYORAN BARU,JL. WIJAYA X
JAKARTA SELATAN,KEBAYORAN BARU,JL. WIJAYA XI
JAKARTA SELATAN,KEBAYORAN BARU,JL. WIJAYA XII
JAKARTA SELATAN,KEBAYORAN BARU,JL. WIJAYA XIII
JAKARTA SELATAN,KEBAYORAN BARU,JL. WIJAYA XIV
JAKARTA SELATAN,KEBAYORAN BARU,JL. WIJAYA XV
JAKARTA SELATAN,KEBAYORAN BARU,JL. WIJAYA XVI
JAKARTA SELATAN,KEBAYORAN BARU,JL. WOLTER MONGONSIDI
JAKARTA SELATAN,KEBAYORAN BARU,JL. YADO
JAKARTA SELATAN,KEBAYORAN BARU,JL. RS. FATMAWATI
JAKARTA SELATAN,KEBAYORAN BARU,JL. HAJI NAWI
JAKARTA SELATAN,KEBAYORAN BARU,JL. PANGERAN ANTASARI
JAKARTA SELATAN,KEBAYORAN BARU,JL. MARTIMBANG
JAKARTA SELATAN,KEBAYORAN BARU,JL. KH. M. SYAFI'I HADZAMI/GANDARIA
JAKARTA SELATAN,KEBAYORAN BARU,JL. MATARAM
JAKARTA SELATAN,KEBAYORAN BARU,JL. PERCETAKAN
JAKARTA SELATAN,KEBAYORAN BARU,JL. RADIO
JAKARTA SELATAN,KEBAYORAN BARU,JL. RADIO II
JAKARTA SELATAN,KEBAYORAN BARU,JL. RADIO III
JAKARTA SELATAN,KEBAYORAN BARU,JL. RADIO IV
JAKARTA SELATAN,KEBAYORAN BARU,JL. RADIO V
JAKARTA SELATAN,KEBAYORAN BARU,JL. OPHIR
JAKARTA SELATAN,KEBAYORAN BARU,JL. WIJAYA TIMUR
JAKARTA SELATAN,KEBAYORAN BARU,JL. SRIWIJAYA
JAKARTA SELATAN,SETIABUDI,JL. ANGGARAN DANAMON
JAKARTA SELATAN,SETIABUDI,JL. BEK MURAD
JAKARTA SELATAN,SETIABUDI,JL. BOGOR LAMA
JAKARTA SELATAN,SETIABUDI,JL. CASABLANCA
JAKARTA SELATAN,SETIABUDI,JL. DENPASAR RAYA
JAKARTA SELATAN,SETIABUDI,JL. DR. SAHARDJO
JAKARTA SELATAN,SETIABUDI,JL. GARNISUN
JAKARTA SELATAN,SETIABUDI,JL. GEMBIRA
JAKARTA SELATAN,SETIABUDI,JL. GUNTUR
JAKARTA SELATAN,SETIABUDI,JL. GURU MUGNI
JAKARTA SELATAN,SETIABUDI,JL. H. CUKONG
JAKARTA SELATAN,SETIABUDI,JL. H. SAILIN
JAKARTA SELATAN,SETIABUDI,JL. HR. RASUNA SAID
JAKARTA SELATAN,SETIABUDI,JL. JEND. GATOT SUBROTO
JAKARTA SELATAN,SETIABUDI,JL. JEND. SUDIRMAN
JAKARTA SELATAN,SETIABUDI,JL. KARANG ASEM RAYA
JAKARTA SELATAN,SETIABUDI,JL. KARBELA
JAKARTA SELATAN,SETIABUDI,JL. KARET CASABLANCA
JAKARTA SELATAN,SETIABUDI,JL. KARET DEPAN
JAKARTA SELATAN,SETIABUDI,JL. KARET KOMANDO RAYA
JAKARTA SELATAN,SETIABUDI,JL. KARET KUNINGAN
JAKARTA SELATAN,SETIABUDI,JL. KARET PASAR
JAKARTA SELATAN,SETIABUDI,JL. KARET RAYA
JAKARTA SELATAN,SETIABUDI,JL. KARET SAWAH
JAKARTA SELATAN,SETIABUDI,JL. KAVLING POLRI
JAKARTA SELATAN,SETIABUDI,JL. KAWASAN MEGA KUNINGAN
JAKARTA SELATAN,SETIABUDI,JL. KAWI
JAKARTA SELATAN,SETIABUDI,JL. KUNINGAN BARAT
JAKARTA SELATAN,SETIABUDI,JL. KUNINGAN MADYA
JAKARTA SELATAN,SETIABUDI,JL. KUNINGAN TERUSAN
JAKARTA SELATAN,SETIABUDI,JL. KUNINGAN UTAMA
JAKARTA SELATAN,SETIABUDI,JL. MENTENG ATAS SELATAN
JAKARTA SELATAN,SETIABUDI,JL. MENTENG PULO
JAKARTA SELATAN,SETIABUDI,JL. MENTENG WADAS
JAKARTA SELATAN,SETIABUDI,JL. MERAK
JAKARTA SELATAN,SETIABUDI,JL. MESJID
JAKARTA SELATAN,SETIABUDI,JL. MINANGKABAU
JAKARTA SELATAN,SETIABUDI,JL. MINANGKABAU DALAM
JAKARTA SELATAN,SETIABUDI,JL. MURIA
JAKARTA SELATAN,SETIABUDI,JL. PARIAMAN
JAKARTA SELATAN,SETIABUDI,JL. PATRA KUNINGAN
JAKARTA SELATAN,SETIABUDI,JL. PEDURENAN
JAKARTA SELATAN,SETIABUDI,JL. PERBANAS
JAKARTA SELATAN,SETIABUDI,JL. PKW. DR. SATRIO
JAKARTA SELATAN,SETIABUDI,JL. RS. MATA AINI
JAKARTA SELATAN,SETIABUDI,JL. SALAK
JAKARTA SELATAN,SETIABUDI,JL. SETIA BUDI
JAKARTA SELATAN,SETIABUDI,JL. SETIA BUDI RAYA BARAT
JAKARTA SELATAN,SETIABUDI,JL. SULTAN AGUNG
JAKARTA SELATAN,SETIABUDI,JL. TAMAN RASUNA
JAKARTA SELATAN,SETIABUDI,JL. TAMAN SETIABUDI
JAKARTA SELATAN,SETIABUDI,JL. SETIA BUDI SELATAN
JAKARTA SELATAN,SETIABUDI,JL. SETIA BUDI UTARA
JAKARTA SELATAN,SETIABUDI,JL. SETIA BUDI TENGAH
JAKARTA SELATAN,SETIABUDI,JL. SETIA BUDI TIMUR
JAKARTA SELATAN,SETIABUDI,JL. PERINTIS
JAKARTA SELATAN,SETIABUDI,JL. ANGGREK
JAKARTA SELATAN,TEBET,JL. AL BARKAH
JAKARTA SELATAN,TEBET,JL. ALBARKAH
JAKARTA SELATAN,TEBET,JL. ASEM BARIS
JAKARTA SELATAN,TEBET,JL. BANK INDONESIA
JAKARTA SELATAN,TEBET,JL. BUKIT DURI
JAKARTA SELATAN,TEBET,JL. BUKIT DURI BARAT
JAKARTA SELATAN,TEBET,JL. BUKIT DURI SELATAN
JAKARTA SELATAN,TEBET,JL. BUKIT DURI TANJAKAN
JAKARTA SELATAN,TEBET,JL. BUKIT DURI UTARA
JAKARTA SELATAN,TEBET,JL. CASABLANCA
JAKARTA SELATAN,TEBET,JL. DEPOSITO
JAKARTA SELATAN,TEBET,JL. DR. SAHARDJO
JAKARTA SELATAN,TEBET,JL. GUDANG PELURU
JAKARTA SELATAN,TEBET,JL. JAYA MANDALA RAYA
JAKARTA SELATAN,TEBET,JL. JEND. GATOT SUBROTO
JAKARTA SELATAN,TEBET,JL. JEND. MT. HARYONO
JAKARTA SELATAN,TEBET,JL. KAMPUNG MELAYU BESAR
JAKARTA SELATAN,TEBET,JL. KAMPUNG MELAYU KECIL
JAKARTA SELATAN,TEBET,JL. KEPODANG
JAKARTA SELATAN,TEBET,JL. KH. ABDULLAH SYAFEI/LAP ROOS
JAKARTA SELATAN,TEBET,JL. MANGGARAI SELATAN
JAKARTA SELATAN,TEBET,JL. MANGGARAI SELATAN
JAKARTA SELATAN,TEBET,JL. MANGGARAI SELATAN II
JAKARTA SELATAN,TEBET,JL. MANGGARAI UTARA
JAKARTA SELATAN,TEBET,JL. MANGGARAI UTARA II
JAKARTA SELATAN,TEBET,JL. MANGGARAI UTARA IV
JAKARTA SELATAN,TEBET,JL. MANGGARAI UTARA VI
JAKARTA SELATAN,TEBET,JL. MANGGIS
JAKARTA SELATAN,TEBET,JL. PAL BATU
JAKARTA SELATAN,TEBET,JL. PROF. DR. SUPOMO
JAKARTA SELATAN,TEBET,JL. RASAMALA
JAKARTA SELATAN,TEBET,JL. SAWO
JAKARTA SELATAN,TEBET,JL. SWADAYA
JAKARTA SELATAN,TEBET,JL. TAMAN TEBET
JAKARTA SELATAN,TEBET,JL. TEBET BARAT
JAKARTA SELATAN,TEBET,JL. TEBET BARAT DALAM
JAKARTA SELATAN,TEBET,JL. TEBET BARAT DALAM
JAKARTA SELATAN,TEBET,JL. TEBET BARAT DALAM II
JAKARTA SELATAN,TEBET,JL. TEBET BARAT DALAM III
JAKARTA SELATAN,TEBET,JL. TEBET BARAT DALAM IV
JAKARTA SELATAN,TEBET,JL. TEBET BARAT DALAM V
JAKARTA SELATAN,TEBET,JL. TEBET BARAT DALAM VI
JAKARTA SELATAN,TEBET,JL. TEBET BARAT DALAM VII
JAKARTA SELATAN,TEBET,JL. TEBET BARAT DALAM VIII
JAKARTA SELATAN,TEBET,JL. TEBET BARAT
JAKARTA SELATAN,TEBET,JL. TEBET BARAT II
JAKARTA SELATAN,TEBET,JL. TEBET BARAT III
JAKARTA SELATAN,TEBET,JL. TEBET BARAT IV
JAKARTA SELATAN,TEBET,JL. TEBET BARAT IX
JAKARTA SELATAN,TEBET,JL. TEBET BARAT RAYA
JAKARTA SELATAN,TEBET,JL. TEBET BARAT V
JAKARTA SELATAN,TEBET,JL. TEBET BARAT VI
JAKARTA SELATAN,TEBET,JL. TEBET BARAT VII
JAKARTA SELATAN,TEBET,JL. TEBET BARAT VIII
JAKARTA SELATAN,TEBET,JL. TEBET DALAM
JAKARTA SELATAN,TEBET,JL. TEBET RAYA
JAKARTA SELATAN,TEBET,JL. TEBET TIMUR
JAKARTA SELATAN,TEBET,JL. TEBET TIMUR DALAM II
JAKARTA SELATAN,TEBET,JL. TEBET TIMUR DALAM RAYA
JAKARTA SELATAN,TEBET,JL. TEBET UTARA DALAM
JAKARTA SELATAN,TEBET,JL. TEBET UTARA
JAKARTA SELATAN,TEBET,JL. TEBET UTARA II
JAKARTA SELATAN,TEBET,JL. TEBET UTARA RAYA
JAKARTA SELATAN,TEBET,JL. PERSADA
JAKARTA SELATAN,TEBET,JL. RAMLI
JAKARTA SELATAN,TEBET,JL. TEBET TIMUR DALAM XI
JAKARTA SELATAN,TEBET,JL. DUKUH PATRA
JAKARTA SELATAN,TEBET,JL. MENTENG PULO
JAKARTA TIMUR,PASAR REBO,JL. BELLY
JAKARTA TIMUR,PASAR REBO,JL. BERINGIN RAYA
JAKARTA TIMUR,PASAR REBO,JL. CONDET TENGAH
JAKARTA TIMUR,PASAR REBO,JL. DWIKORA
JAKARTA TIMUR,PASAR REBO,JL. GANDARIA RAYA
JAKARTA TIMUR,PASAR REBO,JL. GONGSENG RAYA
JAKARTA TIMUR,PASAR REBO,JL. H TAIMAN
JAKARTA TIMUR,PASAR REBO,JL. H. HASAN
JAKARTA TIMUR,PASAR REBO,JL. INPRES/KAMP. TENGAH
JAKARTA TIMUR,PASAR REBO,JL. JATI
JAKARTA TIMUR,PASAR REBO,JL. KALISARI II
JAKARTA TIMUR,PASAR REBO,JL. KALISARI III
JAKARTA TIMUR,PASAR REBO,JL. KALISARI RAYA
JAKARTA TIMUR,PASAR REBO,JL. KESEHATAN
JAKARTA TIMUR,PASAR REBO,JL. KIWI PKP
JAKARTA TIMUR,PASAR REBO,JL. LAPAN PEKAYON
JAKARTA TIMUR,PASAR REBO,JL. LAPANGAN TEMBAK CIBUBUR
JAKARTA TIMUR,PASAR REBO,JL. MADRASAH
JAKARTA TIMUR,PASAR REBO,JL. PEKAYON
JAKARTA TIMUR,PASAR REBO,JL. PENDIDIKAN
JAKARTA TIMUR,PASAR REBO,JL. PENDIDIKAN
JAKARTA TIMUR,PASAR REBO,JL. PENDIDIKAN III CIJANTUNG
JAKARTA TIMUR,PASAR REBO,JL. PERTENGAHAN
JAKARTA TIMUR,PASAR REBO,JL. PUSKESMAS KALISARI
JAKARTA TIMUR,PASAR REBO,JL. RA. FADILAH
JAKARTA TIMUR,PASAR REBO,JL. RASAMALA
JAKARTA TIMUR,PASAR REBO,JL. RAYA BOGOR
JAKARTA TIMUR,PASAR REBO,JL. RAYA CIJANTUNG
JAKARTA TIMUR,PASAR REBO,JL. RAYA TENGAH
JAKARTA TIMUR,PASAR REBO,JL. TB. SIMATUPANG/TOL TMII
JAKARTA TIMUR,PASAR REBO,JL. TRIKORA
JAKARTA TIMUR,PASAR REBO,JL. TRIKORA II
JAKARTA TIMUR,PASAR REBO,JL. TRIKORA III
JAKARTA TIMUR,PASAR REBO,JL. PONDOK BARU
JAKARTA TIMUR,PASAR REBO,JL. BENDERA
JAKARTA TIMUR,PASAR REBO,JL. BENGRAH
JAKARTA TIMUR,PASAR REBO,JL. LEBAK PARA
JAKARTA TIMUR,PASAR REBO,JL. MASJID
JAKARTA TIMUR,PASAR REBO,JL. WARU
JAKARTA TIMUR,PASAR REBO,JL. RAYA CONDET
JAKARTA TIMUR,PASAR REBO,JL. TAT TWAM ASI
JAKARTA TIMUR,PASAR REBO,JL. BALAI RAKYAT
JAKARTA TIMUR,PASAR REBO,JL. KAYU MANIS
JAKARTA TIMUR,PASAR REBO,JL. PESONA KALISARI
JAKARTA TIMUR,PASAR REBO,JL. INTISARI RAYA
JAKARTA TIMUR,PASAR REBO,JL. JAHA
JAKARTA TIMUR,PASAR REBO,JL. SMU 98
JAKARTA TIMUR,PASAR REBO,JL. LESTARI
JAKARTA TIMUR,PASAR REBO,JL. KENANGA
JAKARTA TIMUR,PASAR REBO,JL. BBIK
JAKARTA TIMUR,PASAR REBO,JL. TIPAR
JAKARTA TIMUR,PASAR REBO,JL. BUAH
JAKARTA TIMUR,PASAR REBO,JL. TELAGA
JAKARTA TIMUR,CIRACAS,JL. ABDUL RAHMAN
JAKARTA TIMUR,CIRACAS,JL. BLOK DUKUH
JAKARTA TIMUR,CIRACAS,JL. BULAK RINGIN
JAKARTA TIMUR,CIRACAS,JL. BUNGUR
JAKARTA TIMUR,CIRACAS,JL. CENTEX
JAKARTA TIMUR,CIRACAS,JL. CIBUBUR
JAKARTA TIMUR,CIRACAS,JL. CIBUBUR II
JAKARTA TIMUR,CIRACAS,JL. CIBUBUR INDAH
JAKARTA TIMUR,CIRACAS,JL. CIRACAS RAYA
JAKARTA TIMUR,CIRACAS,JL. H. JUSIN
JAKARTA TIMUR,CIRACAS,JL. HAJI BAPING
JAKARTA TIMUR,CIRACAS,JL. JAMBORE RAYA
JAKARTA TIMUR,CIRACAS,JL. KAMPUNG JATI
JAKARTA TIMUR,CIRACAS,JL. KARYA BAKTI
JAKARTA TIMUR,CIRACAS,JL. KELAPA DUA WETAN
JAKARTA TIMUR,CIRACAS,JL. KIWI RAYA
JAKARTA TIMUR,CIRACAS,JL. LAPANGAN TEMBAK CIBUBUR
JAKARTA TIMUR,CIRACAS,JL. LINGKAR LUAR SELATAN
JAKARTA TIMUR,CIRACAS,JL. MAKMUR
JAKARTA TIMUR,CIRACAS,JL. MANUNGGAL
JAKARTA TIMUR,CIRACAS,JL. MASJID
JAKARTA TIMUR,CIRACAS,JL. MUALIM
JAKARTA TIMUR,CIRACAS,JL. MUSTIKA RATU
JAKARTA TIMUR,CIRACAS,JL. NURUL HIDAYAH
JAKARTA TIMUR,CIRACAS,JL. PENGANTEN ALI
JAKARTA TIMUR,CIRACAS,JL. PKP RAYA BOGOR
JAKARTA TIMUR,CIRACAS,JL. PONCOL CIRACAS RAYA
JAKARTA TIMUR,CIRACAS,JL. PULE
JAKARTA TIMUR,CIRACAS,JL. PUSDIKA
JAKARTA TIMUR,CIRACAS,JL. RADAR AURI
JAKARTA TIMUR,CIRACAS,JL. RAYA BOGOR
JAKARTA TIMUR,CIRACAS,JL. SUCI
JAKARTA TIMUR,CIRACAS,JL. TANAH MERDEKA
JAKARTA TIMUR,CIRACAS,JL. TARUNA JAYA
JAKARTA TIMUR,CIRACAS,JL. TB. SIMATUPANG/TOL TMII
JAKARTA TIMUR,CIRACAS,JL. TOL JAGORAWI
JAKARTA TIMUR,CIRACAS,JL. H. JENIH
JAKARTA TIMUR,CIRACAS,JL. H. MUHAYANG
JAKARTA TIMUR,CIRACAS,JL. KAMPUNG BARU
JAKARTA TIMUR,CIRACAS,JL. CIBUBUR VIII
JAKARTA TIMUR,CIRACAS,JL. CIBUBUR VII
JAKARTA TIMUR,CIRACAS,JL. CIBUBUR VI
JAKARTA TIMUR,CIRACAS,JL. DAMAI
JAKARTA TIMUR,CIRACAS,JL. SUBUR
JAKARTA TIMUR,CIRACAS,JL. USMAN NAIN
JAKARTA TIMUR,CIRACAS,JL. MASJID AT TAUFIK
JAKARTA TIMUR,CIPAYUNG,JL. AL - BAIDHO
JAKARTA TIMUR,CIPAYUNG,JL. BAMBU APUS RAYA
JAKARTA TIMUR,CIPAYUNG,JL. BAMBU KUNING
JAKARTA TIMUR,CIPAYUNG,JL. BINA MARGA
JAKARTA TIMUR,CIPAYUNG,JL. BUMI PERKEMAHAN CIBUBUR
JAKARTA TIMUR,CIPAYUNG,JL. CEGER RAYA
JAKARTA TIMUR,CIPAYUNG,JL. CILANGKAP RAYA
JAKARTA TIMUR,CIPAYUNG,JL. CIPAYUNG RAYA
JAKARTA TIMUR,CIPAYUNG,JL. GEMPOL
JAKARTA TIMUR,CIPAYUNG,JL. HANKAM
JAKARTA TIMUR,CIPAYUNG,JL. KOMPLEK TMII
JAKARTA TIMUR,CIPAYUNG,JL. LINGKAR LUAR TOL CIBUBUR
JAKARTA TIMUR,CIPAYUNG,JL. LUBANG BUAYA
JAKARTA TIMUR,CIPAYUNG,JL. MABES HANKAM
JAKARTA TIMUR,CIPAYUNG,JL. MALAKA RAYA
JAKARTA TIMUR,CIPAYUNG,JL. MUNJUL RAYA
JAKARTA TIMUR,CIPAYUNG,JL. PAGELARANG
JAKARTA TIMUR,CIPAYUNG,JL. PANCASILA SAKTI
JAKARTA TIMUR,CIPAYUNG,JL. PINTU •TMII
JAKARTA TIMUR,CIPAYUNG,JL. PINTU TMII II
JAKARTA TIMUR,CIPAYUNG,JL. PONDOK GEDE RAYA
JAKARTA TIMUR,CIPAYUNG,JL. PONDOK RANGON
JAKARTA TIMUR,CIPAYUNG,JL. SETU
JAKARTA TIMUR,CIPAYUNG,JL. TMII
JAKARTA TIMUR,CIPAYUNG,JL. TOL JAGORAWI
JAKARTA TIMUR,CIPAYUNG,JL. CILANGKAP BARU
JAKARTA TIMUR,CIPAYUNG,JL. BUNI
JAKARTA TIMUR,CIPAYUNG,JL. ASSYAFIIYAH
JAKARTA TIMUR,CIPAYUNG,JL. RAWA BINONG
JAKARTA TIMUR,CIPAYUNG,JL. SWADAYA PD. RANGGON
JAKARTA TIMUR,CIPAYUNG,JL. TERUSAN MABES HANKAM
JAKARTA TIMUR,CIPAYUNG,JL. BANTAR JATI
JAKARTA TIMUR,KRAMAT JATI,JL. BATU AMPAR
JAKARTA TIMUR,KRAMAT JATI,JL. BATU AMPAR
JAKARTA TIMUR,KRAMAT JATI,JL. BATU AMPAR II
JAKARTA TIMUR,KRAMAT JATI,JL. BATU AMPAR III
JAKARTA TIMUR,KRAMAT JATI,JL. BULAK RANTAI
JAKARTA TIMUR,KRAMAT JATI,JL. CILILITAN BESAR
JAKARTA TIMUR,KRAMAT JATI,JL. CILIWUNG
JAKARTA TIMUR,KRAMAT JATI,JL. DEWI SARTIKA
JAKARTA TIMUR,KRAMAT JATI,JL. DUKUH
JAKARTA TIMUR,KRAMAT JATI,JL. DUKUH II
JAKARTA TIMUR,KRAMAT JATI,JL. DUKUH III
JAKARTA TIMUR,KRAMAT JATI,JL. GARDU
JAKARTA TIMUR,KRAMAT JATI,JL. H TAIMAN
JAKARTA TIMUR,KRAMAT JATI,JL. INERBANG
JAKARTA TIMUR,KRAMAT JATI,JL. INPRES/KAMP. TENGAH
JAKARTA TIMUR,KRAMAT JATI,JL. JEND. POL. RS SOEKAMTO
JAKARTA TIMUR,KRAMAT JATI,JL. KAMPUNG TENGAH
JAKARTA TIMUR,KRAMAT JATI,JL. KOBER
JAKARTA TIMUR,KRAMAT JATI,JL. LETJEN. MT. HARYONO
JAKARTA TIMUR,KRAMAT JATI,JL. MASJID AL-AMIN
JAKARTA TIMUR,KRAMAT JATI,JL. MAYJEN SUTOY0
JAKARTA TIMUR,KRAMAT JATI,JL. PONDOK GEDE RAYA
JAKARTA TIMUR,KRAMAT JATI,JL. RAYA BOGOR
JAKARTA TIMUR,KRAMAT JATI,JL. RAYA CONDET
JAKARTA TIMUR,KRAMAT JATI,JL. RAYA TENGAH
JAKARTA TIMUR,KRAMAT JATI,JL. TOL JAGORAWI
JAKARTA TIMUR,KRAMAT JATI,JL. KAYU MANIS
JAKARTA TIMUR,KRAMAT JATI,JL. MUNGGANG
JAKARTA TIMUR,KRAMAT JATI,JL. MANUNGGAL IX
JAKARTA TIMUR,KRAMAT JATI,JL. PUCUNG
JAKARTA TIMUR,KRAMAT JATI,JL. AMD
JAKARTA TIMUR,KRAMAT JATI,JL. KERJA BAKTI
JAKARTA TIMUR,KRAMAT JATI,JL. DATO TONGGARA
JAKARTA TIMUR,KRAMAT JATI,JL. RAYA KALIBATA
JAKARTA TIMUR,KRAMAT JATI,JL. MANDALA V
JAKARTA TIMUR,KRAMAT JATI,JL. SMA 14
JAKARTA TIMUR,KRAMAT JATI,JL. CILILITAN KECII
JAKARTA TIMUR,KRAMAT JATI,JL. MASJID BENDUNGAN
JAKARTA TIMUR,KRAMAT JATI,JL. H. ALI
JAKARTA TIMUR,KRAMAT JATI,JL. PENGGILINGAN BARU
JAKARTA TIMUR,KRAMAT JATI,JL. BATU AMPAR V
JAKARTA TIMUR,KRAMAT JATI,JL. BUDAYA
JAKARTA TIMUR,KRAMAT JATI,JL. RS. POLRI
JAKARTA TIMUR,KRAMAT JATI,JL. BATU AMPAR IV
JAKARTA TIMUR,KRAMAT JATI,JL. BUDI TANJUNG SANYANG
JAKARTA TIMUR,KRAMAT JATI,JL. DUKUH V
JAKARTA TIMUR,KRAMAT JATI,JL. JAANI NASIR
JAKARTA TIMUR,KRAMAT JATI,JL. KELAPA GADING V
JAKARTA TIMUR,KRAMAT JATI,JL. KWINI
JAKARTA TIMUR,KRAMAT JATI,JL. MASJID AL BARIYAH
JAKARTA TIMUR,KRAMAT JATI,JL. PETERNAKAN
JAKARTA TIMUR,KRAMAT JATI,JL. SALAK
JAKARTA TIMUR,KRAMAT JATI,JL. SMP 126
JAKARTA TIMUR,MAKASAR,JL. CILILITAN BESAR
JAKARTA TIMUR,MAKASAR,JL. HALIM PERDANA KUSUMA
JAKARTA TIMUR,MAKASAR,JL. JATIWARINGIN
JAKARTA TIMUR,MAKASAR,JL. JEND. DI. PANJAITAN
JAKARTA TIMUR,MAKASAR,JL. KERJA BAKTI
JAKARTA TIMUR,MAKASAR,JL. LAPANGAN GOLF HALIM PK
JAKARTA TIMUR,MAKASAR,JL. PERMATA
JAKARTA TIMUR,MAKASAR,JL. PINANG RANTI
JAKARTA TIMUR,MAKASAR,JL. PINTU TMII II
JAKARTA TIMUR,MAKASAR,JL. PONDOK GEDE RAYA
JAKARTA TIMUR,MAKASAR,JL. PUSDIKA
JAKARTA TIMUR,MAKASAR,JL. SELAWAH RAYA
JAKARTA TIMUR,MAKASAR,JL. SQUADRON
JAKARTA TIMUR,MAKASAR,JL. TARUM BARAT
JAKARTA TIMUR,MAKASAR,JL. TMII
JAKARTA TIMUR,MAKASAR,JL. TOL CIKAMPEK
JAKARTA TIMUR,MAKASAR,JL. TOL JAGORAWI
JAKARTA TIMUR,MAKASAR,JL. MANUHUA RAYA HALIM
JAKARTA TIMUR,MAKASAR,JL. KOMODOR HALIM PERDANA KUSUMA
JAKARTA TIMUR,MAKASAR,JL. TRIKORA HALIM
JAKARTA TIMUR,MAKASAR,JL. JENGKI
JAKARTA TIMUR,MAKASAR,JL. RAJAWALI HALIM
JAKARTA TIMUR,MAKASAR,JL. ASEM NIRBAYA
JAKARTA TIMUR,MAKASAR,JL. MERPATI KOMPTNI AU
JAKARTA TIMUR,MAKASAR,JL. TAMAN MINI I/PINTU MASUK I TMII
JAKARTA TIMUR,MAKASAR,JL. TOL BECAKAYU
JAKARTA TIMUR,MAKASAR,JL. KALIMALANG RAYA
JAKARTA TIMUR,MAKASAR,JL. WIRAJASA / KOMP JAT1WARING IN PERMAI
JAKARTA TIMUR,MAKASAR,JL. HANG MAUNDO / KOMP CURUG INDAH
JAKARTA TIMUR,MAKASAR,JL. MERIAM / KOMP KODAM
JAKARTA TIMUR,MAKASAR,JL. PINANG RANT / PUSKESMAS
JAKARTA TIMUR,MAKASAR,JL. GELANGGANG REMAJA
JAKARTA TIMUR,MAKASAR,JL. ANGKASA
JAKARTA TIMUR,MAKASAR,JL. PERINDUSTRIAN
JAKARTA TIMUR,MAKASAR,JL. MASJID DARUL KHAEROT
JAKARTA TIMUR,JATINEGARA,JL. ASURANSI
JAKARTA TIMUR,JATINEGARA,JL. BASUKI RACHMAT
JAKARTA TIMUR,JATINEGARA,JL. BEKASI BARAT
JAKARTA TIMUR,JATINEGARA,JL. BEKASI BARAT
JAKARTA TIMUR,JATINEGARA,JL. BEKASI
JAKARTA TIMUR,JATINEGARA,JL. BEKASI TIMUR
JAKARTA TIMUR,JATINEGARA,JL. BEKASI TIMUR II
JAKARTA TIMUR,JATINEGARA,JL. BEKASI TIMUR III
JAKARTA TIMUR,JATINEGARA,JL. BEKASI TIMUR IV
JAKARTA TIMUR,JATINEGARA,JL. BEKASI TIMUR IX
JAKARTA TIMUR,JATINEGARA,JL. BEKASI TIMUR V
JAKARTA TIMUR,JATINEGARA,JL. BEKASI TIMUR VI
JAKARTA TIMUR,JATINEGARA,JL. BEKASI TIMUR VII
JAKARTA TIMUR,JATINEGARA,JL. BEKASI TIMUR VIII
JAKARTA TIMUR,JATINEGARA,JL. BIRU LAUT
JAKARTA TIMUR,JATINEGARA,JL. CAWANG BARU
JAKARTA TIMUR,JATINEGARA,JL. CAWANG BARU TENGAH
JAKARTA TIMUR,JATINEGARA,JL. CENGHAY
JAKARTA TIMUR,JATINEGARA,JL. CIPINANG CEMPEDAK
JAKARTA TIMUR,JATINEGARA,JL. CIPINANG ELOK
JAKARTA TIMUR,JATINEGARA,JL. CIPINANG INDAH
JAKARTA TIMUR,JATINEGARA,JL. CIPINANG JAYA
JAKARTA TIMUR,JATINEGARA,JL. CIPINANG JAYA
JAKARTA TIMUR,JATINEGARA,JL. CIPINANG JAYA II
JAKARTA TIMUR,JATINEGARA,JL. CIPINANG MUARA
JAKARTA TIMUR,JATINEGARA,JL. CIPINANG MUARA
JAKARTA TIMUR,JATINEGARA,JL. CIPINANG MUARA II
JAKARTA TIMUR,JATINEGARA,JL. CIPINANG MUARA 111
JAKARTA TIMUR,JATINEGARA,JL. CIPINANG RAYA
JAKARTA TIMUR,JATINEGARA,JL. GRIYA WARTAWAN
JAKARTA TIMUR,JATINEGARA,JL. HAJI YAHYA
JAKARTA TIMUR,JATINEGARA,JL. I GUSTI NGURAH RAI
JAKARTA TIMUR,JATINEGARA,JL. JATINEGARA BARAT
JAKARTA TIMUR,JATINEGARA,JL. JATINEGARA BARAT
JAKARTA TIMUR,JATINEGARA,JL. JATINEGARA BARAT II
JAKARTA TIMUR,JATINEGARA,JL. JATINEGARA BARAT III
JAKARTA TIMUR,JATINEGARA,JL. JATINEGARA BARAT IV
JAKARTA TIMUR,JATINEGARA,JL. JATINEGARA TIMUR
JAKARTA TIMUR,JATINEGARA,JL. JATINEGARA TIMUR
JAKARTA TIMUR,JATINEGARA,JL. JATINEGARA TIMUR II
JAKARTA TIMUR,JATINEGARA,JL. JATINEGARA TIMUR III
JAKARTA TIMUR,JATINEGARA,JL. JATINEGARA TIMUR IV
JAKARTA TIMUR,JATINEGARA,JL. JEND. DI. PANJAITAN
JAKARTA TIMUR,JATINEGARA,JL. KALI MALANG
JAKARTA TIMUR,JATINEGARA,JL. KEBON NANAS SELATAN
JAKARTA TIMUR,JATINEGARA,JL. KEBON NANAS SELATAN II
JAKARTA TIMUR,JATINEGARA,JL. KEBON NANAS UTARA
JAKARTA TIMUR,JATINEGARA,JL. KEBON NANAS UTARA II
JAKARTA TIMUR,JATINEGARA,JL. KEBON PALA
JAKARTA TIMUR,JATINEGARA,JL. KEBON PALA II
JAKARTA TIMUR,JATINEGARA,JL. KEBON PALA III
JAKARTA TIMUR,JATINEGARA,JL. KEBON SAYUR
JAKARTA TIMUR,JATINEGARA,JL. KOBER PEDATI
JAKARTA TIMUR,JATINEGARA,JL. KP. MELAYU BESAR
JAKARTA TIMUR,JATINEGARA,JL. KP. PULO MAJA
JAKARTA TIMUR,JATINEGARA,JL. KP. TANAH MANISAN
JAKARTA TIMUR,JATINEGARA,JL. LETJEN. MT. HARYONO
JAKARTA TIMUR,JATINEGARA,JL. MADRASAH
JAKARTA TIMUR,JATINEGARA,JL. MADRASAH
JAKARTA TIMUR,JATINEGARA,JL. MAJALAH
JAKARTA TIMUR,JATINEGARA,JL. MATRAMAN RAYA
JAKARTA TIMUR,JATINEGARA,JL. MEDIA MASSA
JAKARTA TIMUR,JATINEGARA,JL. OTISTA
JAKARTA TIMUR,JATINEGARA,JL. OTISTA II
JAKARTA TIMUR,JATINEGARA,JL. OTISTA III
JAKARTA TIMUR,JATINEGARA,JL. OTTO ISKANDARDINATA
JAKARTA TIMUR,JATINEGARA,JL. PANTI ASUHAN
JAKARTA TIMUR,JATINEGARA,JL. PASAR BARAT
JAKARTA TIMUR,JATINEGARA,JL. PASAR CIPLAK
JAKARTA TIMUR,JATINEGARA,JL. PASAR JATINEGARA
JAKARTA TIMUR,JATINEGARA,JL. PASAR LAMA UTARA
JAKARTA TIMUR,JATINEGARA,JL. PASAR SELATAN
JAKARTA TIMUR,JATINEGARA,JL. PASAR TIMUR
JAKARTA TIMUR,JATINEGARA,JL. PASAR UTARA
JAKARTA TIMUR,JATINEGARA,JL. PEDATI
JAKARTA TIMUR,JATINEGARA,JL. PERMATA
JAKARTA TIMUR,JATINEGARA,JL. PERMATA
JAKARTA TIMUR,JATINEGARA,JL. PRUMPUNG TENGAH
JAKARTA TIMUR,JATINEGARA,JL. TAMAN SIMANJUNTAK
JAKARTA TIMUR,JATINEGARA,JL. TAMAN SIMANJUNTAK BARAT
JAKARTA TIMUR,JATINEGARA,JL. TAMAN SIMANJUNTAK TIMUR
JAKARTA TIMUR,JATINEGARA,JL. TANJUNG LENGKONG
JAKARTA TIMUR,JATINEGARA,JL. URIP SUMOHARDJO
JAKARTA TIMUR,JATINEGARA,JL. WEDANA
JAKARTA TIMUR,JATINEGARA,JL. RAWA SUMUR III
JAKARTA TIMUR,JATINEGARA,JL. PANCA WARNA / PASAR CIPLAK
JAKARTA TIMUR,JATINEGARA,JL. PERINTIS/CIPINANG MUARA
JAKARTA TIMUR,JATINEGARA,JL. PINTU PASAR
JAKARTA TIMUR,JATINEGARA,JL. PINTU PASAR BARAT
JAKARTA TIMUR,JATINEGARA,JL. PINTU PASAR TENGAH
JAKARTA TIMUR,JATINEGARA,JL. PINTU PASAR TIMUR
JAKARTA TIMUR,JATINEGARA,JL. PISANGAN BARU
JAKARTA TIMUR,JATINEGARA,JL. PISANGAN LAMA SELATAN
JAKARTA TIMUR,JATINEGARA,JL. PISANGAN LAMA TIMUR
JAKARTA TIMUR,JATINEGARA,JL. CIPINANG BESAR/ IPN KEBON NANAS
JAKARTA TIMUR,JATINEGARA,JL. CIPINANG LONTAR
JAKARTA TIMUR,JATINEGARA,JL. GAPURA PASAR
JAKARTA TIMUR,JATINEGARA,JL. CIPINANG BARU UTARA
JAKARTA TIMUR,JATINEGARA,JL. BEKASI TIMUR
JAKARTA TIMUR,JATINEGARA,JL. KEBON NANAS
JAKARTA TIMUR,JATINEGARA,JL. CIPINANG BALI
JAKARTA TIMUR,JATINEGARA,JL. MULYA JAYA
JAKARTA TIMUR,JATINEGARA,JL. BB.CIPINANG MUARA
JAKARTA TIMUR,DUREN SAWIT,JL. BALAI RAKYAT
JAKARTA TIMUR,DUREN SAWIT,JL. BAMBU ASRI SELATAN
JAKARTA TIMUR,DUREN SAWIT,JL. BASUKI RACHMAT
JAKARTA TIMUR,DUREN SAWIT,JL. BINA MARGA
JAKARTA TIMUR,DUREN SAWIT,JL. BUARAN RAYA
JAKARTA TIMUR,DUREN SAWIT,JL. BULAK
JAKARTA TIMUR,DUREN SAWIT,JL. BULAK BARAT
JAKARTA TIMUR,DUREN SAWIT,JL. BULAK RAYA
JAKARTA TIMUR,DUREN SAWIT,JL. BUNGA RAMPAI
JAKARTA TIMUR,DUREN SAWIT,JL. CIPINANG INDAH
JAKARTA TIMUR,DUREN SAWIT,JL. CIPINANG MUARA
JAKARTA TIMUR,DUREN SAWIT,JL. CIPINANG MUARA
JAKARTA TIMUR,DUREN SAWIT,JL. CIPINANG MUARA II
JAKARTA TIMUR,DUREN SAWIT,JL. CIPINANG MUARA III
JAKARTA TIMUR,DUREN SAWIT,JL. CURUG RAYA
JAKARTA TIMUR,DUREN SAWIT,JL. DELIMA RAYA
JAKARTA TIMUR,DUREN SAWIT,JL. DELIMA/PERUMNAS
JAKARTA TIMUR,DUREN SAWIT,JL. DERMAGA RAYA
JAKARTA TIMUR,DUREN SAWIT,JL. H TAIMAN
JAKARTA TIMUR,DUREN SAWIT,JL. H. DOGOL
JAKARTA TIMUR,DUREN SAWIT,JL. HAJI DAGON
JAKARTA TIMUR,DUREN SAWIT,JL. HAJI MIRAN
JAKARTA TIMUR,DUREN SAWIT,JL. HAJI NAMAN
JAKARTA TIMUR,DUREN SAWIT,JL. I GUSTI NGURAH RAI
JAKARTA TIMUR,DUREN SAWIT,JL. JEND. POL. RS SOEKAMTO
JAKARTA TIMUR,DUREN SAWIT,JL. KALI MALANG
JAKARTA TIMUR,DUREN SAWIT,JL. KAPIN
JAKARTA TIMUR,DUREN SAWIT,JL. KEJAKSAAN
JAKARTA TIMUR,DUREN SAWIT,JL. KELAPA HIBRIDA
JAKARTA TIMUR,DUREN SAWIT,JL. KELAPA KUNING RAYA
JAKARTA TIMUR,DUREN SAWIT,JL. KELAPA SAWIT RAYA
JAKARTA TIMUR,DUREN SAWIT,JL. KOLONEL SUGIONO
JAKARTA TIMUR,DUREN SAWIT,JL. KOMP. TAMAN BUARAN
JAKARTA TIMUR,DUREN SAWIT,JL. KOMP. TAMAN BUARAN IV
JAKARTA TIMUR,DUREN SAWIT,JL. LAUT ARAFURU
JAKARTA TIMUR,DUREN SAWIT,JL. LAUT BANDA
JAKARTA TIMUR,DUREN SAWIT,JL. LINGKAR DUREN SAWIT
JAKARTA TIMUR,DUREN SAWIT,JL. MADRASAH
JAKARTA TIMUR,DUREN SAWIT,JL. MADRASAH
JAKARTA TIMUR,DUREN SAWIT,JL. MALAKA MERAH
JAKARTA TIMUR,DUREN SAWIT,JL. MALAKA RAYA
JAKARTA TIMUR,DUREN SAWIT,JL. MANGGAR
JAKARTA TIMUR,DUREN SAWIT,JL. MASJID ABIDIN
JAKARTA TIMUR,DUREN SAWIT,JL. MASJID AL-AMIN
JAKARTA TIMUR,DUREN SAWIT,JL. MASJID AL-WUTSHO
JAKARTA TIMUR,DUREN SAWIT,JL. MAWAR MERAH
JAKARTA TIMUR,DUREN SAWIT,JL. MAYANG
JAKARTA TIMUR,DUREN SAWIT,JL. NUSA INDAH
JAKARTA TIMUR,DUREN SAWIT,JL. PAHLAWAN REVOLUSI
JAKARTA TIMUR,DUREN SAWIT,JL. PENDIDIKAN
JAKARTA TIMUR,DUREN SAWIT,JL. PERTANIAN
JAKARTA TIMUR,DUREN SAWIT,JL. PERUMNAS RAYA
JAKARTA TIMUR,DUREN SAWIT,JL. PONDOK BAMBU
JAKARTA TIMUR,DUREN SAWIT,JL. PONDOK KELAPA RAYA
JAKARTA TIMUR,DUREN SAWIT,JL. PONDOK KOPI
JAKARTA TIMUR,DUREN SAWIT,JL. RADEN INTEN
JAKARTA TIMUR,DUREN SAWIT,JL. RAWA DOMBA
JAKARTA TIMUR,DUREN SAWIT,JL. ROBUSTA
JAKARTA TIMUR,DUREN SAWIT,JL. SWADAYA
JAKARTA TIMUR,DUREN SAWIT,JL. SWADAYA II
JAKARTA TIMUR,DUREN SAWIT,JL. SWADAYA IV
JAKARTA TIMUR,DUREN SAWIT,JL. SWADAYA RAYA DUREN SAWIT
JAKARTA TIMUR,DUREN SAWIT,JL. TAMAN BUARAN
JAKARTA TIMUR,DUREN SAWIT,JL. TAMAN DUREN SAWIT
JAKARTA TIMUR,DUREN SAWIT,JL. TAMAN MALAKA SELATAN
JAKARTA TIMUR,DUREN SAWIT,JL. TERATAI PUTIH
JAKARTA TIMUR,DUREN SAWIT,JL. WIJAYA KUSUMA
JAKARTA TIMUR,DUREN SAWIT,JL. WIJAYA KUSUMA
JAKARTA TIMUR,DUREN SAWIT,JL. BULUH PERINDU
JAKARTA TIMUR,MATRAMAN,JL. ARJUNA
JAKARTA TIMUR,MATRAMAN,JL. ASEM GEDE
JAKARTA TIMUR,MATRAMAN,JL. BALAI RAKYAT
JAKARTA TIMUR,MATRAMAN,JL. BUNGA
JAKARTA TIMUR,MATRAMAN,JL. JEND. AHMAD YANI
JAKARTA TIMUR,MATRAMAN,JL. KAMPER
JAKARTA TIMUR,MATRAMAN,JL. KAYU MANIS BARAT
JAKARTA TIMUR,MATRAMAN,JL. KAYU MANIS
JAKARTA TIMUR,MATRAMAN,JL. KAYU MANIS II
JAKARTA TIMUR,MATRAMAN,JL. KAYU MANIS III
JAKARTA TIMUR,MATRAMAN,JL. KAYU MANIS IV
JAKARTA TIMUR,MATRAMAN,JL. KAYU MANIS IX
JAKARTA TIMUR,MATRAMAN,JL. KAYU MANIS TIMUR
JAKARTA TIMUR,MATRAMAN,JL. KAYU MANIS UTARA
JAKARTA TIMUR,MATRAMAN,JL. KAYU MANIS V
JAKARTA TIMUR,MATRAMAN,JL. KAYU MANIS VI
JAKARTA TIMUR,MATRAMAN,JL. KAYU MANIS VII
JAKARTA TIMUR,MATRAMAN,JL. KAYU MANIS VIII
JAKARTA TIMUR,MATRAMAN,JL. KEBON KELAPA
JAKARTA TIMUR,MATRAMAN,JL. KEBON MANGGIS
JAKARTA TIMUR,MATRAMAN,JL. KEBON MANGGIS II
JAKARTA TIMUR,MATRAMAN,JL. KEBON MANGGIS III
JAKARTA TIMUR,MATRAMAN,JL. KEBON MANGGIS IV
JAKARTA TIMUR,MATRAMAN,JL. KEBON SEREH BARAT
JAKARTA TIMUR,MATRAMAN,JL. KELAPA SAWIT
JAKARTA TIMUR,MATRAMAN,JL. KELAPA TINGGI
JAKARTA TIMUR,MATRAMAN,JL. KEMUNING
JAKARTA TIMUR,MATRAMAN,JL. KESATRIAAN
JAKARTA TIMUR,MATRAMAN,JL. KESATRIAAN
JAKARTA TIMUR,MATRAMAN,JL. KESATRIAAN II
JAKARTA TIMUR,MATRAMAN,JL. KESATRIAAN III
JAKARTA TIMUR,MATRAMAN,JL. KESATRIAAN IV
JAKARTA TIMUR,MATRAMAN,JL. KESATRIAAN IX
JAKARTA TIMUR,MATRAMAN,JL. KESATRIAAN V
JAKARTA TIMUR,MATRAMAN,JL. KESATRIAAN VI
JAKARTA TIMUR,MATRAMAN,JL. KESATRIAAN VII
JAKARTA TIMUR,MATRAMAN,JL. KESATRIAAN VIII
JAKARTA TIMUR,MATRAMAN,JL. KESATRIAAN X
JAKARTA TIMUR,MATRAMAN,JL. KESATRIAAN XI
JAKARTA TIMUR,MATRAMAN,JL. KH. AHMAD DAHLAN
JAKARTA TIMUR,MATRAMAN,JL. KRAMAT ASEM RAYA
JAKARTA TIMUR,MATRAMAN,JL. MATRAMAN
JAKARTA TIMUR,MATRAMAN,JL. MATRAMAN RAYA
JAKARTA TIMUR,MATRAMAN,JL. MEDE
JAKARTA TIMUR,MATRAMAN,JL. NANAS
JAKARTA TIMUR,MATRAMAN,JL. NANGKA
JAKARTA TIMUR,MATRAMAN,JL. PAL MERIAM
JAKARTA TIMUR,MATRAMAN,JL. PANDAN
JAKARTA TIMUR,MATRAMAN,JL. PENEGAK
JAKARTA TIMUR,MATRAMAN,JL. PENGGALANG
JAKARTA TIMUR,MATRAMAN,JL. PISANGAN BARU
JAKARTA TIMUR,MATRAMAN,JL. PISANGAN BARU SELATAN
JAKARTA TIMUR,MATRAMAN,JL. PISANGAN BARU TIMUR
JAKARTA TIMUR,MATRAMAN,JL. PISANGAN BARU UTARA
JAKARTA TIMUR,MATRAMAN,JL. PRAMUKA
JAKARTA TIMUR,MATRAMAN,JL. RASAMALA
JAKARTA TIMUR,MATRAMAN,JL. SLAMET RIYADI
JAKARTA TIMUR,MATRAMAN,JL. SLAMET RIYADI II
JAKARTA TIMUR,MATRAMAN,JL. SLAMET RIYADI III
JAKARTA TIMUR,MATRAMAN,JL. SLAMET RIYADI IV
JAKARTA TIMUR,MATRAMAN,JL. SLAMET RIYADI RAYA
JAKARTA TIMUR,MATRAMAN,JL. TEGALAN
JAKARTA TIMUR,MATRAMAN,JL. UTAN KAYU
JAKARTA TIMUR,MATRAMAN,JL. WAHAB
JAKARTA TIMUR,MATRAMAN,JL. WARINGIN
JAKARTA TIMUR,MATRAMAN,PISANGAN BARU TENGAH
JAKARTA TIMUR,PULOGADUNG,JL. ALU - ALU
JAKARTA TIMUR,PULOGADUNG,JL. ANGGREK
JAKARTA TIMUR,PULOGADUNG,JL. ANGKUR
JAKARTA TIMUR,PULOGADUNG,JL. BAJUBANG
JAKARTA TIMUR,PULOGADUNG,JL. BALAI PUSTAKA BARAT
JAKARTA TIMUR,PULOGADUNG,JL. BALAI PUSTAKA BARAT III
JAKARTA TIMUR,PULOGADUNG,JL. BALAI PUSTAKA BARU
JAKARTA TIMUR,PULOGADUNG,JL. BALAI PUSTAKA TIMUR
JAKARTA TIMUR,PULOGADUNG,JL. BALAP SEPEDA
JAKARTA TIMUR,PULOGADUNG,JL. BANGKIL
JAKARTA TIMUR,PULOGADUNG,JL. BANGUNAN
JAKARTA TIMUR,PULOGADUNG,JL. BANGUNAN BARAT
JAKARTA TIMUR,PULOGADUNG,JL. BEKASI TIMUR
JAKARTA TIMUR,PULOGADUNG,JL. BELANAK
JAKARTA TIMUR,PULOGADUNG,JL. CAKALANG
JAKARTA TIMUR,PULOGADUNG,JL. CIPINANG SODONG RAYA
JAKARTA TIMUR,PULOGADUNG,JL. CIPINANG TIMUR
JAKARTA TIMUR,PULOGADUNG,JL. GADING RAYA
JAKARTA TIMUR,PULOGADUNG,JL. HAJI TEN
JAKARTA TIMUR,PULOGADUNG,JL. IKIP
JAKARTA TIMUR,PULOGADUNG,JL. JATI BARANG
JAKARTA TIMUR,PULOGADUNG,JL. JATI BARANG II
JAKARTA TIMUR,PULOGADUNG,JL. JATI• BARANG III•
JAKARTA TIMUR,PULOGADUNG,JL. JATI BARANG IV
JAKARTA TIMUR,PULOGADUNG,JL. JATINEGARA KAUM
JAKARTA TIMUR,PULOGADUNG,JL. JEND. AHMAD YANI
JAKARTA TIMUR,PULOGADUNG,JL. KAYU JATI
JAKARTA TIMUR,PULOGADUNG,JL. KAYU MAS
JAKARTA TIMUR,PULOGADUNG,JL. KAYU PUTIH
JAKARTA TIMUR,PULOGADUNG,JL. KAYU PUTIH
JAKARTA TIMUR,PULOGADUNG,JL. KAYU PUTIH II
JAKARTA TIMUR,PULOGADUNG,JL. KAYU PUTIH III
JAKARTA TIMUR,PULOGADUNG,JL. KAYU PUTIH IV
JAKARTA TIMUR,PULOGADUNG,JL. KAYUPUTIH SELATAN
JAKARTA TIMUR,PULOGADUNG,JL. KAYUPUTIH TENGAH
JAKARTA TIMUR,PULOGADUNG,JL. KEDONDONG
JAKARTA TIMUR,PULOGADUNG,JL. KEMUNING
JAKARTA TIMUR,PULOGADUNG,JL. KENALI ASEM
JAKARTA TIMUR,PULOGADUNG,JL. KEPITING RAYA
JAKARTA TIMUR,PULOGADUNG,JL. KIKIR
JAKARTA TIMUR,PULOGADUNG,JL. LANGIT - LANGIT
JAKARTA TIMUR,PULOGADUNG,JL. LAYUR
JAKARTA TIMUR,PULOGADUNG,JL. LINDUNG
JAKARTA TIMUR,PULOGADUNG,JL. LOSTER
JAKARTA TIMUR,PULOGADUNG,JL. LUCIS
JAKARTA TIMUR,PULOGADUNG,JL. MASJID
JAKARTA TIMUR,PULOGADUNG,JL. NIBUNG
JAKARTA TIMUR,PULOGADUNG,JL. PACUAN KUDA
JAKARTA TIMUR,PULOGADUNG,JL. PANCA WARNA
JAKARTA TIMUR,PULOGADUNG,JL. PAUS
JAKARTA TIMUR,PULOGADUNG,JL. PEGAMBIRAN
JAKARTA TIMUR,PULOGADUNG,JL. PELITA
JAKARTA TIMUR,PULOGADUNG,JL. PEMUDA
JAKARTA TIMUR,PULOGADUNG,JL. PERINTIS KEMERDEKAAN
JAKARTA TIMUR,PULOGADUNG,JL. PERSAHABATAN
JAKARTA TIMUR,PULOGADUNG,JL. PERSAHABATAN TIMUR
JAKARTA TIMUR,PULOGADUNG,JL. PERSAHABATAN UTARA
JAKARTA TIMUR,PULOGADUNG,JL. PERSERIKATAN
JAKARTA TIMUR,PULOGADUNG,JL. PISANGAN LAMA
JAKARTA TIMUR,PULOGADUNG,JL. PISANGAN LAMA II
JAKARTA TIMUR,PULOGADUNG,JL. PISANGAN LAMA III
JAKARTA TIMUR,PULOGADUNG,JL. PISANGAN LAMA SELATAN
JAKARTA TIMUR,PULOGADUNG,JL. PISANGAN LAMA TIMUR
JAKARTA TIMUR,PULOGADUNG,JL. PLAPON
JAKARTA TIMUR,PULOGADUNG,JL. PLITUR
JAKARTA TIMUR,PULOGADUNG,JL. PONDASI
JAKARTA TIMUR,PULOGADUNG,JL. PORI
JAKARTA TIMUR,PULOGADUNG,JL. PRATEKAN
JAKARTA TIMUR,PULOGADUNG,JL. PULO ASEM
JAKARTA TIMUR,PULOGADUNG,JL. PULO ASEM
JAKARTA TIMUR,PULOGADUNG,JL. PULO ASEM II
JAKARTA TIMUR,PULOGADUNG,JL. PULO ASEM III
JAKARTA TIMUR,PULOGADUNG,JL. PULO ASEM IV
JAKARTA TIMUR,PULOGADUNG,JL. PULO ASEM IX
JAKARTA TIMUR,PULOGADUNG,JL. PULO ASEM V
JAKARTA TIMUR,PULOGADUNG,JL. PULO ASEM VI
JAKARTA TIMUR,PULOGADUNG,JL. PULO ASEM VII
JAKARTA TIMUR,PULOGADUNG,JL. PULO ASEM VIII
JAKARTA TIMUR,PULOGADUNG,JL. PULO ASEM X
JAKARTA TIMUR,PULOGADUNG,JL. PULO ASEM XI
JAKARTA TIMUR,PULOGADUNG,JL. PULO ASEM XII
JAKARTA TIMUR,PULOGADUNG,JL. PULO MAS RAYA
JAKARTA TIMUR,PULOGADUNG,JL. PULO NANGKA
JAKARTA TIMUR,PULOGADUNG,JL. PULO NANGKA BARAT
JAKARTA TIMUR,PULOGADUNG,JL. PULO NANGKA SELATAN
JAKARTA TIMUR,PULOGADUNG,JL. PULO NANGKA TENGAH
JAKARTA TIMUR,PULOGADUNG,JL. PULO NANGKA TIMUR
JAKARTA TIMUR,PULOGADUNG,JL. PULOMAS BARAT
JAKARTA TIMUR,PULOGADUNG,JL. PULOMAS BARAT II
JAKARTA TIMUR,PULOGADUNG,JL. PULOMAS BARAT III
JAKARTA TIMUR,PULOGADUNG,JL. PULOMAS BARAT IV
JAKARTA TIMUR,PULOGADUNG,JL. PULOMAS BARAT V
JAKARTA TIMUR,PULOGADUNG,JL. PULOMAS SELATAN
JAKARTA TIMUR,PULOGADUNG,JL. PULOMAS UTARA
JAKARTA TIMUR,PULOGADUNG,JL. PULOMAS UTARA II
JAKARTA TIMUR,PULOGADUNG,JL. PUOMAS UTARA III
JAKARTA TIMUR,PULOGADUNG,JL. RAJUNGAN
JAKARTA TIMUR,PULOGADUNG,JL. SERUT
JAKARTA TIMUR,PULOGADUNG,JL. SUNAN AMPEL
JAKARTA TIMUR,PULOGADUNG,JL. SUNAN BONANG
JAKARTA TIMUR,PULOGADUNG,JL. SUNAN DEMAK
JAKARTA TIMUR,PULOGADUNG,JL. SUNAN DRADJAT
JAKARTA TIMUR,PULOGADUNG,JL. SUNAN GESENG
JAKARTA TIMUR,PULOGADUNG,JL. SUNAN GIRI
JAKARTA TIMUR,PULOGADUNG,JL. SUNAN GUNUNG JATI
JAKARTA TIMUR,PULOGADUNG,JL. SUNAN KALI JAGA
JAKARTA TIMUR,PULOGADUNG,JL. SUNAN KANOMAN
JAKARTA TIMUR,PULOGADUNG,JL. SUNAN KESEPUHAN
JAKARTA TIMUR,PULOGADUNG,JL. SUNAN MURIA
JAKARTA TIMUR,PULOGADUNG,JL. SUNAN SEDAYU
JAKARTA TIMUR,PULOGADUNG,JL. TAMAN JELITA
JAKARTA TIMUR,PULOGADUNG,JL. TAMAN PULO ASEM
JAKARTA TIMUR,PULOGADUNG,JL. TANAH MAS SELATAN
JAKARTA TIMUR,PULOGADUNG,JL. TANAH MAS UTARA
JAKARTA TIMUR,PULOGADUNG,JL. TARUNA JAYA
JAKARTA TIMUR,PULOGADUNG,JL. TAWES
JAKARTA TIMUR,PULOGADUNG,JL. TEMBOK
JAKARTA TIMUR,PULOGADUNG,JL. TENGGIRI
JAKARTA TIMUR,PULOGADUNG,JL. TINER
JAKARTA TIMUR,PULOGADUNG,JL. TINER II
JAKARTA TIMUR,PULOGADUNG,JL. TINER III
JAKARTA TIMUR,PULOGADUNG,JL. TINER IV
JAKARTA TIMUR,PULOGADUNG,JL. TINER RAYA
JAKARTA TIMUR,PULOGADUNG,JL. TINER V
JAKARTA TIMUR,PULOGADUNG,JL. TINER VI
JAKARTA TIMUR,PULOGADUNG,JL. TINER VII
JAKARTA TIMUR,PULOGADUNG,JL. WARINGIN
JAKARTA TIMUR,PULOGADUNG,JL. WARINGIN BARAT
JAKARTA TIMUR,PULOGADUNG,JL. WARINGIN RAYA
JAKARTA TIMUR,PULOGADUNG,JL. WARU
JAKARTA TIMUR,PULOGADUNG,JL. WISMA JAYA
JAKARTA TIMUR,PULOGADUNG,JL. RAWAMANGUN BARAT
JAKARTA TIMUR,PULOGADUNG,JL. RAWAMANGUN MUKA
JAKARTA TIMUR,PULOGADUNG,JL. RAWAMANGUN MUKA TIMUR
JAKARTA TIMUR,PULOGADUNG,JL. RAWAMANGUN SELATAN
JAKARTA TIMUR,PULOGADUNG,JL. RAYA BEKASI
JAKARTA TIMUR,PULOGADUNG,JL. CIPINANG BARU
JAKARTA TIMUR,PULOGADUNG,JL. CIPINANG BARU TIMUR
JAKARTA TIMUR,PULOGADUNG,JL. BOJANA TIRTA
JAKARTA TIMUR,PULOGADUNG,JL. SWADAYA
JAKARTA TIMUR,PULOGADUNG,JL. BAWAL RAYA
JAKARTA TIMUR,PULOGADUNG,JL. PINANG
JAKARTA TIMUR,PULOGADUNG,JL. TERATE
JAKARTA TIMUR,PULOGADUNG,JL. KAYU PUTIH SELATAN
JAKARTA TIMUR,PULOGADUNG,JL. CIPINANG BUNDER
JAKARTA TIMUR,PULOGADUNG,JL. GURAME
JAKARTA TIMUR,PULOGADUNG,JL. PULO MAS TIMUR
JAKARTA TIMUR,PULOGADUNG,JL. SODONG
JAKARTA TIMUR,PULOGADUNG,JL. ARUS JATI
JAKARTA TIMUR,PULOGADUNG,JL. PERIKANI 1
JAKARTA TIMUR,CAKUNG,JL. RAYA BEKASI TIMUR
JAKARTA TIMUR,CAKUNG,JL. CAKUNG CILINCING
JAKARTA TIMUR,CAKUNG,JL. DR. KRT. RAJIMAN W
JAKARTA TIMUR,CAKUNG,JL. IRIGASI UJUNG MENTENG
JAKARTA TIMUR,CAKUNG,JL. JATINEGARA TIMUR II
JAKARTA TIMUR,CAKUNG,JL. KANDANG SAPI
JAKARTA TIMUR,CAKUNG,JL. KAWASAN PULO GADUNG JIEP
JAKARTA TIMUR,CAKUNG,JL. KAYU TINGGI
JAKARTA TIMUR,CAKUNG,JL. KOMP. JATINEGARA BARU
JAKARTA TIMUR,CAKUNG,JL. KOMP. JATINEGARA INDAH
JAKARTA TIMUR,CAKUNG,JL. KOMP. JGC
JAKARTA TIMUR,CAKUNG,JL. KOMP. MENTENG METROPOLITAN
JAKARTA TIMUR,CAKUNG,JL. KOMP. PULO GEBANG PERMAI
JAKARTA TIMUR,CAKUNG,JL. KOMP. TAMAN MODERN
JAKARTA TIMUR,CAKUNG,JL. KOMP. TAMAN PULO GEBANG
JAKARTA TIMUR,CAKUNG,JL. KOMP. TAMAN PULO INDAH
JAKARTA TIMUR,CAKUNG,JL. KOMP. UNITED TRAKTOR
JAKARTA TIMUR,CAKUNG,JL. PEMANCINGAN PULO GEBANG
JAKARTA TIMUR,CAKUNG,JL. PULO AYANG
JAKARTA TIMUR,CAKUNG,JL. PULO BUARAN
JAKARTA TIMUR,CAKUNG,JL. PULO GADUNG
JAKARTA TIMUR,CAKUNG,JL. PULO GEBANG
JAKARTA TIMUR,CAKUNG,JL. PULO JAHE
JAKARTA TIMUR,CAKUNG,JL. PULO KAMBING
JAKARTA TIMUR,CAKUNG,JL. PULO LENTUT
JAKARTA TIMUR,CAKUNG,JL. PULO LIO
JAKARTA TIMUR,CAKUNG,JL. PULO SIDIK
JAKARTA TIMUR,CAKUNG,JL. RAWA BALI
JAKARTA TIMUR,CAKUNG,JL. RAWA BEBEK
JAKARTA TIMUR,CAKUNG,JL. RAWA BULAK
JAKARTA TIMUR,CAKUNG,JL. RAWA BULAK II
JAKARTA TIMUR,CAKUNG,JL. RAWA GATEL
JAKARTA TIMUR,CAKUNG,JL. RAWA GELAM
JAKARTA TIMUR,CAKUNG,JL. RAWA GELAM
JAKARTA TIMUR,CAKUNG,JL. RAWA GELAM II
JAKARTA TIMUR,CAKUNG,JL. RAWA GELAM III
JAKARTA TIMUR,CAKUNG,JL. RAWA GELAM IV
JAKARTA TIMUR,CAKUNG,JL. RAWA GELAM V
JAKARTA TIMUR,CAKUNG,JL. RAWA GIRANG
JAKARTA TIMUR,CAKUNG,JL. RAWA KEPITING
JAKARTA TIMUR,CAKUNG,JL. RAWA KUNING
JAKARTA TIMUR,CAKUNG,JL. RAWA SUMUR
JAKARTA TIMUR,CAKUNG,JL. RAWA TERATE
JAKARTA TIMUR,CAKUNG,JL. RAWA UDANG
JAKARTA TIMUR,CAKUNG,JL. BEKASI RAYA/SULTAN HBW
JAKARTA TIMUR,CAKUNG,JL. RAYA KHOMARUDIN
JAKARTA TIMUR,CAKUNG,JL. RAYA PENGGILINGAN
JAKARTA TIMUR,CAKUNG,JL. RAYA PULO GEBANG
JAKARTA TIMUR,CAKUNG,JL. SENTRA PRIMER TIMUR
JAKARTA TIMUR,CAKUNG,JL. SISI TOL BARAT
JAKARTA TIMUR,CAKUNG,JL. SISI TOL TIMUR
JAKARTA TIMUR,CAKUNG,JL. STASIUN CAKUNG
JAKARTA TIMUR,CAKUNG,JL. SUMUR BOR
JAKARTA TIMUR,CAKUNG,JL. SWADAYA
JAKARTA TIMUR,CAKUNG,JL. SWADAYA
JAKARTA TIMUR,CAKUNG,JL. SWADAYA II
JAKARTA TIMUR,CAKUNG,JL. SWADAYA IV
JAKARTA TIMUR,CAKUNG,JL. TANJAKAN AURI
JAKARTA TIMUR,CAKUNG,JL. TIPAR CAKUNG
JAKARTA TIMUR,CAKUNG,JL. TOL CAKUNG CILINCING
JAKARTA TIMUR,CAKUNG,JL. INSPEKSI KANAL TIMUR
JAKARTA TIMUR,CAKUNG,JL. BALAI RAKYAT
JAKARTA TIMUR,CAKUNG,JL. SWADAYA PLN
JAKARTA TIMUR,CAKUNG,JL. MARZUKI
JAKARTA TIMUR,CAKUNG,JL. AMELIA
JAKARTA TIMUR,CAKUNG,JL. KOMP SEDAYU CITY
JAKARTA UTARA,PENJARINGAN,JL. A TELUK GONG
JAKARTA UTARA,PENJARINGAN,JL. AKASIA GOLF
JAKARTA UTARA,PENJARINGAN,JL. AKASIA GOLF II
JAKARTA UTARA,PENJARINGAN,JL. AKASIA GOLF III
JAKARTA UTARA,PENJARINGAN,JL. AKASIA GOLF IV
JAKARTA UTARA,PENJARINGAN,JL. AKASIA GOLF RAYA
JAKARTA UTARA,PENJARINGAN,JL. AKASIA GOLF V
JAKARTA UTARA,PENJARINGAN,JL. AKASIA GOLF VI
JAKARTA UTARA,PENJARINGAN,JL. AKASIA GOLF VII
JAKARTA UTARA,PENJARINGAN,JL. ALADIN
JAKARTA UTARA,PENJARINGAN,JL. ALADIN BARU
JAKARTA UTARA,PENJARINGAN,JL. B TELUK GONG
JAKARTA UTARA,PENJARINGAN,JL. BAHTERA ELOK
JAKARTA UTARA,PENJARINGAN,JL. BAHTERA INDAH
JAKARTA UTARA,PENJARINGAN,JL. BAHTERA INDAH 1
JAKARTA UTARA,PENJARINGAN,JL. BAHTERA INDAH 2
JAKARTA UTARA,PENJARINGAN,JL. BAHTERA PERMAI 1
JAKARTA UTARA,PENJARINGAN,JL. BAHTERA PERMAI 2
JAKARTA UTARA,PENJARINGAN,JL. BAHTERA PERMAI 3
JAKARTA UTARA,PENJARINGAN,JL. BAKTI
JAKARTA UTARA,PENJARINGAN,JL. BANDENGAN SELATAN
JAKARTA UTARA,PENJARINGAN,JL. BANDENGAN UTARA
JAKARTA UTARA,PENJARINGAN,JL. BIDARA
JAKARTA UTARA,PENJARINGAN,JL. BONCEL
JAKARTA UTARA,PENJARINGAN,JL. C TELUK GONG
JAKARTA UTARA,PENJARINGAN,JL. CAMAR ELOK 1
JAKARTA UTARA,PENJARINGAN,JL. CAMAR ELOK 2
JAKARTA UTARA,PENJARINGAN,JL. CAMAR ELOK 3
JAKARTA UTARA,PENJARINGAN,JL. CAMAR ELOK 4
JAKARTA UTARA,PENJARINGAN,JL. CAMAR ELOK 5
JAKARTA UTARA,PENJARINGAN,JL. CAMAR ELOK 6
JAKARTA UTARA,PENJARINGAN,JL. CAMAR ELOK 7
JAKARTA UTARA,PENJARINGAN,JL. CAMAR INDAH 1
JAKARTA UTARA,PENJARINGAN,JL. CAMAR INDAH 2
JAKARTA UTARA,PENJARINGAN,JL. CAMAR INDAH 3
JAKARTA UTARA,PENJARINGAN,JL. CAMAR INDAH 4
JAKARTA UTARA,PENJARINGAN,JL. CAMAR INDAH 5
JAKARTA UTARA,PENJARINGAN,JL. CAMAR INDAH 6
JAKARTA UTARA,PENJARINGAN,JL. CAMAR INDAH 7
JAKARTA UTARA,PENJARINGAN,JL. CAMAR INDAH 8
JAKARTA UTARA,PENJARINGAN,JL. CAMAR PERMAI 1
JAKARTA UTARA,PENJARINGAN,JL. CAMAR PERMAI 2
JAKARTA UTARA,PENJARINGAN,JL. CAMAR PERMAI 3
JAKARTA UTARA,PENJARINGAN,JL. CAMAR PERMAI 4
JAKARTA UTARA,PENJARINGAN,JL. CAMAR PERMAI 5
JAKARTA UTARA,PENJARINGAN,JL. CAMAR PERMAI 6
JAKARTA UTARA,PENJARINGAN,JL. CAMAR PERMAI 7
JAKARTA UTARA,PENJARINGAN,JL. CENANG
JAKARTA UTARA,PENJARINGAN,JL. CENDANA GOLF
JAKARTA UTARA,PENJARINGAN,JL. CENDANA GOLF
JAKARTA UTARA,PENJARINGAN,JL. CENDANA GOLF II
JAKARTA UTARA,PENJARINGAN,JL. CENDANA GOLF III
JAKARTA UTARA,PENJARINGAN,JL. CENDANA GOLF IV
JAKARTA UTARA,PENJARINGAN,JL. CENDANA GOLF V
JAKARTA UTARA,PENJARINGAN,JL. CROWN GOLF BOULEVARD
JAKARTA UTARA,PENJARINGAN,JL. D TELUK GONG
JAKARTA UTARA,PENJARINGAN,JL. DAMAR GOLF
JAKARTA UTARA,PENJARINGAN,JL. DAMAR GOLF II
JAKARTA UTARA,PENJARINGAN,JL. DUTA HARAPAN INDAH
JAKARTA UTARA,PENJARINGAN,JL. EBONY GOLF
JAKARTA UTARA,PENJARINGAN,JL. EBONY GOLF 11
JAKARTA UTARA,PENJARINGAN,JL. EBONY GOLF III
JAKARTA UTARA,PENJARINGAN,JL. EBONY GOLF IV
JAKARTA UTARA,PENJARINGAN,JL. EBONY GOLF RAYA
JAKARTA UTARA,PENJARINGAN,JL. EBONY GOLF V
JAKARTA UTARA,PENJARINGAN,JL. EBONY GOLF VI
JAKARTA UTARA,PENJARINGAN,JL. EBONY GOLF VII
JAKARTA UTARA,PENJARINGAN,JL. EKOR KUNING
JAKARTA UTARA,PENJARINGAN,JL. ELANG LAUT 1
JAKARTA UTARA,PENJARINGAN,JL. ELANG LAUT 2
JAKARTA UTARA,PENJARINGAN,JL. ELANG LAUT 3
JAKARTA UTARA,PENJARINGAN,JL. ELANG LAUT 4
JAKARTA UTARA,PENJARINGAN,JL. ELANG LAUT 5
JAKARTA UTARA,PENJARINGAN,JL. ELANG LAUT 6
JAKARTA UTARA,PENJARINGAN,JL. ELANG LAUT 7
JAKARTA UTARA,PENJARINGAN,JL. ELANG LAUT 8
JAKARTA UTARA,PENJARINGAN,JL. ELANG LAUT RAYA
JAKARTA UTARA,PENJARINGAN,JL. F TELUK GONG
JAKARTA UTARA,PENJARINGAN,JL. FLAMBOYAN GOLF
JAKARTA UTARA,PENJARINGAN,JL. FLAMBOYAN GOLF
JAKARTA UTARA,PENJARINGAN,JL. FLAMBOYAN GOLF II
JAKARTA UTARA,PENJARINGAN,JL. FLAMBOYAN GOLF III
JAKARTA UTARA,PENJARINGAN,JL. FLORENCE
JAKARTA UTARA,PENJARINGAN,JL. FLORENCE 1
JAKARTA UTARA,PENJARINGAN,JL. G. TELUK GONG
JAKARTA UTARA,PENJARINGAN,JL. GABUS
JAKARTA UTARA,PENJARINGAN,JL. GAMBANG
JAKARTA UTARA,PENJARINGAN,JL. GAMBANG II
JAKARTA UTARA,PENJARINGAN,JL. GANGGENG
JAKARTA UTARA,PENJARINGAN,JL. GARDEN IMPERIAL
JAKARTA UTARA,PENJARINGAN,JL. GARDEN ISLAND
JAKARTA UTARA,PENJARINGAN,JL. GARDEN ISLAND II
JAKARTA UTARA,PENJARINGAN,JL. GARDEN ISLAND III
JAKARTA UTARA,PENJARINGAN,JL. GARDEN MARBLE
JAKARTA UTARA,PENJARINGAN,JL. GARDEN MARBLE II
JAKARTA UTARA,PENJARINGAN,JL. GARDEN MARBLE III
JAKARTA UTARA,PENJARINGAN,JL. GARDEN MARBLE IV
JAKARTA UTARA,PENJARINGAN,JL. GARDEN MARBLE V
JAKARTA UTARA,PENJARINGAN,JL. GARDEN MARBLE VI
JAKARTA UTARA,PENJARINGAN,JL. GARDEN MARBLE VII
JAKARTA UTARA,PENJARINGAN,JL. GEDONG PANJANG
JAKARTA UTARA,PENJARINGAN,JL. GEMBIRA
JAKARTA UTARA,PENJARINGAN,JL. GG. BUNTEK
JAKARTA UTARA,PENJARINGAN,JL. GUSTI PERMATA
JAKARTA UTARA,PENJARINGAN,JL. GUSTI PERMATA
JAKARTA UTARA,PENJARINGAN,JL. GUSTI PERMATA II
JAKARTA UTARA,PENJARINGAN,JL. GUSTI PERMATA III
JAKARTA UTARA,PENJARINGAN,JL. GUSTI PERMATA IV
JAKARTA UTARA,PENJARINGAN,JL. GUSTI PERMATA IX
JAKARTA UTARA,PENJARINGAN,JL. GUSTI PERMATA V
JAKARTA UTARA,PENJARINGAN,JL. GUSTI PERMATA VI
JAKARTA UTARA,PENJARINGAN,JL. GUSTI PERMATA VII
JAKARTA UTARA,PENJARINGAN,JL. GUSTI PERMATA VIII
JAKARTA UTARA,PENJARINGAN,JL. H TELUK GONG
JAKARTA UTARA,PENJARINGAN,JL. I TELUK GONG
JAKARTA UTARA,PENJARINGAN,JL. INSPEKSI
JAKARTA UTARA,PENJARINGAN,JL. IR. WIYOTO WIYONO
JAKARTA UTARA,PENJARINGAN,JL. J TELUK GONG
JAKARTA UTARA,PENJARINGAN,JL. JADE GOLF 1
JAKARTA UTARA,PENJARINGAN,JL. JELAMBAR
JAKARTA UTARA,PENJARINGAN,JL. JELAMBAR ALADIN
JAKARTA UTARA,PENJARINGAN,JL. JELAMBAR FAJAR
JAKARTA UTARA,PENJARINGAN,JL. JEMBATAN DUA
JAKARTA UTARA,PENJARINGAN,JL. JEMBATAN GAMBANG
JAKARTA UTARA,PENJARINGAN,JL. JEMBATAN GAMBANG II
JAKARTA UTARA,PENJARINGAN,JL. JEMBATAN II
JAKARTA UTARA,PENJARINGAN,JL. JEMBATAN TIGA
JAKARTA UTARA,PENJARINGAN,JL. JOHAR HIJAU GOLF
JAKARTA UTARA,PENJARINGAN,JL. JOHAR HIJAU GOLF II
JAKARTA UTARA,PENJARINGAN,JL. JOHAR HIJAU GOLF III
JAKARTA UTARA,PENJARINGAN,JL. JOHAR HIJAU GOLF RAYA
JAKARTA UTARA,PENJARINGAN,JL. K TELUK GONG
JAKARTA UTARA,PENJARINGAN,JL. KAKAP
JAKARTA UTARA,PENJARINGAN,JL. KALIJODO
JAKARTA UTARA,PENJARINGAN,JL. KAMAL
JAKARTA UTARA,PENJARINGAN,JL. KAMAL MUARA
JAKARTA UTARA,PENJARINGAN,JL. KAMAL MUARA 1
JAKARTA UTARA,PENJARINGAN,JL. KAMAL MUARA 2
JAKARTA UTARA,PENJARINGAN,JL. KAMAL MUARA 3
JAKARTA UTARA,PENJARINGAN,JL. KAMAL MUARA 4
JAKARTA UTARA,PENJARINGAN,JL. KAMAL MUARA 5
JAKARTA UTARA,PENJARINGAN,JL. KAMAL MUARA 6
JAKARTA UTARA,PENJARINGAN,JL. KAMAL PANTAI
JAKARTA UTARA,PENJARINGAN,JL. KANO PERMAI 1
JAKARTA UTARA,PENJARINGAN,JL. KANO PERMAI 2
JAKARTA UTARA,PENJARINGAN,JL. KANO PERMAI 3
JAKARTA UTARA,PENJARINGAN,JL. KANO PERMAI 4
JAKARTA UTARA,PENJARINGAN,JL. KAPUK KAMAL
JAKARTA UTARA,PENJARINGAN,JL. KAPUK KAMAL MUARA
JAKARTA UTARA,PENJARINGAN,JL. KAPUK MUARA
JAKARTA UTARA,PENJARINGAN,JL. KAPUK RAYA
JAKARTA UTARA,PENJARINGAN,JL. KATAMARAN INDAH 1
JAKARTA UTARA,PENJARINGAN,JL. KATAMARAN INDAH 10
JAKARTA UTARA,PENJARINGAN,JL. KATAMARAN INDAH 11
JAKARTA UTARA,PENJARINGAN,JL. KATAMARAN INDAH 12
JAKARTA UTARA,PENJARINGAN,JL. KATAMARAN INDAH 2
JAKARTA UTARA,PENJARINGAN,JL. KATAMARAN INDAH 3
JAKARTA UTARA,PENJARINGAN,JL. KATAMARAN INDAH 4
JAKARTA UTARA,PENJARINGAN,JL. KATAMARAN INDAH 5
JAKARTA UTARA,PENJARINGAN,JL. KATAMARAN INDAH 6
JAKARTA UTARA,PENJARINGAN,JL. KATAMARAN INDAH 7
JAKARTA UTARA,PENJARINGAN,JL. KATAMARAN INDAH 8
JAKARTA UTARA,PENJARINGAN,JL. KATAMARAN INDAH 9
JAKARTA UTARA,PENJARINGAN,JL. KATAMARAN PERMAI 1
JAKARTA UTARA,PENJARINGAN,JL. KATAMARAN PERMAI 2
JAKARTA UTARA,PENJARINGAN,JL. KATAMARAN PERMAI 3
JAKARTA UTARA,PENJARINGAN,JL. KATAMARAN PERMAI 4
JAKARTA UTARA,PENJARINGAN,JL. KATAMARAN PERMAI 5
JAKARTA UTARA,PENJARINGAN,JL. KATAMARAN PERMAI 6
JAKARTA UTARA,PENJARINGAN,JL. KATAMARAN PERMAI 7
JAKARTA UTARA,PENJARINGAN,JL. KATAMARAN PERMAI 8
JAKARTA UTARA,PENJARINGAN,JL. KATAMARAN PERMAI 9
JAKARTA UTARA,PENJARINGAN,JL. KEMBUNG
JAKARTA UTARA,PENJARINGAN,JL. KENARI GOLF RAYA LINGKUNGAN
JAKARTA UTARA,PENJARINGAN,JL. KENARI HIJAU
JAKARTA UTARA,PENJARINGAN,JL. KENARI HIJAU II
JAKARTA UTARA,PENJARINGAN,JL. KENARI HIJAU RAYA
JAKARTA UTARA,PENJARINGAN,JL. KEPANDUAN
JAKARTA UTARA,PENJARINGAN,JL. KEPANDUAN II
JAKARTA UTARA,PENJARINGAN,JL. KEPANDUAN III
JAKARTA UTARA,PENJARINGAN,JL. KERTA JAYA
JAKARTA UTARA,PENJARINGAN,JL. KETING
JAKARTA UTARA,PENJARINGAN,JL. L TELUK GONG
JAKARTA UTARA,PENJARINGAN,JL. LAYAR PERMAI
JAKARTA UTARA,PENJARINGAN,JL. LAYAR PERMAI 1
JAKARTA UTARA,PENJARINGAN,JL. LAYAR PERMAI 10
JAKARTA UTARA,PENJARINGAN,JL. LAYAR PERMAI 11
JAKARTA UTARA,PENJARINGAN,JL. LAYAR PERMAI 2 A
JAKARTA UTARA,PENJARINGAN,JL. LAYAR PERMAI 3
JAKARTA UTARA,PENJARINGAN,JL. LAYAR PERMAI 4
JAKARTA UTARA,PENJARINGAN,JL. LAYAR PERMAI 4A
JAKARTA UTARA,PENJARINGAN,JL. LAYAR PERMAI 4B
JAKARTA UTARA,PENJARINGAN,JL. LAYAR PERMAI 4C
JAKARTA UTARA,PENJARINGAN,JL. LAYAR PERMAI 5
JAKARTA UTARA,PENJARINGAN,JL. LAYAR PERMAI 6
JAKARTA UTARA,PENJARINGAN,JL. LAYAR PERMAI 7
JAKARTA UTARA,PENJARINGAN,JL. LAYAR PERMAI 8
JAKARTA UTARA,PENJARINGAN,JL. LAYAR PERMAI 9
JAKARTA UTARA,PENJARINGAN,JL. LELE
JAKARTA UTARA,PENJARINGAN,JL. LINDUNG
JAKARTA UTARA,PENJARINGAN,JL. LOPIS
JAKARTA UTARA,PENJARINGAN,JL. LOPIS
JAKARTA UTARA,PENJARINGAN,JL. LOPIS II
JAKARTA UTARA,PENJARINGAN,JL. LOPIS III
JAKARTA UTARA,PENJARINGAN,JL. LOTUS INDAH
JAKARTA UTARA,PENJARINGAN,JL. LUAR BATANG
JAKARTA UTARA,PENJARINGAN,JL. LUAR BATANG II
JAKARTA UTARA,PENJARINGAN,JL. LUAR BATANG III
JAKARTA UTARA,PENJARINGAN,JL. LUAR BATANG V
JAKARTA UTARA,PENJARINGAN,JL. LUARA BATANG IV
JAKARTA UTARA,PENJARINGAN,JL. LUNDU
JAKARTA UTARA,PENJARINGAN,JL. M TELUK GONG
JAKARTA UTARA,PENJARINGAN,JL. MANDARA INDAH 1
JAKARTA UTARA,PENJARINGAN,JL. MANDARA INDAH 2
JAKARTA UTARA,PENJARINGAN,JL. MANDARA INDAH 3
JAKARTA UTARA,PENJARINGAN,JL. MANDARA INDAH 4
JAKARTA UTARA,PENJARINGAN,JL. MANDARA INDAH 5
JAKARTA UTARA,PENJARINGAN,JL. MANDARA INDAH 6
JAKARTA UTARA,PENJARINGAN,JL. MANDARA INDAH 7
JAKARTA UTARA,PENJARINGAN,JL. MANDARA INDAH 8
JAKARTA UTARA,PENJARINGAN,JL. MANDARA INDAH 9
JAKARTA UTARA,PENJARINGAN,JL. MANDARA INDAH RAYA
JAKARTA UTARA,PENJARINGAN,JL. MANDARA PERMAI
JAKARTA UTARA,PENJARINGAN,JL. MANDARA PERMAI
JAKARTA UTARA,PENJARINGAN,JL. MANDARA PERMAI II
JAKARTA UTARA,PENJARINGAN,JL. MANDARA PERMAI III
JAKARTA UTARA,PENJARINGAN,JL. MANDARA PERMAI IV
JAKARTA UTARA,PENJARINGAN,JL. MANDARA PERMAI V
JAKARTA UTARA,PENJARINGAN,JL. MANDARA PERMAI VI
JAKARTA UTARA,PENJARINGAN,JL. MANDARA PERMAI VII
JAKARTA UTARA,PENJARINGAN,JL. MANYAR RAYA
JAKARTA UTARA,PENJARINGAN,JL. MARINA INDAH
JAKARTA UTARA,PENJARINGAN,JL. MAYANG PERMAI 1
JAKARTA UTARA,PENJARINGAN,JL. MAYANG PERMAI 2
JAKARTA UTARA,PENJARINGAN,JL. MAYANG PERMAI 3
JAKARTA UTARA,PENJARINGAN,JL. MAYANG PERMAI 4
JAKARTA UTARA,PENJARINGAN,JL. MAYANG PERMAI 5
JAKARTA UTARA,PENJARINGAN,JL. MAYANG PERMAI 6
JAKARTA UTARA,PENJARINGAN,JL. MAZDA
JAKARTA UTARA,PENJARINGAN,JL. MAZDA RAYA
JAKARTA UTARA,PENJARINGAN,JL. MOA
JAKARTA UTARA,PENJARINGAN,JL. MUARA ANGKE
JAKARTA UTARA,PENJARINGAN,JL. MUARA BARU
JAKARTA UTARA,PENJARINGAN,JL. MUARA BARU POMPA
JAKARTA UTARA,PENJARINGAN,JL. MUARA KARANG
JAKARTA UTARA,PENJARINGAN,JL. MURTA BARU
JAKARTA UTARA,PENJARINGAN,JL. N TELUK GONG
JAKARTA UTARA,PENJARINGAN,JL. 0 TELUK GONG
JAKARTA UTARA,PENJARINGAN,JL. P TELUK GONG
JAKARTA UTARA,PENJARINGAN,JL. PAKIN RAYA
JAKARTA UTARA,PENJARINGAN,JL. PANGERAN TUBAGUS ANGKE
JAKARTA UTARA,PENJARINGAN,JL. PANTAI INDAH BARAT
JAKARTA UTARA,PENJARINGAN,JL. PANTAI INDAH KAPUK
JAKARTA UTARA,PENJARINGAN,JL. PANTAI INDAH SELATAN
JAKARTA UTARA,PENJARINGAN,JL. PANTAI INDAH SELATAN 1
JAKARTA UTARA,PENJARINGAN,JL. PANTAI INDAH SELATAN 2
JAKARTA UTARA,PENJARINGAN,JL. PANTAI INDAH TIMUR
JAKARTA UTARA,PENJARINGAN,JL. PANTAI INDAH UTARA 1
JAKARTA UTARA,PENJARINGAN,JL. PANTAI INDAH UTARA 2
JAKARTA UTARA,PENJARINGAN,JL. PANTAI INDAH UTARA 3
JAKARTA UTARA,PENJARINGAN,JL. PANTAI MUTIARA
JAKARTA UTARA,PENJARINGAN,JL. PASAR IKAN
JAKARTA UTARA,PENJARINGAN,JL. PAUS KEL
JAKARTA UTARA,PENJARINGAN,JL. PEARL GOLF
JAKARTA UTARA,PENJARINGAN,' JL. PERMAI PERMAI 2B
JAKARTA UTARA,PENJARINGAN,JL. PERMATA
JAKARTA UTARA,PENJARINGAN,JL. PERMATA
JAKARTA UTARA,PENJARINGAN,JL. PERMATA II
JAKARTA UTARA,PENJARINGAN,JL. PERMATA III
JAKARTA UTARA,PENJARINGAN,JL. PERMATA IV
JAKARTA UTARA,PENJARINGAN,JL. PERMATA IX
JAKARTA UTARA,PENJARINGAN,JL. PERMATA V
JAKARTA UTARA,PENJARINGAN,JL. PERMATA VI
JAKARTA UTARA,PENJARINGAN,JL. PERMATA VII
JAKARTA UTARA,PENJARINGAN,JL. PERMATA VIII
JAKARTA UTARA,PENJARINGAN,JL. PERMATA X
JAKARTA UTARA,PENJARINGAN,JL. PERMATA XI
JAKARTA UTARA,PENJARINGAN,JL. PERMATA XII
JAKARTA UTARA,PENJARINGAN,JL. PERMATA XIII
JAKARTA UTARA,PENJARINGAN,JL. PERMATA XIV
JAKARTA UTARA,PENJARINGAN,JL. PERMATA XV
JAKARTA UTARA,PENJARINGAN,JL. PERMATA XVI
JAKARTA UTARA,PENJARINGAN,JL. PERMATA XVII
JAKARTA UTARA,PENJARINGAN,JL. PETAK ASEM
JAKARTA UTARA,PENJARINGAN,JL. PINISI INDAH 1
JAKARTA UTARA,PENJARINGAN,JL. PINISI INDAH 2
JAKARTA UTARA,PENJARINGAN,JL. PINISI INDAH 3
JAKARTA UTARA,PENJARINGAN,JL. PINISI INDAH 4
JAKARTA UTARA,PENJARINGAN,JL. PINISI INDAH 5
JAKARTA UTARA,PENJARINGAN,JL. PINISI INDAH 6
JAKARTA UTARA,PENJARINGAN,JL. PINISI PERMAI 1
JAKARTA UTARA,PENJARINGAN,JL. PINISI PERMAI 2
JAKARTA UTARA,PENJARINGAN,JL. PINISI PERMAI 3
JAKARTA UTARA,PENJARINGAN,JL. PINISI PERMAI 4
JAKARTA UTARA,PENJARINGAN,JL. PINISI PERMAI 5
JAKARTA UTARA,PENJARINGAN,JL. PINISI PERMAI 6
JAKARTA UTARA,PENJARINGAN,JL. PINISI PERMAI 7
JAKARTA UTARA,PENJARINGAN,JL. PLUIT BARAT
JAKARTA UTARA,PENJARINGAN,JL. PLUIT BARAT
JAKARTA UTARA,PENJARINGAN,JL. PLUIT BARAT II
JAKARTA UTARA,PENJARINGAN,JL. PLUIT BARAT III
JAKARTA UTARA,PENJARINGAN,JL. PLUIT BARAT IV
JAKARTA UTARA,PENJARINGAN,JL. PLUIT BARAT V
JAKARTA UTARA,PENJARINGAN,JL. PLUIT BARAT VI
JAKARTA UTARA,PENJARINGAN,JL. PLUIT BARAT VII
JAKARTA UTARA,PENJARINGAN,JL. PLUIT BARAT VIII
JAKARTA UTARA,PENJARINGAN,JL. PLUIT DALAM
JAKARTA UTARA,PENJARINGAN,JL. PLUIT DALAM II
JAKARTA UTARA,PENJARINGAN,JL. PLUIT DALAM 111
JAKARTA UTARA,PENJARINGAN,JL. PLUIT INDAH
JAKARTA UTARA,PENJARINGAN,JL. PLUIT KARANG
JAKARTA UTARA,PENJARINGAN,JL. PLUIT KARANG AYU BARAT
JAKARTA UTARA,PENJARINGAN,JL. PLUIT KARANG AYU
JAKARTA UTARA,PENJARINGAN,JL. PLUIT KARANG AYU II
JAKARTA UTARA,PENJARINGAN,JL. PLUIT KARANG AYU III
JAKARTA UTARA,PENJARINGAN,JL. PLUIT KARANG AYU IV
JAKARTA UTARA,PENJARINGAN,JL. PLUIT KARANG AYU UTARA
JAKARTA UTARA,PENJARINGAN,JL. PLUIT KARANG AYU V
JAKARTA UTARA,PENJARINGAN,JL. PLUIT KARANG BARAT
JAKARTA UTARA,PENJARINGAN,JL. PLUIT KARANG CANTIK
JAKARTA UTARA,PENJARINGAN,JL. PLUIT KARANG
JAKARTA UTARA,PENJARINGAN,JL. PLUIT KARANG INDAH
JAKARTA UTARA,PENJARINGAN,JL. PLUIT KARANG INDAH
JAKARTA UTARA,PENJARINGAN,JL. PLUIT KARANG INDAH II
JAKARTA UTARA,PENJARINGAN,JL. PLUIT KARANG INDAH III
JAKARTA UTARA,PENJARINGAN,JL. PLUIT KARANG INDAH IV
JAKARTA UTARA,PENJARINGAN,JL. PLUIT KARANG INDAH IX
JAKARTA UTARA,PENJARINGAN,JL. PLUIT KARANG INDAH TIMUR
JAKARTA UTARA,PENJARINGAN,JL. PLUIT KARANG INDAH V
JAKARTA UTARA,PENJARINGAN,JL. PLUIT KARANG INDAH VI
JAKARTA UTARA,PENJARINGAN,JL. PLUIT KARANG INDAH VII
JAKARTA UTARA,PENJARINGAN,JL. PLUIT KARANG INDAH VIII
JAKARTA UTARA,PENJARINGAN,JL. PLUIT KARANG INDAH X
JAKARTA UTARA,PENJARINGAN,JL. PLUIT KARANG INDAH XI
JAKARTA UTARA,PENJARINGAN,JL. PLUIT KARANG INDAH XII
JAKARTA UTARA,PENJARINGAN,JL. PLUIT KARANG INDAH XIII
JAKARTA UTARA,PENJARINGAN,JL. PLUIT KARANG INDAH XIV
JAKARTA UTARA,PENJARINGAN,JL. PLUIT KARANG INDAH XV
JAKARTA UTARA,PENJARINGAN,JL. PLUIT KARANG JELITA
JAKARTA UTARA,PENJARINGAN,JL. PLUIT KARANG JELITA
JAKARTA UTARA,PENJARINGAN,JL. PLUIT KARANG KARYA
JAKARTA UTARA,PENJARINGAN,JL. PLUIT KARANG KARYA BARAT
JAKARTA UTARA,PENJARINGAN,JL. PLUIT KARANG KARYA
JAKARTA UTARA,PENJARINGAN,JL. PLUIT KARANG KARYA II
JAKARTA UTARA,PENJARINGAN,JL. PLUIT KARANG KARYA III
JAKARTA UTARA,PENJARINGAN,JL. PLUIT KARANG KARYA IV
JAKARTA UTARA,PENJARINGAN,JL. PLUIT KARANG KARYA TIMUR
JAKARTA UTARA,PENJARINGAN,JL. PLUIT KARANG KARYA V
JAKARTA UTARA,PENJARINGAN,JL. PLUIT KARANG MANIS
JAKARTA UTARA,PENJARINGAN,JL. PLUIT KARANG MANIS
JAKARTA UTARA,PENJARINGAN,JL. PLUIT KARANG MANIS II
JAKARTA UTARA,PENJARINGAN,JL. PLUIT KARANG MANIS III
JAKARTA UTARA,PENJARINGAN,JL. PLUIT KARANG MANIS IV
JAKARTA UTARA,PENJARINGAN,JL. PLUIT KARANG MANIS IX
JAKARTA UTARA,PENJARINGAN,JL. PLUIT KARANG MANIS V
JAKARTA UTARA,PENJARINGAN,JL. PLUIT KARANG MANIS VI
JAKARTA UTARA,PENJARINGAN,JL. PLUIT KARANG MANIS VII
JAKARTA UTARA,PENJARINGAN,JL. PLUIT KARANG MANIS VIII
JAKARTA UTARA,PENJARINGAN,JL. PLUIT KARANG MANIS X
JAKARTA UTARA,PENJARINGAN,JL. PLUIT KARANG MANIS XI
JAKARTA UTARA,PENJARINGAN,JL. PLUIT KARANG MANIS XII
JAKARTA UTARA,PENJARINGAN,JL. PLUIT KARANG MANIS XIII
JAKARTA UTARA,PENJARINGAN,JL. PLUIT KARANG MOLEK
JAKARTA UTARA,PENJARINGAN,JL. PLUIT KARANG NIAGA
JAKARTA UTARA,PENJARINGAN,JL. PLUIT KARANG NIAGA II
JAKARTA UTARA,PENJARINGAN,JL. PLUIT KARANG NIAGA RAYA
JAKARTA UTARA,PENJARINGAN,JL. PLUIT KARANG PERMAI
JAKARTA UTARA,PENJARINGAN,JL. PLUIT KARANG PERMAI
JAKARTA UTARA,PENJARINGAN,JL. PLUIT KARANG PERMAI II
JAKARTA UTARA,PENJARINGAN,JL. PLUIT KARANG PERMAI III
JAKARTA UTARA,PENJARINGAN,JL. PLUIT KARANG PERMAI IV
JAKARTA UTARA,PENJARINGAN,JL. PLUIT KARANG PERMAI IX
JAKARTA UTARA,PENJARINGAN,JL. PLUIT KARANG PERMAI V
JAKARTA UTARA,PENJARINGAN,JL. PLUIT KARANG PERMAI VI
JAKARTA UTARA,PENJARINGAN,JL. PLUIT KARANG PERMAI VII
JAKARTA UTARA,PENJARINGAN,JL. PLUIT KARANG PERMAI VIII
JAKARTA UTARA,PENJARINGAN,JL. PLUIT KARANG PERMAI X
JAKARTA UTARA,PENJARINGAN,JL. PLUIT KARANG PERMAI XI
JAKARTA UTARA,PENJARINGAN,JL. PLUIT KARANG SARI
JAKARTA UTARA,PENJARINGAN,JL. PLUIT KARANG SARI II
JAKARTA UTARA,PENJARINGAN,JL. PLUIT KARANG SARI III
JAKARTA UTARA,PENJARINGAN,JL. PLUIT KARANG SARI IV
JAKARTA UTARA,PENJARINGAN,JL. PLUIT KARANG SARI IX
JAKARTA UTARA,PENJARINGAN,JL. PLUIT KARANG SARI RAYA
JAKARTA UTARA,PENJARINGAN,JL. PLUIT KARANG SARI V
JAKARTA UTARA,PENJARINGAN,JL. PLUIT KARANG SARI VI
JAKARTA UTARA,PENJARINGAN,JL. PLUIT KARANG SARI VII
JAKARTA UTARA,PENJARINGAN,JL. PLUIT KARANG SARI VIII
JAKARTA UTARA,PENJARINGAN,JL. PLUIT KARANG SARI X
JAKARTA UTARA,PENJARINGAN,JL. PLUIT KARANG SARI XI
JAKARTA UTARA,PENJARINGAN,JL. PLUIT KARANG SARI XII
JAKARTA UTARA,PENJARINGAN,JL. PLUIT KARANG SARI XIII
JAKARTA UTARA,PENJARINGAN,JL. PLUIT KARANG SARI XIV
JAKARTA UTARA,PENJARINGAN,JL. PLUIT KARANG SARI XV
JAKARTA UTARA,PENJARINGAN,JL. PLUIT KARANG SELATAN
JAKARTA UTARA,PENJARINGAN,JL. PLUIT KARANG TIMUR
JAKARTA UTARA,PENJARINGAN,JL. PLUIT KARANG UTARA
JAKARTA UTARA,PENJARINGAN,JL. PLUIT KENCANA
JAKARTA UTARA,PENJARINGAN,JL. PLUIT MAS RAYA
JAKARTA UTARA,PENJARINGAN,JL. PLUIT NIAGA
JAKARTA UTARA,PENJARINGAN,JL. PLUIT NIAGA II
JAKARTA UTARA,PENJARINGAN,JL. PLUIT NIAGA III
JAKARTA UTARA,PENJARINGAN,JL. PLUIT NIAGA IV
JAKARTA UTARA,PENJARINGAN,JL. PLUIT NIAGA V
JAKARTA UTARA,PENJARINGAN,JL. PLUIT NIAGA VI
JAKARTA UTARA,PENJARINGAN,JL. PLUIT PERMAI
JAKARTA UTARA,PENJARINGAN,JL. PLUIT PUTERA
JAKARTA UTARA,PENJARINGAN,JL. PLUIT PUTERI
JAKARTA UTARA,PENJARINGAN,JL. PLUIT RAYA
JAKARTA UTARA,PENJARINGAN,JL. PLUIT RAYA
JAKARTA UTARA,PENJARINGAN,JL. PLUIT RAYA II
JAKARTA UTARA,PENJARINGAN,JL. PLUIT RAYA III
JAKARTA UTARA,PENJARINGAN,JL. PLUIT RAYA IV
JAKARTA UTARA,PENJARINGAN,JL. PLUIT SAKTI
JAKARTA UTARA,PENJARINGAN,JL. PLUIT SAKTI RAYA
JAKARTA UTARA,PENJARINGAN,JL. PLUIT SAMUDRA
JAKARTA UTARA,PENJARINGAN,JL. PLUIT SAMUDRA
JAKARTA UTARA,PENJARINGAN,JL. PLUIT SAMUDRA II
JAKARTA UTARA,PENJARINGAN,JL. PLUIT SAMUDRA III
JAKARTA UTARA,PENJARINGAN,JL. PLUIT SAMUDRA IV
JAKARTA UTARA,PENJARINGAN,JL. PLUIT SAMUDRA V
JAKARTA UTARA,PENJARINGAN,JL. PLUIT SAMUDRA VI
JAKARTA UTARA,PENJARINGAN,JL. PLUIT SELATAN
JAKARTA UTARA,PENJARINGAN,JL. PLUIT SELATAN
JAKARTA UTARA,PENJARINGAN,JL. PLUIT SELATAN II
JAKARTA UTARA,PENJARINGAN,JL. PLUIT SELATAN III
JAKARTA UTARA,PENJARINGAN,JL. PLUIT SELATAN IV
JAKARTA UTARA,PENJARINGAN,JL. PLUIT SELATAN V
JAKARTA UTARA,PENJARINGAN,JL. PLUIT SELATAN VI
JAKARTA UTARA,PENJARINGAN,JL. PLUIT SELATAN VII
JAKARTA UTARA,PENJARINGAN,JL. PLUIT SELATAN VIII
JAKARTA UTARA,PENJARINGAN,JL. PLUIT TIMUR
JAKARTA UTARA,PENJARINGAN,JL. PLUIT TIMUR BLOK L
JAKARTA UTARA,PENJARINGAN,JL. PLUIT UTARA RAYA
JAKARTA UTARA,PENJARINGAN,JL. PROF. DR. SEDIATMO
JAKARTA UTARA,PENJARINGAN,JL. Q TELUK GONG
JAKARTA UTARA,PENJARINGAN,JL. R TELUK GONG
JAKARTA UTARA,PENJARINGAN,JL. RAWA BEBEK
JAKARTA UTARA,PENJARINGAN,JL. RAYA DADAP
JAKARTA UTARA,PENJARINGAN,JL. S TELUK GONG
JAKARTA UTARA,PENJARINGAN,JL. SEMUT UJUNG
JAKARTA UTARA,PENJARINGAN,JL. SEPAT
JAKARTA UTARA,PENJARINGAN,JL. SILI
JAKARTA UTARA,PENJARINGAN,JL. SILI II
JAKARTA UTARA,PENJARINGAN,JL. SILI III
JAKARTA UTARA,PENJARINGAN,JL. SILI RAYA
JAKARTA UTARA,PENJARINGAN,JL. SUKARELA
JAKARTA UTARA,PENJARINGAN,JL. T TELUK GONG
JAKARTA UTARA,PENJARINGAN,JL. TAMAN PERMATA INDAH
JAKARTA UTARA,PENJARINGAN,JL. TAMAN PLUIT KENCANA
JAKARTA UTARA,PENJARINGAN,JL. TAMAN PLUIT KENCANA DALAM
JAKARTA UTARA,PENJARINGAN,JL. TAMAN PLUIT KENCANA SELATAN
JAKARTA UTARA,PENJARINGAN,JL. TAMAN PLUIT KENCANA UTARA
JAKARTA UTARA,PENJARINGAN,JL. TANAH PASIR
JAKARTA UTARA,PENJARINGAN,JL. TELUK GONG
JAKARTA UTARA,PENJARINGAN,JL. TELUK GONG SELATAN
JAKARTA UTARA,PENJARINGAN,JL. TELUK GONG SELATAN II
JAKARTA UTARA,PENJARINGAN,JL. TELUK GONG SELATAN III
JAKARTA UTARA,PENJARINGAN,JL. TELUK GONG SELATAN IV
JAKARTA UTARA,PENJARINGAN,JL. TELUK GONG SELATAN V
JAKARTA UTARA,PENJARINGAN,JL. TELUK GONG SELATAN VI
JAKARTA UTARA,PENJARINGAN,JL. TELUK INTAN
JAKARTA UTARA,PENJARINGAN,JL. TELUK NIMBUNG
JAKARTA UTARA,PENJARINGAN,JL. TELUK PERMATA
JAKARTA UTARA,PENJARINGAN,JL. TELUK PERMATA
JAKARTA UTARA,PENJARINGAN,JL. TELUK PERMATA II
JAKARTA UTARA,PENJARINGAN,JL. TELUK PERMATA III
JAKARTA UTARA,PENJARINGAN,JL. TELUK PERMATA IV
JAKARTA UTARA,PENJARINGAN,JL. TELUK PERMATA IX
JAKARTA UTARA,PENJARINGAN,JL. TELUK PERMATA V
JAKARTA UTARA,PENJARINGAN,JL. TELUK PERMATA VI
JAKARTA UTARA,PENJARINGAN,JL. TELUK PERMATA VII
JAKARTA UTARA,PENJARINGAN,JL. TELUK PERMATA VIII
JAKARTA UTARA,PENJARINGAN,JL. TELUK PERMATA X
JAKARTA UTARA,PENJARINGAN,JL. TELUK PERMATA XI
JAKARTA UTARA,PENJARINGAN,JL. TELUK PERMATA XII
JAKARTA UTARA,PENJARINGAN,JL. TELUK PERMATA XIII
JAKARTA UTARA,PENJARINGAN,JL. TELUK PONCOL
JAKARTA UTARA,PENJARINGAN,JL. TELUK SELATAN
JAKARTA UTARA,PENJARINGAN,JL. TELUK UTARA
JAKARTA UTARA,PENJARINGAN,JL. TERI
JAKARTA UTARA,PENJARINGAN,JL. TERUSAN BANDENGAN
JAKARTA UTARA,PENJARINGAN,JL. TIMARAN PERMAI
JAKARTA UTARA,PENJARINGAN,JL. TIMARAN PERMAI II
JAKARTA UTARA,PENJARINGAN,JL. TIMARAN PERMAI III
JAKARTA UTARA,PENJARINGAN,JL. TIMARAN PERMAI IV
JAKARTA UTARA,PENJARINGAN,JL. TIMARAN PERMAI V
JAKARTA UTARA,PENJARINGAN,JL. TIMARAN PERMAI VI
JAKARTA UTARA,PENJARINGAN,JL. TOWN HOUSE CORDOBA
JAKARTA UTARA,PENJARINGAN,JL. U TELUK GONG
JAKARTA UTARA,PENJARINGAN,JL. V TELUK GONG
JAKARTA UTARA,PENJARINGAN,JL. VENICE
JAKARTA UTARA,PENJARINGAN,JL. VENICE II
JAKARTA UTARA,PENJARINGAN,JL. VENICE III
JAKARTA UTARA,PENJARINGAN,JL. VENICE IV
JAKARTA UTARA,PENJARINGAN,JL. VILLA KAPUK MAS
JAKARTA UTARA,PENJARINGAN,JL. W TELUK GONG
JAKARTA UTARA,PENJARINGAN,JL. WACUNG
JAKARTA UTARA,PENJARINGAN,JL. WADER
JAKARTA UTARA,PENJARINGAN,JL. WALET ELOK 1
JAKARTA UTARA,PENJARINGAN,JL. WALET ELOK 2
JAKARTA UTARA,PENJARINGAN,JL. WALET ELOK 3
JAKARTA UTARA,PENJARINGAN,JL. WALET ELOK 4
JAKARTA UTARA,PENJARINGAN,JL. WALET ELOK 5
JAKARTA UTARA,PENJARINGAN,JL. WALET ELOK 6
JAKARTA UTARA,PENJARINGAN,JL. WALET ELOK 7
JAKARTA UTARA,PENJARINGAN,JL. WALET ELOK 8
JAKARTA UTARA,PENJARINGAN,JL. WALET INDAH
JAKARTA UTARA,PENJARINGAN,JL. WALET INDAH 2
JAKARTA UTARA,PENJARINGAN,JL. WALET INDAH 3
JAKARTA UTARA,PENJARINGAN,JL. WALET INDAH 4
JAKARTA UTARA,PENJARINGAN,JL. WALET INDAH 5
JAKARTA UTARA,PENJARINGAN,JL. WALET INDAH 6
JAKARTA UTARA,PENJARINGAN,JL. WALET PERMAI 1
JAKARTA UTARA,PENJARINGAN,JL. WALET PERMAI 2
JAKARTA UTARA,PENJARINGAN,JL. WALET PERMAI 3
JAKARTA UTARA,PENJARINGAN,JL. WALET PERMAI 4
JAKARTA UTARA,PENJARINGAN,JL. WALET PERMAI 5
JAKARTA UTARA,PENJARINGAN,JL. X TELUK GONG
JAKARTA UTARA,PENJARINGAN,JL. PLUIT UTARA
JAKARTA UTARA,PENJARINGAN,JL. TAMAN PERMATA INDAH 1
JAKARTA UTARA,PENJARINGAN,' JL. TAMAN PLUIT PERMAI TIMUR
JAKARTA UTARA,PENJARINGAN,JL. MEDITERANIA BOULEVARD
JAKARTA UTARA,PADEMANGAN,JL. AMPERA
JAKARTA UTARA,PADEMANGAN,JL. AMPERA BARU/AMPERA VII
JAKARTA UTARA,PADEMANGAN,JL. AMPERA BESAR
JAKARTA UTARA,PADEMANGAN,JL. AMPERA
JAKARTA UTARA,PADEMANGAN,JL. AMPERA II
JAKARTA UTARA,PADEMANGAN,JL. AMPERA III
JAKARTA UTARA,PADEMANGAN,JL. AMPERA IV
JAKARTA UTARA,PADEMANGAN,JL. AMPERA V
JAKARTA UTARA,PADEMANGAN,JL. AMPERA VI
JAKARTA UTARA,PADEMANGAN,JL. ANCOL BARAT
JAKARTA UTARA,PADEMANGAN,JL. ANCOL BARAT
JAKARTA UTARA,PADEMANGAN,JL. ANCOL BARAT II
JAKARTA UTARA,PADEMANGAN,JL. ANCOL BARAT III
JAKARTA UTARA,PADEMANGAN,JL. ANCOL BARAT IV
JAKARTA UTARA,PADEMANGAN,JL. ANCOL
JAKARTA UTARA,PADEMANGAN,JL. ANCOL II
JAKARTA UTARA,PADEMANGAN,JL. ANCOL III
JAKARTA UTARA,PADEMANGAN,JL. ANCOL IV
JAKARTA UTARA,PADEMANGAN,JL. ANCOL DC
JAKARTA UTARA,PADEMANGAN,JL. ANCOL V
JAKARTA UTARA,PADEMANGAN,JL. ANCOL VI
JAKARTA UTARA,PADEMANGAN,JL. ANCOL VII
JAKARTA UTARA,PADEMANGAN,JL. ANCOL VIII
JAKARTA UTARA,PADEMANGAN,JL. BARUNA
JAKARTA UTARA,PADEMANGAN,JL. BARUNA II
JAKARTA UTARA,PADEMANGAN,JL. BARUNA III
JAKARTA UTARA,PADEMANGAN,JL. BARUNA RAYA
JAKARTA UTARA,PADEMANGAN,JL. H. BENYAMIN SUEB
JAKARTA UTARA,PADEMANGAN,JL. BUDI MULYA
JAKARTA UTARA,PADEMANGAN,JL. DAMAR
JAKARTA UTARA,PADEMANGAN,JL. FLAMBOYAN
JAKARTA UTARA,PADEMANGAN,JL. GRIYA UTAMA
JAKARTA UTARA,PADEMANGAN,JL. GUNUNG SAHARI
JAKARTA UTARA,PADEMANGAN,JL. HIDUP BARU
JAKARTA UTARA,PADEMANGAN,"JL. IR. WIYOTO WIYONO, MSC"
JAKARTA UTARA,PADEMANGAN,JL. KAMPUNG BANDAN
JAKARTA UTARA,PADEMANGAN,JL. KARANG BOLONG
JAKARTA UTARA,PADEMANGAN,JL. KARANG BOLONG III
JAKARTA UTARA,PADEMANGAN,JL. KETEL
JAKARTA UTARA,PADEMANGAN,JL. KOTA BARU BANDAR KEMAYORAN
JAKARTA UTARA,PADEMANGAN,JL. KRAPU
JAKARTA UTARA,PADEMANGAN,JL. LODAN RAYA
JAKARTA UTARA,PADEMANGAN,JL. LODAN TIMUR
JAKARTA UTARA,PADEMANGAN,JL. MANGGA DUA
JAKARTA UTARA,PADEMANGAN,JL. MARITIM
JAKARTA UTARA,PADEMANGAN,JL. PADEMANGAN
JAKARTA UTARA,PADEMANGAN,JL. PADEMANGAN 7
JAKARTA UTARA,PADEMANGAN,JL. PADEMANGAN 8
JAKARTA UTARA,PADEMANGAN,JL. PADEMANGAN BARAT
JAKARTA UTARA,PADEMANGAN,JL. PADEMANGAN
JAKARTA UTARA,PADEMANGAN,JL. PADEMANGAN II
JAKARTA UTARA,PADEMANGAN,JL. PADEMANGAN III
JAKARTA UTARA,PADEMANGAN,JL. PADEMANGAN IV
JAKARTA UTARA,PADEMANGAN,JL. PADEMANGAN TENGAH
JAKARTA UTARA,PADEMANGAN,JL. PADEMANGAN V
JAKARTA UTARA,PADEMANGAN,JL. PAKIN RAYA
JAKARTA UTARA,PADEMANGAN,JL. PANGANDARAN
JAKARTA UTARA,PADEMANGAN,JL. PANTAI INDAH
JAKARTA UTARA,PADEMANGAN,JL. PARANG TERITIS
JAKARTA UTARA,PADEMANGAN,JL. PASIR PUTIH
JAKARTA UTARA,PADEMANGAN,JL. PEMANDANGAN
JAKARTA UTARA,PADEMANGAN,JL. PEMANDANGAN II
JAKARTA UTARA,PADEMANGAN,JL. PEMANDANGAN III
JAKARTA UTARA,PADEMANGAN,JL. RAJAWALI SELATAN
JAKARTA UTARA,PADEMANGAN,JL. RAJAWALI UTARA
JAKARTA UTARA,PADEMANGAN,JL. RAYA ANCOL BARU
JAKARTA UTARA,PADEMANGAN,JL. RE. MARTADINATA
JAKARTA UTARA,PADEMANGAN,JL. SUNDA KELAPA
JAKARTA UTARA,PADEMANGAN,JL. TAMAN IMPIAN JAYA ANCOL
JAKARTA UTARA,PADEMANGAN,JL. TONGKOL
JAKARTA UTARA,PADEMANGAN,JL. TREMBESI
JAKARTA UTARA,TANJUNG PRIOK,JL. HBR MOTIK
JAKARTA UTARA,TANJUNG PRIOK,JL. AGUNG INDAH 3
JAKARTA UTARA,TANJUNG PRIOK,JL. AGUNG KARYA
JAKARTA UTARA,TANJUNG PRIOK,JL. AGUNG KARYA VI
JAKARTA UTARA,TANJUNG PRIOK,JL. AGUNG TENGAH 3
JAKARTA UTARA,TANJUNG PRIOK,JL. AGUNG TIMUR 9
JAKARTA UTARA,TANJUNG PRIOK,JL. BISMA RAYA
JAKARTA UTARA,TANJUNG PRIOK,JL. BUGIS
JAKARTA UTARA,TANJUNG PRIOK,JL. DANAU AGUNG 2
JAKARTA UTARA,TANJUNG PRIOK,JL. DANAU AGUNG TENGAH
JAKARTA UTARA,TANJUNG PRIOK,JL. DANAU INDAH RAYA
JAKARTA UTARA,TANJUNG PRIOK,JL. DANAU PERMAI RAYA
JAKARTA UTARA,TANJUNG PRIOK,JL. DANAU PERMAI TIMUR
JAKARTA UTARA,TANJUNG PRIOK,JL. DANAU SUNTER BARAT
JAKARTA UTARA,TANJUNG PRIOK,JL. DANAU SUNTER SELATAN
JAKARTA UTARA,TANJUNG PRIOK,JL. DANAU SUNTER UTARA
JAKARTA UTARA,TANJUNG PRIOK,JL. DELTA SERDANG
JAKARTA UTARA,TANJUNG PRIOK,JL. ENGGANO
JAKARTA UTARA,TANJUNG PRIOK,JL. ENIM
JAKARTA UTARA,TANJUNG PRIOK,JL. ENIM RAYA
JAKARTA UTARA,TANJUNG PRIOK,JL. GADANG
JAKARTA UTARA,TANJUNG PRIOK,JL. GAYA MOTOR 2
JAKARTA UTARA,TANJUNG PRIOK,JL. GAYA MOTOR 3
JAKARTA UTARA,TANJUNG PRIOK,JL. GAYA MOTOR BARAT
JAKARTA UTARA,TANJUNG PRIOK,JL. GAYA MOTOR
JAKARTA UTARA,TANJUNG PRIOK,JL. GAYA MOTOR RAYA
JAKARTA UTARA,TANJUNG PRIOK,JL. GORONTALO
JAKARTA UTARA,TANJUNG PRIOK,JL. GRIYA AGUNG
JAKARTA UTARA,TANJUNG PRIOK,JL. GRIYA SEJAHTERA
JAKARTA UTARA,TANJUNG PRIOK,JL. GRIYA UTAMA
JAKARTA UTARA,TANJUNG PRIOK,JL. MANDOR IREN
JAKARTA UTARA,TANJUNG PRIOK,JL. METRO KENCANA RAYA
JAKARTA UTARA,TANJUNG PRIOK,JL. MITRA SUNTER BULEVAR
JAKARTA UTARA,TANJUNG PRIOK,JL. PELABUHAN RAYA
JAKARTA UTARA,TANJUNG PRIOK,JL. RE MARTADINATA
JAKARTA UTARA,TANJUNG PRIOK,JL. SULAWESI
JAKARTA UTARA,TANJUNG PRIOK,JL. SUNGAI BAMBU 6
JAKARTA UTARA,TANJUNG PRIOK,JL. SUNGAI BAMBU 9
JAKARTA UTARA,TANJUNG PRIOK,JL. SUNGAI BAMBU RAYA
JAKARTA UTARA,TANJUNG PRIOK,JL. SUNTER INDAH
JAKARTA UTARA,TANJUNG PRIOK,JL. SUNTER JAYA
JAKARTA UTARA,TANJUNG PRIOK,JL. SUNTER JAYA TIMUR
JAKARTA UTARA,TANJUNG PRIOK,JL. SUNTER KARYA TIMUR
JAKARTA UTARA,TANJUNG PRIOK,JL. SUNTER KARYA UTARA
JAKARTA UTARA,TANJUNG PRIOK,JL. SUNTER PERMAI RAYA
JAKARTA UTARA,TANJUNG PRIOK,JL. TAMAN SUNTER INDAH
JAKARTA UTARA,TANJUNG PRIOK,JL. WARAKAS RAYA
JAKARTA UTARA,TANJUNG PRIOK,KO. ALTIRA BUSINESS PARK SUNTER
JAKARTA UTARA,TANJUNG PRIOK,KO. BURSA OTOMOTIF SUNTER
JAKARTA UTARA,TANJUNG PRIOK,KO. PURI MUTIARA
JAKARTA UTARA,TANJUNG PRIOK,JL. AGUNG JAYA II
JAKARTA UTARA,TANJUNG PRIOK,JL. AGUNG KARYA VII
JAKARTA UTARA,TANJUNG PRIOK,JL. AGUNG NIAGA
JAKARTA UTARA,TANJUNG PRIOK,JL. AGUNG NIAGA SELATAN
JAKARTA UTARA,TANJUNG PRIOK,JL. AGUNG NIAGA V
JAKARTA UTARA,TANJUNG PRIOK,JL. AGUNG PERKASA
JAKARTA UTARA,TANJUNG PRIOK,JL. AGUNG TENGAH
JAKARTA UTARA,TANJUNG PRIOK,JL. AGUNG TENGAH IV
JAKARTA UTARA,TANJUNG PRIOK,JL. AGUNG TIMUR
JAKARTA UTARA,TANJUNG PRIOK,JL. AGUNG TIMUR II
JAKARTA UTARA,TANJUNG PRIOK,JL. BISMA TENGAH
JAKARTA UTARA,TANJUNG PRIOK,JL. DANAU AGUNG
JAKARTA UTARA,TANJUNG PRIOK,JL. DANAU AGUNG
JAKARTA UTARA,TANJUNG PRIOK,JL. DANAU AGUNG III
JAKARTA UTARA,TANJUNG PRIOK,JL. DANAU AGUNG IV
JAKARTA UTARA,TANJUNG PRIOK,JL. DANAU AGUNG IX
JAKARTA UTARA,TANJUNG PRIOK,JL. DANAU AGUNG SELATAN
JAKARTA UTARA,TANJUNG PRIOK,JL. DANAU AGUNG SUNTER BARAT
JAKARTA UTARA,TANJUNG PRIOK,JL. DANAU AGUNG UTARA
JAKARTA UTARA,TANJUNG PRIOK,JL. DANAU AGUNG V
JAKARTA UTARA,TANJUNG PRIOK,JL. DANAU AGUNG VI
JAKARTA UTARA,TANJUNG PRIOK,JL. DANAU AGUNG VII
JAKARTA UTARA,TANJUNG PRIOK,JL. DANAU AGUNG VIII
JAKARTA UTARA,TANJUNG PRIOK,JL. DANAU AGUNG X
JAKARTA UTARA,TANJUNG PRIOK,JL. DANAU AGUNG XI
JAKARTA UTARA,TANJUNG PRIOK,JL. DANAU AGUNG XII
JAKARTA UTARA,TANJUNG PRIOK,JL. DANAU AGUNG XIII
JAKARTA UTARA,TANJUNG PRIOK,JL. DANAU INDAH BARAT
JAKARTA UTARA,TANJUNG PRIOK,JL. ENDE
JAKARTA UTARA,TANJUNG PRIOK,JL. GANGGENG
JAKARTA UTARA,TANJUNG PRIOK,JL. GAYA MOTOR SELATAN
JAKARTA UTARA,TANJUNG PRIOK,JL. GRIYA INTI SENTOSA
JAKARTA UTARA,TANJUNG PRIOK,JL. KEBON BAWANG
JAKARTA UTARA,TANJUNG PRIOK,JL. KEBON BAWANG
JAKARTA UTARA,TANJUNG PRIOK,JL. KEBON BAWANG II
JAKARTA UTARA,TANJUNG PRIOK,JL. KEBON BAWANG 111
JAKARTA UTARA,TANJUNG PRIOK,JL. KEBON BAWANG IV
JAKARTA UTARA,TANJUNG PRIOK,JL. KEBON BAWANG V
JAKARTA UTARA,TANJUNG PRIOK,JL. KEBON BAWANG VI
JAKARTA UTARA,TANJUNG PRIOK,JL. PAPANGGO
JAKARTA UTARA,TANJUNG PRIOK,JL. PARADISE RAYA
JAKARTA UTARA,TANJUNG PRIOK,JL. PARADISE RAYA BARAT II
JAKARTA UTARA,TANJUNG PRIOK,JL. STASIUN
JAKARTA UTARA,TANJUNG PRIOK,JL. SUNTER AGUNG NIAGA II
JAKARTA UTARA,TANJUNG PRIOK,JL. SUNTER AGUNG NIAGA III
JAKARTA UTARA,TANJUNG PRIOK,JL. SUNTER AGUNG PERKASA
JAKARTA UTARA,TANJUNG PRIOK,JL. SUNTER BENTENGAN
JAKARTA UTARA,TANJUNG PRIOK,JL. SUNTER GARDEN
JAKARTA UTARA,TANJUNG PRIOK,JL. SUNTER
JAKARTA UTARA,TANJUNG PRIOK,JL. SUNTER INDAH
JAKARTA UTARA,TANJUNG PRIOK,JL. SUNTER INDAH II
JAKARTA UTARA,TANJUNG PRIOK,JL. SUNTER INDAH III
JAKARTA UTARA,TANJUNG PRIOK,JL. SUNTER INDAH IV
JAKARTA UTARA,TANJUNG PRIOK,JL. SUNTER INDAH IX
JAKARTA UTARA,TANJUNG PRIOK,JL. SUNTER INDAH V
JAKARTA UTARA,TANJUNG PRIOK,JL. SUNTER INDAH VI
JAKARTA UTARA,TANJUNG PRIOK,JL. SUNTER INDAH VII
JAKARTA UTARA,TANJUNG PRIOK,JL. SUNTER INDAH VIII
JAKARTA UTARA,TANJUNG PRIOK,JL. SUNTER INDAH X
JAKARTA UTARA,TANJUNG PRIOK,JL. SUNTER INDAH XI
JAKARTA UTARA,TANJUNG PRIOK,JL. SUNTER JAYA II
JAKARTA UTARA,TANJUNG PRIOK,JL. SUNTER JAYA III
JAKARTA UTARA,TANJUNG PRIOK,JL. SUNTER JAYA IV
JAKARTA UTARA,TANJUNG PRIOK,JL. SUNTER JAYA V
JAKARTA UTARA,TANJUNG PRIOK,JL. SUNTER KARYA TIMUR III
JAKARTA UTARA,TANJUNG PRIOK,JL. SUNTER KARYA UTARA
JAKARTA UTARA,TANJUNG PRIOK,JL. SUNTER KEMAYORAN
JAKARTA UTARA,TANJUNG PRIOK,JL. SUNTER KIRANA
JAKARTA UTARA,TANJUNG PRIOK,JL. SUNTER KIRANA
JAKARTA UTARA,TANJUNG PRIOK,JL. SUNTER KIRANA II
JAKARTA UTARA,TANJUNG PRIOK,JL. SUNTER KIRANA III
JAKARTA UTARA,TANJUNG PRIOK,JL. SUNTER KIRANA IV
JAKARTA UTARA,TANJUNG PRIOK,JL. SUNTER MAS
JAKARTA UTARA,TANJUNG PRIOK,JL. SUNTER PARADISE
JAKARTA UTARA,TANJUNG PRIOK,JL. SUNTER PODOMORO
JAKARTA UTARA,TANJUNG PRIOK,JL. SWASEMBADA
JAKARTA UTARA,TANJUNG PRIOK,JL. SWASEMBADA TIMUR XI
JAKARTA UTARA,TANJUNG PRIOK,JL. WARAKAS
JAKARTA UTARA,TANJUNG PRIOK,JL. WARAKAS II
JAKARTA UTARA,TANJUNG PRIOK,JL. WARAKAS III
JAKARTA UTARA,TANJUNG PRIOK,JL. WARAKAS IV
JAKARTA UTARA,TANJUNG PRIOK,JL. WARAKAS IX
JAKARTA UTARA,TANJUNG PRIOK,JL. WARAKAS V
JAKARTA UTARA,TANJUNG PRIOK,JL. WARAKAS VI
JAKARTA UTARA,TANJUNG PRIOK,JL. WARAKAS VII
JAKARTA UTARA,TANJUNG PRIOK,JL. WARAKAS VIII
JAKARTA UTARA,TANJUNG PRIOK,JL. WARAKAS X
JAKARTA UTARA,TANJUNG PRIOK,JL. WARAKAS XI
JAKARTA UTARA,TANJUNG PRIOK,JL. WARAKAS XII
JAKARTA UTARA,TANJUNG PRIOK,JL. WARAKAS XIII
JAKARTA UTARA,TANJUNG PRIOK,JL. YOS SUDARSO
JAKARTA UTARA,TANJUNG PRIOK,JL. SUNTER HIJAU
JAKARTA UTARA,TANJUNG PRIOK,JL. TENGGIRI
JAKARTA UTARA,TANJUNG PRIOK,JL. TAWES
JAKARTA UTARA,TANJUNG PRIOK,JL. BAKTI
JAKARTA UTARA,TANJUNG PRIOK,JL. BARU ANCOL SELATAN
JAKARTA UTARA,TANJUNG PRIOK,JL. RS ANCOL RAYA
JAKARTA UTARA,TANJUNG PRIOK,JL. TONGKOL
JAKARTA UTARA,TANJUNG PRIOK,JL. TAMAN NYIUR
JAKARTA UTARA,TANJUNG PRIOK,JL. PELITA BAHARI
JAKARTA UTARA,TANJUNG PRIOK,JL. MAWAR
JAKARTA UTARA,TANJUNG PRIOK,"JL. IR. WIYOTO WIYONO, MSC"
JAKARTA UTARA,TANJUNG PRIOK,JL. KEBON BAWANG VII
JAKARTA UTARA,TANJUNG PRIOK,JL. KEBON BAWANG RAYA
JAKARTA UTARA,TANJUNG PRIOK,JL. GADANG TERUSAN
JAKARTA UTARA,TANJUNG PRIOK,JL. SUNTER JAYA IIA
JAKARTA UTARA,TANJUNG PRIOK,JL. PAPANGGO RAYA
JAKARTA UTARA,TANJUNG PRIOK,JL. H AMSIR
JAKARTA UTARA,TANJUNG PRIOK,JL. GIZI
JAKARTA UTARA,TANJUNG PRIOK,JL. BIOMEDIS
JAKARTA UTARA,TANJUNG PRIOK,JL. KB SEJAHTERA
JAKARTA UTARA,TANJUNG PRIOK,JL. YANKESMAS
JAKARTA UTARA,TANJUNG PRIOK,JL. EPIDKA
JAKARTA UTARA,TANJUNG PRIOK,JL. INSTALKES
JAKARTA UTARA,TANJUNG PRIOK,JL. ACEH
JAKARTA UTARA,TANJUNG PRIOK,JL. ACEH ALAS UJUNG
JAKARTA UTARA,TANJUNG PRIOK,JL. ALAS
JAKARTA UTARA,TANJUNG PRIOK,JL. ALAS III
JAKARTA UTARA,TANJUNG PRIOK,JL. AMBON
JAKARTA UTARA,TANJUNG PRIOK,JL. BANDA
JAKARTA UTARA,TANJUNG PRIOK,JL. BIAK
JAKARTA UTARA,TANJUNG PRIOK,JL. BITUNG
JAKARTA UTARA,TANJUNG PRIOK,JL. INDUSTRI
JAKARTA UTARA,TANJUNG PRIOK,JL. INDUSTRI I UJUNG
JAKARTA UTARA,TANJUNG PRIOK,JL. INDUSTRI II
JAKARTA UTARA,TANJUNG PRIOK,JL. INDUSTRI III
JAKARTA UTARA,TANJUNG PRIOK,JL. KALIMANTAN
JAKARTA UTARA,TANJUNG PRIOK,JL. PABEAN
JAKARTA UTARA,TANJUNG PRIOK,JL. PADAMARANG
JAKARTA UTARA,TANJUNG PRIOK,JL. PALIAT
JAKARTA UTARA,TANJUNG PRIOK,JL. PALIAT UJUNG
JAKARTA UTARA,TANJUNG PRIOK,JL. PALMA
JAKARTA UTARA,TANJUNG PRIOK,JL. PANAITAN
JAKARTA UTARA,TANJUNG PRIOK,JL. PENAMBANGAN
JAKARTA UTARA,TANJUNG PRIOK,JL. PASOSO
JAKARTA UTARA,TANJUNG PRIOK,JL. PELABUHAN NUSANTARA
JAKARTA UTARA,TANJUNG PRIOK,JL. PELABUHAN NUSANTARA
JAKARTA UTARA,TANJUNG PRIOK,JL. PELABUHAN NUSANTARA II
JAKARTA UTARA,TANJUNG PRIOK,JL. PELABUHAN NUSANTARA IIB
JAKARTA UTARA,TANJUNG PRIOK,JL. PENJALAI
JAKARTA UTARA,TANJUNG PRIOK,JL. PAMBO
JAKARTA UTARA,TANJUNG PRIOK,JL. RE SOEMANTADIREDJA
JAKARTA UTARA,TANJUNG PRIOK,JL. PULAU PAYUNG
JAKARTA UTARA,TANJUNG PRIOK,JL. KOMP AIRUD
JAKARTA UTARA,TANJUNG PRIOK,JL. KETEL
JAKARTA UTARA,TANJUNG PRIOK,KO INKOPAU
JAKARTA UTARA,TANJUNG PRIOK,JL. TELAGA RAYA
JAKARTA UTARA,TANJUNG PRIOK,JL. AGUNG KARYA V
JAKARTA UTARA,TANJUNG PRIOK,JL. AGUNG KARYA IV
JAKARTA UTARA,TANJUNG PRIOK,JL. AGUNG KARYA II
JAKARTA UTARA,TANJUNG PRIOK,JL. AGUNG KARYA III
JAKARTA UTARA,TANJUNG PRIOK,JL. INDO KARYA
JAKARTA UTARA,TANJUNG PRIOK,JL. INDO KARYA 1
JAKARTA UTARA,TANJUNG PRIOK,JL. INDO KARYA 2
JAKARTA UTARA,TANJUNG PRIOK,JL. INDO KARYA 3
JAKARTA UTARA,TANJUNG PRIOK,JL. INDO KARYA 4
JAKARTA UTARA,TANJUNG PRIOK,JL. SWASEMBADA BARAT
JAKARTA UTARA,TANJUNG PRIOK,JL. SWASEMBADA TIMUR
JAKARTA UTARA,KOJA,JL. ALUR LAUT
JAKARTA UTARA,KOJA,JL. ANGGREK
JAKARTA UTARA,KOJA,JL. BENDUNGAN MELAYU
JAKARTA UTARA,KOJA,JL. BHAYANGKARA
JAKARTA UTARA,KOJA,JL. CEMARA
JAKARTA UTARA,KOJA,JL. CEMARA ANGIN
JAKARTA UTARA,KOJA,JL. CEMARA ANGIN BURITAN
JAKARTA UTARA,KOJA,JL. CEMPAKA
JAKARTA UTARA,KOJA,JL. CIBADAK
JAKARTA UTARA,KOJA,JL. CIBANTENG
JAKARTA UTARA,KOJA,JL. CIKAJANG
JAKARTA UTARA,KOJA,JL. CILINCING RAYA
JAKARTA UTARA,KOJA,JL. CIPEUCANG 2
JAKARTA UTARA,KOJA,JL. CIPEUCANG V
JAKARTA UTARA,KOJA,JL. DELI
JAKARTA UTARA,KOJA,JL. DUKUH
JAKARTA UTARA,KOJA,JL. F
JAKARTA UTARA,KOJA,JL. HAJI MURTADO
JAKARTA UTARA,KOJA,JL. JAMPEA
JAKARTA UTARA,KOJA,JL. JOHAR
JAKARTA UTARA,KOJA,JL. KRAMAT JAYA/TUNGGAK
JAKARTA UTARA,KOJA,JL. LABU
JAKARTA UTARA,KOJA,JL. LAGOA
JAKARTA UTARA,KOJA,JL. LAGOA A
JAKARTA UTARA,KOJA,JL. LAGOA B
JAKARTA UTARA,KOJA,JL. LAGOA TERUSAN
JAKARTA UTARA,KOJA,JL. LANGSAT
JAKARTA UTARA,KOJA,JL. LOGISTIK
JAKARTA UTARA,KOJA,JL. LONTAR
JAKARTA UTARA,KOJA,JL. LORONG 100
JAKARTA UTARA,KOJA,JL. LORONG 101
JAKARTA UTARA,KOJA,JL. LORONG 102
JAKARTA UTARA,KOJA,JL. LORONG 103
JAKARTA UTARA,KOJA,JL. LORONG 104
JAKARTA UTARA,KOJA,JL. MAHONI
JAKARTA UTARA,KOJA,JL. MAJA
JAKARTA UTARA,KOJA,JL. MANGGA
JAKARTA UTARA,KOJA,JL. MANGGAR
JAKARTA UTARA,KOJA,JL. MANTANG
JAKARTA UTARA,KOJA,JL. MAWAR
JAKARTA UTARA,KOJA,JL. MENGKUDU
JAKARTA UTARA,KOJA,JL. MENTENG
JAKARTA UTARA,KOJA,JL. MINDI
JAKARTA UTARA,KOJA,JL. MUNCANG
JAKARTA UTARA,KOJA,JL. PASAR WARU
JAKARTA UTARA,KOJA,JL. PELABUHAN RAYA
JAKARTA UTARA,KOJA,JL. PINANG
JAKARTA UTARA,KOJA,JL. PLUMPANG SEMPER
JAKARTA UTARA,KOJA,JL. RAWA BADAK
JAKARTA UTARA,KOJA,JL. SEMANGKA
JAKARTA UTARA,KOJA,JL. SINDANG
JAKARTA UTARA,KOJA,JL. SINDANG TERUSAN
JAKARTA UTARA,KOJA,JL. STM WALANG
JAKARTA UTARA,KOJA,JL. SULAWESI
JAKARTA UTARA,KOJA,JL. TIMOR /TPK KOJA
JAKARTA UTARA,KOJA,JL. TUGU SEMPER
JAKARTA UTARA,KOJA,JL. WALANG PERMAI
JAKARTA UTARA,KOJA,JL. WALANG RAYA
JAKARTA UTARA,KOJA,JL. WALANG SARI
JAKARTA UTARA,KOJA,JL. WARU
JAKARTA UTARA,KOJA,JL. YOS SUDARSO
JAKARTA UTARA,KOJA,JL. PASAR ULAR
JAKARTA UTARA,KOJA,JL. INSPEKSI KALI SUNTER
JAKARTA UTARA,KOJA,JL. BERDIKARI
JAKARTA UTARA,KOJA,JL. SEROJA
JAKARTA UTARA,KOJA,JL. MELUR
JAKARTA UTARA,KOJA,JL. MELATI
JAKARTA UTARA,KOJA,JL. CIKIJANG TIMUR
JAKARTA UTARA,KOJA,JL. CIKIJANG BARAT
JAKARTA UTARA,KOJA,JL. CIPEUCANG 1
JAKARTA UTARA,KOJA,JL. STADION RAWA BADAK
JAKARTA UTARA,KOJA,JL. K II
JAKARTA UTARA,KOJA,JL. MASJID AL KURAMAA
JAKARTA UTARA,KOJA,JL. KORAMIL
JAKARTA UTARA,KOJA,JL. PERJUANGAN
JAKARTA UTARA,KOJA,JL. BENDUNGAN MELAYU SELATAN
JAKARTA UTARA,KOJA,JL. BENDUNGAN MELAYU UTARA
JAKARTA UTARA,KOJA,JL. BATU TUMBUH
JAKARTA UTARA,KOJA,JL. BENDUNGAN BATIK
JAKARTA UTARA,KOJA,JL. PALEM
JAKARTA UTARA,KOJA,JL. PASAR KOJA
JAKARTA UTARA,KOJA,JL. B LAGOA TERUSAN
JAKARTA UTARA,KOJA,JL. A LAGOA TERUSAN
JAKARTA UTARA,KOJA,JL. LAGOA SINAR
JAKARTA UTARA,KOJA,JL. B RAYA
JAKARTA UTARA,KOJA,JL. SOKA
JAKARTA UTARA,KOJA,JL. SAMUDRA
JAKARTA UTARA,KOJA,JL. WALANG
JAKARTA UTARA,KOJA,JL. KO TUGU PERMAI
JAKARTA UTARA,KOJA,JL. DIGUL
JAKARTA UTARA,KELAPA GADING,JL. ACOR DION
JAKARTA UTARA,KELAPA GADING,JL. ARTERI KELAPA GADING
JAKARTA UTARA,KELAPA GADING,JL. BANGUN CIPTA SARANA RAYA
JAKARTA UTARA,KELAPA GADING,JL. BIRU LAUT BARAT
JAKARTA UTARA,KELAPA GADING,JL. BIRU LAUT TIMUR
JAKARTA UTARA,KELAPA GADING,JL. BOULEVARD ARTHA GADING
JAKARTA UTARA,KELAPA GADING,JL. BOULEVARD BARAT RAYA
JAKARTA UTARA,KELAPA GADING,JL. BOULEVARD BUKIT GADING RAYA
JAKARTA UTARA,KELAPA GADING,JL. BOULEVARD KELAPA GADING
JAKARTA UTARA,KELAPA GADING,JL. BUKIT GADING MEDITERANIA
JAKARTA UTARA,KELAPA GADING,JL. FLAMBOYAN
JAKARTA UTARA,KELAPA GADING,JL. GADING
JAKARTA UTARA,KELAPA GADING,JL. GADING BATAVIA RAYA
JAKARTA UTARA,KELAPA GADING,JL. GADING ELOK UTARA
JAKARTA UTARA,KELAPA GADING,JL. GADING GRIYA LESTARI
JAKARTA UTARA,KELAPA GADING,JL. GADING INDAH RAYA
JAKARTA UTARA,KELAPA GADING,JL. GADING KIRANA
JAKARTA UTARA,KELAPA GADING,JL. GADING KIRANA TJL. GADING KIRANA TIM
JAKARTA UTARA,KELAPA GADING,JL. GADING KIRANA UTARA
JAKARTA UTARA,KELAPA GADING,JL. GADING NIRWANA
JAKARTA UTARA,KELAPA GADING,JL. GADING PUTIH
JAKARTA UTARA,KELAPA GADING,JL. GADING PUTIH ELOK
JAKARTA UTARA,KELAPA GADING,JL. GIRING-GIRING
JAKARTA UTARA,KELAPA GADING,"JL. IR. WIYOTO WIYONO, MSC"
JAKARTA UTARA,KELAPA GADING,JL. JANUR ASRI
JAKARTA UTARA,KELAPA GADING,JL. JANUR ELOK
JAKARTA UTARA,KELAPA GADING,JL. JANUR KUNING
JAKARTA UTARA,KELAPA GADING,JL. JINGGA RAYA
JAKARTA UTARA,KELAPA GADING,JL. KELAPA CENGKIR
JAKARTA UTARA,KELAPA GADING,JL. KELAPA CENGKIR BARAT
JAKARTA UTARA,KELAPA GADING,JL. KELAPA CENGKIR TIMUR
JAKARTA UTARA,KELAPA GADING,JL. KELAPA GADING PERMAI
JAKARTA UTARA,KELAPA GADING,JL. KELAPA GADING TIMUR
JAKARTA UTARA,KELAPA GADING,JL. KELAPA HIBRIDA
JAKARTA UTARA,KELAPA GADING,JL. KELAPA KOPYOR
JAKARTA UTARA,KELAPA GADING,JL. KELAPA LILIN RAYA
JAKARTA UTARA,KELAPA GADING,JL. KELAPA MOLEK
JAKARTA UTARA,KELAPA GADING,JL. KELAPA PUAN
JAKARTA UTARA,KELAPA GADING,JL. KELAPA PUYUH
JAKARTA UTARA,KELAPA GADING,JL. KELAPA SAWIT
JAKARTA UTARA,KELAPA GADING,JL. KOMP KUNING TUA
JAKARTA UTARA,KELAPA GADING,JL. KOMP. AXC KELAPA GADING
JAKARTA UTARA,KELAPA GADING,JL. KOMP. HARMONI MAS
JAKARTA UTARA,KELAPA GADING,JL. KOMP. KUNING LANGSAT
JAKARTA UTARA,KELAPA GADING,JL. MUSIK RAYA
JAKARTA UTARA,KELAPA GADING,JL. PEGANGSAAN DUA
JAKARTA UTARA,KELAPA GADING,JL. PELEPAH ASRI
JAKARTA UTARA,KELAPA GADING,JL. PELEPAH ELOK
JAKARTA UTARA,KELAPA GADING,JL. PELEPAH HIJAU
JAKARTA UTARA,KELAPA GADING,JL. PELEPAH INDAH
JAKARTA UTARA,KELAPA GADING,JL. PELEPAH KUNING
JAKARTA UTARA,KELAPA GADING,JL. PELEPAH RAYA
JAKARTA UTARA,KELAPA GADING,JL. PRINTIS KEMERDEKAAN
JAKARTA UTARA,KELAPA GADING,JL. PT HII
JAKARTA UTARA,KELAPA GADING,JL. RAYA BEKASI/SRI SULTAN H B IX
JAKARTA UTARA,KELAPA GADING,JL. RAYA GADING KIRANA
JAKARTA UTARA,KELAPA GADING,JL. RAYA KELAPA NIAS
JAKARTA UTARA,KELAPA GADING,JL. SUMANGGUNG II
JAKARTA UTARA,KELAPA GADING,JL. SUMANGUNG
JAKARTA UTARA,KELAPA GADING,JL. SUMANGUNG III
JAKARTA UTARA,KELAPA GADING,JL. TAMAN PEGANGSAAN INDAH
JAKARTA UTARA,KELAPA GADING,JL. TARIAN RAYA BARAT
JAKARTA UTARA,KELAPA GADING,JL. TARIAN TIMUR RAYA BARAT
JAKARTA UTARA,KELAPA GADING,JL. TARUMPET
JAKARTA UTARA,KELAPA GADING,JL. YOS SUDARSO
JAKARTA UTARA,KELAPA GADING,JL. BOULEVARD TIMUR
JAKARTA UTARA,KELAPA GADING,JL. BOULEVARD RAYA
JAKARTA UTARA,KELAPA GADING,JL. BOULEVARD UTARA
JAKARTA UTARA,KELAPA GADING,JL. PASAR MANDIRI
JAKARTA UTARA,KELAPA GADING,JL. MANDIRI TENGAH
JAKARTA UTARA,CILINCING,JL. AKSES MARUNDA/ARTERI MARUNDA
JAKARTA UTARA,CILINCING,JL. BAKTI
JAKARTA UTARA,CILINCING,JL. BELIMBING
JAKARTA UTARA,CILINCING,JL. CAKUNG CILINCING RAYA
JAKARTA UTARA,CILINCING,JL. CILINCING BARU
JAKARTA UTARA,CILINCING,JL. CILINCING BESAR
JAKARTA UTARA,CILINCING,JL. CILINCING CILANDAK
JAKARTA UTARA,CILINCING,JL. CILINCING KSATRIA
JAKARTA UTARA,CILINCING,JL. CILINCING LAMA
JAKARTA UTARA,CILINCING,JL. CILINCING LANDAK MARINIR
JAKARTA UTARA,CILINCING,JL. CILINCING PAGI
JAKARTA UTARA,CILINCING,JL. CILINCING RAYA
JAKARTA UTARA,CILINCING,JL. DUREN
JAKARTA UTARA,CILINCING,JL. GADING GRIYA LESTARI
JAKARTA UTARA,CILINCING,JL. GAYA MOTOR
JAKARTA UTARA,CILINCING,JL. KALI BARU
JAKARTA UTARA,CILINCING,JL. KALI BARU BARAT II
JAKARTA UTARA,CILINCING,JL. KALI BARU TIMUR
JAKARTA UTARA,CILINCING,JL. KEBANTENAN
JAKARTA UTARA,CILINCING,JL. KEBON BARU
JAKARTA UTARA,CILINCING,JL. KELAPA HIBRIDA
JAKARTA UTARA,CILINCING,JL. KEPALA DUA
JAKARTA UTARA,CILINCING,JL. KESEMEK
JAKARTA UTARA,CILINCING,JL. KRAMAT JAYA/TUNGGAK
JAKARTA UTARA,CILINCING,JL. MANUNGGAL JUANG
JAKARTA UTARA,CILINCING,JL. MARUNDA CILINCING
JAKARTA UTARA,CILINCING,JL. PEDONGKELAN
JAKARTA UTARA,CILINCING,JL. PEMADAM
JAKARTA UTARA,CILINCING,JL. PEPAYA
JAKARTA UTARA,CILINCING,JL. ROROTAN
JAKARTA UTARA,CILINCING,JL. ROROTAN MALAKA
JAKARTA UTARA,CILINCING,JL. SUNGAI BARITO
JAKARTA UTARA,CILINCING,JL. SUNGAI BRANTAS
JAKARTA UTARA,CILINCING,JL. SUNGAI CITANDUI
JAKARTA UTARA,CILINCING,JL. SUNGAI LANDAK MARUNDA
JAKARTA UTARA,CILINCING,JL. TAMAN TIPAR
JAKARTA UTARA,CILINCING,JL. TANAH MERDEKA CILINCING
JAKARTA UTARA,CILINCING,JL. TIPAR CAKUNG
JAKARTA UTARA,CILINCING,JL. TUGU SEMPER
JAKARTA UTARA,CILINCING,KBN CAKUNG
JAKARTA UTARA,CILINCING,KBN MARUNDA
JAKARTA UTARA,CILINCING,KO. BEA CUKAI SUKAPURA
JAKARTA UTARA,CILINCING,TOL AKSES TANJUNG PRIOK
JAKARTA UTARA,CILINCING,JL. DUKUH
JAKARTA UTARA,CILINCING,JL. CAMAR
JAKARTA UTARA,CILINCING,JL. BIDARA
JAKARTA UTARA,CILINCING,JL. KELAPA DUA
JAKARTA UTARA,CILINCING,JL. SARANG BANGO
JAKARTA UTARA,CILINCING,JL. MARUNDA MAKMUR
JAKARTA UTARA,CILINCING,JL. INSPEKSI CAKUNG DRAIN
JAKARTA UTARA,CILINCING,JL. SIAK
JAKARTA UTARA,KEPULAUAN SERIBU,PULAU AIR BESAR
JAKARTA UTARA,KEPULAUAN SERIBU,PULAU AIR KECIL / PULAU JUSI
JAKARTA UTARA,KEPULAUAN SERIBU,PULAU AYER
JAKARTA UTARA,KEPULAUAN SERIBU,PULAU BELANDA
JAKARTA UTARA,KEPULAUAN SERIBU,PULAU BIAWAK
JAKARTA UTARA,KEPULAUAN SERIBU,PULAU BIDADARI / PULAU PURMEREND
JAKARTA UTARA,KEPULAUAN SERIBU,PULAU BIRA BESAR
JAKARTA UTARA,KEPULAUAN SERIBU,PULAU BIRA KECIL
JAKARTA UTARA,KEPULAUAN SERIBU,PULAU BOKOR
JAKARTA UTARA,KEPULAUAN SERIBU,PULAU BULAT
JAKARTA UTARA,KEPULAUAN SERIBU,PULAU BUNDAR
JAKARTA UTARA,KEPULAUAN SERIBU,PULAU BURUNG
JAKARTA UTARA,KEPULAUAN SERIBU,PULAU CINA
JAKARTA UTARA,KEPULAUAN SERIBU,PULAU CIPIR / PULAU KUIPER / PULAU KAHYANGAN
JAKARTA UTARA,KEPULAUAN SERIBU,PULAU DAMAR BESAR
JAKARTA UTARA,KEPULAUAN SERIBU,PULALJ DAMAR KECIL / PULAU WANARA
JAKARTA UTARA,KEPULAUAN SERIBU,PULAU DAPUR
JAKARTA UTARA,KEPULAUAN SERIBU,PULAU DUA BARAT
JAKARTA UTARA,KEPULAUAN SERIBU,PULAU DUA TIMUR
JAKARTA UTARA,KEPULAUAN SERIBU,PULAU GENTENG BESAR
JAKARTA UTARA,KEPULAUAN SERIBU,PULAU GENTENG KECIL
JAKARTA UTARA,KEPULAUAN SERIBU,PULAU GOSONG PABELOKAN
JAKARTA UTARA,KEPULAUAN SERIBU,PULAU GOSONG RENGAT
JAKARTA UTARA,KEPULAUAN SERIBU,PULAU GUDUS LEMPENG
JAKARTA UTARA,KEPULAUAN SERIBU,PULAU GUNDUL
JAKARTA UTARA,KEPULAUAN SERIBU,PULAU HANTU BARAT / PULAU PANTARA BARAT
JAKARTA UTARA,KEPULAUAN SERIBU,PULAU HANTU TIMUR / PULAU PANTARA TIMUR
JAKARTA UTARA,KEPULAUAN SERIBU,PULAU HARAPAN
JAKARTA UTARA,KEPULAUAN SERIBU,PULAU JAGUNG
JAKARTA UTARA,KEPULAUAN SERIBU,PULAU JUKUNG
JAKARTA UTARA,KEPULAUAN SERIBU,PULAU KALANG KUDUS
JAKARTA UTARA,KEPULAUAN SERIBU,PULAU KALIAGE BESAR
JAKARTA UTARA,KEPULAUAN SERIBU,PULAU KALIAGE KECIL
JAKARTA UTARA,KEPULAUAN SERIBU,PULAU KARANG BERAS
JAKARTA UTARA,KEPULAUAN SERIBU,PULAU KARANG BONGKOK
JAKARTA UTARA,KEPULAUAN SERIBU,PULAU KARANG CONGKAK
JAKARTA UTARA,KEPULAUAN SERIBU,PULAU KARYA
JAKARTA UTARA,KEPULAUAN SERIBU,PULAU KAYU ANGIN BIRA
JAKARTA UTARA,KEPULAUAN SERIBU,PULAU KAYU ANGIN GENTENG
JAKARTA UTARA,KEPULAUAN SERIBU,PULAU KAYU ANGIN MELINTANG
JAKARTA UTARA,KEPULAUAN SERIBU,PULAU KAYU ANGIN PUTRI
JAKARTA UTARA,KEPULAUAN SERIBU,PULAU KELAPA
JAKARTA UTARA,KEPULAUAN SERIBU,PULAU KELOR BARAT DAHULU PULAU KHERKOF
JAKARTA UTARA,KEPULAUAN SERIBU,PULAU KELOR BESAR DAHULU PULAU KHERKOF
JAKARTA UTARA,KEPULAUAN SERIBU,PULAU KELOR TIMUR DAHULU PULAU KHERKOF
JAKARTA UTARA,KEPULAUAN SERIBU,PULAU KONGSI
JAKARTA UTARA,KEPULAUAN SERIBU,PULAU KOTOK BESAR / PULAU KOTOK BARAT
JAKARTA UTARA,KEPULAUAN SERIBU,PULAU KOTOK KECIL / PULAU KOTOK TIMUR
JAKARTA UTARA,KEPULAUAN SERIBU,PULAU KUBURAN CINA
JAKARTA UTARA,KEPULAUAN SERIBU,PULAU KUNGSI / PULAU KEPALA DUA
JAKARTA UTARA,KEPULAUAN SERIBU,PULAU LAGA
JAKARTA UTARA,KEPULAUAN SERIBU,PULAU LAKI
JAKARTA UTARA,KEPULAUAN SERIBU,PULAU LANCANG BESAR
JAKARTA UTARA,KEPULAUAN SERIBU,PULAU LANCANG KECIL
JAKARTA UTARA,KEPULAUAN SERIBU,PULAU LIPAN
JAKARTA UTARA,KEPULAUAN SERIBU,PULAU MACAN BESAR / PULAU MATAHARI
JAKARTA UTARA,KEPULAUAN SERIBU,PULAU MACAN KECIL
JAKARTA UTARA,KEPULAUAN SERIBU,PULAU MELINJO
JAKARTA UTARA,KEPULAUAN SERIBU,PULAU MELINTANG BESAR
JAKARTA UTARA,KEPULAUAN SERIBU,PULAU MELINTANG KECIL
JAKARTA UTARA,KEPULAUAN SERIBU,PULAU NYAMPLUNG
JAKARTA UTARA,KEPULAUAN SERIBU,PULAU NYAMUK BESAR / PULAU NIRWANA
JAKARTA UTARA,KEPULAUAN SERIBU,PULAU NYAMUK KECIL / PULAU TALAK
JAKARTA UTARA,KEPULAUAN SERIBU,PULAU ONRUST / PULAU KAPAL
JAKARTA UTARA,KEPULAUAN SERIBU,PULAU OPAK BESAR BARAT
JAKARTA UTARA,KEPULAUAN SERIBU,PULAU OPAK BESAR TIMUR
JAKARTA UTARA,KEPULAUAN SERIBU,PULAU OPAK KECIL
JAKARTA UTARA,KEPULAUAN SERIBU,PULAU PABELOKAN
JAKARTA UTARA,KEPULAUAN SERIBU,PULAU PANGGANG
JAKARTA UTARA,KEPULAUAN SERIBU,PULAU PANIKI
JAKARTA UTARA,KEPULAUAN SERIBU,PULAU PANJANG BESAR
JAKARTA UTARA,KEPULAUAN SERIBU,PULAU PANJANG KECIL
JAKARTA UTARA,KEPULAUAN SERIBU,PULAU PARI
JAKARTA UTARA,KEPULAUAN SERIBU,PULAII PATELORAN BARAT / PULAU PATELORAN BESAR
JAKARTA UTARA,KEPULAUAN SERIBU,PULAU PATELORAN TIMUR / PULAU PATELORAN KECIL
JAKARTA UTARA,KEPULAUAN SERIBU,PULAU PAYUNG BESAR
JAKARTA UTARA,KEPULAUAN SERIBU,PULAU PAYUNG KECIL
JAKARTA UTARA,KEPULAUAN SERIBU,PULAU PEMAGARAN
JAKARTA UTARA,KEPULAUAN SERIBU,PULAU PENYALIRAN BARAT
JAKARTA UTARA,KEPULAUAN SERIBU,PULAU PENYALIRAN TIMUR
JAKARTA UTARA,KEPULAUAN SERIBU,PULAU PERAK
JAKARTA UTARA,KEPULAUAN SERIBU,PULAU PETONDAN BESAR / PULAU PELANGI
JAKARTA UTARA,KEPULAUAN SERIBU,PULAU PETONDAN KECIL /PULAU PETONDAN TIMUR
JAKARTA UTARA,KEPULAUAN SERIBU,PULAU PRAMUKA
JAKARTA UTARA,KEPULAUAN SERIBU,PULAU PUTRI BARAT / PULAU PUTRI BESAR
JAKARTA UTARA,KEPULAUAN SERIBU,PULAU PUTRI GUNDUL
JAKARTA UTARA,KEPULAUAN SERIBU,PULAU PUTRI TIMUR / PULAU PUTRI KECIL
JAKARTA UTARA,KEPULAUAN SERIBU,PULAU RAMBUT / PULAU MIDDBUR
JAKARTA UTARA,KEPULAUAN SERIBU,PULAU RENGIT
JAKARTA UTARA,KEPULAUAN SERIBU,PULAU SAKTU
JAKARTA UTARA,KEPULAUAN SERIBU,PULAU SEBARU BESAR
JAKARTA UTARA,KEPULAUAN SERIBU,PULAU SEBARU KECIL
JAKARTA UTARA,KEPULAUAN SERIBU,PULAU SEBIRA
JAKARTA UTARA,KEPULAUAN SERIBU,PULAU SEKATI
JAKARTA UTARA,KEPULAUAN SERIBU,PULAU SEMAK DAUN
JAKARTA UTARA,KEPULAUAN SERIBU,PULAU SEMUT
JAKARTA UTARA,KEPULAUAN SERIBU,PULAU SEMUT BESAR
JAKARTA UTARA,KEPULAUAN SERIBU,PULAU SEMUT KECIL
JAKARTA UTARA,KEPULAUAN SERIBU,PULAU SEPA BESAR / PULAU SEPA BARAT
JAKARTA UTARA,KEPULAUAN SERIBU,PULAU SEPA KECIL / PULAU SEPA TIMUR
JAKARTA UTARA,KEPULAUAN SERIBU,PULAU TENGAH
JAKARTA UTARA,KEPULAUAN SERIBU,PULAU TIDUNG BESAR
JAKARTA UTARA,KEPULAUAN SERIBU,PULAU TIDUNG KECIL
JAKARTA UTARA,KEPULAUAN SERIBU,PULAU TIKUS
JAKARTA UTARA,KEPULAUAN SERIBU,PULAU TONGKENG
JAKARTA UTARA,KEPULAUAN SERIBU,PULAU UBI BESAR / PULAU ROTTERDAM
JAKARTA UTARA,KEPULAUAN SERIBU,PULAU UBI KECIL / PULAU SEHIEDAM
JAKARTA UTARA,KEPULAUAN SERIBU,PULAU UNTUNG JAWA / PULAU AMITERDAM
JAKARTA UTARA,KEPULAUAN SERIBU,PULAU YU BESAR / PULAU YU BARAT
JAKARTA UTARA,KEPULAUAN SERIBU,PULAP YU KECIL / PULAUYU TIMUR
JAKARTA BARAT,KEBON JERUK,JL. ARJUNA RAYA
JAKARTA BARAT,KEBON JERUK,JL. ARJUNA SELATAN
JAKARTA BARAT,KEBON JERUK,JL. ARJUNA UTARA
JAKARTA BARAT,KEBON JERUK,JL. TOL JAKARTA-TANGERANG
JAKARTA BARAT,KEBON JERUK,JL. ARTERI KEDOYA
JAKARTA BARAT,KEBON JERUK,JL. KEBAYORAN LAMA
JAKARTA BARAT,KEBON JERUK,JL. KEDOYA AGAVE RAYA
JAKARTA BARAT,KEBON JERUK,JL. PERJUANGAN
JAKARTA BARAT,KEBON JERUK,JL. POS PENGUMBEN
JAKARTA BARAT,KEBON JERUK,JL. RAYA PERJUANGAN
JAKARTA BARAT,KEBON JERUK,JL. BATU SARI
JAKARTA BARAT,KEBON JERUK,JL. BUDI RAYA KEMANGGISAN
JAKARTA BARAT,KEBON JERUK,JL. DAAN MOGOT II
JAKARTA BARAT,KEBON JERUK,JL. E KEBON JERUK
JAKARTA BARAT,KEBON JERUK,JL. GREEN GARDEN RAYA
JAKARTA BARAT,KEBON JERUK,JL. GREEN VILLE RAYA
JAKARTA BARAT,KEBON JERUK,JL. JERUK BALI
JAKARTA BARAT,KEBON JERUK,JL. KEBON JERUK
JAKARTA BARAT,KEBON JERUK,JL. KEBON RAYA
JAKARTA BARAT,KEBON JERUK,JL. KEDOYA
JAKARTA BARAT,KEBON JERUK,JL. KEDOYA DURI
JAKARTA BARAT,KEBON JERUK,JL. KEDOYA PESING
JAKARTA BARAT,KEBON JERUK,JL. KEDOYA RAYA
JAKARTA BARAT,KEBON JERUK,JL. KELAPA DUA RAYA
JAKARTA BARAT,KEBON JERUK,JL. KOMP. SUNRISE GARDEN
JAKARTA BARAT,KEBON JERUK,JL. LAPANGAN BOLA
JAKARTA BARAT,KEBON JERUK,JL. MANGGA RAYA KOMP. GREEN VILLE
JAKARTA BARAT,KEBON JERUK,JL. RATU KEMUNING
JAKARTA BARAT,KEBON JERUK,JL. RATU MAWAR
JAKARTA BARAT,KEBON JERUK,JL. RATU MELATI
JAKARTA BARAT,KEBON JERUK,JL. RATU TERATAI
JAKARTA BARAT,KEBON JERUK,JL. RAYA PESING KONENG
JAKARTA BARAT,KEBON JERUK,JL. SURYA WIJAYA
JAKARTA BARAT,KEBON JERUK,JL. TANJUNG DUREN BARAT
JAKARTA BARAT,KEBON JERUK,JL. KEDOYA PURI KEMBANGAN
JAKARTA BARAT,KEBON JERUK,JL. PILAR RAYA
JAKARTA BARAT,KEBON JERUK,JL. TAMAN RATU RAYA
JAKARTA BARAT,KEBON JERUK,JL. ANGSANA
JAKARTA BARAT,KEBON JERUK,JL. AS. SYIROD
JAKARTA BARAT,KEBON JERUK,JL. ASSURUR
JAKARTA BARAT,KEBON JERUK,JL. A
JAKARTA BARAT,KEBON JERUK,JL. B
JAKARTA BARAT,KEBON JERUK,JL. C
JAKARTA BARAT,KEBON JERUK,JL. D
JAKARTA BARAT,KEBON JERUK,JL. DURI
JAKARTA BARAT,KEBON JERUK,JL. DURI SELATAN
JAKARTA BARAT,KEBON JERUK,JL. DURI UTAMA
JAKARTA BARAT,KEBON JERUK,JL. GANG MACAN
JAKARTA BARAT,KEBON JERUK,
JAKARTA BARAT,KEBON JERUK,JL. H. DOMANG
JAKARTA BARAT,KEBON JERUK,JL. H. RAISAN
JAKARTA BARAT,KEBON JERUK,JL. H. RAUSIN
JAKARTA BARAT,KEBON JERUK,JL. KEDOYA UTARA
JAKARTA BARAT,KEBON JERUK,JL. KELAPA DUA
JAKARTA BARAT,KEBON JERUK,JL. KOMP. GREEN VILLE
JAKARTA BARAT,KEBON JERUK,JL. KOMP. KEDOYA CENTRE
JAKARTA BARAT,KEBON JERUK,JL. PALAPA RAYA
JAKARTA BARAT,KEBON JERUK,JL. PALEM SELATAN
JAKARTA BARAT,KEBON JERUK,JL. PALEM TIMUR
JAKARTA BARAT,KEBON JERUK,JL. PALEM UTAMA
JAKARTA BARAT,KEBON JERUK,JL. PATRA
JAKARTA BARAT,KEBON JERUK,JL. PESING KEDOYA
JAKARTA BARAT,KEBON JERUK,JL. PRISMA RAYA KEDOYA
JAKARTA BARAT,KEBON JERUK,JL. SASAK
JAKARTA BARAT,KEBON JERUK,JL. SASAK II
JAKARTA BARAT,KEBON JERUK,JL. SULAEMAN
JAKARTA BARAT,KEBON JERUK,JL. SUNRISE GARDEN
JAKARTA BARAT,KEBON JERUK,JL. TAMAN RATU INDAH
JAKARTA BARAT,KEBON JERUK,JL. PILAR MAS UTAMA
JAKARTA BARAT,KEBON JERUK,JL. AKASIA
JAKARTA BARAT,KEBON JERUK,JL. ALAMANDA
JAKARTA BARAT,KEBON JERUK,JL. ASEM II
JAKARTA BARAT,KEBON JERUK,JL. ASEM III
JAKARTA BARAT,KEBON JERUK,JL. ASIA BARU
JAKARTA BARAT,KEBON JERUK,JL. KEPA DURI
JAKARTA BARAT,KEBON JERUK,JL. QRISDOREN II
JAKARTA BARAT,KEBON JERUK,JL. SALAM
JAKARTA BARAT,KEBON JERUK,JL. SUKABUMI UDIK
JAKARTA BARAT,KEBON JERUK,JL. SURYA SARANA
JAKARTA BARAT,KEBON JERUK,JL. AA
JAKARTA BARAT,KEBON JERUK,JL. AGAVE
JAKARTA BARAT,KEBON JERUK,JL. AGAVE II
JAKARTA BARAT,KEBON JERUK,JL. AGAVE III
JAKARTA BARAT,KEBON JERUK,JL. AGAVE IV
JAKARTA BARAT,KEBON JERUK,JL. AGAVE V
JAKARTA BARAT,KEBON JERUK,JL. AGAVE VI
JAKARTA BARAT,KEBON JERUK,JL. AGAVE VII
JAKARTA BARAT,KEBON JERUK,JL. ANGSANA
JAKARTA BARAT,KEBON JERUK,JL. ANGSANA II
JAKARTA BARAT,KEBON JERUK,JL. ANGSANA III
JAKARTA BARAT,KEBON JERUK,JL. ANGSANA IV
JAKARTA BARAT,KEBON JERUK,JL. ANGSANA V
JAKARTA BARAT,KEBON JERUK,JL. ANGSANA VI
JAKARTA BARAT,KEBON JERUK,JL. ANGSANA VII
JAKARTA BARAT,KEBON JERUK,JL. ASPARAGUS
JAKARTA BARAT,KEBON JERUK,JL. BB
JAKARTA BARAT,KEBON JERUK,JL. BUDHI
JAKARTA BARAT,KEBON JERUK,JL. DAUD
JAKARTA BARAT,KEBON JERUK,JL. GILI SAMPENG
JAKARTA BARAT,KEBON JERUK,JL. H. MARZUKI
JAKARTA BARAT,KEBON JERUK,JL. H. MUHAJAR
JAKARTA BARAT,KEBON JERUK,JL. H. SALMAN
JAKARTA BARAT,KEBON JERUK,JL. JERUK NIPIS
JAKARTA BARAT,KEBON JERUK,JL. KARMEL
JAKARTA BARAT,KEBON JERUK,JL. KARMEL V
JAKARTA BARAT,KEBON JERUK,JL. KEBON RAYA VI
JAKARTA BARAT,KEBON JERUK,JL. KEBUN JERUK BARU
JAKARTA BARAT,KEBON JERUK,JL. KEMUNING
JAKARTA BARAT,KEBON JERUK,JL. MANGGA
JAKARTA BARAT,KEBON JERUK,JL. PAHLAWAN
JAKARTA BARAT,KEBON JERUK,JL. PALAPA
JAKARTA BARAT,KEBON JERUK,JL. PALAPA II
JAKARTA BARAT,KEBON JERUK,JL. PATRA TOMANG
JAKARTA BARAT,KEBON JERUK,JL. RATU MELATI II
JAKARTA BARAT,KEBON JERUK,JL. RATU MELATI III
JAKARTA BARAT,KEBON JERUK,JL. RATU MELATI IV
JAKARTA BARAT,KEBON JERUK,JL. RATU MELATI V
JAKARTA BARAT,KEBON JERUK,JL. SOLEH
JAKARTA BARAT,KEBON JERUK,JL. SOLEH II
JAKARTA BARAT,KEBON JERUK,JL. SUKABUMI SELATAN
JAKARTA BARAT,KEBON JERUK,JL. SURYA BARAT
JAKARTA BARAT,KEBON JERUK,JL. SURYA MULIA
JAKARTA BARAT,KEBON JERUK,JL. SURYA NIRMALA
JAKARTA BARAT,KEBON JERUK,JL. SURYA TIMUR
JAKARTA BARAT,KEBON JERUK,JL. SURYA UTAMA
JAKARTA BARAT,KEBON JERUK,JL. TAMAN COSMOS
JAKARTA BARAT,KEBON JERUK,JL. COSMOS
JAKARTA BARAT,KEBON JERUK,JL. TOSIGA
JAKARTA BARAT,KEBON JERUK,JL. DURI KENCANA BARAT
JAKARTA BARAT,KEBON JERUK,JL. DURI KENCANA TIMUR
JAKARTA BARAT,KEBON JERUK,JL. KEDOYA BARU
JAKARTA BARAT,KEBON JERUK,JL. KUBUR
JAKARTA BARAT,KEBON JERUK,JL. PALAPA III
JAKARTA BARAT,KEBON JERUK,JL. PALAPA IV
JAKARTA BARAT,KEBON JERUK,JL. PALAPA V
JAKARTA BARAT,KEBON JERUK,JL. PALAPA VI
JAKARTA BARAT,KEBON JERUK,JL. PALAPA VII
JAKARTA BARAT,KEBON JERUK,JL. PALAPA VIII
JAKARTA BARAT,KEBON JERUK,JL. RATU ALAMANDA
JAKARTA BARAT,KEBON JERUK,JL. TAMAN KEDOYA PERMAI
JAKARTA BARAT,KEBON JERUK,JL. KEPA GUJI
JAKARTA BARAT,KEBON JERUK,JL. PALEM RAYA
JAKARTA BARAT,KEBON JERUK,JL. RATU KAMBOJA
JAKARTA BARAT,KEBON JERUK,JL. PILAR
JAKARTA BARAT,KEBON JERUK,JL. RAWA BELONG
JAKARTA BARAT,KEBON JERUK,JL. ANGGREK CAKRA
JAKARTA BARAT,KEBON JERUK,JL. MUSYAWARAH
JAKARTA BARAT,KEBON JERUK,JL. HAJI KELIK
JAKARTA BARAT,KEBON JERUK,JL. ANGGREK
JAKARTA BARAT,KEBON JERUK,JL. PANJANG CIDODOL/KP. BARU
JAKARTA BARAT,KEBON JERUK,JL. FF
JAKARTA BARAT,KEBON JERUK,JL. MASJID AL ANWAR
JAKARTA BARAT,KEBON JERUK,JL. DAAN MOGOT RAYA
JAKARTA BARAT,KEBON JERUK,JL. DURI RAYA
JAKARTA BARAT,KEBON JERUK,JL. DURI UTAMA RAYA/ PALEM RAYA
JAKARTA BARAT,KEMBANGAN,JL. TOL JAKARTA-TANGERANG
JAKARTA BARAT,KEMBANGAN,JL. PURI KENCANA
JAKARTA BARAT,KEMBANGAN,JL. MERUYA ILIR RAYA
JAKARTA BARAT,KEMBANGAN,JL. LINGKAR LUAR BARAT
JAKARTA BARAT,KEMBANGAN,JL. RING ROAD
JAKARTA BARAT,KEMBANGAN,JL. H. KELIK
JAKARTA BARAT,KEMBANGAN,JL. JOGLO RAYA
JAKARTA BARAT,KEMBANGAN,JL. KEMBANG KEREP
JAKARTA BARAT,KEMBANGAN,JL. SANGGRAHAN
JAKARTA BARAT,KEMBANGAN,JL. SRENGSENG RAYA
JAKARTA BARAT,KEMBANGAN,JL. PURI INDAH
JAKARTA BARAT,KEMBANGAN,JL. KOMP. TAMAN ARIES
JAKARTA BARAT,KEMBANGAN,JL. KOMP. TAMAN KOTA
JAKARTA BARAT,KEMBANGAN,JL. MERUYA INDAH
JAKARTA BARAT,KEMBANGAN,JL. PURI KEMBANGAN BARAT
JAKARTA BARAT,KEMBANGAN,JL. PURI KEMBANGAN RAYA
JAKARTA BARAT,KEMBANGAN,JL. PURI KEMBANGAN TIMUR
JAKARTA BARAT,KEMBANGAN,JL. PURI KEMBANGAN UTARA
JAKARTA BARAT,KEMBANGAN,JL. KOMP. RUKO PURI INDAH
JAKARTA BARAT,KEMBANGAN,JL. RAYA KEMBANGAN
JAKARTA BARAT,KEMBANGAN,JL. MERUYA SELATAN/UDIK
JAKARTA BARAT,KEMBANGAN,JL. KEMBANG
JAKARTA BARAT,KEMBANGAN,JL. TAMAN KEBON JERUK
JAKARTA BARAT,KEMBANGAN,JL. BUANA BIRU BESAR
JAKARTA BARAT,KEMBANGAN,JL. H. LEBAR
JAKARTA BARAT,KEMBANGAN,JL. KEMBANG ABADI UTAMA
JAKARTA BARAT,KEMBANGAN,JL. KEMBANGAN
JAKARTA BARAT,KEMBANGAN,JL. KOMP. INTERCON PLAZA
JAKARTA BARAT,KEMBANGAN,JL. MERUYA UTARA RAYA
JAKARTA BARAT,KEMBANGAN,JL. PURI BIRA
JAKARTA BARAT,KEMBANGAN,JL. KEMBANGAN SAKTI BARAT
JAKARTA BARAT,KEMBANGAN,JL. KEMBANGAN SAKTI TIMUR
JAKARTA BARAT,KEMBANGAN,JL. KEMBANGAN UTARA
JAKARTA BARAT,KEMBANGAN,JL. KARANG TENGAH RAYA
JAKARTA BARAT,KEMBANGAN,JL. KOMP. PERMATA
JAKARTA BARAT,KEMBANGAN,JL. KOMP.DPR
JAKARTA BARAT,KEMBANGAN,JL. KOMP.DPR II
JAKARTA BARAT,KEMBANGAN,JL. PESANGGRAHAN
JAKARTA BARAT,KEMBANGAN,JL. TAMAN ALFA INDAH
JAKARTA BARAT,KEMBANGAN,JL. TAMAN ARIES
JAKARTA BARAT,KEMBANGAN,JL. BASMOL RAYA
JAKARTA BARAT,KEMBANGAN,JL. KEMBANG ASRI
JAKARTA BARAT,KEMBANGAN,JL. KEMBANG AYU UTAMA
JAKARTA BARAT,KEMBANGAN,JL. KEMBANG HARUM UTAMA
JAKARTA BARAT,KEMBANGAN,JL. PENYELESAIAN TOMANG
JAKARTA BARAT,KEMBANGAN,JL. PENYELESAIAN TOMANG II
JAKARTA BARAT,KEMBANGAN,JL. PENYELESAIAN TOMANG III
JAKARTA BARAT,KEMBANGAN,JL. PENYELESAIAN TOMANG IV
JAKARTA BARAT,KEMBANGAN,JL. PENYELESAIAN TOMANG V
JAKARTA BARAT,KEMBANGAN,JL. H. MUCHTAR/KAV.DKI
JAKARTA BARAT,KEMBANGAN,JL. KENANGA
JAKARTA BARAT,KEMBANGAN,JL. BERLIAN SELATAN
JAKARTA BARAT,KEMBANGAN,JL. DIAMOND
JAKARTA BARAT,KEMBANGAN,JL. MURNI
JAKARTA BARAT,KEMBANGAN,JL. MUTIARA KEDOYA UTAMA
JAKARTA BARAT,KEMBANGAN,JL. PULAU PUTRI
JAKARTA BARAT,KEMBANGAN,JL. POS PENGUMBEN
JAKARTA BARAT,KEMBANGAN,JL. LAPANGAN BOLA
JAKARTA BARAT,KEMBANGAN,JL. KOMP. BATU MULIA
JAKARTA BARAT,KEMBANGAN,JL. KEMBANGAN UTAMA
JAKARTA BARAT,KEMBANGAN,JL. KOMP. PERMATA BUANA
JAKARTA BARAT,KEMBANGAN,JL. KEMBANGAN SELATAN
JAKARTA BARAT,KEMBANGAN,JL. SWADARMA RAYA
JAKARTA BARAT,KEMBANGAN,JL. KAV DKI
JAKARTA BARAT,KEMBANGAN,JL. BATU MULIA
JAKARTA BARAT,KEMBANGAN,JL. JOGLO BARU
JAKARTA BARAT,KEMBANGAN,JL. KEMBANGAN BARU
JAKARTA BARAT,KEMBANGAN,JL. PERMATA MERUYA
JAKARTA BARAT,CENGKARENG,JL. LINGKAR LUAR BARAT/KAMAL RAYA
JAKARTA BARAT,CENGKARENG,JL. KAMAL RAYA RING ROAD
JAKARTA BARAT,CENGKARENG,JL. DAAN MOGOT
JAKARTA BARAT,CENGKARENG,JL. DAAN MOGOT RAYA
JAKARTA BARAT,CENGKARENG,JL. KAPUK RAYA
JAKARTA BARAT,CENGKARENG,JL. UTAMA RAYA
JAKARTA BARAT,CENGKARENG,JL. KAYU BESAR
JAKARTA BARAT,CENGKARENG,JL. KAMAL RAYA
JAKARTA BARAT,CENGKARENG,JL. UTAMA
JAKARTA BARAT,CENGKARENG,JL. RAYA DURI KOSAMBI
JAKARTA BARAT,CENGKARENG,JL. TAMAN SEMANAN INDAH
JAKARTA BARAT,CENGKARENG,JL. TAMAN KENCANA
JAKARTA BARAT,CENGKARENG,JL. TAMAN PALEM MUTIARA
JAKARTA BARAT,CENGKARENG,JL. TAMAN PALEM LESTARI
JAKARTA BARAT,CENGKARENG,JL. UTAMA II
JAKARTA BARAT,CENGKARENG,JL. RAYA PONDOK RANDU
JAKARTA BARAT,CENGKARENG,JL. SUMUR BOR
JAKARTA BARAT,CENGKARENG,JL. CENDRAWASIFI
JAKARTA BARAT,CENGKARENG,JL. KRESEK RAYA
JAKARTA BARAT,CENGKARENG,JL. RAWA BUAYA
JAKARTA BARAT,CENGKARENG,JL. JEMBATAN BARU
JAKARTA BARAT,CENGKARENG,JL. RAYA KOSAMBI BARU
JAKARTA BARAT,CENGKARENG,JL. KOSAMBI BARU
JAKARTA BARAT,CENGKARENG,JL. PONDOK RANDU
JAKARTA BARAT,CENGKARENG,JL. TAMAN KOTA
JAKARTA BARAT,CENGKARENG,JL. PASAR CENGKARENG
JAKARTA BARAT,CENGKARENG,JL. KOMP. CASA JARDIN
JAKARTA BARAT,CENGKARENG,JL. BUMI CENGKARENG INDAH
JAKARTA BARAT,CENGKARENG,JL. POOL PPD
JAKARTA BARAT,CENGKARENG,JL. KAPUK PULO
JAKARTA BARAT,CENGKARENG,JL. MELATI RAYA
JAKARTA BARAT,CENGKARENG,JL. KAYU BESAR DALAM
JAKARTA BARAT,CENGKARENG,JL. FLAMBOYAN
JAKARTA BARAT,CENGKARENG,JL. NUSA INDAH
JAKARTA BARAT,CENGKARENG,JL. KOSAMBI BARAT
JAKARTA BARAT,CENGKARENG,JL. BERINGIN
JAKARTA BARAT,CENGKARENG,JL. BERINGIN II
JAKARTA BARAT,CENGKARENG,JL. BERINGIN III
JAKARTA BARAT,CENGKARENG,JL. BERINGIN IV
JAKARTA BARAT,CENGKARENG,JL. DURIAN
JAKARTA BARAT,CENGKARENG,JL. DURIAN II
JAKARTA BARAT,CENGKARENG,JL. DURIAN III
JAKARTA BARAT,CENGKARENG,JL. DURIAN IV
JAKARTA BARAT,CENGKARENG,JL. DURIAN V
JAKARTA BARAT,CENGKARENG,JL. INTAN
JAKARTA BARAT,CENGKARENG,JL. KEDELAI RAYA
JAKARTA BARAT,CENGKARENG,JL. TERATAI
JAKARTA BARAT,CENGKARENG,JL. BOJONG RAYA
JAKARTA BARAT,CENGKARENG,JL. BANGUN NUSA
JAKARTA BARAT,CENGKARENG,JL. CABE RAWIT
JAKARTA BARAT,CENGKARENG,JL. CABE RAWIT II
JAKARTA BARAT,CENGKARENG,JL. CABE RAWIT III
JAKARTA BARAT,CENGKARENG,JL. CABE RAWIT IV
JAKARTA BARAT,CENGKARENG,JL. ANGGREK
JAKARTA BARAT,CENGKARENG,JL. PAKIS RAYA
JAKARTA BARAT,CENGKARENG,JL. NIRMALA
JAKARTA BARAT,CENGKARENG,JL. SAKURA
JAKARTA BARAT,CENGKARENG,JL. CEMARA
JAKARTA BARAT,CENGKARENG,JL. KOSAMBI TIMUR
JAKARTA BARAT,CENGKARENG,JL. MANGGIS RAYA
JAKARTA BARAT,CENGKARENG,JL. PEDONGKELAN
JAKARTA BARAT,CENGKARENG,JL. PESING POGLAR
JAKARTA BARAT,CENGKARENG,JL. PETERNAKAN
JAKARTA BARAT,CENGKARENG,JL. FAJAR BARU
JAKARTA BARAT,CENGKARENG,JL. KOMP. DEPAG
JAKARTA BARAT,CENGKARENG,JL. JAGUNG RAYA
JAKARTA BARAT,CENGKARENG,JL. AKIK
JAKARTA BARAT,CENGKARENG,JL. BADAR
JAKARTA BARAT,CENGKARENG,JL. BAMBU BETUNG
JAKARTA BARAT,CENGKARENG,JL. BAMBU BETUNG II
JAKARTA BARAT,CENGKARENG,JL. BAMBU BETUNG III
JAKARTA BARAT,CENGKARENG,JL. BAMBU BETUNG IV
JAKARTA BARAT,CENGKARENG,JL. BAMBU BETUNG V
JAKARTA BARAT,CENGKARENG,JL. BAMBU BETUNG VI
JAKARTA BARAT,CENGKARENG,JL. BAMBU BETUNG VII
JAKARTA BARAT,CENGKARENG,JL. BAMBU TALI
JAKARTA BARAT,CENGKARENG,JL. BAMBU WULUNG
JAKARTA BARAT,CENGKARENG,JL. DHARMA PRATAMA
JAKARTA BARAT,CENGKARENG,JL. KEBON JAHE
JAKARTA BARAT,CENGKARENG,JL. SEROJA
JAKARTA BARAT,CENGKARENG,JL. CENGKARENG BARAT
JAKARTA BARAT,CENGKARENG,JL. CENGKARENG TIMUR
JAKARTA BARAT,CENGKARENG,JL. CENGKARENG
JAKARTA BARAT,CENGKARENG,JL. KOMP. APARTEMEN GREEN PARK VIEW
JAKARTA BARAT,CENGKARENG,JL. KOMP. DUTA INDAH KARYA
JAKARTA BARAT,CENGKARENG,JL. KOMP. DAAN MOGOT PRIMA
JAKARTA BARAT,CENGKARENG,JL. KOMP. GREEN LAKE RESIDENCE
JAKARTA BARAT,CENGKARENG,JL. KOMP. GREEN PALM
JAKARTA BARAT,KALIDERES,JL. TOL SEDYATMO
JAKARTA BARAT,KALIDERES,JL. PETA SELATAN
JAKARTA BARAT,KALIDERES,JL. TAMPAK SIRING
JAKARTA BARAT,KALIDERES,JL. TANAH LOT
JAKARTA BARAT,KALIDERES,JL. GILIMANUK
JAKARTA BARAT,KALIDERES,JL. JIMBARAN
JAKARTA BARAT,KALIDERES,JL. BEDUGUL
JAKARTA BARAT,KALIDERES,JL. CITRA 1
JAKARTA BARAT,KALIDERES,JL. UTAN JATI
JAKARTA BARAT,KALIDERES,JL. TAMPAK SIRING BARAT
JAKARTA BARAT,KALIDERES,JL. CITRA 7
JAKARTA BARAT,KALIDERES,JL. CITRA 2
JAKARTA BARAT,KALIDERES,JL. PETA UTARA
JAKARTA BARAT,KALIDERES,JL. GARDENA UTAMA
JAKARTA BARAT,KALIDERES,JL. CITRA 2 EXT
JAKARTA BARAT,KALIDERES,JL. CITRA 5
JAKARTA BARAT,KALIDERES,JL. CITRA 3
JAKARTA BARAT,KALIDERES,JL. CITRA 6
JAKARTA BARAT,KALIDERES,JL. MENCENG RAYA
JAKARTA BARAT,KALIDERES,JL. KAMAL MUARA
JAKARTA BARAT,KALIDERES,JL. PETA BARAT
JAKARTA BARAT,KALIDERES,JL. KOMP. CITRA GARDEN
JAKARTA BARAT,KALIDERES,JL. KAMAL TEGAL ALUR
JAKARTA BARAT,KALIDERES,JL. SEMANAN RAYA
JAKARTA BARAT,KALIDERES,JL. DHARMA
JAKARTA BARAT,KALIDERES,JL. SMA 94
JAKARTA BARAT,KALIDERES,JL. GAGA UTAMA
JAKARTA BARAT,KALIDERES,JL. PANGKALAN KRAMAT
JAKARTA BARAT,KALIDERES,JL. MOHAMMAD ASINIE
JAKARTA BARAT,KALIDERES,JL. WARUNG GANTUNG
JAKARTA BARAT,KALIDERES,JL. BENDA RAWA LELE
JAKARTA BARAT,KALIDERES,JL. BAMBU LARANGAN
JAKARTA BARAT,KALIDERES,JL. TAMAN SURYA
JAKARTA BARAT,KALIDERES,JL. DUA PULUH DESEMBER
JAKARTA BARAT,KALIDERES,JL. 22 DESEMBER
JAKARTA BARAT,KALIDERES,JL. SATU MARET
JAKARTA BARAT,KALIDERES,JL. TANJUNG PURA
JAKARTA BARAT,KALIDERES,JL. PREPEDAN
JAKARTA BARAT,KALIDERES,JL. BENDA RAYA
JAKARTA BARAT,KALIDERES,JL. KALI DERES RAYA
JAKARTA BARAT,KALIDERES,JL. PETA TIMUR
JAKARTA BARAT,KALIDERES,JL. LINGKUNGAN
JAKARTA BARAT,KALIDERES,JL. KAMAL BENDA
JAKARTA BARAT,KALIDERES,JL. RUKO PELANGI TAMAN PALEM
JAKARTA BARAT,KALIDERES,JL. SEBELAS MARET
JAKARTA BARAT,KALIDERES,JL. SUMUR BOR
JAKARTA BARAT,KALIDERES,JL. ALBASIAH
JAKARTA BARAT,KALIDERES,JL. AMD KALIDERES
JAKARTA BARAT,KALIDERES,JL. KEBON KELAPA
JAKARTA BARAT,KALIDERES,JL. KEBON 200
JAKARTA BARAT,KALIDERES,JL. SAHABAT
JAKARTA BARAT,KALIDERES,JL. RAWA KOMPENI
JAKARTA BARAT,KALIDERES,JL. KEBON MEDE
JAKARTA BARAT,KALIDERES,JL. DAAN MOGOT
JAKARTA BARAT,KALIDERES,JL. KAMAL RAYA
JAKARTA BARAT,KALIDERES,JL. KEMUNING
JAKARTA BARAT,KALIDERES,JL. TAMAN PALEM LESTARI
JAKARTA BARAT,KALIDERES,JL. KOMP. RUKO DAAN MOGOT
JAKARTA BARAT,KALIDERES,JL. CITRA 8
JAKARTA BARAT,KALIDERES,JL. HUSEIN SASTRANEGARA
JAKARTA BARAT,GROGOL PETAMBURAN,JL. PROF. DR. LATUMENTEN
JAKARTA BARAT,GROGOL PETAMBURAN,JL. LETJEN S. PARMAN
JAKARTA BARAT,GROGOL PETAMBURAN,JL. TOL JAKARTA-TANGERANG
JAKARTA BARAT,GROGOL PETAMBURAN,JL. SATRIA
JAKARTA BARAT,GROGOL PETAMBURAN,JL. TOMANG RAYA
JAKARTA BARAT,GROGOL PETAMBURAN,JL. DAAN MOGOT RAYA
JAKARTA BARAT,GROGOL PETAMBURAN,JL. ARJUNA RAYA
JAKARTA BARAT,GROGOL PETAMBURAN,JL. KYAI TAPA
JAKARTA BARAT,GROGOL PETAMBURAN,JL. TANJUNG DUREN UTARA
JAKARTA BARAT,GROGOL PETAMBURAN,JL. TANJUNG DUREN TIMUR II
JAKARTA BARAT,GROGOL PETAMBURAN,JL. SALAK MASIR
JAKARTA BARAT,GROGOL PETAMBURAN,JL. PANGERAN TUBAGUS ANGKE
JAKARTA BARAT,GROGOL PETAMBURAN,JL. JELAMBAR BARU
JAKARTA BARAT,GROGOL PETAMBURAN,JL. TANJUNG DUREN RAYA
JAKARTA BARAT,GROGOL PETAMBURAN,JL. GELONG BARU
JAKARTA BARAT,GROGOL PETAMBURAN,JL. TOMANG TINGGI
JAKARTA BARAT,GROGOL PETAMBURAN,JL. GELONG BARU UTARA
JAKARTA BARAT,GROGOL PETAMBURAN,JL. MANDALA
JAKARTA BARAT,GROGOL PETAMBURAN,JL. SUSILO RAYA
JAKARTA BARAT,GROGOL PETAMBURAN,JL. DR. SUSILO
JAKARTA BARAT,GROGOL PETAMBURAN,JL. DR. SUSILO II
JAKARTA BARAT,GROGOL PETAMBURAN,JL. DR. SUSILO III
JAKARTA BARAT,GROGOL PETAMBURAN,JL. DR. SUSILO IV
JAKARTA BARAT,GROGOL PETAMBURAN,JL. DR. MUWARDI
JAKARTA BARAT,GROGOL PETAMBURAN,JL. DR. MUWARDI
JAKARTA BARAT,GROGOL PETAMBURAN,JL. DR. MUWARDI II
JAKARTA BARAT,GROGOL PETAMBURAN,JL. DR. MUWARDI III
JAKARTA BARAT,GROGOL PETAMBURAN,JL. DR. MAKALIWE
JAKARTA BARAT,GROGOL PETAMBURAN,JL. EMPANG BAHAGIA
JAKARTA BARAT,GROGOL PETAMBURAN,JL. GROGOL PERMAI
JAKARTA BARAT,GROGOL PETAMBURAN,JL. TANJUNG DUREN BARAT
JAKARTA BARAT,GROGOL PETAMBURAN,JL. TANJUNG DUREN UTARA IV
JAKARTA BARAT,GROGOL PETAMBURAN,JL. TANJUNG DUREN BARAT
JAKARTA BARAT,GROGOL PETAMBURAN,JL. TANJUNG DUREN BARAT IV
JAKARTA BARAT,GROGOL PETAMBURAN,JL. MUWARDI RAYA
JAKARTA BARAT,GROGOL PETAMBURAN,JL. TANJUNG DUREN BARAT VI
JAKARTA BARAT,GROGOL PETAMBURAN,JL. MUWARDI IV
JAKARTA BARAT,GROGOL PETAMBURAN,JL. JELAMBAR UTAMA
JAKARTA BARAT,GROGOL PETAMBURAN,JL. TAMAN DUTA MAS
JAKARTA BARAT,GROGOL PETAMBURAN,JL. TAWAKAL RAYA
JAKARTA BARAT,GROGOL PETAMBURAN,JL. TOMANG UTARA
JAKARTA BARAT,GROGOL PETAMBURAN,JL. TOMANG UTARA
JAKARTA BARAT,GROGOL PETAMBURAN,JL. TOMANG RAWA KEPA RAYA
JAKARTA BARAT,GROGOL PETAMBURAN,JL. PULO MACAN
JAKARTA BARAT,GROGOL PETAMBURAN,JL. SEMERU
JAKARTA BARAT,GROGOL PETAMBURAN,JL. NURDIN
JAKARTA BARAT,GROGOL PETAMBURAN,JL. HADIAH
JAKARTA BARAT,GROGOL PETAMBURAN,JL. DAAN MOGOT
JAKARTA BARAT,GROGOL PETAMBURAN,JL. JELAMBAR KAV. POLRI
JAKARTA BARAT,GROGOL PETAMBURAN,JL. JELAMBAR UTAMA SAKTI
JAKARTA BARAT,GROGOL PETAMBURAN,JL. SWADAYA RAYA
JAKARTA BARAT,GROGOL PETAMBURAN,JL. KARYA
JAKARTA BARAT,GROGOL PETAMBURAN,JL. MANDALA UTARA
JAKARTA BARAT,GROGOL PETAMBURAN,JL. JELAMBAR BARAT
JAKARTA BARAT,GROGOL PETAMBURAN,JL. JELAMBAR ILIR
JAKARTA BARAT,GROGOL PETAMBURAN,JL. JELAMBAR JAYA
JAKARTA BARAT,GROGOL PETAMBURAN,JL. TAMAN HARAPAN INDAH
JAKARTA BARAT,GROGOL PETAMBURAN,JL. TANJUNG DUREN BARAT III
JAKARTA BARAT,GROGOL PETAMBURAN,JL. TAMAN DAAN MOGOT
JAKARTA BARAT,GROGOL PETAMBURAN,JL. TANJUNG DUREN TIMUR
JAKARTA BARAT,GROGOL PETAMBURAN,JL. TANJUNG DUREN SELATAN
JAKARTA BARAT,GROGOL PETAMBURAN,JL. TOMANG UTARA II
JAKARTA BARAT,GROGOL PETAMBURAN,JL. TOMANG UTARA III
JAKARTA BARAT,GROGOL PETAMBURAN,JL. TOMANG UTARA IV
JAKARTA BARAT,GROGOL PETAMBURAN,JL. TOMANG BANJIR KANAL
JAKARTA BARAT,GROGOL PETAMBURAN,JL. RAWA KEPA
JAKARTA BARAT,GROGOL PETAMBURAN,JL. GELONG BARU BARAT
JAKARTA BARAT,GROGOL PETAMBURAN,JL. GELONG BARU BARAT II
JAKARTA BARAT,GROGOL PETAMBURAN,JL. GELONG BARU BARAT III
JAKARTA BARAT,GROGOL PETAMBURAN,JL. GELONG BARU BARAT IV
JAKARTA BARAT,GROGOL PETAMBURAN,JL. GELONG BARU BARAT V
JAKARTA BARAT,GROGOL PETAMBURAN,JL. GELONG BARU BARAT VI
JAKARTA BARAT,GROGOL PETAMBURAN,JL. GELONG BARU BARAT VII
JAKARTA BARAT,GROGOL PETAMBURAN,JL. GELONG BARU BARAT VIII
JAKARTA BARAT,GROGOL PETAMBURAN,JL. GELONG BARU BARAT IX
JAKARTA BARAT,GROGOL PETAMBURAN,JL. WIJAYA KUSUMA
JAKARTA BARAT,GROGOL PETAMBURAN,JL. KOMP. RASA SAYANG
JAKARTA BARAT,GROGOL PETAMBURAN,JL. JELAMBAR UTARA
JAKARTA BARAT,GROGOL PETAMBURAN,JL. TANJUNG DUREN BARAT II
JAKARTA BARAT,GROGOL PETAMBURAN,JL. TANJUNG DUREN BARAT V
JAKARTA BARAT,GROGOL PETAMBURAN,JL. TANJUNG DUREN UTARA
JAKARTA BARAT,GROGOL PETAMBURAN,JL. TANJUNG DUREN UTARA II
JAKARTA BARAT,GROGOL PETAMBURAN,JL. TANJUNG DUREN UTARA III
JAKARTA BARAT,GROGOL PETAMBURAN,JL. TANJUNG DUREN UTARA V
JAKARTA BARAT,GROGOL PETAMBURAN,JL. TANJUNG DUREN UTARA VI
JAKARTA BARAT,GROGOL PETAMBURAN,JL. TANJUNG DUREN UTARA VII
JAKARTA BARAT,GROGOL PETAMBURAN,JL. TANJUNG DUREN UTARA VIII
JAKARTA BARAT,GROGOL PETAMBURAN,JL. TANJUNG DUREN UTARA IX
JAKARTA BARAT,GROGOL PETAMBURAN,JL. TANJUNG DUREN TIMUR
JAKARTA BARAT,GROGOL PETAMBURAN,JL. TANJUNG DUREN TIMUR III
JAKARTA BARAT,GROGOL PETAMBURAN,JL. TANJUNG DUREN TIMUR IV
JAKARTA BARAT,GROGOL PETAMBURAN,JL. KOMP. TAMAN HARAPAN INDAH
JAKARTA BARAT,GROGOL PETAMBURAN,JL. KOMP. DUTA MAS
JAKARTA BARAT,GROGOL PETAMBURAN,JL. TANJUNG DUREN VI
JAKARTA BARAT,GROGOL PETAMBURAN,JL. ARANDA
JAKARTA BARAT,GROGOL PETAMBURAN,JL. HADIAH UJUNG
JAKARTA BARAT,GROGOL PETAMBURAN,JL. SENI BUDAYA RAYA
JAKARTA BARAT,GROGOL PETAMBURAN,JL. JELAMBAR BARAT III
JAKARTA BARAT,GROGOL PETAMBURAN,JL. RAWA BAHAGIA
JAKARTA BARAT,GROGOL PETAMBURAN,JL. INDRALOKA RAYA
JAKARTA BARAT,GROGOL PETAMBURAN,KO. GRAWISA
JAKARTA BARAT,GROGOL PETAMBURAN,JL. JELAMBAR BARAT II
JAKARTA BARAT,GROGOL PETAMBURAN,JL. MAKALIWE
JAKARTA BARAT,GROGOL PETAMBURAN,JL. KALI SEKRETARIS UTARA
JAKARTA BARAT,GROGOL PETAMBURAN,JL. TANJUNG DUREN UTARA X
JAKARTA BARAT,GROGOL PETAMBURAN,JL. TANJUNG DUREN UTARA XI
JAKARTA BARAT,GROGOL PETAMBURAN,JL. LONTAR RAYA
JAKARTA BARAT,GROGOL PETAMBURAN,JL. MEDITERANIA GARDEN
JAKARTA BARAT,GROGOL PETAMBURAN,JL. WAY BESAI
JAKARTA BARAT,GROGOL PETAMBURAN,JL. TANJUNG DUREN RAYA LAMA
JAKARTA BARAT,GROGOL PETAMBURAN,JL. TANJUNG DUREN TIMUR VI
JAKARTA BARAT,GROGOL PETAMBURAN,JL. SEKRETARIS
JAKARTA BARAT,GROGOL PETAMBURAN,JL. DELIMA RAYA
JAKARTA BARAT,PALMERAH,JL. LETJEN S. PARMAN
JAKARTA BARAT,PALMERAH,JL. ARJUNA SELATAN
JAKARTA BARAT,PALMERAH,JL. TOMANG RAYA
JAKARTA BARAT,PALMERAH,JL. BATU SARI / KEBON JERUK RAYA
JAKARTA BARAT,PALMERAH,JL. BATU SARI 4
JAKARTA BARAT,PALMERAH,JL. BRIGJEN KATAMS0
JAKARTA BARAT,PALMERAH,JL. BUDI RAYA KEMANGGISAN
JAKARTA BARAT,PALMERAH,JL. KEMANGGISAN UTAMA RAYA
JAKARTA BARAT,PALMERAH,JL. KS TUBUN
JAKARTA BARAT,PALMERAH,JL. PALMERAH BARAT
JAKARTA BARAT,PALMERAH,JL. PALMERAH UTARA
JAKARTA BARAT,PALMERAH,JL. RAWA BELONG
JAKARTA BARAT,PALMERAH,JL. KAMBOJA
JAKARTA BARAT,PALMERAH,JL. KEMANGGISAN
JAKARTA BARAT,PALMERAH,JL. KEMANGGISAN ILIR
JAKARTA BARAT,PALMERAH,JL. KH. SYAHDAN
JAKARTA BARAT,PALMERAH,JL. KH. TAISIR
JAKARTA BARAT,PALMERAH,JL. PALMA
JAKARTA BARAT,PALMERAH,JL. PONDOK BANDUNG
JAKARTA BARAT,PALMERAH,JL. TOMANG ASLI
JAKARTA BARAT,PALMERAH,JL. KEMANDORAN RAYA
JAKARTA BARAT,PALMERAH,JL. KEMANGGISAN UTARA
JAKARTA BARAT,PALMERAH,JL. KOTA BAMBU RAYA
JAKARTA BARAT,PALMERAH,JL. ANGGREK ROSLIANA
JAKARTA BARAT,PALMERAH,JL. ANGGREK ROSLIANA VII
JAKARTA BARAT,PALMERAH,JL. BIDARA RAYA
JAKARTA BARAT,PALMERAH,JL. CEMPAKA
JAKARTA BARAT,PALMERAH,JL. DAHLIA
JAKARTA BARAT,PALMERAH,JL. DELIMA
JAKARTA BARAT,PALMERAH,JL. INSPEKSI KALI KEMANGGISAN
JAKARTA BARAT,PALMERAH,JL. INSPEKSI KALI PALMERAH
JAKARTA BARAT,PALMERAH,JL. KEMANGGISAN ILIR
JAKARTA BARAT,PALMERAH,JL. KEMANGGISAN ILIR II
JAKARTA BARAT,PALMERAH,JL. KEMANGGISAN ILIR III
JAKARTA BARAT,PALMERAH,JL. KEMANGGISAN ILIR IV
JAKARTA BARAT,PALMERAH,JL. KEMANGGISAN ILIR IX
JAKARTA BARAT,PALMERAH,JL. KEMANGGISAN ILIR V
JAKARTA BARAT,PALMERAH,JL. KEMANGGISAN ILIR VI
JAKARTA BARAT,PALMERAH,JL. KEMANGGISAN ILIR VII
JAKARTA BARAT,PALMERAH,JL. KEMANGGISAN ILIR VIII
JAKARTA BARAT,PALMERAH,JL. KEMANGGISAN RAYA / PALMERAH
JAKARTA BARAT,PALMERAH,JL. KOTA BAMBU SELATAN
JAKARTA BARAT,PALMERAH,JL. KOTA BAMBU SELATAN IV
JAKARTA BARAT,PALMERAH,JL. KOTA BAMBU SELATAN V
JAKARTA BARAT,PALMERAH,JL. KOTA BAMBU UTARA
JAKARTA BARAT,PALMERAH,JL. KS TUBUN II DALAM
JAKARTA BARAT,PALMERAH,JL. KS TUBUN III DALAM
JAKARTA BARAT,PALMERAH,JL. PALMERAH BARAT
JAKARTA BARAT,PALMERAH,JL. PALMERAH BARAT II
JAKARTA BARAT,PALMERAH,JL. PALMERAH BARAT III
JAKARTA BARAT,PALMERAH,JL. PALMERAH BARAT IV
JAKARTA BARAT,PALMERAH,JL. RASAMALA
JAKARTA BARAT,PALMERAH,JL. SAKTI
JAKARTA BARAT,PALMERAH,JL. SATYA RAYA
JAKARTA BARAT,PALMERAH,JL. SEMANGKA
JAKARTA BARAT,PALMERAH,JL. U. PALMERAH
JAKARTA BARAT,PALMERAH,JL. ANGGREK CENDRAWASIH
JAKARTA BARAT,PALMERAH,JL. ANGGREK GARUDA
JAKARTA BARAT,PALMERAH,JL. ANGGREK NELI MURNI
JAKARTA BARAT,PALMERAH,JL. HARLAND
JAKARTA BARAT,PALMERAH,JL. PAAL MERAH UTARA
JAKARTA BARAT,PALMERAH,JL. PAAL MERAH UTARA II
JAKARTA BARAT,PALMERAH,JL. PAAL MERAH UTARA III
JAKARTA BARAT,PALMERAH,JL. PAAL MERAH UTARA IV
JAKARTA BARAT,PALMERAH,JL. SAKTI
JAKARTA BARAT,PALMERAH,JL. SAKTI II
JAKARTA BARAT,PALMERAH,JL. SAKTI III
JAKARTA BARAT,PALMERAH,JL. SAKTI IV
JAKARTA BARAT,PALMERAH,JL. SAKTI V
JAKARTA BARAT,PALMERAH,JL. SAKTI VI
JAKARTA BARAT,PALMERAH,JL. SAKTI VII
JAKARTA BARAT,PALMERAH,JL. SEMANGKA
JAKARTA BARAT,PALMERAH,JL. SEMANGKA II
JAKARTA BARAT,PALMERAH,JL. SEMANGKA III
JAKARTA BARAT,PALMERAH,JL. SEMANGKA IV
JAKARTA BARAT,PALMERAH,JL. SEMANGKA V
JAKARTA BARAT,PALMERAH,JL. NANGKA
JAKARTA BARAT,PALMERAH,JL. BUNI
JAKARTA BARAT,PALMERAH,JL. TOMANG ANCAK
JAKARTA BARAT,PALMERAH,JL. WULUH
JAKARTA BARAT,PALMERAH,JL. KATALIA
JAKARTA BARAT,PALMERAH,JL. KATALIA II
JAKARTA BARAT,PALMERAH,JL. KATALIA III
JAKARTA BARAT,PALMERAH,JL. KATALIA IV
JAKARTA BARAT,PALMERAH,JL. KEMANGGISAN UTAMA II
JAKARTA BARAT,PALMERAH,JL. KEMANGGISAN UTAMA III
JAKARTA BARAT,PALMERAH,JL. KEMANGGISAN UTAMA IV
JAKARTA BARAT,PALMERAH,JL. KEMANGGISAN UTAMA V
JAKARTA BARAT,PALMERAH,JL. OLAHRAGA
JAKARTA BARAT,PALMERAH,JL. OLAHRAGA II
JAKARTA BARAT,PALMERAH,JL. OLAHRAGA III
JAKARTA BARAT,PALMERAH,JL. OLAHRAGA IV
JAKARTA BARAT,PALMERAH,JL. OLAHRAGA V
JAKARTA BARAT,PALMERAH,JL. BIMA
JAKARTA BARAT,PALMERAH,JL. H DJUNAEDI
JAKARTA BARAT,PALMERAH,JL. H SENIN
JAKARTA BARAT,PALMERAH,JL. SANDANG
JAKARTA BARAT,PALMERAH,JL. KS TUBUN III
JAKARTA BARAT,PALMERAH,JL. KS TUBUN IV
JAKARTA BARAT,PALMERAH,JL. KS TUBUN IIA
JAKARTA BARAT,PALMERAH,JL. KS TUBUN IIC
JAKARTA BARAT,PALMERAH,JL. WIJAYA KUSUMA
JAKARTA BARAT,PALMERAH,JL. KS TUBUN I DALAM
JAKARTA BARAT,PALMERAH,JL. H. MARZUKI
JAKARTA BARAT,PALMERAH,JL. MANGGA
JAKARTA BARAT,TAMBORA,JL. PROF. DR. LATUMENTEN
JAKARTA BARAT,TAMBORA,JL. JEMBATAN LIMA
JAKARTA BARAT,TAMBORA,JL. KH. MOH. MANSYUR
JAKARTA BARAT,TAMBORA,JL. JEMBATAN DUA
JAKARTA BARAT,TAMBORA,JL. KALI BESAR BARAT
JAKARTA BARAT,TAMBORA,JL. ROA MALAKA UTARA
JAKARTA BARAT,TAMBORA,JL. BANDENGAN SELT/UTARA
JAKARTA BARAT,TAMBORA,JL. GEDONG PANJANG
JAKARTA BARAT,TAMBORA,JL. KH. ZAINUL ARIFIN
JAKARTA BARAT,TAMBORA,JL. KOPI
JAKARTA BARAT,TAMBORA,JL. PANGERAN TUBAGUS ANGKE
JAKARTA BARAT,TAMBORA,JL. TUBAGUS ANGKE/PETONGKANGAN
JAKARTA BARAT,TAMBORA,JL. KRENDANG UTARA
JAKARTA BARAT,TAMBORA,JL. MALAKA
JAKARTA BARAT,TAMBORA,JL. ORPA
JAKARTA BARAT,TAMBORA,JL. PASAR PAGI
JAKARTA BARAT,TAMBORA,JL. . PERNIAGAAN BARAT
JAKARTA BARAT,TAMBORA,JL. PERNIAGAAN TIMUR
JAKARTA BARAT,TAMBORA,JL. PETAK BARU
JAKARTA BARAT,TAMBORA,JL. TELEPON KOTA
JAKARTA BARAT,TAMBORA,JL. TIANG BENDERA
JAKARTA BARAT,TAMBORA,JL. TIANG BENDERA II
JAKARTA BARAT,TAMBORA,JL. TIANG BENDERA III
JAKARTA BARAT,TAMBORA,JL. TIANG BENDERA SELATAN
JAKARTA BARAT,TAMBORA,JL. TSS
JAKARTA BARAT,TAMBORA,JL. ASEMKA/PINTU KECIL
JAKARTA BARAT,TAMBORA,JL. BETET RAYA
JAKARTA BARAT,TAMBORA,JL. DURI
JAKARTA BARAT,TAMBORA,JL. DURI UTAMA
JAKARTA BARAT,TAMBORA,JL. JEMBATAN BESI RAYA
JAKARTA BARAT,TAMBORA,JL. KRENDANG RAYA
JAKARTA BARAT,TAMBORA,JL. PEJAGALAN
JAKARTA BARAT,TAMBORA,JL. PERNIAGAAN/TOKO TIGA
JAKARTA BARAT,TAMBORA,JL. ROA MALAKA SELATAN
JAKARTA BARAT,TAMBORA,JL. TIANG BENDERA BARAT
JAKARTA BARAT,TAMBORA,JL. TOKO TIGA
JAKARTA BARAT,TAMBORA,JL. PETONGKANGAN
JAKARTA BARAT,TAMBORA,JL. LAKSA
JAKARTA BARAT,TAMBORA,JL. KRENDANG BARAT
JAKARTA BARAT,TAMBORA,JL. JEMBATAN BESI VIII
JAKARTA BARAT,TAMBORA,JL. BANDENGAN UTARA
JAKARTA BARAT,TAMBORA,JL. PEJAGALAN
JAKARTA BARAT,TAMBORA,JL. KALIANYAR DURI BANGKIT
JAKARTA BARAT,TAMBORA,JL. LIBERIA
JAKARTA BARAT,TAMBORA,JL. MESJID PEKOJAN
JAKARTA BARAT,TAMBORA,JL. PEKOJAN
JAKARTA BARAT,TAMBORA,JL. PENGUKIRAN
JAKARTA BARAT,TAMBORA,JL. PENGUKIRAN
JAKARTA BARAT,TAMBORA,JL. PENGUKIRAN II
JAKARTA BARAT,TAMBORA,JL. PENGUKIRAN III
JAKARTA BARAT,TAMBORA,JL. PENGUKIRAN IV
JAKARTA BARAT,TAMBORA,JL. PERSIMA
JAKARTA BARAT,TAMBORA,JL. RAYA TANAH SEREAL
JAKARTA BARAT,TAMBORA,JL. BLANDONGAN
JAKARTA BARAT,TAMBORA,JL. DURI SELATAN
JAKARTA BARAT,TAMBORA,JL. GARUDA
JAKARTA BARAT,TAMBORA,JL. JEMBATAN BESI
JAKARTA BARAT,TAMBORA,JL. JEMBATAN BESI II
JAKARTA BARAT,TAMBORA,JL. KRENDANG TENGAH
JAKARTA BARAT,TAMBORA,JL. KRENDANG TIMUR
JAKARTA BARAT,TAMBORA,JL. MESJID AL JIHAD
JAKARTA BARAT,TAMBORA,JL. PEKAPURAN
JAKARTA BARAT,TAMBORA,JL. PEKOJAN
JAKARTA BARAT,TAMBORA,JL. POS DURI
JAKARTA BARAT,TAMBORA,JL. SAWAH LIO
JAKARTA BARAT,TAMBORA,JL. STASIUN ANGKE
JAKARTA BARAT,TAMBORA,JL. ANGKE INDAH RAYA
JAKARTA BARAT,TAMBORA,JL. ANGKE JAYA
JAKARTA BARAT,TAMBORA,JL. PADA MULYA
JAKARTA BARAT,TAMBORA,JL. LAKSA
JAKARTA BARAT,TAMBORA,JL. KRENDANG SELATAN
JAKARTA BARAT,TAMBORA,JL. DURI SELATAN I/JL. JAMBLANG RAYA
JAKARTA BARAT,TAMBORA,JL. PEKAPURAN VIII
JAKARTA BARAT,TAMBORA,JL. TAMBORA IV
JAKARTA BARAT,TAMBORA,JL. TANAH SEREAL X
JAKARTA BARAT,TAMBORA,JL. DURI BARU
JAKARTA BARAT,TAMBORA,JL. KAMPUNG TAMBORA
JAKARTA BARAT,TAMBORA,JL. JEMBATAN ITEM
JAKARTA BARAT,TAMBORA,JL. DURI BANGKIT
JAKARTA BARAT,TAMBORA,JL. JAMBLANG RAYA
JAKARTA BARAT,TAMBORA,JL. KALI ANYAR RAYA
JAKARTA BARAT,TAMBORA,JL. KOMPLEK BELAKANG SEASONS CITY
JAKARTA BARAT,TAMBORA,JL. TIANG BENDERA V
JAKARTA BARAT,TAMBORA,JL. STASIUN ANGKE
JAKARTA BARAT,TAMBORA,JL. ANGKE BARAT
JAKARTA BARAT,TAMBORA,JL. DURI UTARA II
JAKARTA BARAT,TAMBORA,JL. DURI UTARA / JL STASIUN DURI
JAKARTA BARAT,TAMBORA,JL. HANURA RAYA
JAKARTA BARAT,TAMBORA,JL. PEKAPURAN
JAKARTA BARAT,TAMAN SARI,JL. GAJAH MADA
JAKARTA BARAT,TAMAN SARI,JL. GLODOK LINDETEVES
JAKARTA BARAT,TAMAN SARI,JL. HAYAM WURUK
JAKARTA BARAT,TAMAN SARI,JL. JEMBATAN BATU
JAKARTA BARAT,TAMAN SARI,JL. MANGGA DUA
JAKARTA BARAT,TAMAN SARI,JL. KALI BESAR TIMUR
JAKARTA BARAT,TAMAN SARI,JL. KETAPANG
JAKARTA BARAT,TAMAN SARI,JL. MANGGA BESAR RAYA
JAKARTA BARAT,TAMAN SARI,JL. PANGERAN JAYAKARTA
JAKARTA BARAT,TAMAN SARI,JL. PINANGSIA RAYA
JAKARTA BARAT,TAMAN SARI,JL. PINTU BESAR SEL / UTR
JAKARTA BARAT,TAMAN SARI,JL. STASIUN KOTA
JAKARTA BARAT,TAMAN SARI,JL. SUKARDJO WIRYOPRANOTO
JAKARTA BARAT,TAMAN SARI,JL. TAMAN SARI RAYA
JAKARTA BARAT,TAMAN SARI,JL. ASEM
JAKARTA BARAT,TAMAN SARI,JL. ASEMKA/PINTU KECIL
JAKARTA BARAT,TAMAN SARI,JL. BLUSTRU
JAKARTA BARAT,TAMAN SARI,JL. CENGKEH
JAKARTA BARAT,TAMAN SARI,JL. GAJAH MADA MEDITERANIA APARTEMEN
JAKARTA BARAT,TAMAN SARI,JL. GLODOK JAYA
JAKARTA BARAT,TAMAN SARI,JL. GLODOK MAKMUR
JAKARTA BARAT,TAMAN SARI,JL. GLODOK SELATAN
JAKARTA BARAT,TAMAN SARI,JL. KEMUKUS
JAKARTA BARAT,TAMAN SARI,JL. KETAPANG UTARA
JAKARTA BARAT,TAMAN SARI,JL. KOMP. THR / LOKASARI
JAKARTA BARAT,TAMAN SARI,JL. KUNIR
JAKARTA BARAT,TAMAN SARI,JL. LABU
JAKARTA BARAT,TAMAN SARI,JL. LADA/POS KOTA
JAKARTA BARAT,TAMAN SARI,JL. LAPANGAN STASIUN
JAKARTA BARAT,TAMAN SARI,JL. MANGGA BESAR
JAKARTA BARAT,TAMAN SARI,JL. MANGGA BESAR II
JAKARTA BARAT,TAMAN SARI,JL. MANGGA BESAR III
JAKARTA BARAT,TAMAN SARI,JL. MANGGA BESAR IV
JAKARTA BARAT,TAMAN SARI,JL. MANGGA BESAR V
JAKARTA BARAT,TAMAN SARI,JL. MANGGA BESAR VI
JAKARTA BARAT,TAMAN SARI,JL. MANGGA BESAR VII
JAKARTA BARAT,TAMAN SARI,JL. MANGGA BESAR VIII
JAKARTA BARAT,TAMAN SARI,JL. MANGGA BESAR XII/ASEM REGES
JAKARTA BARAT,TAMAN SARI,JL. MANGGIS
JAKARTA BARAT,TAMAN SARI,JL. PERTOKOAN GLODOK PLAZA
JAKARTA BARAT,TAMAN SARI,JL. PETAK SEMBILAN
JAKARTA BARAT,TAMAN SARI,JL. PINANGSIA
JAKARTA BARAT,TAMAN SARI,JL. PINANGSIA II
JAKARTA BARAT,TAMAN SARI,JL. PINANGSIA III
JAKARTA BARAT,TAMAN SARI,JL. PINANGSIA TIMUR
JAKARTA BARAT,TAMAN SARI,JL. TAMAN SARI
JAKARTA BARAT,TAMAN SARI,JL. TAMAN SARI II
JAKARTA BARAT,TAMAN SARI,JL. TAMAN SARI III
JAKARTA BARAT,TAMAN SARI,JL. TAMAN SARI IV
JAKARTA BARAT,TAMAN SARI,JL. TOKO TIGA
JAKARTA BARAT,TAMAN SARI,JL. KEMENANGAN
JAKARTA BARAT,TAMAN SARI,JL. KEMURNIAN
JAKARTA BARAT,TAMAN SARI,JL. KEMENANGAN
JAKARTA BARAT,TAMAN SARI,JL. KEMENANGAN II
JAKARTA BARAT,TAMAN SARI,JL. KEMENANGAN III
JAKARTA BARAT,TAMAN SARI,JL. KEADILAN
JAKARTA BARAT,TAMAN SARI,JL. KEAGUNGAN
JAKARTA BARAT,TAMAN SARI,JL. PANCORAN
JAKARTA BARAT,TAMAN SARI,JL. GLODOK HARCO
JAKARTA BARAT,TAMAN SARI,JL. GLODOK
JAKARTA BARAT,TAMAN SARI,JL. GLODOK II
JAKARTA BARAT,TAMAN SARI,JL. GLODOK III
JAKARTA BARAT,TAMAN SARI,
JAKARTA BARAT,TAMAN SARI,JL. KEBAHAGIAAN
JAKARTA BARAT,TAMAN SARI,JL. KEBON SAYUR
JAKARTA BARAT,TAMAN SARI,JL. KEBUN JERUK
JAKARTA BARAT,TAMAN SARI,JL. KEBUN JERUK II
JAKARTA BARAT,TAMAN SARI,JL. KEBUN JERUK III
JAKARTA BARAT,TAMAN SARI,JL. KEBUN JERUK IV
JAKARTA BARAT,TAMAN SARI,JL. KEBUN JERUK IX
JAKARTA BARAT,TAMAN SARI,JL. KEBUN JERUK V
JAKARTA BARAT,TAMAN SARI,JL. KEBUN JERUK VI
JAKARTA BARAT,TAMAN SARI,JL. KEBUN JERUK VII
JAKARTA BARAT,TAMAN SARI,JL. KEBUN JERUK VIII
JAKARTA BARAT,TAMAN SARI,JL. KEBUN JERUK X
JAKARTA BARAT,TAMAN SARI,JL. KEBUN JERUK XI
JAKARTA BARAT,TAMAN SARI,JL. KEBUN JERUK XII
JAKARTA BARAT,TAMAN SARI,JL. KEBUN JERUK XIII
JAKARTA BARAT,TAMAN SARI,JL. KEBUN JERUK XIV
JAKARTA BARAT,TAMAN SARI,JL. KEBUN JERUK XIX
JAKARTA BARAT,TAMAN SARI,JL. KEBUN JERUK XV
JAKARTA BARAT,TAMAN SARI,JL. KEBUN JERUK XVI
JAKARTA BARAT,TAMAN SARI,JL. KEBUN JERUK XVII
JAKARTA BARAT,TAMAN SARI,JL. KEBUN JERUK XVIII
JAKARTA BARAT,TAMAN SARI,JL. KEJAYAAN
JAKARTA BARAT,TAMAN SARI,JL. KERAJINAN
JAKARTA BARAT,TAMAN SARI,JL. KESEDERHANAAN
JAKARTA BARAT,TAMAN SARI,JL. KESELAMATAN
JAKARTA BARAT,TAMAN SARI,JL. KETENTRAMAN
JAKARTA BARAT,TAMAN SARI,JL. KEUTAMAAN
JAKARTA BARAT,TAMAN SARI,JL. KOMP. JAYAKARTA
JAKARTA BARAT,TAMAN SARI,JL. KOMP. KOTA INDAH
JAKARTA BARAT,TAMAN SARI,JL. KUNIR II
JAKARTA BARAT,TAMAN SARI,JL. MANGGA BESAR IX
JAKARTA BARAT,TAMAN SARI,JL. MANGGA BESAR X
JAKARTA BARAT,TAMAN SARI,JL. MANGGA BESAR XI
JAKARTA BARAT,TAMAN SARI,JL. PASAR ASEM REGES
JAKARTA BARAT,TAMAN SARI,JL. PERTOKOAN GLODOK SKY
JAKARTA BARAT,TAMAN SARI,JL. SAWAH BESAR
JAKARTA BARAT,TAMAN SARI,JL. TAMAN SARI IX
JAKARTA BARAT,TAMAN SARI,JL. TAMAN SARI X
JAKARTA BARAT,TAMAN SARI,JL. TAMAN SARI XI
JAKARTA BARAT,TAMAN SARI,JL. BELIMBING
JAKARTA BARAT,TAMAN SARI,JL. KH. ZAINUL ARIFIN
