WILAYAH,KECAMATAN,NAMA_JALAN,KELURAHAN_REF,KODEPOS_REF,STATUS
JAKARTA PUSAT,TANAH ABANG,JL. ADMINISTRASI,Petamburan,10260.0,OSM_Success
JAKARTA PUSAT,TANAH ABANG,JL. ARTERI PEJOMPONGAN,,,Not_Found
JAKARTA PUSAT,TANAH ABANG,JL. ASIA AFRIKA/PINTU IX,,,Not_Found
JAKARTA PUSAT,TANAH ABANG,JL. BENDUNGAN HILIR RAYA,Bendungan Hilir,10210.0,OSM_Success
JAKARTA PUSAT,TANAH ABANG,JL. BENDUNGAN HILIR,Bendungan Hilir,10210.0,OSM_Success
JAKARTA PUSAT,TANAH ABANG,JL. BENDUNGAN HILIR II,Bendungan Hilir,10210.0,Imputed_Success
JAKARTA PUSAT,TANAH ABANG,JL. BENDUNGAN HILIR III,Bendungan Hilir,10210.0,Imputed_Success
JAKARTA PUSAT,TANAH ABANG,JL. BENDUNGAN HILIR IV,Bendungan Hilir,10210.0,Imputed_Success
JAKARTA PUSAT,TANAH ABANG,JL. BENDUNGAN HILIR IX,Bendungan Hilir,10210.0,Imputed_Success
JAKARTA PUSAT,TANAH ABANG,JL. BENDUNGAN HILIR V,Bendungan Hilir,10210.0,Imputed_Success
JAKARTA PUSAT,TANAH ABANG,JL. BENDUNGAN HILIR VI,Bendungan Hilir,10210.0,Imputed_Success
JAKARTA PUSAT,TANAH ABANG,JL. BENDUNGAN HILIR VII,Bendungan Hilir,10210.0,Imputed_Success
JAKARTA PUSAT,TANAH ABANG,JL. BENDUNGAN HILIR VIII,Bendungan Hilir,10210.0,Imputed_Success
JAKARTA PUSAT,TANAH ABANG,JL. BENDUNGAN HILIR X,Bendungan Hilir,10210.0,Imputed_Success
JAKARTA PUSAT,TANAH ABANG,JL. BENDUNGAN HILIR XI,Bendungan Hilir,10210.0,Imputed_Success
JAKARTA PUSAT,TANAH ABANG,JL. BENDUNGAN HILIR XII,Bendungan Hilir,10210.0,Imputed_Success
JAKARTA PUSAT,TANAH ABANG,JL. BENDUNGAN HILIR XIII,Bendungan Hilir,10210.0,Imputed_Success
JAKARTA PUSAT,TANAH ABANG,JL. BENDUNGAN HILIR XIV,Bendungan Hilir,10210.0,Imputed_Success
JAKARTA PUSAT,TANAH ABANG,JL. BENDUNGAN JATI LUHUR,,,Not_Found
JAKARTA PUSAT,TANAH ABANG,JL. DANAU DI ATAS,,,Not_Found
JAKARTA PUSAT,TANAH ABANG,JL. DANAU DI BAWAH,,,Not_Found
JAKARTA PUSAT,TANAH ABANG,JL. DANAU LIMBOTO,Bendungan Hilir,10210.0,OSM_Success
JAKARTA PUSAT,TANAH ABANG,JL. DANAU TONDANO,Bendungan Hilir,10210.0,OSM_Success
JAKARTA PUSAT,TANAH ABANG,JL. GELORA,Gelora,10270.0,OSM_Success
JAKARTA PUSAT,TANAH ABANG,JL. GERBANG PEMUDA,Gelora,10270.0,OSM_Success
JAKARTA PUSAT,TANAH ABANG,JL. GG. LONTAR,,,Not_Found
JAKARTA PUSAT,TANAH ABANG,JL. HANG LEKIR,Gelora,10270.0,OSM_Success
JAKARTA PUSAT,TANAH ABANG,JL. INSPEKSI/KARET PS BARU TIMUR,,,Not_Found
JAKARTA PUSAT,TANAH ABANG,JL. JATI BARU,,,Not_Found
JAKARTA PUSAT,TANAH ABANG,JL. JEMBATAN TINGGI,Kebon Kacang,10240.0,OSM_Success
JAKARTA PUSAT,TANAH ABANG,JL. JEND. GATOT SUBROTO,,,Not_Found
JAKARTA PUSAT,TANAH ABANG,JL. JEND. SUDIRMAN,,,Not_Found
JAKARTA PUSAT,TANAH ABANG,JL. KAMPUNG BALI,Kampung Bali,10250.0,OSM_Success
JAKARTA PUSAT,TANAH ABANG,JL. KARET PASAR BARU BARAT,,,Not_Found
JAKARTA PUSAT,TANAH ABANG,JL. KEBON JATI,Kampung Bali,10250.0,OSM_Success
JAKARTA PUSAT,TANAH ABANG,JL. KEBON KACANG,Kebon Kacang,10240.0,OSM_Success
JAKARTA PUSAT,TANAH ABANG,JL. KEBON KACANG II,Kebon Kacang,10240.0,Imputed_Success
JAKARTA PUSAT,TANAH ABANG,JL. KEBON KACANG III,Kebon Kacang,10240.0,Imputed_Success
JAKARTA PUSAT,TANAH ABANG,JL. KEBON KACANG IV,Kebon Kacang,10240.0,Imputed_Success
JAKARTA PUSAT,TANAH ABANG,JL. KEBON KACANG IX,Kebon Kacang,10240.0,Imputed_Success
JAKARTA PUSAT,TANAH ABANG,JL. KEBON KACANG RAYA,Kebon Kacang,10240.0,OSM_Success
JAKARTA PUSAT,TANAH ABANG,JL. KEBON KACANG V,Kebon Kacang,10240.0,Imputed_Success
JAKARTA PUSAT,TANAH ABANG,JL. KEBON KACANG VI,Kebon Kacang,10240.0,Imputed_Success
JAKARTA PUSAT,TANAH ABANG,JL. KEBON KACANG VII,Kebon Kacang,10240.0,Imputed_Success
JAKARTA PUSAT,TANAH ABANG,JL. KEBON KACANG VIII,Kebon Kacang,10240.0,Imputed_Success
JAKARTA PUSAT,TANAH ABANG,JL. KEBON KACANG X,Kebon Kacang,10240.0,Imputed_Success
JAKARTA PUSAT,TANAH ABANG,JL. KEBON KACANG XI,Kebon Kacang,10240.0,Imputed_Success
JAKARTA PUSAT,TANAH ABANG,JL. KEBON KACANG XII,Kebon Kacang,10240.0,Imputed_Success
JAKARTA PUSAT,TANAH ABANG,JL. KEBON KACANG XIII,Kebon Kacang,10240.0,Imputed_Success
JAKARTA PUSAT,TANAH ABANG,JL. KH. FACHRUDDIN,,,Not_Found
JAKARTA PUSAT,TANAH ABANG,JL. KH. MAS MANSYUR,,,Not_Found
JAKARTA PUSAT,TANAH ABANG,JL. KOTA BUMI,Kebon Melati,10230.0,OSM_Success
JAKARTA PUSAT,TANAH ABANG,JL. KS. TUBUN,,,Not_Found
JAKARTA PUSAT,TANAH ABANG,JL. LAPANGAN TEMBAK,Gelora,10270.0,OSM_Success
JAKARTA PUSAT,TANAH ABANG,JL. MANILA,Gelora,10270.0,OSM_Success
JAKARTA PUSAT,TANAH ABANG,JL. NEW DELHI,Gelora,10270.0,OSM_Success
JAKARTA PUSAT,TANAH ABANG,JL. PALMERAH BARAT,Gelora,10270.0,OSM_Success
JAKARTA PUSAT,TANAH ABANG,JL. PALMERAH TIMUR,,,Not_Found
JAKARTA PUSAT,TANAH ABANG,JL. PALMERAH UTARA,Gelora,10270.0,OSM_Success
JAKARTA PUSAT,TANAH ABANG,JL. PAM BARU,Bendungan Hilir,10210.0,OSM_Success
JAKARTA PUSAT,TANAH ABANG,JL. PAM LAMA,Bendungan Hilir,10210.0,OSM_Success
JAKARTA PUSAT,TANAH ABANG,JL. AREA GBK,,,Not_Found
JAKARTA PUSAT,TANAH ABANG,JL. PASAR KEBON MELATI,,,Not_Found
JAKARTA PUSAT,TANAH ABANG,JL. PASAR TANAH ABANG,Kebon Kacang,10240.0,OSM_Success
JAKARTA PUSAT,TANAH ABANG,JL. PEJOMPONGAN RAYA,Bendungan Hilir,10210.0,OSM_Success
JAKARTA PUSAT,TANAH ABANG,JL. PEJOMPONGAN DALAM,Bendungan Hilir,10210.0,OSM_Success
JAKARTA PUSAT,TANAH ABANG,JL. PENJERNIHAN,Bendungan Hilir,10210.0,OSM_Success
JAKARTA PUSAT,TANAH ABANG,JL. PETAMBURAN,Petamburan,10260.0,OSM_Success
JAKARTA PUSAT,TANAH ABANG,JL. PETAMBURAN II,Petamburan,10260.0,OSM_Success
JAKARTA PUSAT,TANAH ABANG,JL. PETAMBURAN III,Petamburan,10260.0,OSM_Success
JAKARTA PUSAT,TANAH ABANG,JL. PETAMBURAN IV,Petamburan,10260.0,OSM_Success
JAKARTA PUSAT,TANAH ABANG,JL. PETAMBURAN V,Petamburan,10260.0,OSM_Success
JAKARTA PUSAT,TANAH ABANG,JL. PETAMBURAN VI,Petamburan,10260.0,OSM_Success
JAKARTA PUSAT,TANAH ABANG,JL. PETAMBURAN VII,Petamburan,10260.0,OSM_Success
JAKARTA PUSAT,TANAH ABANG,JL. PINTU I SENAYAN,,,Not_Found
JAKARTA PUSAT,TANAH ABANG,JL. PLAJU,Kebon Melati,10230.0,OSM_Success
JAKARTA PUSAT,TANAH ABANG,JL. SUNGAI GERONG,Kebon Melati,10230.0,OSM_Success
JAKARTA PUSAT,TANAH ABANG,JL. TALANG BETUTU,Kebon Melati,10230.0,OSM_Success
JAKARTA PUSAT,TANAH ABANG,JL. TAMAN BENDUNGAN ASAHAN,,,Not_Found
JAKARTA PUSAT,TANAH ABANG,JL. TANAH ABANG BUKIT,,,Not_Found
JAKARTA PUSAT,TANAH ABANG,JL. TELUK BETUNG,Kebon Melati,10230.0,OSM_Success
JAKARTA PUSAT,TANAH ABANG,JL. M. H. THAMRIN,Kampung Bali,10250.0,OSM_Success
JAKARTA PUSAT,TANAH ABANG,JL. TAMAN KEBON SIRIH,,,Not_Found
JAKARTA PUSAT,TANAH ABANG,JL. KH. WAHID HASYIM,,,Not_Found
JAKARTA PUSAT,TANAH ABANG,JL. TANJUNG KARANG,Kebon Melati,10230.0,OSM_Success
JAKARTA PUSAT,TANAH ABANG,JL. THAMRIN BOULEVARD,Kebon Melati,10230.0,OSM_Success
JAKARTA PUSAT,TANAH ABANG,JL. PENJERNIHAN II,Bendungan Hilir,10210.0,Imputed_Success
JAKARTA PUSAT,TANAH ABANG,JL. BENDUNGAN WALAHAR,Bendungan Hilir,10210.0,OSM_Success
JAKARTA PUSAT,TANAH ABANG,JL. DANAU POSO,Bendungan Hilir,10210.0,OSM_Success
JAKARTA PUSAT,TANAH ABANG,JL. DANAU TOBA,Bendungan Hilir,10210.0,OSM_Success
JAKARTA PUSAT,TANAH ABANG,JL. H. ABDUL JALIL,,,Not_Found
JAKARTA PUSAT,TANAH ABANG,JL. KARET PASAR BARU TIMUR III,,,Not_Found
JAKARTA PUSAT,TANAH ABANG,JL. KARET PASAR BARU TIMUR V,,,Not_Found
JAKARTA PUSAT,TANAH ABANG,JL. MUTIARA/JL. KARET PASAR BARU BRT 1,,,Not_Found
JAKARTA PUSAT,TANAH ABANG,JL. KEBON KACANG XXX,Kebon Kacang,10240.0,Imputed_Success
JAKARTA PUSAT,MENTENG,JL. BLORA,Menteng,10310.0,OSM_Success
JAKARTA PUSAT,MENTENG,JL. CENDANA,Gondangdia,10350.0,OSM_Success
JAKARTA PUSAT,MENTENG,JL. CIKINI RAYA,Cikini,10330.0,OSM_Success
JAKARTA PUSAT,MENTENG,JL. CILACAP,Menteng,10310.0,OSM_Success
JAKARTA PUSAT,MENTENG,JL. CILOSARI,Cikini,10330.0,OSM_Success
JAKARTA PUSAT,MENTENG,JL. CIMAHI,Menteng,10310.0,OSM_Success
JAKARTA PUSAT,MENTENG,JL. CUT MUTIAH,,,Not_Found
JAKARTA PUSAT,MENTENG,JL. CUT NYAK DIEN,Gondangdia,10350.0,OSM_Success
JAKARTA PUSAT,MENTENG,JL. DIPONEGORO,Menteng,10310.0,OSM_Success
JAKARTA PUSAT,MENTENG,JL. DR. KUSUMAATMADJA,,,Not_Found
JAKARTA PUSAT,MENTENG,JL. DR. LATUHARHARY,,,Not_Found
JAKARTA PUSAT,MENTENG,JL. GARUT,Menteng,10310.0,OSM_Success
JAKARTA PUSAT,MENTENG,JL. H. AGUS SALIM / JL. SABANG,,,Not_Found
JAKARTA PUSAT,MENTENG,JL. HOS COKROAMINOTO,Gondangdia,10350.0,OSM_Success
JAKARTA PUSAT,MENTENG,JL. IMAM BONJOL,Menteng,10310.0,OSM_Success
JAKARTA PUSAT,MENTENG,JL. INDRAMAYU,Menteng,10310.0,OSM_Success
JAKARTA PUSAT,MENTENG,JL. IRIAN,Gondangdia,10350.0,OSM_Success
JAKARTA PUSAT,MENTENG,JL. JAKSA,Kebon Sirih,10340.0,OSM_Success
JAKARTA PUSAT,MENTENG,JL. JAMBU,Gondangdia,10350.0,OSM_Success
JAKARTA PUSAT,MENTENG,JL. JOHAR,Kebon Sirih,10340.0,OSM_Success
JAKARTA PUSAT,MENTENG,JL. KARAWANG,,,Not_Found
JAKARTA PUSAT,MENTENG,JL. KEBON SIRIH,Kebon Sirih,10340.0,OSM_Success
JAKARTA PUSAT,MENTENG,JL. KEBON SIRIH BARAT DALAM,Kebon Sirih,10340.0,OSM_Success
JAKARTA PUSAT,MENTENG,JL. KEBON SIRIH DALAM,,,Not_Found
JAKARTA PUSAT,MENTENG,JL. KEBUMEN,Menteng,10310.0,OSM_Success
JAKARTA PUSAT,MENTENG,JL. KEDIRI,Menteng,10310.0,OSM_Success
JAKARTA PUSAT,MENTENG,JL. KEMIRI,Gondangdia,10350.0,OSM_Success
JAKARTA PUSAT,MENTENG,JL. KENDAL,Menteng,10310.0,OSM_Success
JAKARTA PUSAT,MENTENG,JL. KH. WAHID HASYIM,,,Not_Found
JAKARTA PUSAT,MENTENG,JL. KI MANGUNSARKORO,,,Not_Found
JAKARTA PUSAT,MENTENG,JL. KUDUS,Menteng,10310.0,OSM_Success
JAKARTA PUSAT,MENTENG,JL. LOMBOK,Gondangdia,10350.0,OSM_Success
JAKARTA PUSAT,MENTENG,JL. M. H. THAMRIN,Gondangdia,10350.0,OSM_Success
JAKARTA PUSAT,MENTENG,JL. MADIUN,Menteng,10310.0,OSM_Success
JAKARTA PUSAT,MENTENG,JL. MALANG,Menteng,10310.0,OSM_Success
JAKARTA PUSAT,MENTENG,JL. MALUKU,Gondangdia,10350.0,OSM_Success
JAKARTA PUSAT,MENTENG,JL. MENDUT,Pegangsaan,10320.0,OSM_Success
JAKARTA PUSAT,MENTENG,JL. MENTENG,Gondangdia,10350.0,OSM_Success
JAKARTA PUSAT,MENTENG,JL. MENTENG KECIL,Kebon Sirih,10340.0,OSM_Success
JAKARTA PUSAT,MENTENG,JL. MENTENG RAYA,Gondangdia,10350.0,OSM_Success
JAKARTA PUSAT,MENTENG,"JL. MOCH. YAMIN, SH",,,Not_Found
JAKARTA PUSAT,MENTENG,JL. PEGANGSAAN BARAT,Menteng,10310.0,OSM_Success
JAKARTA PUSAT,MENTENG,JL. PEGANGSAAN TIMUR,Pegangsaan,10320.0,OSM_Success
JAKARTA PUSAT,MENTENG,JL. PEKALONGAN,Menteng,10310.0,OSM_Success
JAKARTA PUSAT,MENTENG,JL. PROKLAMASI,Pegangsaan,10320.0,OSM_Success
JAKARTA PUSAT,MENTENG,JL. PURBOLINGGO,,,Not_Found
JAKARTA PUSAT,MENTENG,JL. PURWAKARTA,Menteng,10310.0,OSM_Success
JAKARTA PUSAT,MENTENG,JL. RADEN SALEH II,Cikini,10330.0,OSM_Success
JAKARTA PUSAT,MENTENG,JL. RADEN SALEH RAYA,Cikini,10330.0,OSM_Success
JAKARTA PUSAT,MENTENG,JL. RIAU,Gondangdia,10350.0,OSM_Success
JAKARTA PUSAT,MENTENG,JL. RP.SOEROSO,Cikini,10330.0,OSM_Success
JAKARTA PUSAT,MENTENG,JL. SEMARANG,Menteng,10310.0,OSM_Success
JAKARTA PUSAT,MENTENG,JL. SOLO,Menteng,10310.0,OSM_Success
JAKARTA PUSAT,MENTENG,JL. SRIKAYA,Kebon Sirih,10340.0,OSM_Success
JAKARTA PUSAT,MENTENG,JL. SUBANG,Menteng,10310.0,OSM_Success
JAKARTA PUSAT,MENTENG,JL. SUKABUMI,Menteng,10310.0,OSM_Success
JAKARTA PUSAT,MENTENG,JL. SULTAN SYAHRIR,,,Not_Found
JAKARTA PUSAT,MENTENG,JL. SUMATERA,,,Not_Found
JAKARTA PUSAT,MENTENG,JL. SUMENEP,Menteng,10310.0,OSM_Success
JAKARTA PUSAT,MENTENG,JL. SUNDA,Menteng,10310.0,OSM_Success
JAKARTA PUSAT,MENTENG,JL. SURABAYA,Menteng,10310.0,OSM_Success
JAKARTA PUSAT,MENTENG,JL. SUWIRJO,,,Not_Found
JAKARTA PUSAT,MENTENG,JL. SYAMSU RIZAL,Menteng,10310.0,OSM_Success
JAKARTA PUSAT,MENTENG,JL. TALANG,Pegangsaan,10320.0,OSM_Success
JAKARTA PUSAT,MENTENG,JL. TAMAN SUROPATI,Menteng,10310.0,OSM_Success
JAKARTA PUSAT,MENTENG,JL. TAMBAK,Pegangsaan,10320.0,OSM_Success
JAKARTA PUSAT,MENTENG,JL. TANJUNG,Gondangdia,10350.0,OSM_Success
JAKARTA PUSAT,MENTENG,JL. TEGAL,Menteng,10310.0,OSM_Success
JAKARTA PUSAT,MENTENG,JL. TEUKU CIK DITIRO,Menteng,10310.0,OSM_Success
JAKARTA PUSAT,MENTENG,JL. TEUKU UMAR,Gondangdia,10350.0,OSM_Success
JAKARTA PUSAT,MENTENG,JL. TIMOR,Gondangdia,10350.0,OSM_Success
JAKARTA PUSAT,MENTENG,JL. YUSUF ADIWINATA,Gondangdia,10350.0,OSM_Success
JAKARTA PUSAT,MENTENG,JL. GEREJA THERESIA,Gondangdia,10350.0,OSM_Success
JAKARTA PUSAT,MENTENG,JL. SAM RATULANGI,Gondangdia,10350.0,OSM_Success
JAKARTA PUSAT,MENTENG,JL. MATRAMAN DALAM,Pegangsaan,10320.0,OSM_Success
JAKARTA PUSAT,MENTENG,JL. CEMARA,Gondangdia,10350.0,OSM_Success
JAKARTA PUSAT,MENTENG,JL. KIMIA,Pegangsaan,10320.0,OSM_Success
JAKARTA PUSAT,MENTENG,JL. DEMPO,Pegangsaan,10320.0,OSM_Success
JAKARTA PUSAT,MENTENG,JL. KEBON SIRIH TIMUR,,,Not_Found
JAKARTA PUSAT,MENTENG,JL. BANDUNG,Menteng,10310.0,OSM_Success
JAKARTA PUSAT,MENTENG,JL. BANYUMAS,Menteng,10310.0,OSM_Success
JAKARTA PUSAT,MENTENG,JL. BELITON,,,Not_Found
JAKARTA PUSAT,MENTENG,JL. BONANG,Pegangsaan,10320.0,OSM_Success
JAKARTA PUSAT,MENTENG,JL. BONDOWOSO,Menteng,10310.0,OSM_Success
JAKARTA PUSAT,MENTENG,JL. BOROBUDUR,Pegangsaan,10320.0,OSM_Success
JAKARTA PUSAT,MENTENG,JL. KALASAN,Pegangsaan,10320.0,OSM_Success
JAKARTA PUSAT,MENTENG,JL. KALI PASIR,Kebon Sirih,10340.0,OSM_Success
JAKARTA PUSAT,MENTENG,JL. PADALARANG,Menteng,10310.0,OSM_Success
JAKARTA PUSAT,MENTENG,JL. PRAMBANAN,Pegangsaan,10320.0,OSM_Success
JAKARTA PUSAT,MENTENG,JL. SAWO,Gondangdia,10350.0,OSM_Success
JAKARTA PUSAT,MENTENG,JL. YUANA,,,Not_Found
JAKARTA PUSAT,MENTENG,JL. A RAKHMAN HAKIM,,,Not_Found
JAKARTA PUSAT,MENTENG,JL. TELUK BETUNG,Menteng,10310.0,OSM_Success
JAKARTA PUSAT,SENEN,JL. KALILIO,,,Not_Found
JAKARTA PUSAT,SENEN,JL. KAWI,,,Not_Found
JAKARTA PUSAT,SENEN,JL. KENARI,Kenari,10430.0,OSM_Success
JAKARTA PUSAT,SENEN,JL. KENARI,Kenari,10430.0,OSM_Success
JAKARTA PUSAT,SENEN,JL. KENARI II,Kenari,10430.0,OSM_Success
JAKARTA PUSAT,SENEN,JL. KOMP. ATRIUM PLAZA,,,Not_Found
JAKARTA PUSAT,SENEN,JL. KRAMAT BARU,Kramat,10420.0,OSM_Success
JAKARTA PUSAT,SENEN,JL. KRAMAT BUNDER,,,Not_Found
JAKARTA PUSAT,SENEN,JL. KRAMAT,Kramat,,OSM_Success
JAKARTA PUSAT,SENEN,JL. KRAMAT JAYA BARU,,,Not_Found
JAKARTA PUSAT,SENEN,JL. KRAMAT JAYA BARU,,,Not_Found
JAKARTA PUSAT,SENEN,JL. KRAMAT JAYA BARU II,,,Not_Found
JAKARTA PUSAT,SENEN,JL. KRAMAT JAYA BARU IV,,,Not_Found
JAKARTA PUSAT,SENEN,JL. KRAMAT JAYA BARU V,,,Not_Found
JAKARTA PUSAT,SENEN,JL. KRAMAT KWITANG,Senen,10410.0,OSM_Success
JAKARTA PUSAT,SENEN,JL. KRAMAT LONTAR,Paseban,10450.0,OSM_Success
JAKARTA PUSAT,SENEN,JL. KRAMAT PULO,Senen,10450.0,OSM_Success
JAKARTA PUSAT,SENEN,JL. KRAMAT PULO GUNDUL,,,Not_Found
JAKARTA PUSAT,SENEN,JL. KRAMAT RAYA,Kwitang,10410.0,OSM_Success
JAKARTA PUSAT,SENEN,JL. KRAMAT RAYA DALAM,,,Not_Found
JAKARTA PUSAT,SENEN,JL. KRAMAT SENTIONG,Kramat,10560.0,OSM_Success
JAKARTA PUSAT,SENEN,JL. KRAMAT VIII,Paseban,10440.0,OSM_Success
JAKARTA PUSAT,SENEN,JL. KWINI,Senen,10410.0,OSM_Success
JAKARTA PUSAT,SENEN,JL. MATRAMMV DALAM,,,Not_Found
JAKARTA PUSAT,SENEN,JL. MATRAMAO RAYA,,,Not_Found
JAKARTA PUSAT,SENEN,JL. PASAR KAWI-KAWI,,,Not_Found
JAKARTA PUSAT,SENEN,JL. PASAR SENEN/GN.SAHARI-KRAMAT,,,Not_Found
JAKARTA PUSAT,SENEN,JL. PASEBAN,Paseban,10440.0,OSM_Success
JAKARTA PUSAT,SENEN,JL. PRAMUKA JAYA SARI,,,Not_Found
JAKARTA PUSAT,SENEN,JL. PUSAT PERDAGANGAN SENEN,,,Not_Found
JAKARTA PUSAT,SENEN,JL. SALEMBA BLUNTAS,Paseban,10440.0,OSM_Success
JAKARTA PUSAT,SENEN,JL. SALEMBA,Kenari,10430.0,OSM_Success
JAKARTA PUSAT,SENEN,JL. SALEMBA RAYA,Kenari,10430.0,OSM_Success
JAKARTA PUSAT,SENEN,JL. SALEMBA TENGAH,Paseban,10440.0,OSM_Success
JAKARTA PUSAT,SENEN,JL. SENEN RAYA,Senen,10410.0,OSM_Success
JAKARTA PUSAT,SENEN,JL. STASIUN SENEN,,,Not_Found
JAKARTA PUSAT,SENEN,JL. TOPAZ,,,Not_Found
JAKARTA PUSAT,SENEN,JL. KRAMAT II,Paseban,10560.0,OSM_Success
JAKARTA PUSAT,SENEN,JL. KRAMAT III,Kwitang,10420.0,OSM_Success
JAKARTA PUSAT,SENEN,JL. KRAMAT IV,Kwitang,10420.0,OSM_Success
JAKARTA PUSAT,SENEN,JL. KRAMAT V,Kramat,10450.0,OSM_Success
JAKARTA PUSAT,SENEN,JL. KRAMAT VI,Paseban,10440.0,OSM_Success
JAKARTA PUSAT,SENEN,JL. KRAMAT VII,Paseban,10560.0,OSM_Success
JAKARTA PUSAT,SENEN,JL. PRAMUKA JATI,Paseban,10440.0,OSM_Success
JAKARTA PUSAT,SENEN,JL. JAMBRUT,Kenari,10450.0,OSM_Success
JAKARTA PUSAT,SENEN,JL. KRAMAT SAWAH BARU,,,Not_Found
JAKARTA PUSAT,SENEN,JL. KRAMAT PULO DALAM,,,Not_Found
JAKARTA PUSAT,SENEN,JL. KEMBANG RAYA,Senen,10420.0,OSM_Success
JAKARTA PUSAT,SENEN,JL. MOH. SALEH,,,Not_Found
JAKARTA PUSAT,SENEN,JL. KRAMAT SOKA,Kramat,10420.0,OSM_Success
JAKARTA PUSAT,SENEN,JL. KEMBANG PACAR,Kramat,10420.0,OSM_Success
JAKARTA PUSAT,SENEN,JL. SEDAP MALAM,Kramat,10420.0,OSM_Success
JAKARTA PUSAT,SENEN,JL. KEMBANG SEPATU,Kramat,10420.0,OSM_Success
JAKARTA PUSAT,SENEN,JL. MELATI,Kramat,10410.0,OSM_Success
JAKARTA PUSAT,SENEN,JL. KWINI,Senen,10410.0,OSM_Success
JAKARTA PUSAT,SENEN,JL. ABDUL RAHMAN SALEH,Senen,10410.0,OSM_Success
JAKARTA PUSAT,SENEN,JL. TANAH TINGGI TIMUR,,,Not_Found
JAKARTA PUSAT,SENEN,JL. TANAH TINGGI BARAT,,,Not_Found
JAKARTA PUSAT,SENEN,JL. PAL PUTIH,Kramat,10420.0,OSM_Success
JAKARTA PUSAT,SENEN,JL. GUNUNG SAHARI,Senen,10460.0,OSM_Success
JAKARTA PUSAT,SENEN,JL. PRAPATAN/KWITANG,Senen,10410.0,OSM_Success
JAKARTA PUSAT,SENEN,JL. PRAMUKA RAYA,Senen,10440.0,OSM_Success
JAKARTA PUSAT,SENEN,JL. LETJEN SUPRAPTO,,,Not_Found
JAKARTA PUSAT,SENEN,JL. RADEN SALEH RAYA,Kenari,10450.0,OSM_Success
JAKARTA PUSAT,SENEN,JL. RADEN SALEH,Kenari,10450.0,OSM_Success
JAKARTA PUSAT,SENEN,JL. KERNOLONG,,,Not_Found
JAKARTA PUSAT,SENEN,JL. KALIBARU TIMUR IV,,,Not_Found
JAKARTA PUSAT,SENEN,JL. KALIBARU TIMUR V,,,Not_Found
JAKARTA PUSAT,SENEN,JL. PANGERAN DIPONEGORO,Kenari,10320.0,OSM_Success
JAKARTA PUSAT,SENEN,JL. PRAPATAN,Senen,10410.0,OSM_Success
JAKARTA PUSAT,SENEN,JL. KALIBARU TIMUR,,,Not_Found
JAKARTA PUSAT,SENEN,JL. KALIBARU TIMUR III,,,Not_Found
JAKARTA PUSAT,SENEN,JL. SALEMBA TENGAH II,Paseban,10440.0,Imputed_Success
JAKARTA PUSAT,SENEN,JL. KALIBARU TIMUR VI,,,Not_Found
JAKARTA PUSAT,SENEN,JL. KEPU SELATAN,Bungur,10460.0,OSM_Success
JAKARTA PUSAT,SENEN,JL. PERCETAKAN NEGARA,Paseban,10440.0,OSM_Success
JAKARTA PUSAT,SENEN,JL. KALIBARU TIMUR II,,,Not_Found
JAKARTA PUSAT,SENEN,JL. KALIBARU TIMUR,,,Not_Found
JAKARTA PUSAT,SENEN,JL. BUNGUR BESAR RAYA,,,Not_Found
JAKARTA PUSAT,SENEN,JL. SENEN RAYA III,Senen,10410.0,Imputed_Success
JAKARTA PUSAT,SENEN,JL. SENEN RAYA IV,Senen,10410.0,OSM_Success
JAKARTA PUSAT,SENEN,JL. PRAMUKA JATI,Paseban,10440.0,OSM_Success
JAKARTA PUSAT,SENEN,JL. INSPEKSI KALI CILIWUNG KENARI,,,Not_Found
JAKARTA PUSAT,SENEN,JL. GUNUNG SAHARI,Senen,10460.0,OSM_Success
JAKARTA PUSAT,CEMPAKA PUTIH,JL. CEMPAKA PUTIH BARAT,Cempaka Putih Barat,,OSM_Success
JAKARTA PUSAT,CEMPAKA PUTIH,JL. CEMPAKA PUTIH RAYA,Cempaka Putih Timur,10510.0,OSM_Success
JAKARTA PUSAT,CEMPAKA PUTIH,JL. CEMPAKA PUTIH TENGAH,Cempaka Putih Timur,10510.0,OSM_Success
JAKARTA PUSAT,CEMPAKA PUTIH,JL. CEMPAKA PUTIH TIMUR,Cempaka Putih,10510.0,OSM_Success
JAKARTA PUSAT,CEMPAKA PUTIH,JL. CEMPAKA PUTIH UTARA,,,Not_Found
JAKARTA PUSAT,CEMPAKA PUTIH,JL. GARDU ASEM,,,Not_Found
JAKARTA PUSAT,CEMPAKA PUTIH,JL. JEND. AHMAD YANI,,,Not_Found
JAKARTA PUSAT,CEMPAKA PUTIH,JL. KP. RAWA SAWAH,,,Not_Found
JAKARTA PUSAT,CEMPAKA PUTIH,JL. KP. RAWA SELATAN,,,Not_Found
JAKARTA PUSAT,CEMPAKA PUTIH,JL. KP. RAWA TENGAH,,,Not_Found
JAKARTA PUSAT,CEMPAKA PUTIH,JL. PANGKALAN ASAM,,,Not_Found
JAKARTA PUSAT,CEMPAKA PUTIH,JL. PERCETAKAN NEGARA,Rawasari,10510.0,OSM_Success
JAKARTA PUSAT,CEMPAKA PUTIH,JL. PERCETAKAN NEGARA II,Rawasari,10510.0,Imputed_Success
JAKARTA PUSAT,CEMPAKA PUTIH,JL. PERCETAKAN NEGARA V,Rawasari,10510.0,Imputed_Success
JAKARTA PUSAT,CEMPAKA PUTIH,JL. PERCETAKAN NEGARA XI,Rawasari,10510.0,Imputed_Success
JAKARTA PUSAT,CEMPAKA PUTIH,JL. PRAMUKA SARI,Rawasari,10570.0,OSM_Success
JAKARTA PUSAT,CEMPAKA PUTIH,JL. RAWAMANGUN,Rawasari,10440.0,OSM_Success
JAKARTA PUSAT,CEMPAKA PUTIH,JL. RAWASARI,Rawasari,,OSM_Success
JAKARTA PUSAT,CEMPAKA PUTIH,JL. RAWASARI SELATAN,Cempaka Putih Timur,10570.0,OSM_Success
JAKARTA PUSAT,CEMPAKA PUTIH,JL. YOS SUDARSO,Sumur Batu,10540.0,OSM_Success
JAKARTA PUSAT,CEMPAKA PUTIH,JL. PRAMUKA,Rawasari,,OSM_Success
JAKARTA PUSAT,CEMPAKA PUTIH,JL. LETJEN SUPRAPTO,,,Not_Found
JAKARTA PUSAT,CEMPAKA PUTIH,JL. MARDANI RAYA,Cempaka Putih Barat,10520.0,OSM_Success
JAKARTA PUSAT,CEMPAKA PUTIH,JL. PRAMUKA JAYA SARI,,,Not_Found
JAKARTA PUSAT,CEMPAKA PUTIH,JL. RAWASARI BARAT,Cempaka Putih Timur,10570.0,OSM_Success
JAKARTA PUSAT,CEMPAKA PUTIH,JL. LINGKUNGAN,,,Not_Found
JAKARTA PUSAT,CEMPAKA PUTIH,JL. PERCETAKAN NEGARA III,Rawasari,10510.0,Imputed_Success
JAKARTA PUSAT,JOHAR BARU,JL. ABDUL GAN1,,,Not_Found
JAKARTA PUSAT,JOHAR BARU,JL. GALUR RAYA,Galur,10530.0,OSM_Success
JAKARTA PUSAT,JOHAR BARU,JL. JOHAR BARU,Johar Baru,,OSM_Success
JAKARTA PUSAT,JOHAR BARU,JL. JOHAR BARU,Johar Baru,,OSM_Success
JAKARTA PUSAT,JOHAR BARU,JL. JOHAR BARU II,Johar Baru,,Imputed_Success
JAKARTA PUSAT,JOHAR BARU,JL. JOHAR BARU III,Johar Baru,,Imputed_Success
JAKARTA PUSAT,JOHAR BARU,JL. JOHAR BARU IV,Johar Baru,,Imputed_Success
JAKARTA PUSAT,JOHAR BARU,JL. JOHAR BARU UTARA,,,Not_Found
JAKARTA PUSAT,JOHAR BARU,JL. JOHAR BARU UTARA III,,,Not_Found
JAKARTA PUSAT,JOHAR BARU,JL. JOHAR BARU UTARA IV,,,Not_Found
JAKARTA PUSAT,JOHAR BARU,JL. JOHAR BARU UTARA V,,,Not_Found
JAKARTA PUSAT,JOHAR BARU,JL. JOHAR BARU UTARA VI,,,Not_Found
JAKARTA PUSAT,JOHAR BARU,JL. JOHAR BARU V,Johar Baru,,Imputed_Success
JAKARTA PUSAT,JOHAR BARU,JL. JOHAR BARU VI,Johar Baru,,Imputed_Success
JAKARTA PUSAT,JOHAR BARU,JL. JOHAR BARU VII,Johar Baru,,Imputed_Success
JAKARTA PUSAT,JOHAR BARU,JL. KAMPUNG RAWA SELATAN IV,,,Not_Found
JAKARTA PUSAT,JOHAR BARU,JL. KAWI-KAWI ATAS,,,Not_Found
JAKARTA PUSAT,JOHAR BARU,JL. KAWI-KAWI BAWAH,,,Not_Found
JAKARTA PUSAT,JOHAR BARU,JL. KOTA PARIS,,,Not_Found
JAKARTA PUSAT,JOHAR BARU,JL. PERCETAKAN NEGARA,Johar Baru,10560.0,OSM_Success
JAKARTA PUSAT,JOHAR BARU,JL. PERCETAKAN NEGARA II,Johar Baru,10560.0,Imputed_Success
JAKARTA PUSAT,JOHAR BARU,JL. PERCETAKAN NEGARA IV,Johar Baru,10560.0,Imputed_Success
JAKARTA PUSAT,JOHAR BARU,JL. PERCETAKAN NEGARA IV A,,,Not_Found
JAKARTA PUSAT,JOHAR BARU,JL. PERCETAKAN NEGARA IV B,,,Not_Found
JAKARTA PUSAT,JOHAR BARU,JL. PERCETAKAN NEGARA IV C,,,Not_Found
JAKARTA PUSAT,JOHAR BARU,JL. PERCETAKAN NEGARA IV D,,,Not_Found
JAKARTA PUSAT,JOHAR BARU,JL. RAWA SELATAN,Galur,10550.0,OSM_Success
JAKARTA PUSAT,JOHAR BARU,JL. SADEWA,Tanah Tinggi,10450.0,OSM_Success
JAKARTA PUSAT,JOHAR BARU,JL. TANAH TINGGI,Tanah Tinggi,,OSM_Success
JAKARTA PUSAT,JOHAR BARU,JL. TANAH TINGGI,Tanah Tinggi,,OSM_Success
JAKARTA PUSAT,JOHAR BARU,JL. TANAH TINGGI II,Tanah Tinggi,,Imputed_Success
JAKARTA PUSAT,JOHAR BARU,JL. TANAH TINGGI III,Tanah Tinggi,,Imputed_Success
JAKARTA PUSAT,JOHAR BARU,JL. TANAH TINGGI IV,Tanah Tinggi,,Imputed_Success
JAKARTA PUSAT,JOHAR BARU,JL. TANAH TINGGI IX,Tanah Tinggi,,Imputed_Success
JAKARTA PUSAT,JOHAR BARU,JL. TANAH TINGGI SAWAH,,,Not_Found
JAKARTA PUSAT,JOHAR BARU,JL. TANAH TINGGI V,Tanah Tinggi,,Imputed_Success
JAKARTA PUSAT,JOHAR BARU,JL. TANAH TINGGI VI,Tanah Tinggi,,Imputed_Success
JAKARTA PUSAT,JOHAR BARU,JL. TANAH TINGGI VII,Tanah Tinggi,,Imputed_Success
JAKARTA PUSAT,JOHAR BARU,JL. TANAH TINGGI VIII,Tanah Tinggi,,Imputed_Success
JAKARTA PUSAT,JOHAR BARU,JL. TANAH TINGGI X,Tanah Tinggi,,Imputed_Success
JAKARTA PUSAT,JOHAR BARU,JL. TANAH TINGGI XI,Tanah Tinggi,,Imputed_Success
JAKARTA PUSAT,JOHAR BARU,JL. TANAH TINGGI XII,Tanah Tinggi,,Imputed_Success
JAKARTA PUSAT,JOHAR BARU,JL. LETJEN SUPRAPTO,,,Not_Found
JAKARTA PUSAT,JOHAR BARU,JL. PANGKALAN ASAM,,,Not_Found
JAKARTA PUSAT,JOHAR BARU,JL. MARDANI RAYA,Johar Baru,10510.0,OSM_Success
JAKARTA PUSAT,JOHAR BARU,JL. ARIMBI,Tanah Tinggi,10450.0,OSM_Success
JAKARTA PUSAT,JOHAR BARU,JL. ABIMANYU,Tanah Tinggi,10550.0,OSM_Success
JAKARTA PUSAT,JOHAR BARU,JL. ARJUNA,Tanah Tinggi,10450.0,OSM_Success
JAKARTA PUSAT,JOHAR BARU,JL. BALADEWA,Tanah Tinggi,10530.0,OSM_Success
JAKARTA PUSAT,JOHAR BARU,JL. BIDURI,Galur,10530.0,OSM_Success
JAKARTA PUSAT,JOHAR BARU,JL. BIMA,Johar Baru,10450.0,OSM_Success
JAKARTA PUSAT,JOHAR BARU,JL. INTAN,Galur,10530.0,OSM_Success
JAKARTA PUSAT,JOHAR BARU,JL. IRAWAN,Tanah Tinggi,10550.0,OSM_Success
JAKARTA PUSAT,JOHAR BARU,JL. KAMPUNG RAWA SAWAH,,,Not_Found
JAKARTA PUSAT,JOHAR BARU,JL. KAMPUNG RAWA SAWAH II,,,Not_Found
JAKARTA PUSAT,JOHAR BARU,JL. KAMPUNG RAWA SAWAH III,,,Not_Found
JAKARTA PUSAT,JOHAR BARU,JL. KAMPUNG RAWA SELATAN,,,Not_Found
JAKARTA PUSAT,JOHAR BARU,JL. KAMPUNG RAWA SELATAN II,,,Not_Found
JAKARTA PUSAT,JOHAR BARU,JL. KAMPUNG RAWA SELATAN 111,,,Not_Found
JAKARTA PUSAT,JOHAR BARU,JL. KAMPUNG RAWA SELATAN V,,,Not_Found
JAKARTA PUSAT,JOHAR BARU,JL. KAMPUNG RAWA SELATAN VI,,,Not_Found
JAKARTA PUSAT,JOHAR BARU,JL. KAMPUNG RAWA SELATAN VII,,,Not_Found
JAKARTA PUSAT,JOHAR BARU,JL. KRESNA,Tanah Tinggi,10450.0,OSM_Success
JAKARTA PUSAT,JOHAR BARU,JL. MOCH ALI,,,Not_Found
JAKARTA PUSAT,JOHAR BARU,JL. NAKULA,Tanah Tinggi,10450.0,OSM_Success
JAKARTA PUSAT,JOHAR BARU,JL. NARADA,Tanah Tinggi,10550.0,OSM_Success
JAKARTA PUSAT,JOHAR BARU,JL. PANCA WARNA,Galur,10530.0,OSM_Success
JAKARTA PUSAT,JOHAR BARU,JL. SAMBA,Tanah Tinggi,10550.0,OSM_Success
JAKARTA PUSAT,JOHAR BARU,JL. SUMBADRA,Tanah Tinggi,10450.0,OSM_Success
JAKARTA PUSAT,JOHAR BARU,JL. KRAMAT SENTIONG,Johar Baru,10560.0,OSM_Success
JAKARTA PUSAT,JOHAR BARU,JL. KRAMAT JAYA BARU,Johar Baru,10560.0,OSM_Success
JAKARTA PUSAT,JOHAR BARU,JL. KRAMAT JAYA BARU,Johar Baru,10560.0,OSM_Success
JAKARTA PUSAT,JOHAR BARU,JL. KRAMAT JAYA BARU II,Johar Baru,10560.0,Imputed_Success
JAKARTA PUSAT,JOHAR BARU,JL. KRAMAT JAYA BARU IV,Johar Baru,10560.0,Imputed_Success
JAKARTA PUSAT,JOHAR BARU,JL. KRAMAT JAYA BARU V,Johar Baru,10560.0,Imputed_Success
JAKARTA PUSAT,JOHAR BARU,JL. KRAMAT PULO GUNDUL,Tanah Tinggi,10450.0,OSM_Success
JAKARTA PUSAT,JOHAR BARU,JL. KP RAWA SAWAH,,,Not_Found
JAKARTA PUSAT,JOHAR BARU,JL. KP RAWA TENGAH,,,Not_Found
JAKARTA PUSAT,KEMAYORAN,JL. ABIMANYU,,,Not_Found
JAKARTA PUSAT,KEMAYORAN,JL. ANGKASA,Kebon Kosong,,OSM_Success
JAKARTA PUSAT,KEMAYORAN,JL. APRON,Kebon Kosong,,OSM_Success
JAKARTA PUSAT,KEMAYORAN,JL. ARIMBI,,,Not_Found
JAKARTA PUSAT,KEMAYORAN,JL. ARJUNA,,,Not_Found
JAKARTA PUSAT,KEMAYORAN,JL. ARTERI,,,Not_Found
JAKARTA PUSAT,KEMAYORAN,JL. BACANG,,,Not_Found
JAKARTA PUSAT,KEMAYORAN,JL. BALADEWA,,,Not_Found
JAKARTA PUSAT,KEMAYORAN,JL. BANGAU,Gunung Sahari Selatan,10460.0,OSM_Success
JAKARTA PUSAT,KEMAYORAN,JL. BATANG HARI,,,Not_Found
JAKARTA PUSAT,KEMAYORAN,JL. BENDUNGAN JAGO,Utan Panjang,10630.0,OSM_Success
JAKARTA PUSAT,KEMAYORAN,JL. BENDUNGAN JAYA,Serdang,10630.0,OSM_Success
JAKARTA PUSAT,KEMAYORAN,JL. BESUKI,,,Not_Found
JAKARTA PUSAT,KEMAYORAN,JL. BIDURI,Kemayoran,10640.0,OSM_Success
JAKARTA PUSAT,KEMAYORAN,JL. BIMA,,,Not_Found
JAKARTA PUSAT,KEMAYORAN,JL. BOEING,,,Not_Found
JAKARTA PUSAT,KEMAYORAN,JL. BUNGUR BESAR RAYA,Gunung Sahari Utara,10610.0,OSM_Success
JAKARTA PUSAT,KEMAYORAN,JL. BUNGUR RAYA,Gunung Sahari Selatan,10460.0,OSM_Success
JAKARTA PUSAT,KEMAYORAN,JL. DAKOTA,Kebon Kosong,,OSM_Success
JAKARTA PUSAT,KEMAYORAN,JL. EIXLON,,,Not_Found
JAKARTA PUSAT,KEMAYORAN,JL. FARMASI,,,Not_Found
JAKARTA PUSAT,KEMAYORAN,JL. GALUR RAYA,,,Not_Found
JAKARTA PUSAT,KEMAYORAN,JL. GARUDA,Gunung Sahari Selatan,10620.0,OSM_Success
JAKARTA PUSAT,KEMAYORAN,JL. GRIYA UTAMA KEMAYORAN,,,Not_Found
JAKARTA PUSAT,KEMAYORAN,JL. GUNUNG SAHARI RAYA,Gunung Sahari Selatan,,OSM_Success
JAKARTA PUSAT,KEMAYORAN,JL. H. BENYAMIN SUEB,,,Not_Found
JAKARTA PUSAT,KEMAYORAN,JL. HAJI UNG,Utan Panjang,10630.0,OSM_Success
JAKARTA PUSAT,KEMAYORAN,JL. HARAPAN JAYA,Cempaka Baru,10640.0,OSM_Success
JAKARTA PUSAT,KEMAYORAN,JL. HARAPAN MULYA,Harapan Mulya,,OSM_Success
JAKARTA PUSAT,KEMAYORAN,JL. HATI SUCI,,,Not_Found
JAKARTA PUSAT,KEMAYORAN,JL. HOWITZER,Sumur Batu,10640.0,OSM_Success
JAKARTA PUSAT,KEMAYORAN,JL. INDUSTRI,Sumur Batu,,OSM_Success
JAKARTA PUSAT,KEMAYORAN,JL. INTAN,Sumur Batu,10640.0,OSM_Success
JAKARTA PUSAT,KEMAYORAN,JL. IRAWAN,,,Not_Found
JAKARTA PUSAT,KEMAYORAN,JL. KALI BARU BARAT,Kebon Kosong,10460.0,OSM_Success
JAKARTA PUSAT,KEMAYORAN,JL. KALI BARU TIMUR,Utan Panjang,10460.0,OSM_Success
JAKARTA PUSAT,KEMAYORAN,JL. KALI BARU TIMUR II,Utan Panjang,10460.0,Imputed_Success
JAKARTA PUSAT,KEMAYORAN,JL. KALI BARU TIMUR III,Utan Panjang,10460.0,Imputed_Success
JAKARTA PUSAT,KEMAYORAN,JL. KALI BARU TIMUR IV,Utan Panjang,10460.0,Imputed_Success
JAKARTA PUSAT,KEMAYORAN,JL. KALI BARU TIMUR V,Utan Panjang,10460.0,Imputed_Success
JAKARTA PUSAT,KEMAYORAN,JL. KALI BARU TIMUR VI,Utan Panjang,10460.0,Imputed_Success
JAKARTA PUSAT,KEMAYORAN,JL. KAMPUNG RAWA SAWAH,,,Not_Found
JAKARTA PUSAT,KEMAYORAN,JL. KAMPUNG RAWA SAWAH 11,,,Not_Found
JAKARTA PUSAT,KEMAYORAN,JL. KAMPUNG RAWA SAWAH III,,,Not_Found
JAKARTA PUSAT,KEMAYORAN,JL. KAMPUNG RAWA SELATAN,,,Not_Found
JAKARTA PUSAT,KEMAYORAN,JL. KAMPUNG RAWA SELATAN II,,,Not_Found
JAKARTA PUSAT,KEMAYORAN,JL. KAMPUNG RAWA SELATAN 111,,,Not_Found
JAKARTA PUSAT,KEMAYORAN,JL. KAMPUNG RAWA SELATAN V,,,Not_Found
JAKARTA PUSAT,KEMAYORAN,JL. KAMPUNG RAWA SELATAN VI,,,Not_Found
JAKARTA PUSAT,KEMAYORAN,JL. KAMPUNG RAWA SELATAN VII,,,Not_Found
JAKARTA PUSAT,KEMAYORAN,JL. KEMAYORAN,Kemayoran,,OSM_Success
JAKARTA PUSAT,KEMAYORAN,JL. KEMAYORAN BANDARA,,,Not_Found
JAKARTA PUSAT,KEMAYORAN,JL. KEMAYORAN GEMPOL,Kebon Kosong,10620.0,OSM_Success
JAKARTA PUSAT,KEMAYORAN,JL. KEMAYORAN KETAPANG,Kebon Kosong,10620.0,OSM_Success
JAKARTA PUSAT,KEMAYORAN,JL. KEPU DALAM,Kemayoran,10460.0,OSM_Success
JAKARTA PUSAT,KEMAYORAN,JL. KEPU SELATAN,Bungur,10460.0,OSM_Success
JAKARTA PUSAT,KEMAYORAN,JL. KEPU TIMUR,Kemayoran,10620.0,OSM_Success
JAKARTA PUSAT,KEMAYORAN,JL. KOMANDO RAYA,,,Not_Found
JAKARTA PUSAT,KEMAYORAN,JL. KOMP. CEMPAKA MAS,,,Not_Found
JAKARTA PUSAT,KEMAYORAN,JL. KOMP. CILONGOK,,,Not_Found
JAKARTA PUSAT,KEMAYORAN,JL. KOMP. ITC CEMPAKA MAS,,,Not_Found
JAKARTA PUSAT,KEMAYORAN,JL. KOMP. PASAR MOBIL KEMAYORAN,,,Not_Found
JAKARTA PUSAT,KEMAYORAN,JL. KOMP. PERTOKOAN CEMPAKA MAS,,,Not_Found
JAKARTA PUSAT,KEMAYORAN,JL. KOTA BARU BANDAR KEMAYORAN,,,Not_Found
JAKARTA PUSAT,KEMAYORAN,JL. KRAN,Gunung Sahari Selatan,10620.0,OSM_Success
JAKARTA PUSAT,KEMAYORAN,JL. KRESNA,,,Not_Found
JAKARTA PUSAT,KEMAYORAN,JL. LANDAS PACU BARAT,Gunung Sahari Selatan,10610.0,OSM_Success
JAKARTA PUSAT,KEMAYORAN,JL. LANDAS PACU SELATAN,,,Not_Found
JAKARTA PUSAT,KEMAYORAN,JL. LANDAS PACU TIMUR,,,Not_Found
JAKARTA PUSAT,KEMAYORAN,JL. LANDAS PACU UTARA,,,Not_Found
JAKARTA PUSAT,KEMAYORAN,JL. LETJEN SUPRAPTO,,,Not_Found
JAKARTA PUSAT,KEMAYORAN,JL. MERPATI,Gunung Sahari Selatan,10750.0,OSM_Success
JAKARTA PUSAT,KEMAYORAN,JL. MOCH ALI,,,Not_Found
JAKARTA PUSAT,KEMAYORAN,JL. MURDAI,,,Not_Found
JAKARTA PUSAT,KEMAYORAN,JL. MUSIUM,,,Not_Found
JAKARTA PUSAT,KEMAYORAN,JL. NAKULA,,,Not_Found
JAKARTA PUSAT,KEMAYORAN,JL. NARADA,,,Not_Found
JAKARTA PUSAT,KEMAYORAN,JL. PAM RAYA,Cempaka Baru,10640.0,OSM_Success
JAKARTA PUSAT,KEMAYORAN,JL. PANARUKAN,,,Not_Found
JAKARTA PUSAT,KEMAYORAN,JL. PANCA WARNA,,,Not_Found
JAKARTA PUSAT,KEMAYORAN,JL. PASAR BENDUNGAN JAGO,,,Not_Found
JAKARTA PUSAT,KEMAYORAN,JL. PASAR GARDU ASEM,,,Not_Found
JAKARTA PUSAT,KEMAYORAN,JL. PASAR GEMBRONG,,,Not_Found
JAKARTA PUSAT,KEMAYORAN,JL. PATRICE LUMUMBA,,,Not_Found
JAKARTA PUSAT,KEMAYORAN,JL. PENGAIRAN,,,Not_Found
JAKARTA PUSAT,KEMAYORAN,JL. PENGARENGAN PRAPATAN,,,Not_Found
JAKARTA PUSAT,KEMAYORAN,JL. PERIKANAN,,,Not_Found
JAKARTA PUSAT,KEMAYORAN,JL. PERUNGGU,Harapan Mulya,10530.0,OSM_Success
JAKARTA PUSAT,KEMAYORAN,JL. PINTU SENG,,,Not_Found
JAKARTA PUSAT,KEMAYORAN,JL. PISANGAN BATU,,,Not_Found
JAKARTA PUSAT,KEMAYORAN,JL. PRJ KEMAYORAN,,,Not_Found
JAKARTA PUSAT,KEMAYORAN,JL. RAJAWALI RAYA,Pademangan Timur,14410.0,OSM_Success
JAKARTA PUSAT,KEMAYORAN,JL. REMAJA III,Cempaka Baru,10640.0,OSM_Success
JAKARTA PUSAT,KEMAYORAN,JL. RUSUN KEMAYORAN,Kebon Kosong,10630.0,OSM_Success
JAKARTA PUSAT,KEMAYORAN,JL. SAMBA,,,Not_Found
JAKARTA PUSAT,KEMAYORAN,JL. SERDANG,Serdang,,OSM_Success
JAKARTA PUSAT,KEMAYORAN,JL. SERDANG BARU,Serdang,10640.0,OSM_Success
JAKARTA PUSAT,KEMAYORAN,JL. CEMPAKA BARU,Cempaka Baru,10640.0,OSM_Success
JAKARTA PUSAT,KEMAYORAN,JL. CEMPAKA SARI,Harapan Mulya,10640.0,OSM_Success
JAKARTA PUSAT,KEMAYORAN,JL. SUMBADRA,,,Not_Found
JAKARTA PUSAT,KEMAYORAN,JL. SUMUR BATU,Sumur Batu,,OSM_Success
JAKARTA PUSAT,KEMAYORAN,JL. SUNGAI SIANTAR,,,Not_Found
JAKARTA PUSAT,KEMAYORAN,JL. SUNTER KEMAYORAN,Kebon Kosong,10630.0,OSM_Success
JAKARTA PUSAT,KEMAYORAN,JL. SUKA MULYA,Kemayoran,10530.0,OSM_Success
JAKARTA PUSAT,KEMAYORAN,JL. GUNUNG SAHARI,Gunung Sahari Selatan,,OSM_Success
JAKARTA PUSAT,KEMAYORAN,JL. TEMBAGA,Harapan Mulya,10530.0,OSM_Success
JAKARTA PUSAT,KEMAYORAN,JL. TIMAH,Kemayoran,10530.0,OSM_Success
JAKARTA PUSAT,KEMAYORAN,JL. UTAN PANJANG,Utan Panjang,,OSM_Success
JAKARTA PUSAT,KEMAYORAN,JL. UTAN PANJANG BARAT,,,Not_Found
JAKARTA PUSAT,KEMAYORAN,JL. UTAN PANJANG RAYA,Utan Panjang,,OSM_Success
JAKARTA PUSAT,KEMAYORAN,JL. WAY BESAI,,,Not_Found
JAKARTA PUSAT,KEMAYORAN,JL. CEMPAKA WANGI,Harapan Mulya,10640.0,OSM_Success
JAKARTA PUSAT,KEMAYORAN,JL. GARDU ASEM,Kemayoran,10460.0,OSM_Success
JAKARTA PUSAT,KEMAYORAN,JL. KEBON KOSONG,Kebon Kosong,10630.0,OSM_Success
JAKARTA PUSAT,KEMAYORAN,JL. SAWO,Gunung Sahari Selatan,10610.0,OSM_Success
JAKARTA PUSAT,KEMAYORAN,JL. GUNUNG SAHARI II,Gunung Sahari Selatan,,Imputed_Success
JAKARTA PUSAT,KEMAYORAN,JL. GUNUNG SAHARI III,Gunung Sahari Selatan,,Imputed_Success
JAKARTA PUSAT,KEMAYORAN,JL. TANAH TINGGI TIMUR,,,Not_Found
JAKARTA PUSAT,KEMAYORAN,JL. HBR MOTIK,,,Not_Found
JAKARTA PUSAT,KEMAYORAN,JL. GUNUNG SAHARI IV,Gunung Sahari Selatan,,Imputed_Success
JAKARTA PUSAT,KEMAYORAN,JL. GUNUNG SAHARI V,Gunung Sahari Selatan,,Imputed_Success
JAKARTA PUSAT,KEMAYORAN,JL. CEMPAKA PUTIH UTARA,,,Not_Found
JAKARTA PUSAT,KEMAYORAN,JL. CEMPAKA BARU TIMUR,,,Not_Found
JAKARTA PUSAT,KEMAYORAN,JL. TARUNA JAYA,Serdang,10630.0,OSM_Success
JAKARTA PUSAT,KEMAYORAN,JL. RAYA KODAM,Sumur Batu,10640.0,OSM_Success
JAKARTA PUSAT,KEMAYORAN,JL. CASA,Kemayoran,10630.0,OSM_Success
JAKARTA PUSAT,KEMAYORAN,JL. PUMA,Kebon Kosong,10630.0,OSM_Success
JAKARTA PUSAT,KEMAYORAN,JL. INSPEKSI KALI SUNTER,,,Not_Found
JAKARTA PUSAT,KEMAYORAN,JL. SELANGIT,Gunung Sahari Selatan,10620.0,OSM_Success
JAKARTA PUSAT,SAWAH BESAR,JL. ANTARA,Sawah Besar,10120.0,OSM_Success
JAKARTA PUSAT,SAWAH BESAR,JL. BUDI UTOMO,Pasar Baru,10460.0,OSM_Success
JAKARTA PUSAT,SAWAH BESAR,JL. DR. SUTOMO,,,Not_Found
JAKARTA PUSAT,SAWAH BESAR,JL. DR. WAHIDIN S,,,Not_Found
JAKARTA PUSAT,SAWAH BESAR,JL. GANG KELINCI,,,Not_Found
JAKARTA PUSAT,SAWAH BESAR,JL. GEREJA AYAM,Pasar Baru,10120.0,OSM_Success
JAKARTA PUSAT,SAWAH BESAR,JL. GUNUNG SAHARI IV,Gunung Sahari Selatan,,Imputed_Success
JAKARTA PUSAT,SAWAH BESAR,JL. GUNUNG SAHARI IX,Gunung Sahari Selatan,,Imputed_Success
JAKARTA PUSAT,SAWAH BESAR,JL. GUNUNG SAHARI PERMAI,Gunung Sahari Selatan,,Imputed_Success
JAKARTA PUSAT,SAWAH BESAR,JL. GUNUNG SAHARI V,Gunung Sahari Selatan,,Imputed_Success
JAKARTA PUSAT,SAWAH BESAR,JL. GUNUNG SAHARI VI,Gunung Sahari Selatan,,Imputed_Success
JAKARTA PUSAT,SAWAH BESAR,JL. GUNUNG SAHARI VII,Gunung Sahari Selatan,,Imputed_Success
JAKARTA PUSAT,SAWAH BESAR,JL. GUNUNG SAHARI VIII,Gunung Sahari Selatan,,Imputed_Success
JAKARTA PUSAT,SAWAH BESAR,JL. GUNUNG SAHARI X,Gunung Sahari Selatan,,Imputed_Success
JAKARTA PUSAT,SAWAH BESAR,JL. GUNUNG SAHARI XI,Gunung Sahari Selatan,,Imputed_Success
JAKARTA PUSAT,SAWAH BESAR,JL. GUNUNG SAHARI XII,Gunung Sahari Selatan,,Imputed_Success
JAKARTA PUSAT,SAWAH BESAR,JL. H. SAMANHUDI,,,Not_Found
JAKARTA PUSAT,SAWAH BESAR,JL. KARANG ANYAR,Karang Anyar,10740.0,OSM_Success
JAKARTA PUSAT,SAWAH BESAR,JL. KARANG ANYAR PERMAI,Karang Anyar,10740.0,OSM_Success
JAKARTA PUSAT,SAWAH BESAR,JL. KARANG ANYAR UTARA,,,Not_Found
JAKARTA PUSAT,SAWAH BESAR,JL. KARTINI,Kartini,,OSM_Success
JAKARTA PUSAT,SAWAH BESAR,JL. KOMP. AGUNG SEDAYU,,,Not_Found
JAKARTA PUSAT,SAWAH BESAR,JL. KOMP. BAHAN BANGUNAN,,,Not_Found
JAKARTA PUSAT,SAWAH BESAR,JL. KOMP. DUTA JAYAKARTA,,,Not_Found
JAKARTA PUSAT,SAWAH BESAR,JL. KOMP. HARCO MANGGA DUA,,,Not_Found
JAKARTA PUSAT,SAWAH BESAR,JL. KOMP. HARCO PASAR BARU,,,Not_Found
JAKARTA PUSAT,SAWAH BESAR,JL. KOMP. METRO ATOM,,,Not_Found
JAKARTA PUSAT,SAWAH BESAR,JL. KOMP. METRO PLAZA,,,Not_Found
JAKARTA PUSAT,SAWAH BESAR,JL. KOMP. PERTOKOAN MANGGA DUA,,,Not_Found
JAKARTA PUSAT,SAWAH BESAR,JL. KOMP. PERTOKOAN P. JAYAKARTA,,,Not_Found
JAKARTA PUSAT,SAWAH BESAR,JL. KOMP. RUKO GUNUNG SAHARI,,,Not_Found
JAKARTA PUSAT,SAWAH BESAR,JL. KREKOT BUNDER,Pasar Baru,10120.0,OSM_Success
JAKARTA PUSAT,SAWAH BESAR,JL. KREKOT DALAM,,,Not_Found
JAKARTA PUSAT,SAWAH BESAR,JL. KREKOT JAYA MOLEK,Pasar Baru,10120.0,OSM_Success
JAKARTA PUSAT,SAWAH BESAR,JL. KREKOT RAYA,Pasar Baru,10120.0,OSM_Success
JAKARTA PUSAT,SAWAH BESAR,JL. LAP. BANTENG BARAT,,,Not_Found
JAKARTA PUSAT,SAWAH BESAR,JL. LAP. BANTENG SELATAN,,,Not_Found
JAKARTA PUSAT,SAWAH BESAR,JL. LAP. BANTENG TIMUR,,,Not_Found
JAKARTA PUSAT,SAWAH BESAR,JL. LAP. BANTENG UTARA,,,Not_Found
JAKARTA PUSAT,SAWAH BESAR,JL. LAUTZE,Karang Anyar,10120.0,OSM_Success
JAKARTA PUSAT,SAWAH BESAR,JL. MANGGA BESAR RAYA,Kartini,10740.0,OSM_Success
JAKARTA PUSAT,SAWAH BESAR,JL. MANGGA BESAR XIII,,,Not_Found
JAKARTA PUSAT,SAWAH BESAR,JL. MANGGA DUA ABDAD,Sawah Besar,10730.0,OSM_Success
JAKARTA PUSAT,SAWAH BESAR,JL. MANGGA DUA DALAM,,,Not_Found
JAKARTA PUSAT,SAWAH BESAR,JL. MANGGA DUA RAYA,Mangga Dua Selatan,10730.0,OSM_Success
JAKARTA PUSAT,SAWAH BESAR,JL. MANGGA DUA SELATAN,Mangga Dua Selatan,10730.0,OSM_Success
JAKARTA PUSAT,SAWAH BESAR,JL. PANGERAN JAYAKARTA,Mangga Dua Selatan,,OSM_Success
JAKARTA PUSAT,SAWAH BESAR,JL. PASAR BARU,Pasar Baru,,OSM_Success
JAKARTA PUSAT,SAWAH BESAR,JL. PASAR BARU SELATAN,,,Not_Found
JAKARTA PUSAT,SAWAH BESAR,JL. PASAR BARU TIMUR,Pasar Baru,10610.0,OSM_Success
JAKARTA PUSAT,SAWAH BESAR,JL. PERTOKOAN PS. JEMBATAN MERAH,,,Not_Found
JAKARTA PUSAT,SAWAH BESAR,JL. PINTU AIR,Pasar Baru,10120.0,OSM_Success
JAKARTA PUSAT,SAWAH BESAR,JL. PINTU BESAR,Pasar Baru,10120.0,OSM_Success
JAKARTA PUSAT,SAWAH BESAR,JL. RAJAWALI SELATAN,Sawah Besar,10750.0,OSM_Success
JAKARTA PUSAT,SAWAH BESAR,JL. SAWAH BESAR,Karang Anyar,10740.0,OSM_Success
JAKARTA PUSAT,SAWAH BESAR,JL. ANGKASA,Gunung Sahari Utara,10610.0,OSM_Success
JAKARTA PUSAT,SAWAH BESAR,JL. DWI WARNA,Karang Anyar,10740.0,OSM_Success
JAKARTA PUSAT,SAWAH BESAR,JL. GEDUNG KESENIAN,,,Not_Found
JAKARTA PUSAT,SAWAH BESAR,JL. GUNUNG SAHARI RAYA,Gunung Sahari Utara,10720.0,OSM_Success
JAKARTA PUSAT,SAWAH BESAR,JL. INDUSTRI,Gunung Sahari Utara,10720.0,OSM_Success
JAKARTA PUSAT,SAWAH BESAR,JL. PINTU BESI,Pasar Baru,10740.0,OSM_Success
JAKARTA PUSAT,SAWAH BESAR,JL. PINTU BESI,Pasar Baru,10740.0,OSM_Success
JAKARTA PUSAT,SAWAH BESAR,JL. JEMBATAN MERAH,,,Not_Found
JAKARTA PUSAT,SAWAH BESAR,JL. DR. WAHIDIN II,,,Not_Found
JAKARTA PUSAT,SAWAH BESAR,JL. GOTONG ROYONG,,,Not_Found
JAKARTA PUSAT,SAWAH BESAR,JL. KREKOT JAYA,Sawah Besar,10120.0,OSM_Success
JAKARTA PUSAT,SAWAH BESAR,JL. KELINCI,Pasar Baru,10120.0,OSM_Success
JAKARTA PUSAT,SAWAH BESAR,JL. POS,Pasar Baru,10120.0,OSM_Success
JAKARTA PUSAT,SAWAH BESAR,JL. IR. H. DJUANDA RAYA,,,Not_Found
JAKARTA PUSAT,GAMBIR,JL. A.M. SANGAJI,,,Not_Found
JAKARTA PUSAT,GAMBIR,JL. ABDUL MUIS,Petojo Selatan,10160.0,OSM_Success
JAKARTA PUSAT,GAMBIR,JL. ALAYDRUS,Petojo Utara,10160.0,OSM_Success
JAKARTA PUSAT,GAMBIR,JL. BALIKPAPAN,Petojo Utara,10160.0,OSM_Success
JAKARTA PUSAT,GAMBIR,JL. BATU CEPER,Kebon Kelapa,10120.0,OSM_Success
JAKARTA PUSAT,GAMBIR,JL. BATU JAJAR,Kebon Kelapa,10120.0,OSM_Success
JAKARTA PUSAT,GAMBIR,JL. BATU TULIS,Kebon Kelapa,10120.0,OSM_Success
JAKARTA PUSAT,GAMBIR,JL. BIAK,Cideng,10150.0,OSM_Success
JAKARTA PUSAT,GAMBIR,JL. BUDI KEMULIAAN,Gambir,10110.0,OSM_Success
JAKARTA PUSAT,GAMBIR,JL. CIDENG BARAT,Cideng,10150.0,OSM_Success
JAKARTA PUSAT,GAMBIR,JL. CIDENG TIMUR,Petojo Utara,10160.0,OSM_Success
JAKARTA PUSAT,GAMBIR,JL. DURI PULO,Duri Pulo,10140.0,OSM_Success
JAKARTA PUSAT,GAMBIR,JL. GAJAH MADA,Petojo Utara,10160.0,OSM_Success
JAKARTA PUSAT,GAMBIR,JL. HAYAM WURUK,Kebon Kelapa,10120.0,OSM_Success
JAKARTA PUSAT,GAMBIR,JL. IR. H. DJUANDA,,,Not_Found
JAKARTA PUSAT,GAMBIR,"JL. IR. H, DJUANDA II",,,Not_Found
JAKARTA PUSAT,GAMBIR,JL. IR. H. DJUANDA III,,,Not_Found
JAKARTA PUSAT,GAMBIR,JL. IR. H. DJUANDA RAYA,,,Not_Found
JAKARTA PUSAT,GAMBIR,JL. JATI BARU,,,Not_Found
JAKARTA PUSAT,GAMBIR,JL. JEMBATAN LIMA,,,Not_Found
JAKARTA PUSAT,GAMBIR,JL. KAJI,Petojo Utara,10160.0,OSM_Success
JAKARTA PUSAT,GAMBIR,JL. KESEHATAN,Petojo Selatan,10160.0,OSM_Success
JAKARTA PUSAT,GAMBIR,JL. KESEHATAN II,Petojo Selatan,10160.0,OSM_Success
JAKARTA PUSAT,GAMBIR,JL. KESEHATAN III,Petojo Selatan,10160.0,OSM_Success
JAKARTA PUSAT,GAMBIR,JL. KESEHATAN IV,Petojo Selatan,10160.0,OSM_Success
JAKARTA PUSAT,GAMBIR,JL. KESEHATAN IX,Petojo Selatan,10160.0,OSM_Success
JAKARTA PUSAT,GAMBIR,JL. KESEHATAN RAYA,Petojo Selatan,10160.0,OSM_Success
JAKARTA PUSAT,GAMBIR,JL. KESEHATAN V,Petojo Selatan,10160.0,OSM_Success
JAKARTA PUSAT,GAMBIR,JL. KESEHATAN VI,Petojo Selatan,10160.0,OSM_Success
JAKARTA PUSAT,GAMBIR,JL. KESEHATAN VII,Petojo Selatan,10160.0,OSM_Success
JAKARTA PUSAT,GAMBIR,JL. KESEHATAN VIII,Petojo Selatan,10160.0,OSM_Success
JAKARTA PUSAT,GAMBIR,JL. KESEHATAN X,Petojo Selatan,10160.0,OSM_Success
JAKARTA PUSAT,GAMBIR,JL. KH. HASYIM ASHARI,,,Not_Found
JAKARTA PUSAT,GAMBIR,JL. KH. MOCH. MANSYUR,,,Not_Found
JAKARTA PUSAT,GAMBIR,JL. KH. ZAINUL ARIFIN,,,Not_Found
JAKARTA PUSAT,GAMBIR,JL. KOMP. ATAP MERAH,,,Not_Found
JAKARTA PUSAT,GAMBIR,JL. KOMP. DUTA MERLIN,,,Not_Found
JAKARTA PUSAT,GAMBIR,JL. KOMP. GAJAH MADA PLAZA,,,Not_Found
JAKARTA PUSAT,GAMBIR,JL. KOMP. HARMONI PLAZA,,,Not_Found
JAKARTA PUSAT,GAMBIR,JL. KOMP. HAYAM WURUK,,,Not_Found
JAKARTA PUSAT,GAMBIR,JL. KOMP. ITC ROXY MAS,,,Not_Found
JAKARTA PUSAT,GAMBIR,JL. KOMP. STASIUN GAMBIR,,,Not_Found
JAKARTA PUSAT,GAMBIR,JL. KYAI CARINGIN,Cideng,10150.0,OSM_Success
JAKARTA PUSAT,GAMBIR,JL. M.I. RIDWAN RAIS,,,Not_Found
JAKARTA PUSAT,GAMBIR,JL. MAJAPAHIT,Gambir,10110.0,OSM_Success
JAKARTA PUSAT,GAMBIR,JL. MEDAN MERDEKA BARAT,,,Not_Found
JAKARTA PUSAT,GAMBIR,JL. MEDAN MERDEKA SELATAN,Gambir,10110.0,OSM_Success
JAKARTA PUSAT,GAMBIR,JL. MEDAN MERDEKA TIMUR,,,Not_Found
JAKARTA PUSAT,GAMBIR,JL. MEDAN MERDEKA UTARA,Petojo Utara,10160.0,OSM_Success
JAKARTA PUSAT,GAMBIR,JL. MUSI,Cideng,10150.0,OSM_Success
JAKARTA PUSAT,GAMBIR,JL. PASAR PETOJO ILIR,,,Not_Found
JAKARTA PUSAT,GAMBIR,JL. PECENONGAN,Kebon Kelapa,10120.0,OSM_Success
JAKARTA PUSAT,GAMBIR,JL. PEJAMBON,Gambir,10110.0,OSM_Success
JAKARTA PUSAT,GAMBIR,JL. PEMBANGUNAN,Petojo Utara,10160.0,OSM_Success
JAKARTA PUSAT,GAMBIR,JL. PEMBANGUNAN II,Petojo Utara,10160.0,OSM_Success
JAKARTA PUSAT,GAMBIR,JL. PERWIRA,Pasar Baru,10110.0,OSM_Success
JAKARTA PUSAT,GAMBIR,JL. PETOJO BARAT,Duri Pulo,10140.0,OSM_Success
JAKARTA PUSAT,GAMBIR,JL. PETOJO BINATU,Petojo Utara,10160.0,OSM_Success
JAKARTA PUSAT,GAMBIR,JL. PETOJO ENCLEK,Petojo Selatan,10160.0,OSM_Success
JAKARTA PUSAT,GAMBIR,JL. PETOJO MELINTANG,Petojo Selatan,10160.0,OSM_Success
JAKARTA PUSAT,GAMBIR,JL. PETOJO RAYA,Petojo Utara,10160.0,OSM_Success
JAKARTA PUSAT,GAMBIR,JL. PETOJO SABANGAN,Petojo Selatan,10160.0,OSM_Success
JAKARTA PUSAT,GAMBIR,JL. PETOJO SELATAN,Petojo Selatan,10160.0,OSM_Success
JAKARTA PUSAT,GAMBIR,JL. PETOJO UTARA,Petojo Utara,10160.0,OSM_Success
JAKARTA PUSAT,GAMBIR,JL. POS,Pasar Baru,10120.0,OSM_Success
JAKARTA PUSAT,GAMBIR,JL. SETIA KAWAN,Duri Pulo,10140.0,OSM_Success
JAKARTA PUSAT,GAMBIR,JL. SILANG MONAS,,,Not_Found
JAKARTA PUSAT,GAMBIR,JL. SUKARDJO WIRJOPRANOTO,,,Not_Found
JAKARTA PUSAT,GAMBIR,JL. SURYOPRANOTO,Kebon Kelapa,10120.0,OSM_Success
JAKARTA PUSAT,GAMBIR,JL. TANAH ABANG,Petojo Selatan,10160.0,OSM_Success
JAKARTA PUSAT,GAMBIR,JL. TANAH ABANG II,Petojo Selatan,10160.0,Imputed_Success
JAKARTA PUSAT,GAMBIR,JL. TANAH ABANG III,Petojo Selatan,10160.0,Imputed_Success
JAKARTA PUSAT,GAMBIR,JL. TANAH ABANG TIMUR,,,Not_Found
JAKARTA PUSAT,GAMBIR,JL. TEMBUS CIDENG JA'FIBARU,,,Not_Found
JAKARTA PUSAT,GAMBIR,JL. VETERAN,Pasar Baru,10120.0,OSM_Success
JAKARTA PUSAT,GAMBIR,JL. VETERAN II,Gambir,10110.0,OSM_Success
JAKARTA PUSAT,GAMBIR,JL. VETERAN III,Kebon Kelapa,10120.0,OSM_Success
JAKARTA PUSAT,GAMBIR,JL. VETERAN RAYA,Kebon Kelapa,10120.0,OSM_Success
JAKARTA PUSAT,GAMBIR,JL. TANAH ABANG V,Petojo Selatan,10160.0,Imputed_Success
JAKARTA PUSAT,GAMBIR,JL. PEMBANGUNAN III,Petojo Utara,10160.0,OSM_Success
JAKARTA PUSAT,GAMBIR,JL. PETOJO VIY,Cideng,10150.0,OSM_Success
JAKARTA PUSAT,GAMBIR,JL. TANAH ABANG IV,Petojo Selatan,10160.0,Imputed_Success
JAKARTA PUSAT,GAMBIR,JL. M. H. THAMRIN,Gambir,10110.0,OSM_Success
JAKARTA PUSAT,GAMBIR,JL. KEBON SIRIH,Kebon Sirih,10340.0,OSM_Success
JAKARTA PUSAT,GAMBIR,JL. H. AGUS SALIM / JL. SABANG,,,Not_Found
JAKARTA PUSAT,GAMBIR,JL. TANJUNG SELOR,Cideng,10150.0,OSM_Success
JAKARTA PUSAT,GAMBIR,JL. TERNATE,Cideng,10150.0,OSM_Success
JAKARTA PUSAT,GAMBIR,JL. CEYLON,Kebon Kelapa,10120.0,OSM_Success
JAKARTA PUSAT,GAMBIR,JL. CITARUM,Cideng,10150.0,OSM_Success
JAKARTA PUSAT,GAMBIR,JL. CIUJUNG,Cideng,10150.0,OSM_Success
JAKARTA PUSAT,GAMBIR,JL. SIANTAR,Cideng,10150.0,OSM_Success
JAKARTA PUSAT,GAMBIR,JL. TIDORE,Cideng,10150.0,OSM_Success
JAKARTA PUSAT,GAMBIR,JL. DURI,Duri Pulo,10140.0,OSM_Success
JAKARTA PUSAT,GAMBIR,JL. BANJARMASIN,Cideng,10150.0,OSM_Success
JAKARTA PUSAT,GAMBIR,JL. BATANGHARI,,,Not_Found
JAKARTA PUSAT,GAMBIR,JL. BATU,Kebon Kelapa,10120.0,OSM_Success
JAKARTA PUSAT,GAMBIR,JL. BELAWAN,Cideng,10150.0,OSM_Success
JAKARTA PUSAT,GAMBIR,JL. BRANTAS,Cideng,10150.0,OSM_Success
JAKARTA PUSAT,GAMBIR,JL. KAPUAS,Cideng,10150.0,OSM_Success
JAKARTA PUSAT,GAMBIR,JL. KOMERING,Cideng,10150.0,OSM_Success
JAKARTA PUSAT,GAMBIR,JL. PANE,Cideng,10150.0,OSM_Success
JAKARTA PUSAT,GAMBIR,JL. SAMBOJA,,,Not_Found
JAKARTA PUSAT,GAMBIR,JL. SANGIHE,Cideng,10150.0,OSM_Success
JAKARTA PUSAT,GAMBIR,JL. SUBUR,Duri Pulo,10140.0,OSM_Success
JAKARTA PUSAT,GAMBIR,JL. SUKADANA,Cideng,10150.0,OSM_Success
JAKARTA PUSAT,GAMBIR,JL. TALAUT,,,Not_Found
JAKARTA PUSAT,GAMBIR,JL. TAMBESI,Cideng,10150.0,OSM_Success
JAKARTA PUSAT,GAMBIR,JL. IMAM MAHMUD,,,Not_Found
JAKARTA PUSAT,GAMBIR,JL. PINTU AIR 2,,,Not_Found
JAKARTA SELATAN,KEBAYORAN LAMA,JL. AMETIS,Grogol Utara,12210.0,OSM_Success
JAKARTA SELATAN,KEBAYORAN LAMA,JL. BARU II,Kebayoran Lama Utara,12120.0,OSM_Success
JAKARTA SELATAN,KEBAYORAN LAMA,JL. BENDI,Kebayoran Lama Utara,12240.0,OSM_Success
JAKARTA SELATAN,KEBAYORAN LAMA,JL. BENDI BESAR,Kebayoran Lama Utara,12240.0,OSM_Success
JAKARTA SELATAN,KEBAYORAN LAMA,JL. BUKIT HIJAU,Pondok Pinang,12310.0,OSM_Success
JAKARTA SELATAN,KEBAYORAN LAMA,JL. BUNGUR,Kebayoran Lama Selatan,12240.0,OSM_Success
JAKARTA SELATAN,KEBAYORAN LAMA,JL. CIDODOL,Grogol Selatan,12220.0,OSM_Success
JAKARTA SELATAN,KEBAYORAN LAMA,JL. CILEDUG RAYA,Cipulir,12230.0,OSM_Success
JAKARTA SELATAN,KEBAYORAN LAMA,JL. CIPULIR,Cipulir,12230.0,OSM_Success
JAKARTA SELATAN,KEBAYORAN LAMA,JL. CIPULIR II,Cipulir,12230.0,OSM_Success
JAKARTA SELATAN,KEBAYORAN LAMA,JL. CIPULIR III,Cipulir,12220.0,OSM_Success
JAKARTA SELATAN,KEBAYORAN LAMA,JL. CIPULIR IV,Cipulir,12220.0,OSM_Success
JAKARTA SELATAN,KEBAYORAN LAMA,JL. CIPULIR V,Cipulir,12230.0,OSM_Success
JAKARTA SELATAN,KEBAYORAN LAMA,JL. CIPULIR VI,Cipulir,12230.0,OSM_Success
JAKARTA SELATAN,KEBAYORAN LAMA,JL. CIPUTAT RAYA,Pondok Pinang,12310.0,OSM_Success
JAKARTA SELATAN,KEBAYORAN LAMA,JL. DELMAN INDAH,Kebayoran Lama Utara,12240.0,OSM_Success
JAKARTA SELATAN,KEBAYORAN LAMA,JL. DELMAN KENCANA,Kebayoran Lama Utara,12240.0,OSM_Success
JAKARTA SELATAN,KEBAYORAN LAMA,JL. DELMAN UTAMA,Kebayoran Lama Utara,12240.0,OSM_Success
JAKARTA SELATAN,KEBAYORAN LAMA,JL. DEPLU RAYA,Pondok Pinang,12310.0,OSM_Success
JAKARTA SELATAN,KEBAYORAN LAMA,JL. DHARMA PUTRA RAYA,Kebayoran Lama Selatan,12140.0,OSM_Success
JAKARTA SELATAN,KEBAYORAN LAMA,JL. DUTA INDAH,Pondok Pinang,12430.0,OSM_Success
JAKARTA SELATAN,KEBAYORAN LAMA,JL. DUTA NIAGA,Pondok Pinang,12310.0,OSM_Success
JAKARTA SELATAN,KEBAYORAN LAMA,JL. GANG MAKMUR,,,Not_Found
JAKARTA SELATAN,KEBAYORAN LAMA,JL. GEDUNG HIJAU RAYA,Pondok Pinang,12310.0,OSM_Success
JAKARTA SELATAN,KEBAYORAN LAMA,JL. GEDUNG HIJAU,Pondok Pinang,12310.0,OSM_Success
JAKARTA SELATAN,KEBAYORAN LAMA,JL. GEDUNG PINANG,Pondok Pinang,12310.0,OSM_Success
JAKARTA SELATAN,KEBAYORAN LAMA,JL. JATAYU,Kebayoran Lama Utara,12240.0,OSM_Success
JAKARTA SELATAN,KEBAYORAN LAMA,JL. JOHARI,Kebayoran Lama Selatan,12240.0,OSM_Success
JAKARTA SELATAN,KEBAYORAN LAMA,JL. KARTIKA UTAMA,Pondok Pinang,12140.0,OSM_Success
JAKARTA SELATAN,KEBAYORAN LAMA,JL. KARYAWAN,Pondok Pinang,12310.0,OSM_Success
JAKARTA SELATAN,KEBAYORAN LAMA,JL. KEBAYORAN BARU,Kebayoran Lama Utara,12220.0,OSM_Success
JAKARTA SELATAN,KEBAYORAN LAMA,JL. KEBAYORAN LAMA,Pondok Pinang,12310.0,OSM_Success
JAKARTA SELATAN,KEBAYORAN LAMA,JL. KEMANDORAN,Grogol Utara,12210.0,OSM_Success
JAKARTA SELATAN,KEBAYORAN LAMA,JL. KEMANDORAN II,Grogol Utara,11540.0,OSM_Success
JAKARTA SELATAN,KEBAYORAN LAMA,JL. KEMANDORAN III,Grogol Utara,11540.0,OSM_Success
JAKARTA SELATAN,KEBAYORAN LAMA,JL. KEMANDORAN IV,Grogol Utara,11540.0,OSM_Success
JAKARTA SELATAN,KEBAYORAN LAMA,JL. KEMANDORAN V,Grogol Utara,11540.0,OSM_Success
JAKARTA SELATAN,KEBAYORAN LAMA,JL. KEMANDORAN VI,Grogol Utara,11540.0,OSM_Success
JAKARTA SELATAN,KEBAYORAN LAMA,JL. KEMANDORAN VII,Grogol Utara,11540.0,OSM_Success
JAKARTA SELATAN,KEBAYORAN LAMA,JL. KEMANDORAN VIII,Grogol Utara,12210.0,OSM_Success
JAKARTA SELATAN,KEBAYORAN LAMA,JL. KH. M. SYAFTI HADZAMI / GANDARIA,,,Not_Found
JAKARTA SELATAN,KEBAYORAN LAMA,JL. KODIRUN,Grogol Utara,10270.0,OSM_Success
JAKARTA SELATAN,KEBAYORAN LAMA,JL. KRAMAT,Grogol Selatan,12220.0,OSM_Success
JAKARTA SELATAN,KEBAYORAN LAMA,JL. LAPANGAN HIJAU,Pondok Pinang,12310.0,OSM_Success
JAKARTA SELATAN,KEBAYORAN LAMA,JL. LEMIGAS,Cipulir,12230.0,OSM_Success
JAKARTA SELATAN,KEBAYORAN LAMA,JL. MARGAGUNA RAYA,Pondok Pinang,12140.0,OSM_Success
JAKARTA SELATAN,KEBAYORAN LAMA,JL. MESJID AL MUBAROK,,,Not_Found
JAKARTA SELATAN,KEBAYORAN LAMA,JL. METRO DUTA NIAGA,,,Not_Found
JAKARTA SELATAN,KEBAYORAN LAMA,JL. METRO KENCANA,Pondok Pinang,12430.0,OSM_Success
JAKARTA SELATAN,KEBAYORAN LAMA,JL. METRO KENCANA IV,Pondok Pinang,12430.0,Imputed_Success
JAKARTA SELATAN,KEBAYORAN LAMA,JL. METRO PONDOK INDAH,Pondok Pinang,12310.0,OSM_Success
JAKARTA SELATAN,KEBAYORAN LAMA,JL. NIAGA HIJAU,Pondok Pinang,12310.0,OSM_Success
JAKARTA SELATAN,KEBAYORAN LAMA,JL. NIKEL,Grogol Utara,12210.0,OSM_Success
JAKARTA SELATAN,KEBAYORAN LAMA,JL. NIMUN RAYA,Kebayoran Lama Selatan,12240.0,OSM_Success
JAKARTA SELATAN,KEBAYORAN LAMA,JL. PALMERAH BARAT,Grogol Utara,11480.0,OSM_Success
JAKARTA SELATAN,KEBAYORAN LAMA,JL. PANJANG CIDODOL,,,Not_Found
JAKARTA SELATAN,KEBAYORAN LAMA,JL. PATAL SENAYAN,Grogol Utara,10270.0,OSM_Success
JAKARTA SELATAN,KEBAYORAN LAMA,JL. PATAL SENAYAN,Grogol Utara,10270.0,OSM_Success
JAKARTA SELATAN,KEBAYORAN LAMA,JL. PENINGGARAN,Kebayoran Lama Utara,12230.0,OSM_Success
JAKARTA SELATAN,KEBAYORAN LAMA,JL. PERMATA HIJAU,Grogol Utara,,OSM_Success
JAKARTA SELATAN,KEBAYORAN LAMA,JL. PERSATUAN,Grogol Selatan,11560.0,OSM_Success
JAKARTA SELATAN,KEBAYORAN LAMA,JL. PINANG EMAS,Pondok Pinang,12240.0,OSM_Success
JAKARTA SELATAN,KEBAYORAN LAMA,JL. PINANG EMAS II,Pondok Pinang,12240.0,Imputed_Success
JAKARTA SELATAN,KEBAYORAN LAMA,JL. PINANG EMAS III,Pondok Pinang,12240.0,Imputed_Success
JAKARTA SELATAN,KEBAYORAN LAMA,JL. PINANG EMAS IV,Pondok Pinang,12240.0,Imputed_Success
JAKARTA SELATAN,KEBAYORAN LAMA,JL. PINANG EMAS IX,Pondok Pinang,12240.0,Imputed_Success
JAKARTA SELATAN,KEBAYORAN LAMA,JL. PINANG EMAS V,Pondok Pinang,12240.0,Imputed_Success
JAKARTA SELATAN,KEBAYORAN LAMA,JL. PINANG EMAS VI,Pondok Pinang,12240.0,Imputed_Success
JAKARTA SELATAN,KEBAYORAN LAMA,JL. PINANG EMAS VII,Pondok Pinang,12240.0,Imputed_Success
JAKARTA SELATAN,KEBAYORAN LAMA,JL. PINANG EMAS VIII,Pondok Pinang,12240.0,Imputed_Success
JAKARTA SELATAN,KEBAYORAN LAMA,JL. PINANG EMAS X,Pondok Pinang,12240.0,Imputed_Success
JAKARTA SELATAN,KEBAYORAN LAMA,JL. PINANG EMAS XI,Pondok Pinang,12240.0,Imputed_Success
JAKARTA SELATAN,KEBAYORAN LAMA,JL. PINANG KUNINGAN,Pondok Pinang,12310.0,OSM_Success
JAKARTA SELATAN,KEBAYORAN LAMA,JL. PINANG NIKEL,Pondok Pinang,12310.0,OSM_Success
JAKARTA SELATAN,KEBAYORAN LAMA,JL. PINANG PERAK,Pondok Pinang,12310.0,OSM_Success
JAKARTA SELATAN,KEBAYORAN LAMA,JL. PINANG PERAK II,Pondok Pinang,12310.0,Imputed_Success
JAKARTA SELATAN,KEBAYORAN LAMA,JL. PINANG PERAK III,Pondok Pinang,12310.0,Imputed_Success
JAKARTA SELATAN,KEBAYORAN LAMA,JL. PINANG PERAK IV,Pondok Pinang,12310.0,Imputed_Success
JAKARTA SELATAN,KEBAYORAN LAMA,JL. PINANG PERAK V,Pondok Pinang,12310.0,Imputed_Success
JAKARTA SELATAN,KEBAYORAN LAMA,JL. PINANG PERAK VI,Pondok Pinang,12310.0,Imputed_Success
JAKARTA SELATAN,KEBAYORAN LAMA,JL. PONDOK PINANG,Pondok Pinang,12310.0,OSM_Success
JAKARTA SELATAN,KEBAYORAN LAMA,JL. PRAJA DALAM,Kebayoran Lama Selatan,12240.0,OSM_Success
JAKARTA SELATAN,KEBAYORAN LAMA,JL. RA. KARTINI,Pondok Pinang,12310.0,OSM_Success
JAKARTA SELATAN,KEBAYORAN LAMA,JL. RAHARJA,Pondok Pinang,12310.0,OSM_Success
JAKARTA SELATAN,KEBAYORAN LAMA,JL. SEKOLAH DUTA IV,,,Not_Found
JAKARTA SELATAN,KEBAYORAN LAMA,JL. SEKOLAH KENCANA,Pondok Pinang,12430.0,OSM_Success
JAKARTA SELATAN,KEBAYORAN LAMA,JL. SESKOAL,,,Not_Found
JAKARTA SELATAN,KEBAYORAN LAMA,JL. SIMPRUK GARDEN VI,,,Not_Found
JAKARTA SELATAN,KEBAYORAN LAMA,JL. LETJEN SOEPENO,,,Not_Found
JAKARTA SELATAN,KEBAYORAN LAMA,JL. SULTAN ISKANDAR MUDA,Kebayoran Lama Utara,12220.0,OSM_Success
JAKARTA SELATAN,KEBAYORAN LAMA,JL. TAMAN PINANG,Pondok Pinang,12310.0,OSM_Success
JAKARTA SELATAN,KEBAYORAN LAMA,JL. TANAH KUSIR,Kebayoran Lama Selatan,12140.0,OSM_Success
JAKARTA SELATAN,KEBAYORAN LAMA,JL. TB. SIMATUPANG,,,Not_Found
JAKARTA SELATAN,KEBAYORAN LAMA,JL. TENTARA PELAJAR,Grogol Selatan,12220.0,OSM_Success
JAKARTA SELATAN,KEBAYORAN LAMA,JL. BUNGUR RAYA,Kebayoran Lama Selatan,12240.0,OSM_Success
JAKARTA SELATAN,KEBAYORAN LAMA,JL. BUNGUR II,Kebayoran Lama Selatan,12240.0,OSM_Success
JAKARTA SELATAN,KEBAYORAN LAMA,JL. H. MUHI,Pondok Pinang,12310.0,OSM_Success
JAKARTA SELATAN,KEBAYORAN LAMA,JL. LEBAK BULUS RAYA,Lebak Bulus,12310.0,OSM_Success
JAKARTA SELATAN,KEBAYORAN LAMA,JL. LIMO,Grogol Utara,12220.0,OSM_Success
JAKARTA SELATAN,KEBAYORAN LAMA,JL. PANJANG CIPULIR,Cipulir,12230.0,OSM_Success
JAKARTA SELATAN,KEBAYORAN LAMA,JL. PATAL SENAYAN SIMPRUG,,,Not_Found
JAKARTA SELATAN,KEBAYORAN LAMA,JL. PERMATA BERLIAN,Grogol Utara,12210.0,OSM_Success
JAKARTA SELATAN,KEBAYORAN LAMA,JL. PERMATA HIJAU BOULEVARD,,,Not_Found
JAKARTA SELATAN,KEBAYORAN LAMA,JL. RAWA SIMPRUG,Grogol Selatan,12220.0,OSM_Success
JAKARTA SELATAN,KEBAYORAN LAMA,JL. SEHA,Grogol Selatan,12220.0,OSM_Success
JAKARTA SELATAN,KEBAYORAN LAMA,JL. SEKOLAH DUTA RAYA,,,Not_Found
JAKARTA SELATAN,KEBAYORAN LAMA,JL. SIMPRUG GARDEN,Grogol Selatan,12220.0,OSM_Success
JAKARTA SELATAN,KEBAYORAN LAMA,JL. SIMPRUG GOLF,Grogol Selatan,12210.0,OSM_Success
JAKARTA SELATAN,KEBAYORAN LAMA,JL. SIMPRUG PERMATA,Grogol Selatan,10270.0,OSM_Success
JAKARTA SELATAN,KEBAYORAN LAMA,JL. SINABUNG,Grogol Selatan,12120.0,OSM_Success
JAKARTA SELATAN,KEBAYORAN LAMA,JL. TEUKU NYAK ARIEF,Grogol Selatan,12210.0,OSM_Success
JAKARTA SELATAN,PESANGGRAHAN,JL. BINTARO JAYA,Bintaro,12330.0,OSM_Success
JAKARTA SELATAN,PESANGGRAHAN,JL. BINTARO JAYA SEKTOR,Bintaro,12330.0,OSM_Success
JAKARTA SELATAN,PESANGGRAHAN,JL. BINTARO PERMAI,Pesanggrahan,,OSM_Success
JAKARTA SELATAN,PESANGGRAHAN,JL. BINTARO RAYA,Pesanggrahan,12330.0,OSM_Success
JAKARTA SELATAN,PESANGGRAHAN,JL. BINTARO TAMAN BARAT,,,Not_Found
JAKARTA SELATAN,PESANGGRAHAN,JL. BINTARO TENGAH,Bintaro,12330.0,OSM_Success
JAKARTA SELATAN,PESANGGRAHAN,JL. BINTARO UTAMA,Bintaro,12330.0,OSM_Success
JAKARTA SELATAN,PESANGGRAHAN,JL. CEMPAKA RAYA,Bintaro,15412.0,OSM_Success
JAKARTA SELATAN,PESANGGRAHAN,JL. CILEDUK RAYA,,,Not_Found
JAKARTA SELATAN,PESANGGRAHAN,JL. DAMAI,Petukangan Selatan,12320.0,OSM_Success
JAKARTA SELATAN,PESANGGRAHAN,JL. DEPLU,Bintaro,12310.0,OSM_Success
JAKARTA SELATAN,PESANGGRAHAN,JL. DEPLU PET SELATAN,,,Not_Found
JAKARTA SELATAN,PESANGGRAHAN,JL. DEPSOS,Bintaro,12330.0,OSM_Success
JAKARTA SELATAN,PESANGGRAHAN,JL. GARUDA RAYA,Pesanggrahan,12320.0,OSM_Success
JAKARTA SELATAN,PESANGGRAHAN,JL. GEDUNG HIJAU,,,Not_Found
JAKARTA SELATAN,PESANGGRAHAN,JL. GEDUNG HIJAU,,,Not_Found
JAKARTA SELATAN,PESANGGRAHAN,JL. H. MUCHTAR RAYA,,,Not_Found
JAKARTA SELATAN,PESANGGRAHAN,JL. M. SAIDI RAYA,,,Not_Found
JAKARTA SELATAN,PESANGGRAHAN,JL. KARANG TENGAH,,,Not_Found
JAKARTA SELATAN,PESANGGRAHAN,JL. KESEHATAN RAYA,Bintaro,12310.0,OSM_Success
JAKARTA SELATAN,PESANGGRAHAN,JL. KESEHATAN,Bintaro,12330.0,OSM_Success
JAKARTA SELATAN,PESANGGRAHAN,JL. KESEHATAN II,Bintaro,12330.0,OSM_Success
JAKARTA SELATAN,PESANGGRAHAN,JL. KESEHATAN III,Bintaro,12330.0,OSM_Success
JAKARTA SELATAN,PESANGGRAHAN,JL. KESEHATAN IV,Bintaro,12330.0,OSM_Success
JAKARTA SELATAN,PESANGGRAHAN,JL. KESEHATAN V,Bintaro,12330.0,OSM_Success
JAKARTA SELATAN,PESANGGRAHAN,JL. KESEHATAN VI,Bintaro,12330.0,OSM_Success
JAKARTA SELATAN,PESANGGRAHAN,JL. KODAM BINTARO,Pesanggrahan,12320.0,OSM_Success
JAKARTA SELATAN,PESANGGRAHAN,JL. MASJID DARUL FALAH,Petukangan Utara,12260.0,OSM_Success
JAKARTA SELATAN,PESANGGRAHAN,JL. MURAI,Bintaro,12330.0,OSM_Success
JAKARTA SELATAN,PESANGGRAHAN,JL. MURAI,Bintaro,12330.0,OSM_Success
JAKARTA SELATAN,PESANGGRAHAN,JL. PAHLAWAN REMPOA,Rempoa,15412.0,OSM_Success
JAKARTA SELATAN,PESANGGRAHAN,JL. PESANGGRAHAN,Petukangan Selatan,12320.0,OSM_Success
JAKARTA SELATAN,PESANGGRAHAN,JL. PETUKANGAN RAYA,Petukangan Utara,15156.0,OSM_Success
JAKARTA SELATAN,PESANGGRAHAN,JL. PETUKANGAN SELATAN,Petukangan Selatan,12270.0,OSM_Success
JAKARTA SELATAN,PESANGGRAHAN,JL. PETUKANGAN UTARA,Petukangan Utara,15156.0,OSM_Success
JAKARTA SELATAN,PESANGGRAHAN,JL. PRAPATAN JOGLO,,,Not_Found
JAKARTA SELATAN,PESANGGRAHAN,JL. BINTARO PUSPITA RAYA,Pesanggrahan,12330.0,OSM_Success
JAKARTA SELATAN,PESANGGRAHAN,JL. REMPOA RAYA,Rempoa,15412.0,OSM_Success
JAKARTA SELATAN,PESANGGRAHAN,JL. SABAR,Petukangan Selatan,12250.0,OSM_Success
JAKARTA SELATAN,PESANGGRAHAN,JL. SWADARMA,Ulujami,12260.0,OSM_Success
JAKARTA SELATAN,PESANGGRAHAN,JL. TAMAN ALFA INDAH,Petukangan Utara,12260.0,OSM_Success
JAKARTA SELATAN,PESANGGRAHAN,JL. TAMAN PERKANTORAN BINTARO,,,Not_Found
JAKARTA SELATAN,PESANGGRAHAN,JL. ULUJAMI,Ulujami,12270.0,OSM_Success
JAKARTA SELATAN,PESANGGRAHAN,JL. RC VETERAN RAYA,Bintaro,15412.0,OSM_Success
JAKARTA SELATAN,PESANGGRAHAN,JL. PALEM PESANGGRAHAN,Ulujami,12270.0,OSM_Success
JAKARTA SELATAN,PESANGGRAHAN,JL. LINGKAR LUAR SELATAN,,,Not_Found
JAKARTA SELATAN,PESANGGRAHAN,JL. ANGGREK,Bintaro,12310.0,OSM_Success
JAKARTA SELATAN,PESANGGRAHAN,JL. KOSTRAD,Petukangan Utara,12260.0,OSM_Success
JAKARTA SELATAN,PESANGGRAHAN,JL. RAWA PAPAN,Bintaro,12330.0,OSM_Success
JAKARTA SELATAN,PESANGGRAHAN,JL. RENGAS,,,Not_Found
JAKARTA SELATAN,PESANGGRAHAN,JL. KEMAJUAN,Petukangan Selatan,12250.0,OSM_Success
JAKARTA SELATAN,PESANGGRAHAN,JL. BINTARO UTARA,Bintaro,12330.0,OSM_Success
JAKARTA SELATAN,CILANDAK,JL. ABD MAJID,,,Not_Found
JAKARTA SELATAN,CILANDAK,JL. ABD MAJID DALAM,,,Not_Found
JAKARTA SELATAN,CILANDAK,JL. ABUSERIN,Gandaria Selatan,12420.0,OSM_Success
JAKARTA SELATAN,CILANDAK,JL. ADIYAKSA,,,Not_Found
JAKARTA SELATAN,CILANDAK,JL. ALBARKAH,,,Not_Found
JAKARTA SELATAN,CILANDAK,JL. ANDARA,Pondok Labu,12450.0,OSM_Success
JAKARTA SELATAN,CILANDAK,JL. ASEM DUA,Cipete Selatan,12410.0,OSM_Success
JAKARTA SELATAN,CILANDAK,JL. BANGAU,,,Not_Found
JAKARTA SELATAN,CILANDAK,JL. BATAN,Lebak Bulus,12310.0,OSM_Success
JAKARTA SELATAN,CILANDAK,JL. BDN,Cilandak Barat,12430.0,OSM_Success
JAKARTA SELATAN,CILANDAK,JL. BDN,Cilandak Barat,12430.0,OSM_Success
JAKARTA SELATAN,CILANDAK,JL. BDN II,Cilandak Barat,12430.0,OSM_Success
JAKARTA SELATAN,CILANDAK,JL. CARINGIN BARAT,Cilandak Barat,12430.0,OSM_Success
JAKARTA SELATAN,CILANDAK,JL. CILANDAK,Lebak Bulus,12310.0,OSM_Success
JAKARTA SELATAN,CILANDAK,JL. CILANDAK BAWAH,Cilandak Barat,12430.0,OSM_Success
JAKARTA SELATAN,CILANDAK,JL. CILANDAK DALAM,Cilandak Barat,12430.0,OSM_Success
JAKARTA SELATAN,CILANDAK,JL. CILANDAK,Lebak Bulus,12310.0,OSM_Success
JAKARTA SELATAN,CILANDAK,JL. CILANDAK II,Cilandak Barat,12430.0,OSM_Success
JAKARTA SELATAN,CILANDAK,JL. CILANDAK III,Cilandak Barat,12430.0,OSM_Success
JAKARTA SELATAN,CILANDAK,JL. CILANDAK IV,Cilandak Barat,12430.0,OSM_Success
JAKARTA SELATAN,CILANDAK,JL. CILANDAK IX,Cilandak Barat,12430.0,OSM_Success
JAKARTA SELATAN,CILANDAK,JL. CILANDAK TENGAH,Cilandak Barat,12430.0,OSM_Success
JAKARTA SELATAN,CILANDAK,JL. CILANDAK V,Cilandak Barat,12430.0,OSM_Success
JAKARTA SELATAN,CILANDAK,JL. CILANDAK VI,Cilandak Barat,12430.0,OSM_Success
JAKARTA SELATAN,CILANDAK,JL. CILANDAK VII,Cilandak Barat,12430.0,OSM_Success
JAKARTA SELATAN,CILANDAK,JL. CILANDAK VIII,Cilandak Barat,12430.0,OSM_Success
JAKARTA SELATAN,CILANDAK,JL. CILANDAK X,Lebak Bulus,12310.0,OSM_Success
JAKARTA SELATAN,CILANDAK,JL. CILANDAK XI,Cilandak Barat,12430.0,OSM_Success
JAKARTA SELATAN,CILANDAK,JL. CINERE,,,Not_Found
JAKARTA SELATAN,CILANDAK,JL. CIPETE RAYA,Cipete Selatan,12410.0,OSM_Success
JAKARTA SELATAN,CILANDAK,JL. CIPUTAT,Lebak Bulus,15412.0,OSM_Success
JAKARTA SELATAN,CILANDAK,JL. H. ABDUL MAJID,,,Not_Found
JAKARTA SELATAN,CILANDAK,JL. H. BATONG,,,Not_Found
JAKARTA SELATAN,CILANDAK,JL. H. IPIN,,,Not_Found
JAKARTA SELATAN,CILANDAK,JL. H. NAWI,Gandaria Selatan,12140.0,OSM_Success
JAKARTA SELATAN,CILANDAK,JL. HAJI NAWI,Gandaria Selatan,12420.0,OSM_Success
JAKARTA SELATAN,CILANDAK,JL. JAPAGOR,,,Not_Found
JAKARTA SELATAN,CILANDAK,JL. KARANG TENGAH,Lebak Bulus,12450.0,OSM_Success
JAKARTA SELATAN,CILANDAK,JL. KARANG TENGAH,Lebak Bulus,12450.0,OSM_Success
JAKARTA SELATAN,CILANDAK,JL. KOMP. BUKIT INDAH,,,Not_Found
JAKARTA SELATAN,CILANDAK,JL. KOMP. DUTA MAS FATMAWATI,,,Not_Found
JAKARTA SELATAN,CILANDAK,JL. KOMP. GOLDEN PLAZA,,,Not_Found
JAKARTA SELATAN,CILANDAK,JL. KOMP. VILLA DELIMA,,,Not_Found
JAKARTA SELATAN,CILANDAK,JL. KOMPLEK PT. TIMAH,,,Not_Found
JAKARTA SELATAN,CILANDAK,JL. KRAMAT BATU DALAM,,,Not_Found
JAKARTA SELATAN,CILANDAK,JL. LEBAK BULUS,Lebak Bulus,12310.0,OSM_Success
JAKARTA SELATAN,CILANDAK,JL. LEBAK BULUS,Lebak Bulus,12310.0,OSM_Success
JAKARTA SELATAN,CILANDAK,JL. LEBAK BULUS II,Lebak Bulus,12430.0,OSM_Success
JAKARTA SELATAN,CILANDAK,JL. LEBAK BULUS III,Lebak Bulus,12310.0,Imputed_Success
JAKARTA SELATAN,CILANDAK,JL. LEBAK BULUS IV,Lebak Bulus,12310.0,OSM_Success
JAKARTA SELATAN,CILANDAK,JL. LEBAK BULUS PDK,,,Not_Found
JAKARTA SELATAN,CILANDAK,JL. LEBAK BULUS V,Lebak Bulus,12310.0,OSM_Success
JAKARTA SELATAN,CILANDAK,JL. LINGKAR I LEBAK BULUS,,,Not_Found
JAKARTA SELATAN,CILANDAK,JL. LINGKAR LUAR SELATAN,,,Not_Found
JAKARTA SELATAN,CILANDAK,JL. MADRASAH,Gandaria Selatan,12420.0,OSM_Success
JAKARTA SELATAN,CILANDAK,JL. MARGA GUNA,Gandaria Selatan,12140.0,OSM_Success
JAKARTA SELATAN,CILANDAK,JL. MARGASATWA RAYA,Pondok Labu,12450.0,OSM_Success
JAKARTA SELATAN,CILANDAK,JL. MPR DALAM III,,,Not_Found
JAKARTA SELATAN,CILANDAK,JL. PANGERAN ANTASARI,Cilandak Barat,12430.0,OSM_Success
JAKARTA SELATAN,CILANDAK,JL. PANGKALAN JATI,Pondok Labu,12450.0,OSM_Success
JAKARTA SELATAN,CILANDAK,JL. PASAR JUM-AT,,,Not_Found
JAKARTA SELATAN,CILANDAK,JL. PINANG,Lebak Bulus,12310.0,OSM_Success
JAKARTA SELATAN,CILANDAK,JL. PINANG,Lebak Bulus,12310.0,OSM_Success
JAKARTA SELATAN,CILANDAK,JL. PINANG KALI JATI,,,Not_Found
JAKARTA SELATAN,CILANDAK,JL. PONDOK LABU,Pondok Labu,12450.0,OSM_Success
JAKARTA SELATAN,CILANDAK,JL. PURI MUTIARA,Cilandak Barat,12610.0,OSM_Success
JAKARTA SELATAN,CILANDAK,JL. RA. KARTINI,Lebak Bulus,12310.0,OSM_Success
JAKARTA SELATAN,CILANDAK,JL. RS. FATMAWATI,Cipete Selatan,12420.0,OSM_Success
JAKARTA SELATAN,CILANDAK,JL. SWAKARYA,Pondok Labu,12450.0,OSM_Success
JAKARTA SELATAN,CILANDAK,JL. TAMAN CILANDAK,Lebak Bulus,12450.0,OSM_Success
JAKARTA SELATAN,CILANDAK,JL. TAROGONG,,,Not_Found
JAKARTA SELATAN,CILANDAK,JL. TB. SIMATUPANG,Cilandak Timur,12560.0,OSM_Success
JAKARTA SELATAN,CILANDAK,JL. WIJAYA KUSUMA,Pondok Labu,12450.0,OSM_Success
JAKARTA SELATAN,CILANDAK,JL. INTAN,Cilandak Barat,12450.0,OSM_Success
JAKARTA SELATAN,CILANDAK,JL. CIPETE,Cipete Selatan,12410.0,OSM_Success
JAKARTA SELATAN,CILANDAK,JL. CIPETE II,Cipete Selatan,12410.0,OSM_Success
JAKARTA SELATAN,CILANDAK,JL. CIPETE III,Cipete Selatan,12420.0,OSM_Success
JAKARTA SELATAN,CILANDAK,JL. CIPETE IV,Cipete Selatan,12420.0,OSM_Success
JAKARTA SELATAN,CILANDAK,JL. CIPETE V,Cipete Selatan,12410.0,OSM_Success
JAKARTA SELATAN,CILANDAK,JL. CIPETE VII,Cipete Selatan,12410.0,OSM_Success
JAKARTA SELATAN,CILANDAK,JL. CIPETE VIII,Cipete Selatan,12410.0,OSM_Success
JAKARTA SELATAN,CILANDAK,JL. CIPETE DALAM,Cipete Selatan,12410.0,OSM_Success
JAKARTA SELATAN,CILANDAK,JL. GAHARU,Cilandak Barat,12430.0,OSM_Success
JAKARTA SELATAN,CILANDAK,JL. PURI SAKTI,Cipete Selatan,12410.0,OSM_Success
JAKARTA SELATAN,CILANDAK,JL. H. JUNAEDI,,,Not_Found
JAKARTA SELATAN,CILANDAK,JL. H. BATONG,,,Not_Found
JAKARTA SELATAN,CILANDAK,JL. PELITA,Cipete Selatan,12730.0,OSM_Success
JAKARTA SELATAN,CILANDAK,JL. TEROGONG III,Cilandak Barat,12420.0,OSM_Success
JAKARTA SELATAN,CILANDAK,JL. PONCOL,Gandaria Selatan,12420.0,OSM_Success
JAKARTA SELATAN,CILANDAK,JL. PERTANIAN,Lebak Bulus,12450.0,OSM_Success
JAKARTA SELATAN,PASAR MINGGU,JL. A U P,,,Not_Found
JAKARTA SELATAN,PASAR MINGGU,JL. AMIL,Pasar Minggu,12510.0,OSM_Success
JAKARTA SELATAN,PASAR MINGGU,JL. AMPERA,Ragunan,12540.0,OSM_Success
JAKARTA SELATAN,PASAR MINGGU,JL. ANGSANA,Pejaten Timur,13530.0,OSM_Success
JAKARTA SELATAN,PASAR MINGGU,JL. BACANG II,,,Not_Found
JAKARTA SELATAN,PASAR MINGGU,JL. BACANG III,,,Not_Found
JAKARTA SELATAN,PASAR MINGGU,JL. BACANG IV,,,Not_Found
JAKARTA SELATAN,PASAR MINGGU,JL. BACANG V,,,Not_Found
JAKARTA SELATAN,PASAR MINGGU,JL. BACANG VI,,,Not_Found
JAKARTA SELATAN,PASAR MINGGU,JL. BAKTI,Cilandak Timur,12450.0,OSM_Success
JAKARTA SELATAN,PASAR MINGGU,JL. BAMBU KUNING,Cilandak Timur,12610.0,OSM_Success
JAKARTA SELATAN,PASAR MINGGU,JL. BAUNG,Kebagusan,12530.0,OSM_Success
JAKARTA SELATAN,PASAR MINGGU,JL. BENDA,Cilandak Timur,12160.0,OSM_Success
JAKARTA SELATAN,PASAR MINGGU,JL. BUNCIT RAYA,Ragunan,12550.0,OSM_Success
JAKARTA SELATAN,PASAR MINGGU,JL. DAMAI,Pejaten Timur,13530.0,OSM_Success
JAKARTA SELATAN,PASAR MINGGU,JL. EMPANG TIGA,Kalibata,17240.0,OSM_Success
JAKARTA SELATAN,PASAR MINGGU,JL. GURAME,Pasar Minggu,12520.0,OSM_Success
JAKARTA SELATAN,PASAR MINGGU,JL. H. AMIL,,,Not_Found
JAKARTA SELATAN,PASAR MINGGU,JL. H. SAMALI/SAMADI,,,Not_Found
JAKARTA SELATAN,PASAR MINGGU,JL. HARSONO R.M,,,Not_Found
JAKARTA SELATAN,PASAR MINGGU,JL. JATI MURNI,Jati Padang,12540.0,OSM_Success
JAKARTA SELATAN,PASAR MINGGU,JL. JATI PADANG,Jati Padang,12540.0,OSM_Success
JAKARTA SELATAN,PASAR MINGGU,JL. JERUK PURUT,Cilandak Timur,12610.0,OSM_Success
JAKARTA SELATAN,PASAR MINGGU,JL. KAVLING POLRI,Ragunan,12620.0,OSM_Success
JAKARTA SELATAN,PASAR MINGGU,JL. KEBAGUSAN,Kebagusan,12520.0,OSM_Success
JAKARTA SELATAN,PASAR MINGGU,JL. KEBAGUSAN II,Kebagusan,12520.0,OSM_Success
JAKARTA SELATAN,PASAR MINGGU,JL. KEBAGUSAN III,Kebagusan,12520.0,OSM_Success
JAKARTA SELATAN,PASAR MINGGU,JL. KEBAGUSAN IV,Kebagusan,12620.0,OSM_Success
JAKARTA SELATAN,PASAR MINGGU,JL. KEBAGUSAN RAYA,Ragunan,12520.0,OSM_Success
JAKARTA SELATAN,PASAR MINGGU,JL. KEBUN BINATANG,,,Not_Found
JAKARTA SELATAN,PASAR MINGGU,JL. KEBUN BINATANG RAGUNAN,,,Not_Found
JAKARTA SELATAN,PASAR MINGGU,JL. KEMANG SELATAN,Cilandak Timur,12160.0,OSM_Success
JAKARTA SELATAN,PASAR MINGGU,JL. KEMANG SELATAN,Cilandak Timur,12160.0,OSM_Success
JAKARTA SELATAN,PASAR MINGGU,JL. KEMANG TIMUR,Cilandak Timur,12160.0,OSM_Success
JAKARTA SELATAN,PASAR MINGGU,JL. KEMUNING,Pejaten Timur,13530.0,OSM_Success
JAKARTA SELATAN,PASAR MINGGU,JL. KKO RAYA,Cilandak Timur,12560.0,OSM_Success
JAKARTA SELATAN,PASAR MINGGU,JL. MADRASAH,Pasar Minggu,12520.0,OSM_Success
JAKARTA SELATAN,PASAR MINGGU,JL. MARGASATWA BARAT,Ragunan,12620.0,OSM_Success
JAKARTA SELATAN,PASAR MINGGU,JL. MARGASATWA RAYA,Cilandak Timur,12620.0,OSM_Success
JAKARTA SELATAN,PASAR MINGGU,JL. MASJID AL HIDAYAH,Pejaten Timur,17240.0,OSM_Success
JAKARTA SELATAN,PASAR MINGGU,JL. MELATI,Cilandak Timur,12560.0,OSM_Success
JAKARTA SELATAN,PASAR MINGGU,JL. MESJID AL FAJRI,,,Not_Found
JAKARTA SELATAN,PASAR MINGGU,JL. MUJAIR,Pasar Minggu,12520.0,OSM_Success
JAKARTA SELATAN,PASAR MINGGU,JL. NANGKA,Cilandak Timur,12560.0,OSM_Success
JAKARTA SELATAN,PASAR MINGGU,JL. PEJATEN BARAT RAYA,Pejaten Barat,12510.0,OSM_Success
JAKARTA SELATAN,PASAR MINGGU,JL. PEJATEN RAYA,Pejaten Barat,12510.0,OSM_Success
JAKARTA SELATAN,PASAR MINGGU,JL. POL TANGAN,,,Not_Found
JAKARTA SELATAN,PASAR MINGGU,JL. RAWAJATI TIMUR,,,Not_Found
JAKARTA SELATAN,PASAR MINGGU,JL. RAYA PASAR MINGGU,Cilandak Timur,12160.0,OSM_Success
JAKARTA SELATAN,PASAR MINGGU,JL. RAYA RAGUNAN,Jati Padang,12510.0,OSM_Success
JAKARTA SELATAN,PASAR MINGGU,JL. RAYA RAWA BAMBU,,,Not_Found
JAKARTA SELATAN,PASAR MINGGU,JL. RAYA TERMINAL BARU,,,Not_Found
JAKARTA SELATAN,PASAR MINGGU,JL. SACO,Ragunan,12620.0,OSM_Success
JAKARTA SELATAN,PASAR MINGGU,JL. SALIARA,,,Not_Found
JAKARTA SELATAN,PASAR MINGGU,JL. SAWO MANILA,Jati Padang,12510.0,OSM_Success
JAKARTA SELATAN,PASAR MINGGU,JL. SIAGA,Pejaten Barat,12510.0,OSM_Success
JAKARTA SELATAN,PASAR MINGGU,JL. SIAGA,Pejaten Barat,12510.0,OSM_Success
JAKARTA SELATAN,PASAR MINGGU,JL. SIAGA 11,Pejaten Barat,12510.0,Imputed_Success
JAKARTA SELATAN,PASAR MINGGU,JL. SWADAYA,Pejaten Timur,13530.0,OSM_Success
JAKARTA SELATAN,PASAR MINGGU,JL. TAMAN MARGASATWA,,,Not_Found
JAKARTA SELATAN,PASAR MINGGU,JL. TANJUNG BARAT,Pejaten Timur,12530.0,OSM_Success
JAKARTA SELATAN,PASAR MINGGU,JL. TB. SIMATUPANG,Cilandak Timur,12560.0,OSM_Success
JAKARTA SELATAN,PASAR MINGGU,JL. WARGA,Pejaten Barat,12510.0,OSM_Success
JAKARTA SELATAN,PASAR MINGGU,JL. WARUNG JATI BARAT,Ragunan,12540.0,OSM_Success
JAKARTA SELATAN,PASAR MINGGU,JL. KEMANG SELATAN XII,Cilandak Timur,12160.0,Imputed_Success
JAKARTA SELATAN,PASAR MINGGU,JL. PEDURENAN,Cilandak Timur,12550.0,OSM_Success
JAKARTA SELATAN,PASAR MINGGU,JL. SAWO MANILA UNAS,,,Not_Found
JAKARTA SELATAN,PASAR MINGGU,JL. RAWA JATI TIMUR,,,Not_Found
JAKARTA SELATAN,PASAR MINGGU,JL. BATU,Pejaten Timur,17240.0,OSM_Success
JAKARTA SELATAN,PASAR MINGGU,JL. AYUB,Pejaten Barat,12740.0,OSM_Success
JAKARTA SELATAN,PASAR MINGGU,JL. H NOOR,,,Not_Found
JAKARTA SELATAN,PASAR MINGGU,JL. SEPAT,Kebagusan,12520.0,OSM_Success
JAKARTA SELATAN,PASAR MINGGU,JL. JATI PADANG UTARA,,,Not_Found
JAKARTA SELATAN,PASAR MINGGU,JL. KENANGA,Cilandak Timur,12610.0,OSM_Success
JAKARTA SELATAN,PASAR MINGGU,JL. BENDA ATAS,Cilandak Timur,12610.0,OSM_Success
JAKARTA SELATAN,PASAR MINGGU,JL. JOE,,,Not_Found
JAKARTA SELATAN,PASAR MINGGU,JL. PAGUJATEN,Pejaten Timur,13530.0,OSM_Success
JAKARTA SELATAN,PASAR MINGGU,JL. POLTANGAN I - V,,,Not_Found
JAKARTA SELATAN,PASAR MINGGU,JL. GUNUK,Pejaten Timur,13760.0,OSM_Success
JAKARTA SELATAN,PASAR MINGGU,JL. SWADAYA,Pejaten Timur,13530.0,OSM_Success
JAKARTA SELATAN,PASAR MINGGU,JL. ASSAKINAH,Kebagusan,12520.0,OSM_Success
JAKARTA SELATAN,PASAR MINGGU,JL. PEKAYON,Ragunan,,OSM_Success
JAKARTA SELATAN,PASAR MINGGU,JL. PEJATEN BARAT,Pejaten Barat,12510.0,OSM_Success
JAKARTA SELATAN,PASAR MINGGU,JL. PEJATEN BARAT II,Pejaten Barat,12510.0,Imputed_Success
JAKARTA SELATAN,PASAR MINGGU,JL. PEJATEN BARAT III,Pejaten Barat,12510.0,Imputed_Success
JAKARTA SELATAN,PASAR MINGGU,JL. PEJATEN BARAT IV,Pejaten Barat,12510.0,Imputed_Success
JAKARTA SELATAN,JAGAKARSA,JL. AGUNG RAYA,Tanjung Barat,12530.0,OSM_Success
JAKARTA SELATAN,JAGAKARSA,JL. ASELIH,Cipedak,,OSM_Success
JAKARTA SELATAN,JAGAKARSA,JL. BAUNG,Lenteng Agung,12530.0,OSM_Success
JAKARTA SELATAN,JAGAKARSA,JL. BELIMBING,Lenteng Agung,12620.0,OSM_Success
JAKARTA SELATAN,JAGAKARSA,JL. BRIGIF,Ciganjur,16431.0,OSM_Success
JAKARTA SELATAN,JAGAKARSA,JL. JAGAKARSA,Srengseng Sawah,16424.0,OSM_Success
JAKARTA SELATAN,JAGAKARSA,JL. JERUK,Jagakarsa,12620.0,OSM_Success
JAKARTA SELATAN,JAGAKARSA,JL. JOE,Lenteng Agung,12530.0,OSM_Success
JAKARTA SELATAN,JAGAKARSA,JL. KAVLING POLRI,Jagakarsa,12620.0,OSM_Success
JAKARTA SELATAN,JAGAKARSA,JL. KEBAGUSAN RAYA,Jagakarsa,12620.0,OSM_Success
JAKARTA SELATAN,JAGAKARSA,JL. KECAPI,Jagakarsa,12620.0,OSM_Success
JAKARTA SELATAN,JAGAKARSA,JL. KELAPA TIGA,Jagakarsa,12620.0,OSM_Success
JAKARTA SELATAN,JAGAKARSA,JL. LENTENG AGUNG,Lenteng Agung,,OSM_Success
JAKARTA SELATAN,JAGAKARSA,JL. MARGASATWA BARAT,,,Not_Found
JAKARTA SELATAN,JAGAKARSA,JL. MARGASATWA RAYA,Jagakarsa,12620.0,OSM_Success
JAKARTA SELATAN,JAGAKARSA,JL. MOCH. KAFIFI,,,Not_Found
JAKARTA SELATAN,JAGAKARSA,JL. MOCH. KAHFI II,,,Not_Found
JAKARTA SELATAN,JAGAKARSA,JL. NANGKA,Tanjung Barat,12530.0,OSM_Success
JAKARTA SELATAN,JAGAKARSA,JL. PASO,Jagakarsa,12620.0,OSM_Success
JAKARTA SELATAN,JAGAKARSA,JL. POL TANGAN,,,Not_Found
JAKARTA SELATAN,JAGAKARSA,JL. SADAR,Ciganjur,12620.0,OSM_Success
JAKARTA SELATAN,JAGAKARSA,JL. SIRSAK,Jagakarsa,,OSM_Success
JAKARTA SELATAN,JAGAKARSA,JL. SRENGSENG SAWAH,Srengseng Sawah,16424.0,OSM_Success
JAKARTA SELATAN,JAGAKARSA,JL. TANJUNG BARAT,Tanjung Barat,12530.0,OSM_Success
JAKARTA SELATAN,JAGAKARSA,JL. TB. SIMATUPANG,,,Not_Found
JAKARTA SELATAN,JAGAKARSA,JL. TIMBUL,Cipedak,16431.0,OSM_Success
JAKARTA SELATAN,JAGAKARSA,JL. TIMBUL CIGANJUR,,,Not_Found
JAKARTA SELATAN,JAGAKARSA,JL. WARUNG SILA,Ciganjur,12640.0,OSM_Success
JAKARTA SELATAN,JAGAKARSA,JL. RANCHO INDAH,Tanjung Barat,,OSM_Success
JAKARTA SELATAN,JAGAKARSA,KO TANJUNG MAS,,,Not_Found
JAKARTA SELATAN,JAGAKARSA,JL. HERMAN SUSILO,,,Not_Found
JAKARTA SELATAN,MAMPANG PRAPATAN,JL. ABDUL RAHIM,,,Not_Found
JAKARTA SELATAN,MAMPANG PRAPATAN,JL. BANGKA,Bangka,12730.0,OSM_Success
JAKARTA SELATAN,MAMPANG PRAPATAN,JL. BANGKA II,Pela Mampang,12710.0,OSM_Success
JAKARTA SELATAN,MAMPANG PRAPATAN,JL. BANGKA 111,Bangka,12730.0,OSM_Success
JAKARTA SELATAN,MAMPANG PRAPATAN,JL. BANGKA IV,Pela Mampang,12720.0,OSM_Success
JAKARTA SELATAN,MAMPANG PRAPATAN,JL. BANGKA IX,Pela Mampang,12790.0,OSM_Success
JAKARTA SELATAN,MAMPANG PRAPATAN,JL. BANGKA RAYA,Pela Mampang,12720.0,OSM_Success
JAKARTA SELATAN,MAMPANG PRAPATAN,JL. BANGKA SELATAN,Bangka,12730.0,OSM_Success
JAKARTA SELATAN,MAMPANG PRAPATAN,JL. BANGKA V,Pela Mampang,12710.0,OSM_Success
JAKARTA SELATAN,MAMPANG PRAPATAN,JL. BANGKA VI,Pela Mampang,12720.0,OSM_Success
JAKARTA SELATAN,MAMPANG PRAPATAN,JL. BANGKA VII,Pela Mampang,12720.0,OSM_Success
JAKARTA SELATAN,MAMPANG PRAPATAN,JL. BANGKA VIII,Pela Mampang,12720.0,OSM_Success
JAKARTA SELATAN,MAMPANG PRAPATAN,JL. BANGKA X,Pela Mampang,12720.0,OSM_Success
JAKARTA SELATAN,MAMPANG PRAPATAN,JL. BANGKA XI,Pela Mampang,12790.0,OSM_Success
JAKARTA SELATAN,MAMPANG PRAPATAN,JL. BANGKA XII,Pela Mampang,12150.0,OSM_Success
JAKARTA SELATAN,MAMPANG PRAPATAN,JL. DUREN BANGKA,Bangka,12730.0,OSM_Success
JAKARTA SELATAN,MAMPANG PRAPATAN,JL. JEND. GATOT SUBROTO,,,Not_Found
JAKARTA SELATAN,MAMPANG PRAPATAN,JL. KAPT. PIERE TENDEAN,,,Not_Found
JAKARTA SELATAN,MAMPANG PRAPATAN,JL. KEMANG,Bangka,,OSM_Success
JAKARTA SELATAN,MAMPANG PRAPATAN,JL. KEMANG RAYA,Bangka,12410.0,OSM_Success
JAKARTA SELATAN,MAMPANG PRAPATAN,JL. KEMANG SELATAN,Bangka,12410.0,OSM_Success
JAKARTA SELATAN,MAMPANG PRAPATAN,JL. KEMANG SELATAN,Bangka,12410.0,OSM_Success
JAKARTA SELATAN,MAMPANG PRAPATAN,JL. KEMANG SELATAN II,Bangka,12410.0,Imputed_Success
JAKARTA SELATAN,MAMPANG PRAPATAN,JL. KEMANG SELATAN III,Bangka,12410.0,Imputed_Success
JAKARTA SELATAN,MAMPANG PRAPATAN,JL. KEMANG SELATAN IV,Bangka,12410.0,Imputed_Success
JAKARTA SELATAN,MAMPANG PRAPATAN,JL. KEMANG SELATAN V,Bangka,12410.0,Imputed_Success
JAKARTA SELATAN,MAMPANG PRAPATAN,JL. KEMANG SELATAN VI,Bangka,12410.0,Imputed_Success
JAKARTA SELATAN,MAMPANG PRAPATAN,JL. KEMANG SELATAN VII,Bangka,12410.0,Imputed_Success
JAKARTA SELATAN,MAMPANG PRAPATAN,JL. KEMANG SELATAN VIII,Bangka,12410.0,Imputed_Success
JAKARTA SELATAN,MAMPANG PRAPATAN,JL. KEMANG TIMUR,Bangka,12730.0,OSM_Success
JAKARTA SELATAN,MAMPANG PRAPATAN,JL. KEMANG UTARA,Bangka,12730.0,OSM_Success
JAKARTA SELATAN,MAMPANG PRAPATAN,JL. KEMANG UTARA IX,Bangka,12730.0,Imputed_Success
JAKARTA SELATAN,MAMPANG PRAPATAN,JL. KUNINGAN BARAT,Kuningan Barat,,OSM_Success
JAKARTA SELATAN,MAMPANG PRAPATAN,JL. KUNINGAN TERUSAN,Kuningan Barat,17431.0,OSM_Success
JAKARTA SELATAN,MAMPANG PRAPATAN,JL. MAMPANG PRAPATAN,Mampang Prapatan,,OSM_Success
JAKARTA SELATAN,MAMPANG PRAPATAN,JL. MAMPANG PRAPATAN,Mampang Prapatan,,OSM_Success
JAKARTA SELATAN,MAMPANG PRAPATAN,JL. MAMPANG PRAPATAN II,Mampang Prapatan,,Imputed_Success
JAKARTA SELATAN,MAMPANG PRAPATAN,JL. MAMPANG PRAPATAN III,Mampang Prapatan,,Imputed_Success
JAKARTA SELATAN,MAMPANG PRAPATAN,JL. MAMPANG PRAPATAN IV,Mampang Prapatan,,Imputed_Success
JAKARTA SELATAN,MAMPANG PRAPATAN,JL. MAMPANG PRAPATAN IX,Mampang Prapatan,,Imputed_Success
JAKARTA SELATAN,MAMPANG PRAPATAN,JL. MAMPANG PRAPATAN V,Mampang Prapatan,,Imputed_Success
JAKARTA SELATAN,MAMPANG PRAPATAN,JL. MAMPANG PRAPATAN VI,Mampang Prapatan,,Imputed_Success
JAKARTA SELATAN,MAMPANG PRAPATAN,JL. MAMPANG PRAPATAN VII,Mampang Prapatan,,Imputed_Success
JAKARTA SELATAN,MAMPANG PRAPATAN,JL. MAMPANG PRAPATAN VIII,Mampang Prapatan,,Imputed_Success
JAKARTA SELATAN,MAMPANG PRAPATAN,JL. MAMPANG PRAPATAN X,Mampang Prapatan,,Imputed_Success
JAKARTA SELATAN,MAMPANG PRAPATAN,JL. MAMPANG PRAPATAN XI,Mampang Prapatan,,Imputed_Success
JAKARTA SELATAN,MAMPANG PRAPATAN,JL. MAMPANG PRAPATAN XII,Mampang Prapatan,,Imputed_Success
JAKARTA SELATAN,MAMPANG PRAPATAN,JL. MESJID TEGAL PARANG,,,Not_Found
JAKARTA SELATAN,MAMPANG PRAPATAN,JL. PONDOK JAYA,Tegal Parang,12790.0,OSM_Success
JAKARTA SELATAN,MAMPANG PRAPATAN,JL. PONDOK KARYA,Mampang Prapatan,12790.0,OSM_Success
JAKARTA SELATAN,MAMPANG PRAPATAN,JL. TAMAN KEMANG,Bangka,,OSM_Success
JAKARTA SELATAN,MAMPANG PRAPATAN,JL. TEGAL PARANG SELATAN,Tegal Parang,12790.0,OSM_Success
JAKARTA SELATAN,MAMPANG PRAPATAN,JL. TEGAL PARANG UTARA,,,Not_Found
JAKARTA SELATAN,PANCORAN,JL. BUNCIT RAYA,Kalibata,12740.0,OSM_Success
JAKARTA SELATAN,PANCORAN,JL. DUREN BANGKA,Duren Tiga,12760.0,OSM_Success
JAKARTA SELATAN,PANCORAN,JL. DUREN TIGA,Duren Tiga,12760.0,OSM_Success
JAKARTA SELATAN,PANCORAN,JL. DUREN TIGA SELATAN,Duren Tiga,12760.0,OSM_Success
JAKARTA SELATAN,PANCORAN,JL. DURI,,,Not_Found
JAKARTA SELATAN,PANCORAN,JL. EMPANG TIGA,Kalibata,17240.0,OSM_Success
JAKARTA SELATAN,PANCORAN,JL. H. SAMALI/SAMADI,,,Not_Found
JAKARTA SELATAN,PANCORAN,JL. JEND. GATOT SUBROTO,,,Not_Found
JAKARTA SELATAN,PANCORAN,JL. JEND. MT. HARYONO,,,Not_Found
JAKARTA SELATAN,PANCORAN,JL. KALIBATA INDAH,,,Not_Found
JAKARTA SELATAN,PANCORAN,JL. KALIBATA TENGAH,Kalibata,12740.0,OSM_Success
JAKARTA SELATAN,PANCORAN,JL. KALIBATA TIMUR,Kalibata,17240.0,OSM_Success
JAKARTA SELATAN,PANCORAN,JL. KALIBATA TIMUR,Kalibata,17240.0,OSM_Success
JAKARTA SELATAN,PANCORAN,JL. KALIBATA UTARA,Kalibata,17240.0,OSM_Success
JAKARTA SELATAN,PANCORAN,JL. KEMANG UTARA IX,,,Not_Found
JAKARTA SELATAN,PANCORAN,JL. MAMPANG PRAPATAN XIX,,,Not_Found
JAKARTA SELATAN,PANCORAN,JL. MAMPANG PRAPATAN XV,,,Not_Found
JAKARTA SELATAN,PANCORAN,JL. MAMPANG PRAPATAN XVI,,,Not_Found
JAKARTA SELATAN,PANCORAN,JL. MAMPANG PRAPATAN XVII,,,Not_Found
JAKARTA SELATAN,PANCORAN,JL. MAMPANG PRAPATAN XVIII,,,Not_Found
JAKARTA SELATAN,PANCORAN,JL. MAMPANG PRAPATAN XX,,,Not_Found
JAKARTA SELATAN,PANCORAN,JL. PANCORAN,Pancoran,12780.0,OSM_Success
JAKARTA SELATAN,PANCORAN,JL. PANCORAN BARAT,Pancoran,12760.0,OSM_Success
JAKARTA SELATAN,PANCORAN,JL. PANCORAN TIMUR,Pancoran,12780.0,OSM_Success
JAKARTA SELATAN,PANCORAN,JL. PENGADEGAN BARAT,Pengadegan,12770.0,OSM_Success
JAKARTA SELATAN,PANCORAN,JL. PENGADEGAN SELATAN,Pengadegan,12770.0,OSM_Success
JAKARTA SELATAN,PANCORAN,JL. PENGADEGAN TIMUR,Pengadegan,13630.0,OSM_Success
JAKARTA SELATAN,PANCORAN,JL. PENGGADEGAN TIMUR,,,Not_Found
JAKARTA SELATAN,PANCORAN,JL. RAWAJATI TIMUR,Rawajati,12750.0,OSM_Success
JAKARTA SELATAN,PANCORAN,JL. RAYA PASAR MINGGU,Pejaten Timur,17240.0,OSM_Success
JAKARTA SELATAN,PANCORAN,JL. TMP KALIBATA,Rawajati,13640.0,OSM_Success
JAKARTA SELATAN,PANCORAN,JL. WARUNG JATI BARAT,,,Not_Found
JAKARTA SELATAN,PANCORAN,JL. WARUNG JATI TIMUR,,,Not_Found
JAKARTA SELATAN,PANCORAN,JL. DUREN TIGA BARAT,,,Not_Found
JAKARTA SELATAN,PANCORAN,JL. DUREN TIGA UTARA,,,Not_Found
JAKARTA SELATAN,PANCORAN,JL. PANCORAN TIMUR II,Pancoran,12780.0,Imputed_Success
JAKARTA SELATAN,PANCORAN,JL. PENGADEGAN UTARA,Pengadegan,12770.0,OSM_Success
JAKARTA SELATAN,PANCORAN,JL. RAWAJATI TIMUR,Rawajati,12750.0,OSM_Success
JAKARTA SELATAN,PANCORAN,JL. CIKOKO,Cikoko,,OSM_Success
JAKARTA SELATAN,PANCORAN,JL. CIKOKO BARAT,Cikoko,12770.0,OSM_Success
JAKARTA SELATAN,PANCORAN,JL. CIKOKO TIMUR,Cikoko,12770.0,OSM_Success
JAKARTA SELATAN,PANCORAN,JL. AMIL,Kalibata,12510.0,OSM_Success
JAKARTA SELATAN,PANCORAN,JL. LOKA INDAH,Kalibata,12760.0,OSM_Success
JAKARTA SELATAN,PANCORAN,JL. MINYAK,Duren Tiga,12760.0,OSM_Success
JAKARTA SELATAN,PANCORAN,JL. GURU ALIP,Duren Tiga,12760.0,OSM_Success
JAKARTA SELATAN,PANCORAN,JL. JATILUHUR,Duren Tiga,12760.0,OSM_Success
JAKARTA SELATAN,PANCORAN,JL. TRILOKA,Pancoran,12780.0,OSM_Success
JAKARTA SELATAN,PANCORAN,JL. DAKSA PIUN,Kalibata,12760.0,OSM_Success
JAKARTA SELATAN,PANCORAN,JL. PERTANI,Duren Tiga,17240.0,OSM_Success
JAKARTA SELATAN,PANCORAN,JL. BUNCIT PERSADA,Kalibata,12740.0,OSM_Success
JAKARTA SELATAN,PANCORAN,JL. KALIBATA PULO,Kalibata,12740.0,OSM_Success
JAKARTA SELATAN,PANCORAN,JL. VETERAN,Duren Tiga,12760.0,OSM_Success
JAKARTA SELATAN,PANCORAN,JL. RAWAJATI BARAT,Rawajati,12750.0,OSM_Success
JAKARTA SELATAN,PANCORAN,JL. PLN,Duren Tiga,12760.0,OSM_Success
JAKARTA SELATAN,PANCORAN,JL. POTLOT,Duren Tiga,12760.0,OSM_Success
JAKARTA SELATAN,PANCORAN,JL. PERTANI,Duren Tiga,17240.0,OSM_Success
JAKARTA SELATAN,KEBAYORAN BARU,JL. ABD MAJID,,,Not_Found
JAKARTA SELATAN,KEBAYORAN BARU,JL. ABD MAJID DALAM,,,Not_Found
JAKARTA SELATAN,KEBAYORAN BARU,JL. ADITIAWARMAN,Melawai,12160.0,OSM_Success
JAKARTA SELATAN,KEBAYORAN BARU,JL. AKRI KOMP. POLRI,,,Not_Found
JAKARTA SELATAN,KEBAYORAN BARU,JL. ANDARA,,,Not_Found
JAKARTA SELATAN,KEBAYORAN BARU,JL. ANGGREK,Gandaria Utara,12140.0,OSM_Success
JAKARTA SELATAN,KEBAYORAN BARU,JL. ANTENA,Gandaria Utara,12140.0,OSM_Success
JAKARTA SELATAN,KEBAYORAN BARU,JL. ANTENA II,Gandaria Utara,12140.0,OSM_Success
JAKARTA SELATAN,KEBAYORAN BARU,JL. ANTENA III,Gandaria Utara,12140.0,OSM_Success
JAKARTA SELATAN,KEBAYORAN BARU,JL. ANTENA IV,Kramat Pela,12140.0,OSM_Success
JAKARTA SELATAN,KEBAYORAN BARU,JL. ANTENA IX,Gandaria Utara,12140.0,Imputed_Success
JAKARTA SELATAN,KEBAYORAN BARU,JL. ANTENA V,Gandaria Utara,12140.0,OSM_Success
JAKARTA SELATAN,KEBAYORAN BARU,JL. ANTENA VI,Gandaria Utara,12140.0,OSM_Success
JAKARTA SELATAN,KEBAYORAN BARU,JL. ANTENA VII,Gandaria Utara,12140.0,OSM_Success
JAKARTA SELATAN,KEBAYORAN BARU,JL. ANTENA VIII,Gandaria Utara,12140.0,Imputed_Success
JAKARTA SELATAN,KEBAYORAN BARU,JL. ANTENA X,Kramat Pela,12140.0,OSM_Success
JAKARTA SELATAN,KEBAYORAN BARU,JL. ANTENA XI,Gandaria Utara,12140.0,Imputed_Success
JAKARTA SELATAN,KEBAYORAN BARU,JL. ANTENA XII,Gandaria Utara,12140.0,Imputed_Success
JAKARTA SELATAN,KEBAYORAN BARU,JL. ANTENA XIII,Gandaria Utara,12140.0,Imputed_Success
JAKARTA SELATAN,KEBAYORAN BARU,JL. ANTENA XIV,Gandaria Utara,12140.0,Imputed_Success
JAKARTA SELATAN,KEBAYORAN BARU,JL. ANTENA XV,Gandaria Utara,12140.0,Imputed_Success
JAKARTA SELATAN,KEBAYORAN BARU,JL. ANTENA XVI,Gandaria Utara,12140.0,Imputed_Success
JAKARTA SELATAN,KEBAYORAN BARU,JL. ASIA AFRIKA/PINTU IX,,,Not_Found
JAKARTA SELATAN,KEBAYORAN BARU,JL. BACANG,Kramat Pela,12120.0,OSM_Success
JAKARTA SELATAN,KEBAYORAN BARU,JL. BAKTI,Rawa Barat,12190.0,OSM_Success
JAKARTA SELATAN,KEBAYORAN BARU,JL. BARITO,Kramat Pela,12130.0,OSM_Success
JAKARTA SELATAN,KEBAYORAN BARU,JL. BARITO II,Kramat Pela,12130.0,OSM_Success
JAKARTA SELATAN,KEBAYORAN BARU,JL. BATAN,,,Not_Found
JAKARTA SELATAN,KEBAYORAN BARU,JL. BELITUNG,Selong,12110.0,OSM_Success
JAKARTA SELATAN,KEBAYORAN BARU,JL. BENDA,Pulo,12140.0,OSM_Success
JAKARTA SELATAN,KEBAYORAN BARU,JL. BENDA,Pulo,12140.0,OSM_Success
JAKARTA SELATAN,KEBAYORAN BARU,JL. BENDA II,Pulo,12160.0,OSM_Success
JAKARTA SELATAN,KEBAYORAN BARU,JL. BENDA III,Pulo,12160.0,OSM_Success
JAKARTA SELATAN,KEBAYORAN BARU,JL. BENDA IV,Pulo,12140.0,OSM_Success
JAKARTA SELATAN,KEBAYORAN BARU,JL. BENDA V,Pulo,12140.0,OSM_Success
JAKARTA SELATAN,KEBAYORAN BARU,JL. BIRAH,Rawa Barat,12180.0,OSM_Success
JAKARTA SELATAN,KEBAYORAN BARU,JL. BIRAH II,Rawa Barat,12170.0,OSM_Success
JAKARTA SELATAN,KEBAYORAN BARU,JL. BIRAH III,Rawa Barat,12170.0,OSM_Success
JAKARTA SELATAN,KEBAYORAN BARU,JL. BIRAH IV,Rawa Barat,12170.0,OSM_Success
JAKARTA SELATAN,KEBAYORAN BARU,JL. BRAWIJAYA,Pulo,12160.0,OSM_Success
JAKARTA SELATAN,KEBAYORAN BARU,JL. BULUNGAN,Kramat Pela,12130.0,OSM_Success
JAKARTA SELATAN,KEBAYORAN BARU,JL. BUMI,Gunung,12120.0,OSM_Success
JAKARTA SELATAN,KEBAYORAN BARU,JL. BUNCIT,,,Not_Found
JAKARTA SELATAN,KEBAYORAN BARU,JL. CATUR,,,Not_Found
JAKARTA SELATAN,KEBAYORAN BARU,JL. CIASEM,Rawa Barat,12170.0,OSM_Success
JAKARTA SELATAN,KEBAYORAN BARU,JL. CIBITUNG,Petogogan,12170.0,OSM_Success
JAKARTA SELATAN,KEBAYORAN BARU,JL. CIBITUNG II,Petogogan,12170.0,OSM_Success
JAKARTA SELATAN,KEBAYORAN BARU,JL. CIBITUNG III,Petogogan,12170.0,OSM_Success
JAKARTA SELATAN,KEBAYORAN BARU,JL. CIBULAN,Petogogan,12170.0,OSM_Success
JAKARTA SELATAN,KEBAYORAN BARU,JL. CIBULAN II,Petogogan,12170.0,OSM_Success
JAKARTA SELATAN,KEBAYORAN BARU,JL. CIBULAN III,Petogogan,12170.0,OSM_Success
JAKARTA SELATAN,KEBAYORAN BARU,JL. CIBULAN IV,Petogogan,12170.0,OSM_Success
JAKARTA SELATAN,KEBAYORAN BARU,JL. CIBULAN IX,Petogogan,12170.0,Imputed_Success
JAKARTA SELATAN,KEBAYORAN BARU,JL. CIBULAN RAYA,Petogogan,12170.0,OSM_Success
JAKARTA SELATAN,KEBAYORAN BARU,JL. CIBULAN V,Petogogan,12170.0,OSM_Success
JAKARTA SELATAN,KEBAYORAN BARU,JL. CIBULAN VI,Petogogan,12170.0,OSM_Success
JAKARTA SELATAN,KEBAYORAN BARU,JL. CIBULAN VII,Petogogan,12170.0,OSM_Success
JAKARTA SELATAN,KEBAYORAN BARU,JL. CIBULAN X,Petogogan,12170.0,Imputed_Success
JAKARTA SELATAN,KEBAYORAN BARU,JL. CIBULAN XI,Petogogan,12170.0,Imputed_Success
JAKARTA SELATAN,KEBAYORAN BARU,JL. CIBULAN XII,Petogogan,12170.0,Imputed_Success
JAKARTA SELATAN,KEBAYORAN BARU,JL. CIGANJUR,,,Not_Found
JAKARTA SELATAN,KEBAYORAN BARU,JL. CIKAJANG,Petogogan,12170.0,OSM_Success
JAKARTA SELATAN,KEBAYORAN BARU,JL. CIKATOMAS,Rawa Barat,12170.0,OSM_Success
JAKARTA SELATAN,KEBAYORAN BARU,JL. CIKATOMAS II,Rawa Barat,12170.0,OSM_Success
JAKARTA SELATAN,KEBAYORAN BARU,JL. CINIRU,Rawa Barat,12180.0,OSM_Success
JAKARTA SELATAN,KEBAYORAN BARU,JL. CIPAKU,Petogogan,12170.0,OSM_Success
JAKARTA SELATAN,KEBAYORAN BARU,JL. CIPAKU II,Petogogan,12170.0,OSM_Success
JAKARTA SELATAN,KEBAYORAN BARU,JL. CIPAKU III,Petogogan,12170.0,OSM_Success
JAKARTA SELATAN,KEBAYORAN BARU,JL. CIPEDAK,,,Not_Found
JAKARTA SELATAN,KEBAYORAN BARU,JL. CIRAGIL,Rawa Barat,12180.0,OSM_Success
JAKARTA SELATAN,KEBAYORAN BARU,JL. CIRANJANG,Rawa Barat,12180.0,OSM_Success
JAKARTA SELATAN,KEBAYORAN BARU,JL. CISANGGIRI,Petogogan,12170.0,OSM_Success
JAKARTA SELATAN,KEBAYORAN BARU,JL. CISANGGIRI II,Petogogan,12170.0,OSM_Success
JAKARTA SELATAN,KEBAYORAN BARU,JL. CISANGGIRI III,Petogogan,12170.0,OSM_Success
JAKARTA SELATAN,KEBAYORAN BARU,JL. CISANGGIRI IV,Petogogan,12170.0,OSM_Success
JAKARTA SELATAN,KEBAYORAN BARU,JL. CISANGGIRI V,Petogogan,12170.0,OSM_Success
JAKARTA SELATAN,KEBAYORAN BARU,JL. CITAYAM,Rawa Barat,12180.0,OSM_Success
JAKARTA SELATAN,KEBAYORAN BARU,JL. DAKSA,Selong,12110.0,OSM_Success
JAKARTA SELATAN,KEBAYORAN BARU,JL. DAKSA II,Selong,12180.0,OSM_Success
JAKARTA SELATAN,KEBAYORAN BARU,JL. DAKSA III,Selong,12180.0,OSM_Success
JAKARTA SELATAN,KEBAYORAN BARU,JL. DAKSA IV,Selong,12110.0,OSM_Success
JAKARTA SELATAN,KEBAYORAN BARU,JL. DAKSA V,Selong,12110.0,OSM_Success
JAKARTA SELATAN,KEBAYORAN BARU,JL. DAMAI,Cipete Utara,12140.0,OSM_Success
JAKARTA SELATAN,KEBAYORAN BARU,JL. DARMAWANGSA,Cipete Utara,,OSM_Success
JAKARTA SELATAN,KEBAYORAN BARU,JL. DARMAWANGSA II,Cipete Utara,,Imputed_Success
JAKARTA SELATAN,KEBAYORAN BARU,JL. DARMAWANGSA III,Pulo,12160.0,OSM_Success
JAKARTA SELATAN,KEBAYORAN BARU,JL. DARMAWANGSA IV,Cipete Utara,,Imputed_Success
JAKARTA SELATAN,KEBAYORAN BARU,JL. DARMAWANGSA IX,Cipete Utara,,Imputed_Success
JAKARTA SELATAN,KEBAYORAN BARU,JL. DARMAWANGSA V,Cipete Utara,,Imputed_Success
JAKARTA SELATAN,KEBAYORAN BARU,JL. DARMAWANGSA VI,Cipete Utara,,Imputed_Success
JAKARTA SELATAN,KEBAYORAN BARU,JL. DARMAWANGSA VII,Cipete Utara,,Imputed_Success
JAKARTA SELATAN,KEBAYORAN BARU,JL. DARMAWANGSA VIII,Cipete Utara,,Imputed_Success
JAKARTA SELATAN,KEBAYORAN BARU,JL. DARMAWANGSA X,Cipete Utara,,Imputed_Success
JAKARTA SELATAN,KEBAYORAN BARU,JL. DEMPO,Gunung,12120.0,OSM_Success
JAKARTA SELATAN,KEBAYORAN BARU,JL. DEMPO II,Gunung,12120.0,OSM_Success
JAKARTA SELATAN,KEBAYORAN BARU,JL. DEMPO III,Gunung,12120.0,OSM_Success
JAKARTA SELATAN,KEBAYORAN BARU,JL. DEMPO IV,Gunung,12120.0,OSM_Success
JAKARTA SELATAN,KEBAYORAN BARU,JL. DEMPO V,Gunung,12120.0,OSM_Success
JAKARTA SELATAN,KEBAYORAN BARU,JL. DHARMAWANGSA,Pulo,12160.0,OSM_Success
JAKARTA SELATAN,KEBAYORAN BARU,JL. DURIAN,,,Not_Found
JAKARTA SELATAN,KEBAYORAN BARU,JL. DWIJAYA,Gandaria Utara,12140.0,OSM_Success
JAKARTA SELATAN,KEBAYORAN BARU,JL. DWIJAYA,Gandaria Utara,12140.0,OSM_Success
JAKARTA SELATAN,KEBAYORAN BARU,JL. DWIJAYA II,Gandaria Utara,12140.0,OSM_Success
JAKARTA SELATAN,KEBAYORAN BARU,JL. EMPU SENDOK,Selong,12110.0,OSM_Success
JAKARTA SELATAN,KEBAYORAN BARU,JL. ERLANGGA,Selong,12110.0,OSM_Success
JAKARTA SELATAN,KEBAYORAN BARU,JL. ERLANGGA II,Selong,12180.0,OSM_Success
JAKARTA SELATAN,KEBAYORAN BARU,JL. FALATEHAN,,,Not_Found
JAKARTA SELATAN,KEBAYORAN BARU,JL. GAHARU,,,Not_Found
JAKARTA SELATAN,KEBAYORAN BARU,JL. GAHARU II,,,Not_Found
JAKARTA SELATAN,KEBAYORAN BARU,JL. GALUNGGUNG,,,Not_Found
JAKARTA SELATAN,KEBAYORAN BARU,JL. GANDARIA,Gandaria Utara,12140.0,OSM_Success
JAKARTA SELATAN,KEBAYORAN BARU,JL. GANDARIA,Gandaria Utara,12140.0,OSM_Success
JAKARTA SELATAN,KEBAYORAN BARU,JL. GANDARIA TENGAH,Kramat Pela,12120.0,OSM_Success
JAKARTA SELATAN,KEBAYORAN BARU,JL. GANDARIA TENGAH II,Kramat Pela,12120.0,Imputed_Success
JAKARTA SELATAN,KEBAYORAN BARU,JL. GANDARIA TENGAH III,Kramat Pela,12120.0,Imputed_Success
JAKARTA SELATAN,KEBAYORAN BARU,JL. GANDARIA TENGAH IV,Kramat Pela,12120.0,Imputed_Success
JAKARTA SELATAN,KEBAYORAN BARU,JL. GARUDA,,,Not_Found
JAKARTA SELATAN,KEBAYORAN BARU,JL. GUNAWARMAN,Selong,12180.0,OSM_Success
JAKARTA SELATAN,KEBAYORAN BARU,JL. H. ABDUL MAJID,,,Not_Found
JAKARTA SELATAN,KEBAYORAN BARU,JL. H. AOM,,,Not_Found
JAKARTA SELATAN,KEBAYORAN BARU,JL. H. JIAN,,,Not_Found
JAKARTA SELATAN,KEBAYORAN BARU,JL. H. SAIDI,,,Not_Found
JAKARTA SELATAN,KEBAYORAN BARU,JL. H. TING,,,Not_Found
JAKARTA SELATAN,KEBAYORAN BARU,JL. HALIMUN,,,Not_Found
JAKARTA SELATAN,KEBAYORAN BARU,JL. HANG JEBAT,Gunung,12120.0,OSM_Success
JAKARTA SELATAN,KEBAYORAN BARU,JL. HANG LEKIR,Gunung,12130.0,OSM_Success
JAKARTA SELATAN,KEBAYORAN BARU,JL. HANG LEKIU,Gunung,12120.0,OSM_Success
JAKARTA SELATAN,KEBAYORAN BARU,JL. HANG LEKIU II,Gunung,12120.0,OSM_Success
JAKARTA SELATAN,KEBAYORAN BARU,JL. HANG LEKIU III,Gunung,12120.0,OSM_Success
JAKARTA SELATAN,KEBAYORAN BARU,JL. HANG LEKIU IV,Gunung,12120.0,OSM_Success
JAKARTA SELATAN,KEBAYORAN BARU,JL. HANG LEKIU V,Gunung,12120.0,OSM_Success
JAKARTA SELATAN,KEBAYORAN BARU,JL. HANG TUAH,Gunung,12130.0,OSM_Success
JAKARTA SELATAN,KEBAYORAN BARU,JL. HANG TUAH,Gunung,12130.0,OSM_Success
JAKARTA SELATAN,KEBAYORAN BARU,JL. HARSONO R.M,,,Not_Found
JAKARTA SELATAN,KEBAYORAN BARU,JL. HASANUDDIN DALAM,,,Not_Found
JAKARTA SELATAN,KEBAYORAN BARU,JL. HIDUP BARU,Kebayoran Baru,12140.0,OSM_Success
JAKARTA SELATAN,KEBAYORAN BARU,JL. ISKANDARSYAH,Melawai,12160.0,OSM_Success
JAKARTA SELATAN,KEBAYORAN BARU,JL. JAMBLANG,Gunung,12120.0,OSM_Success
JAKARTA SELATAN,KEBAYORAN BARU,JL. JAPAGOR,,,Not_Found
JAKARTA SELATAN,KEBAYORAN BARU,JL. JATI PADANG,,,Not_Found
JAKARTA SELATAN,KEBAYORAN BARU,JL. JATI UTARA,,,Not_Found
JAKARTA SELATAN,KEBAYORAN BARU,JL. JEMBATAN BARAT,Pulo,12140.0,OSM_Success
JAKARTA SELATAN,KEBAYORAN BARU,JL. JEMBATAN SELATAN,Pulo,12140.0,OSM_Success
JAKARTA SELATAN,KEBAYORAN BARU,JL. JEMBATAN TENGAH,Pulo,12140.0,OSM_Success
JAKARTA SELATAN,KEBAYORAN BARU,JL. JEMBATAN TIMUR,Pulo,12140.0,OSM_Success
JAKARTA SELATAN,KEBAYORAN BARU,JL. JEMBATAN UTARA,Pulo,12140.0,OSM_Success
JAKARTA SELATAN,KEBAYORAN BARU,JL. JEND. GATOT SUBROTO,,,Not_Found
JAKARTA SELATAN,KEBAYORAN BARU,JL. JEND. SUDIRMAN,,,Not_Found
JAKARTA SELATAN,KEBAYORAN BARU,JL. JENGGALA,Selong,12110.0,OSM_Success
JAKARTA SELATAN,KEBAYORAN BARU,JL. JOHARI,,,Not_Found
JAKARTA SELATAN,KEBAYORAN BARU,"JL. JOKO SUTONO, SH",,,Not_Found
JAKARTA SELATAN,KEBAYORAN BARU,JL. KARANG TENGAH,,,Not_Found
JAKARTA SELATAN,KEBAYORAN BARU,JL. KAVLING KEUANGAN,,,Not_Found
JAKARTA SELATAN,KEBAYORAN BARU,JL. KAWASAN SUDIRMAN SCBD,,,Not_Found
JAKARTA SELATAN,KEBAYORAN BARU,JL. KEBAGUSAN RAYA,,,Not_Found
JAKARTA SELATAN,KEBAYORAN BARU,JL. KEBAYORAN LAMA,Gunung,12120.0,OSM_Success
JAKARTA SELATAN,KEBAYORAN BARU,JL. KEBON ANGGREK,,,Not_Found
JAKARTA SELATAN,KEBAYORAN BARU,JL. KERINCI,Gunung,12120.0,OSM_Success
JAKARTA SELATAN,KEBAYORAN BARU,JL. KERINCI II,Gunung,12120.0,OSM_Success
JAKARTA SELATAN,KEBAYORAN BARU,JL. KERINCI III,Gunung,12120.0,OSM_Success
JAKARTA SELATAN,KEBAYORAN BARU,JL. KERINCI IV,Gunung,12120.0,OSM_Success
JAKARTA SELATAN,KEBAYORAN BARU,JL. KERINCI IX,Gunung,12120.0,OSM_Success
JAKARTA SELATAN,KEBAYORAN BARU,JL. KERINCI V,Gunung,12120.0,OSM_Success
JAKARTA SELATAN,KEBAYORAN BARU,JL. KERINCI VI,Gunung,12120.0,OSM_Success
JAKARTA SELATAN,KEBAYORAN BARU,JL. KERINCI VII,Gunung,12120.0,OSM_Success
JAKARTA SELATAN,KEBAYORAN BARU,JL. KERINCI VIII,Gunung,12120.0,OSM_Success
JAKARTA SELATAN,KEBAYORAN BARU,JL. KERINCI X,Gunung,12120.0,OSM_Success
JAKARTA SELATAN,KEBAYORAN BARU,JL. KERINCI XI,Gunung,12120.0,OSM_Success
JAKARTA SELATAN,KEBAYORAN BARU,JL. KERTANEGARA,Selong,12180.0,OSM_Success
JAKARTA SELATAN,KEBAYORAN BARU,JL. KESEHATAN,,,Not_Found
JAKARTA SELATAN,KEBAYORAN BARU,JL. KETIMUN,Pulo,12140.0,OSM_Success
JAKARTA SELATAN,KEBAYORAN BARU,JL. KH. AHMAD DAHLAN,,,Not_Found
JAKARTA SELATAN,KEBAYORAN BARU,JL. KIRAI,Cipete Utara,12150.0,OSM_Success
JAKARTA SELATAN,KEBAYORAN BARU,JL. KOMPLEK BNI,,,Not_Found
JAKARTA SELATAN,KEBAYORAN BARU,JL. KUBIS,Pulo,12140.0,OSM_Success
JAKARTA SELATAN,KEBAYORAN BARU,JL. KYAI MAJA,Gunung,12120.0,OSM_Success
JAKARTA SELATAN,KEBAYORAN BARU,JL. LAMANDAU,Kramat Pela,12130.0,OSM_Success
JAKARTA SELATAN,KEBAYORAN BARU,JL. LAMANDAU II,Kramat Pela,12130.0,OSM_Success
JAKARTA SELATAN,KEBAYORAN BARU,JL. LAMANDAU III,Kramat Pela,12130.0,OSM_Success
JAKARTA SELATAN,KEBAYORAN BARU,JL. LAMANDAU IV,Kramat Pela,12130.0,OSM_Success
JAKARTA SELATAN,KEBAYORAN BARU,JL. LAMANDAU RAYA,Kramat Pela,12130.0,OSM_Success
JAKARTA SELATAN,KEBAYORAN BARU,JL. LANGSAT,Kramat Pela,12120.0,OSM_Success
JAKARTA SELATAN,KEBAYORAN BARU,JL. LEBAK BULUS,,,Not_Found
JAKARTA SELATAN,KEBAYORAN BARU,JL. LEUSER,,,Not_Found
JAKARTA SELATAN,KEBAYORAN BARU,JL. LINGKUNGAN,,,Not_Found
JAKARTA SELATAN,KEBAYORAN BARU,JL. MAHAKAM,Kramat Pela,12130.0,OSM_Success
JAKARTA SELATAN,KEBAYORAN BARU,JL. MARGA GUNA,Gandaria Utara,12140.0,OSM_Success
JAKARTA SELATAN,KEBAYORAN BARU,JL. MARITIM,,,Not_Found
JAKARTA SELATAN,KEBAYORAN BARU,JL. MARTIMBANG,Gunung,12120.0,OSM_Success
JAKARTA SELATAN,KEBAYORAN BARU,JL. MAS STAM,,,Not_Found
JAKARTA SELATAN,KEBAYORAN BARU,JL. MELAWAI,Melawai,12160.0,OSM_Success
JAKARTA SELATAN,KEBAYORAN BARU,JL. MELAWAI III,Melawai,12160.0,OSM_Success
JAKARTA SELATAN,KEBAYORAN BARU,JL. MELAWAI IV,Melawai,12160.0,OSM_Success
JAKARTA SELATAN,KEBAYORAN BARU,JL. MELAWAI IX,Melawai,12160.0,OSM_Success
JAKARTA SELATAN,KEBAYORAN BARU,JL. MELAWAI RAYA,Melawai,12160.0,OSM_Success
JAKARTA SELATAN,KEBAYORAN BARU,JL. MELAWAI V,Melawai,12160.0,OSM_Success
JAKARTA SELATAN,KEBAYORAN BARU,JL. MELAWAI VI,Melawai,12130.0,OSM_Success
JAKARTA SELATAN,KEBAYORAN BARU,JL. MELAWAI VII,Melawai,12160.0,Imputed_Success
JAKARTA SELATAN,KEBAYORAN BARU,JL. MELAWAI VIII,Melawai,12130.0,OSM_Success
JAKARTA SELATAN,KEBAYORAN BARU,JL. MELAWAI X,Melawai,12160.0,OSM_Success
JAKARTA SELATAN,KEBAYORAN BARU,JL. MELAWAI XI,Melawai,12160.0,OSM_Success
JAKARTA SELATAN,KEBAYORAN BARU,JL. MELAWAI XII,Melawai,12160.0,Imputed_Success
JAKARTA SELATAN,KEBAYORAN BARU,JL. MENDAWAI,Kramat Pela,12130.0,OSM_Success
JAKARTA SELATAN,KEBAYORAN BARU,JL. MENDAWAI II,Kramat Pela,12130.0,OSM_Success
JAKARTA SELATAN,KEBAYORAN BARU,JL. MENDAWAI III,Kramat Pela,12130.0,OSM_Success
JAKARTA SELATAN,KEBAYORAN BARU,JL. MENDAWAI IV,Kramat Pela,12130.0,OSM_Success
JAKARTA SELATAN,KEBAYORAN BARU,JL. METRO PONDOK INDAH,,,Not_Found
JAKARTA SELATAN,KEBAYORAN BARU,JL. MULAWARMAN,Selong,12180.0,OSM_Success
JAKARTA SELATAN,KEBAYORAN BARU,JL. NANGKA,Cipete Utara,12420.0,OSM_Success
JAKARTA SELATAN,KEBAYORAN BARU,JL. NIPAH,Petogogan,12170.0,OSM_Success
JAKARTA SELATAN,KEBAYORAN BARU,JL. NYI. AGENG SERANG,,,Not_Found
JAKARTA SELATAN,KEBAYORAN BARU,JL. PADANG PANJANG,,,Not_Found
JAKARTA SELATAN,KEBAYORAN BARU,JL. PAKUBUWONO VI,Gunung,12130.0,OSM_Success
JAKARTA SELATAN,KEBAYORAN BARU,JL. PANGLIMA POLIM,Melawai,12160.0,OSM_Success
JAKARTA SELATAN,KEBAYORAN BARU,JL. PANGLIMA POLIM,Melawai,12160.0,OSM_Success
JAKARTA SELATAN,KEBAYORAN BARU,JL. PANGLIMA POLIM II,Melawai,12160.0,OSM_Success
JAKARTA SELATAN,KEBAYORAN BARU,JL. PANGLIMA POLIM III,Melawai,12160.0,OSM_Success
JAKARTA SELATAN,KEBAYORAN BARU,JL. PANGLIMA POLIM IV,Melawai,12160.0,OSM_Success
JAKARTA SELATAN,KEBAYORAN BARU,JL. PANGLIMA POLIM IX,Melawai,12160.0,OSM_Success
JAKARTA SELATAN,KEBAYORAN BARU,JL. PANGLIMA POLIM V,Melawai,12160.0,OSM_Success
JAKARTA SELATAN,KEBAYORAN BARU,JL. PANGLIMA POLIM VI,Melawai,12160.0,OSM_Success
JAKARTA SELATAN,KEBAYORAN BARU,JL. PANGLIMA POLIM VII,Melawai,12160.0,OSM_Success
JAKARTA SELATAN,KEBAYORAN BARU,JL. PANGLIMA POLIM VIII,Melawai,12160.0,OSM_Success
JAKARTA SELATAN,KEBAYORAN BARU,JL. PANGLIMA POLIM X,Melawai,12160.0,OSM_Success
JAKARTA SELATAN,KEBAYORAN BARU,JL. PANGLIMA POLIM XI,Melawai,12160.0,OSM_Success
JAKARTA SELATAN,KEBAYORAN BARU,JL. PANGLIMA POLIM XII,Melawai,12160.0,OSM_Success
JAKARTA SELATAN,KEBAYORAN BARU,JL. PANGLIMA POLIM XIII,Melawai,12160.0,OSM_Success
JAKARTA SELATAN,KEBAYORAN BARU,JL. PANGLIMA POLIM XIV,Melawai,12160.0,OSM_Success
JAKARTA SELATAN,KEBAYORAN BARU,JL. PANJANG,,,Not_Found
JAKARTA SELATAN,KEBAYORAN BARU,JL. PATI UNUS,Gunung,12120.0,OSM_Success
JAKARTA SELATAN,KEBAYORAN BARU,JL. PATIMURA,,,Not_Found
JAKARTA SELATAN,KEBAYORAN BARU,JL. PAYAKUMBUH,,,Not_Found
JAKARTA SELATAN,KEBAYORAN BARU,JL. PELA/KRAMAT PELA,Kramat Pela,12140.0,OSM_Success
JAKARTA SELATAN,KEBAYORAN BARU,JL. PETE,Gandaria Utara,12140.0,OSM_Success
JAKARTA SELATAN,KEBAYORAN BARU,JL. PETOGOGAN,Petogogan,12170.0,OSM_Success
JAKARTA SELATAN,KEBAYORAN BARU,JL. PONDOK BETUNG,,,Not_Found
JAKARTA SELATAN,KEBAYORAN BARU,JL. PONDOK LABU,,,Not_Found
JAKARTA SELATAN,KEBAYORAN BARU,JL. PRAPANCA,Cipete Utara,,OSM_Success
JAKARTA SELATAN,KEBAYORAN BARU,JL. PROF. JOKO SUTONO,,,Not_Found
JAKARTA SELATAN,KEBAYORAN BARU,JL. PULO BANGKENG,,,Not_Found
JAKARTA SELATAN,KEBAYORAN BARU,JL. PULO RAYA,Petogogan,12170.0,OSM_Success
JAKARTA SELATAN,KEBAYORAN BARU,JL. PURNAWARMAN,Selong,12180.0,OSM_Success
JAKARTA SELATAN,KEBAYORAN BARU,JL. RADEN PATAH,Selong,12180.0,OSM_Success
JAKARTA SELATAN,KEBAYORAN BARU,JL. RADIO DALAM,Gandaria Utara,12140.0,OSM_Success
JAKARTA SELATAN,KEBAYORAN BARU,JL. RAJASA,Selong,12110.0,OSM_Success
JAKARTA SELATAN,KEBAYORAN BARU,JL. RAJASA II,Selong,12110.0,OSM_Success
JAKARTA SELATAN,KEBAYORAN BARU,JL. RAJASA III,Selong,12110.0,OSM_Success
JAKARTA SELATAN,KEBAYORAN BARU,JL. RUBYI,,,Not_Found
JAKARTA SELATAN,KEBAYORAN BARU,JL. SAMA,,,Not_Found
JAKARTA SELATAN,KEBAYORAN BARU,JL. SAMPIT,Kramat Pela,12130.0,OSM_Success
JAKARTA SELATAN,KEBAYORAN BARU,JL. SAWAH LUNTO,,,Not_Found
JAKARTA SELATAN,KEBAYORAN BARU,JL. SENAYAN,Senayan,12190.0,OSM_Success
JAKARTA SELATAN,KEBAYORAN BARU,JL. SENOPATI,Senayan,12190.0,OSM_Success
JAKARTA SELATAN,KEBAYORAN BARU,JL. SINABUNG,Gunung,12120.0,OSM_Success
JAKARTA SELATAN,KEBAYORAN BARU,JL. SINABUNG II,Gunung,12120.0,OSM_Success
JAKARTA SELATAN,KEBAYORAN BARU,JL. SINABUNG III,Gunung,12120.0,OSM_Success
JAKARTA SELATAN,KEBAYORAN BARU,JL. SINABUNG IV,Gunung,12120.0,OSM_Success
JAKARTA SELATAN,KEBAYORAN BARU,JL. SINGGALANG,,,Not_Found
JAKARTA SELATAN,KEBAYORAN BARU,JL. SISINGAMANGARAJA,Gunung,12130.0,OSM_Success
JAKARTA SELATAN,KEBAYORAN BARU,JL. SULTAN HASANUDDIN,Melawai,12160.0,OSM_Success
JAKARTA SELATAN,KEBAYORAN BARU,JL. SUNAN AMPEL,,,Not_Found
JAKARTA SELATAN,KEBAYORAN BARU,JL. SUNAN KALIJAGA,Melawai,12130.0,OSM_Success
JAKARTA SELATAN,KEBAYORAN BARU,JL. SUNGAI SAMBAS,Kramat Pela,12160.0,OSM_Success
JAKARTA SELATAN,KEBAYORAN BARU,JL. SUNGAI SAMBAS II,Kramat Pela,12160.0,Imputed_Success
JAKARTA SELATAN,KEBAYORAN BARU,JL. SUNGAI SAMBAS III,Kramat Pela,12160.0,Imputed_Success
JAKARTA SELATAN,KEBAYORAN BARU,JL. SUNGAI SAMBAS IV,Kramat Pela,12160.0,Imputed_Success
JAKARTA SELATAN,KEBAYORAN BARU,JL. SURY0,,,Not_Found
JAKARTA SELATAN,KEBAYORAN BARU,JL. SWADAYA,Kebayoran Lama Selatan,12140.0,OSM_Success
JAKARTA SELATAN,KEBAYORAN BARU,JL. TAMAN DUTA,,,Not_Found
JAKARTA SELATAN,KEBAYORAN BARU,JL. TAMAN RADIO DALAM,Gandaria Utara,12140.0,OSM_Success
JAKARTA SELATAN,KEBAYORAN BARU,JL. TAMAN RADIO DALAM 11,Gandaria Utara,12140.0,Imputed_Success
JAKARTA SELATAN,KEBAYORAN BARU,JL. TAMAN RADIO DALAM III,Gandaria Utara,12140.0,Imputed_Success
JAKARTA SELATAN,KEBAYORAN BARU,JL. TAMAN RADIO DALAM IV,Gandaria Utara,12140.0,Imputed_Success
JAKARTA SELATAN,KEBAYORAN BARU,JL. TAMAN RADIO DALAM IX,Gandaria Utara,12140.0,Imputed_Success
JAKARTA SELATAN,KEBAYORAN BARU,JL. TAMAN RADIO DALAM V,Gandaria Utara,12140.0,Imputed_Success
JAKARTA SELATAN,KEBAYORAN BARU,JL. TAMAN RADIO DALAM VI,Gandaria Utara,12140.0,Imputed_Success
JAKARTA SELATAN,KEBAYORAN BARU,JL. TAMAN RADIO DALAM VII,Gandaria Utara,12140.0,Imputed_Success
JAKARTA SELATAN,KEBAYORAN BARU,JL. TAMAN RADIO DALAM VIII,Gandaria Utara,12140.0,Imputed_Success
JAKARTA SELATAN,KEBAYORAN BARU,JL. TAROGONG,,,Not_Found
JAKARTA SELATAN,KEBAYORAN BARU,JL. TEBAH,Gunung,12120.0,OSM_Success
JAKARTA SELATAN,KEBAYORAN BARU,JL. TEBAH II,Gunung,12120.0,OSM_Success
JAKARTA SELATAN,KEBAYORAN BARU,JL. TEBAH III,Gunung,12120.0,OSM_Success
JAKARTA SELATAN,KEBAYORAN BARU,JL. TEBAH IV,Gunung,12120.0,OSM_Success
JAKARTA SELATAN,KEBAYORAN BARU,JL. TEBAH RAYA,Gunung,12120.0,OSM_Success
JAKARTA SELATAN,KEBAYORAN BARU,JL. TEBAH V,Gunung,12120.0,OSM_Success
JAKARTA SELATAN,KEBAYORAN BARU,JL. TEBAH VI,Gunung,12120.0,Imputed_Success
JAKARTA SELATAN,KEBAYORAN BARU,JL. TIRTAYASA,Melawai,12170.0,OSM_Success
JAKARTA SELATAN,KEBAYORAN BARU,JL. TRUNOJOY0,,,Not_Found
JAKARTA SELATAN,KEBAYORAN BARU,JL. TULODONG ATAS,Senayan,12190.0,OSM_Success
JAKARTA SELATAN,KEBAYORAN BARU,JL. TULODONG BAWAH,Selong,12190.0,OSM_Success
JAKARTA SELATAN,KEBAYORAN BARU,JL. WIDYA CHANDRA,Senayan,12190.0,OSM_Success
JAKARTA SELATAN,KEBAYORAN BARU,JL. WIJAYA CHANDRA,,,Not_Found
JAKARTA SELATAN,KEBAYORAN BARU,JL. WIJAYA,Melawai,12160.0,OSM_Success
JAKARTA SELATAN,KEBAYORAN BARU,JL. WIJAYA II,Pulo,12160.0,OSM_Success
JAKARTA SELATAN,KEBAYORAN BARU,JL. WIJAYA III,Petogogan,12170.0,OSM_Success
JAKARTA SELATAN,KEBAYORAN BARU,JL. WIJAYA IV,Melawai,12160.0,OSM_Success
JAKARTA SELATAN,KEBAYORAN BARU,JL. WIJAYA IX,Melawai,12160.0,OSM_Success
JAKARTA SELATAN,KEBAYORAN BARU,JL. WIJAYA RAYA,Petogogan,12710.0,OSM_Success
JAKARTA SELATAN,KEBAYORAN BARU,JL. WIJAYA V,Melawai,12160.0,OSM_Success
JAKARTA SELATAN,KEBAYORAN BARU,JL. WIJAYA VI,Petogogan,12170.0,OSM_Success
JAKARTA SELATAN,KEBAYORAN BARU,JL. WIJAYA VII,Melawai,12160.0,OSM_Success
JAKARTA SELATAN,KEBAYORAN BARU,JL. WIJAYA VIII,Melawai,12160.0,OSM_Success
JAKARTA SELATAN,KEBAYORAN BARU,JL. WIJAYA X,Melawai,12160.0,OSM_Success
JAKARTA SELATAN,KEBAYORAN BARU,JL. WIJAYA XI,Melawai,12160.0,OSM_Success
JAKARTA SELATAN,KEBAYORAN BARU,JL. WIJAYA XII,Melawai,12160.0,OSM_Success
JAKARTA SELATAN,KEBAYORAN BARU,JL. WIJAYA XIII,Melawai,12160.0,OSM_Success
JAKARTA SELATAN,KEBAYORAN BARU,JL. WIJAYA XIV,Melawai,12160.0,OSM_Success
JAKARTA SELATAN,KEBAYORAN BARU,JL. WIJAYA XV,Melawai,12160.0,OSM_Success
JAKARTA SELATAN,KEBAYORAN BARU,JL. WIJAYA XVI,Melawai,12160.0,OSM_Success
JAKARTA SELATAN,KEBAYORAN BARU,JL. WOLTER MONGONSIDI,,,Not_Found
JAKARTA SELATAN,KEBAYORAN BARU,JL. YADO,Gandaria Utara,12140.0,OSM_Success
JAKARTA SELATAN,KEBAYORAN BARU,JL. RS. FATMAWATI,Cipete Utara,12420.0,OSM_Success
JAKARTA SELATAN,KEBAYORAN BARU,JL. HAJI NAWI,Gunung,12120.0,OSM_Success
JAKARTA SELATAN,KEBAYORAN BARU,JL. PANGERAN ANTASARI,Cipete Utara,12410.0,OSM_Success
JAKARTA SELATAN,KEBAYORAN BARU,JL. MARTIMBANG,Gunung,12120.0,OSM_Success
JAKARTA SELATAN,KEBAYORAN BARU,JL. KH. M. SYAFI'I HADZAMI/GANDARIA,,,Not_Found
JAKARTA SELATAN,KEBAYORAN BARU,JL. MATARAM,Selong,12180.0,OSM_Success
JAKARTA SELATAN,KEBAYORAN BARU,JL. PERCETAKAN,Kramat Pela,12140.0,OSM_Success
JAKARTA SELATAN,KEBAYORAN BARU,JL. RADIO,Kramat Pela,12140.0,OSM_Success
JAKARTA SELATAN,KEBAYORAN BARU,JL. RADIO II,Kramat Pela,12140.0,OSM_Success
JAKARTA SELATAN,KEBAYORAN BARU,JL. RADIO III,Gandaria Utara,12140.0,OSM_Success
JAKARTA SELATAN,KEBAYORAN BARU,JL. RADIO IV,Kramat Pela,12130.0,OSM_Success
JAKARTA SELATAN,KEBAYORAN BARU,JL. RADIO V,Kramat Pela,12140.0,OSM_Success
JAKARTA SELATAN,KEBAYORAN BARU,JL. OPHIR,Gunung,12120.0,OSM_Success
JAKARTA SELATAN,KEBAYORAN BARU,JL. WIJAYA TIMUR,Petogogan,12170.0,OSM_Success
JAKARTA SELATAN,KEBAYORAN BARU,JL. SRIWIJAYA,Selong,12180.0,OSM_Success
JAKARTA SELATAN,SETIABUDI,JL. ANGGARAN DANAMON,,,Not_Found
JAKARTA SELATAN,SETIABUDI,JL. BEK MURAD,Karet,12910.0,OSM_Success
JAKARTA SELATAN,SETIABUDI,JL. BOGOR LAMA,,,Not_Found
JAKARTA SELATAN,SETIABUDI,JL. CASABLANCA,Kuningan Timur,15920.0,OSM_Success
JAKARTA SELATAN,SETIABUDI,JL. DENPASAR RAYA,Kuningan Timur,15920.0,OSM_Success
JAKARTA SELATAN,SETIABUDI,JL. DR. SAHARDJO,,,Not_Found
JAKARTA SELATAN,SETIABUDI,JL. GARNISUN,Karet Semanggi,12930.0,OSM_Success
JAKARTA SELATAN,SETIABUDI,JL. GEMBIRA,Guntur,12980.0,OSM_Success
JAKARTA SELATAN,SETIABUDI,JL. GUNTUR,Guntur,12980.0,OSM_Success
JAKARTA SELATAN,SETIABUDI,JL. GURU MUGNI,,,Not_Found
JAKARTA SELATAN,SETIABUDI,JL. H. CUKONG,,,Not_Found
JAKARTA SELATAN,SETIABUDI,JL. H. SAILIN,,,Not_Found
JAKARTA SELATAN,SETIABUDI,JL. HR. RASUNA SAID,,,Not_Found
JAKARTA SELATAN,SETIABUDI,JL. JEND. GATOT SUBROTO,,,Not_Found
JAKARTA SELATAN,SETIABUDI,JL. JEND. SUDIRMAN,,,Not_Found
JAKARTA SELATAN,SETIABUDI,JL. KARANG ASEM RAYA,Setiabudi,15920.0,OSM_Success
JAKARTA SELATAN,SETIABUDI,JL. KARBELA,Karet,12910.0,OSM_Success
JAKARTA SELATAN,SETIABUDI,JL. KARET CASABLANCA,,,Not_Found
JAKARTA SELATAN,SETIABUDI,JL. KARET DEPAN,,,Not_Found
JAKARTA SELATAN,SETIABUDI,JL. KARET KOMANDO RAYA,,,Not_Found
JAKARTA SELATAN,SETIABUDI,JL. KARET KUNINGAN,Karet Kuningan,,OSM_Success
JAKARTA SELATAN,SETIABUDI,JL. KARET PASAR,,,Not_Found
JAKARTA SELATAN,SETIABUDI,JL. KARET RAYA,Karet,12910.0,OSM_Success
JAKARTA SELATAN,SETIABUDI,JL. KARET SAWAH,Karet Semanggi,12930.0,OSM_Success
JAKARTA SELATAN,SETIABUDI,JL. KAVLING POLRI,,,Not_Found
JAKARTA SELATAN,SETIABUDI,JL. KAWASAN MEGA KUNINGAN,,,Not_Found
JAKARTA SELATAN,SETIABUDI,JL. KAWI,Guntur,12980.0,OSM_Success
JAKARTA SELATAN,SETIABUDI,JL. KUNINGAN BARAT,Kuningan Timur,12950.0,OSM_Success
JAKARTA SELATAN,SETIABUDI,JL. KUNINGAN MADYA,Guntur,12980.0,OSM_Success
JAKARTA SELATAN,SETIABUDI,JL. KUNINGAN TERUSAN,Kuningan Timur,17431.0,OSM_Success
JAKARTA SELATAN,SETIABUDI,JL. KUNINGAN UTAMA,Guntur,12980.0,OSM_Success
JAKARTA SELATAN,SETIABUDI,JL. MENTENG ATAS SELATAN,Menteng Atas,,OSM_Success
JAKARTA SELATAN,SETIABUDI,JL. MENTENG PULO,Menteng Dalam,12960.0,OSM_Success
JAKARTA SELATAN,SETIABUDI,JL. MENTENG WADAS,Setiabudi,12970.0,OSM_Success
JAKARTA SELATAN,SETIABUDI,JL. MERAK,,,Not_Found
JAKARTA SELATAN,SETIABUDI,JL. MESJID,,,Not_Found
JAKARTA SELATAN,SETIABUDI,JL. MINANGKABAU,Pasar Manggis,12970.0,OSM_Success
JAKARTA SELATAN,SETIABUDI,JL. MINANGKABAU DALAM,Menteng Atas,12970.0,OSM_Success
JAKARTA SELATAN,SETIABUDI,JL. MURIA,Pasar Manggis,12970.0,OSM_Success
JAKARTA SELATAN,SETIABUDI,JL. PARIAMAN,Pasar Manggis,12850.0,OSM_Success
JAKARTA SELATAN,SETIABUDI,JL. PATRA KUNINGAN,Kuningan Timur,15920.0,OSM_Success
JAKARTA SELATAN,SETIABUDI,JL. PEDURENAN,Karet Kuningan,12920.0,OSM_Success
JAKARTA SELATAN,SETIABUDI,JL. PERBANAS,Karet Kuningan,12940.0,OSM_Success
JAKARTA SELATAN,SETIABUDI,JL. PKW. DR. SATRIO,,,Not_Found
JAKARTA SELATAN,SETIABUDI,JL. RS. MATA AINI,,,Not_Found
JAKARTA SELATAN,SETIABUDI,JL. SALAK,Guntur,12980.0,OSM_Success
JAKARTA SELATAN,SETIABUDI,JL. SETIA BUDI,Karet,12910.0,OSM_Success
JAKARTA SELATAN,SETIABUDI,JL. SETIA BUDI RAYA BARAT,,,Not_Found
JAKARTA SELATAN,SETIABUDI,JL. SULTAN AGUNG,Setiabudi,12850.0,OSM_Success
JAKARTA SELATAN,SETIABUDI,JL. TAMAN RASUNA,Menteng Atas,12960.0,OSM_Success
JAKARTA SELATAN,SETIABUDI,JL. TAMAN SETIABUDI,Setiabudi,12910.0,OSM_Success
JAKARTA SELATAN,SETIABUDI,JL. SETIA BUDI SELATAN,Karet,12910.0,OSM_Success
JAKARTA SELATAN,SETIABUDI,JL. SETIA BUDI UTARA,,,Not_Found
JAKARTA SELATAN,SETIABUDI,JL. SETIA BUDI TENGAH,,,Not_Found
JAKARTA SELATAN,SETIABUDI,JL. SETIA BUDI TIMUR,,,Not_Found
JAKARTA SELATAN,SETIABUDI,JL. PERINTIS,Karet,12910.0,OSM_Success
JAKARTA SELATAN,SETIABUDI,JL. ANGGREK,Karet Kuningan,12910.0,OSM_Success
JAKARTA SELATAN,TEBET,JL. AL BARKAH,Manggarai Selatan,12860.0,OSM_Success
JAKARTA SELATAN,TEBET,JL. ALBARKAH,,,Not_Found
JAKARTA SELATAN,TEBET,JL. ASEM BARIS,Kebon Baru,12830.0,OSM_Success
JAKARTA SELATAN,TEBET,JL. BANK INDONESIA,,,Not_Found
JAKARTA SELATAN,TEBET,JL. BUKIT DURI,Bukit Duri,12840.0,OSM_Success
JAKARTA SELATAN,TEBET,JL. BUKIT DURI BARAT,Tebet Timur,12840.0,OSM_Success
JAKARTA SELATAN,TEBET,JL. BUKIT DURI SELATAN,Bukit Duri,12840.0,OSM_Success
JAKARTA SELATAN,TEBET,JL. BUKIT DURI TANJAKAN,,,Not_Found
JAKARTA SELATAN,TEBET,JL. BUKIT DURI UTARA,Tebet Timur,12840.0,OSM_Success
JAKARTA SELATAN,TEBET,JL. CASABLANCA,Menteng Dalam,12870.0,OSM_Success
JAKARTA SELATAN,TEBET,JL. DEPOSITO,Menteng Dalam,12870.0,OSM_Success
JAKARTA SELATAN,TEBET,JL. DR. SAHARDJO,,,Not_Found
JAKARTA SELATAN,TEBET,JL. GUDANG PELURU,Kebon Baru,12830.0,OSM_Success
JAKARTA SELATAN,TEBET,JL. JAYA MANDALA RAYA,,,Not_Found
JAKARTA SELATAN,TEBET,JL. JEND. GATOT SUBROTO,,,Not_Found
JAKARTA SELATAN,TEBET,JL. JEND. MT. HARYONO,,,Not_Found
JAKARTA SELATAN,TEBET,JL. KAMPUNG MELAYU BESAR,Kebon Baru,12830.0,OSM_Success
JAKARTA SELATAN,TEBET,JL. KAMPUNG MELAYU KECIL,Bukit Duri,13320.0,OSM_Success
JAKARTA SELATAN,TEBET,JL. KEPODANG,Manggarai,12860.0,OSM_Success
JAKARTA SELATAN,TEBET,JL. KH. ABDULLAH SYAFEI/LAP ROOS,,,Not_Found
JAKARTA SELATAN,TEBET,JL. MANGGARAI SELATAN,Manggarai Selatan,12860.0,OSM_Success
JAKARTA SELATAN,TEBET,JL. MANGGARAI SELATAN,Manggarai Selatan,12860.0,OSM_Success
JAKARTA SELATAN,TEBET,JL. MANGGARAI SELATAN II,Manggarai Selatan,12860.0,Imputed_Success
JAKARTA SELATAN,TEBET,JL. MANGGARAI UTARA,Tebet Timur,12840.0,OSM_Success
JAKARTA SELATAN,TEBET,JL. MANGGARAI UTARA II,Tebet Timur,12840.0,Imputed_Success
JAKARTA SELATAN,TEBET,JL. MANGGARAI UTARA IV,Tebet Timur,12840.0,Imputed_Success
JAKARTA SELATAN,TEBET,JL. MANGGARAI UTARA VI,Tebet Timur,12840.0,Imputed_Success
JAKARTA SELATAN,TEBET,JL. MANGGIS,Manggarai Selatan,12860.0,OSM_Success
JAKARTA SELATAN,TEBET,JL. PAL BATU,Menteng Dalam,12870.0,OSM_Success
JAKARTA SELATAN,TEBET,JL. PROF. DR. SUPOMO,,,Not_Found
JAKARTA SELATAN,TEBET,JL. RASAMALA,Menteng Dalam,12870.0,OSM_Success
JAKARTA SELATAN,TEBET,JL. SAWO,Bukit Duri,12840.0,OSM_Success
JAKARTA SELATAN,TEBET,JL. SWADAYA,Kebon Baru,13330.0,OSM_Success
JAKARTA SELATAN,TEBET,JL. TAMAN TEBET,Bukit Duri,13110.0,OSM_Success
JAKARTA SELATAN,TEBET,JL. TEBET BARAT,Tebet Barat,12810.0,OSM_Success
JAKARTA SELATAN,TEBET,JL. TEBET BARAT DALAM,Tebet Barat,12810.0,OSM_Success
JAKARTA SELATAN,TEBET,JL. TEBET BARAT DALAM,Tebet Barat,12810.0,OSM_Success
JAKARTA SELATAN,TEBET,JL. TEBET BARAT DALAM II,Tebet Barat,12810.0,Imputed_Success
JAKARTA SELATAN,TEBET,JL. TEBET BARAT DALAM III,Tebet Barat,12810.0,Imputed_Success
JAKARTA SELATAN,TEBET,JL. TEBET BARAT DALAM IV,Tebet Barat,12810.0,Imputed_Success
JAKARTA SELATAN,TEBET,JL. TEBET BARAT DALAM V,Tebet Barat,12810.0,Imputed_Success
JAKARTA SELATAN,TEBET,JL. TEBET BARAT DALAM VI,Tebet Barat,12810.0,Imputed_Success
JAKARTA SELATAN,TEBET,JL. TEBET BARAT DALAM VII,Tebet Barat,12810.0,Imputed_Success
JAKARTA SELATAN,TEBET,JL. TEBET BARAT DALAM VIII,Tebet Barat,12810.0,Imputed_Success
JAKARTA SELATAN,TEBET,JL. TEBET BARAT,Tebet Barat,12810.0,OSM_Success
JAKARTA SELATAN,TEBET,JL. TEBET BARAT II,Tebet Barat,12810.0,Imputed_Success
JAKARTA SELATAN,TEBET,JL. TEBET BARAT III,Tebet Barat,12810.0,Imputed_Success
JAKARTA SELATAN,TEBET,JL. TEBET BARAT IV,Tebet Barat,12810.0,Imputed_Success
JAKARTA SELATAN,TEBET,JL. TEBET BARAT IX,Tebet Barat,12810.0,Imputed_Success
JAKARTA SELATAN,TEBET,JL. TEBET BARAT RAYA,Tebet Barat,12810.0,OSM_Success
JAKARTA SELATAN,TEBET,JL. TEBET BARAT V,Tebet Barat,12810.0,Imputed_Success
JAKARTA SELATAN,TEBET,JL. TEBET BARAT VI,Tebet Barat,12810.0,Imputed_Success
JAKARTA SELATAN,TEBET,JL. TEBET BARAT VII,Tebet Barat,12810.0,Imputed_Success
JAKARTA SELATAN,TEBET,JL. TEBET BARAT VIII,Tebet Barat,12810.0,Imputed_Success
JAKARTA SELATAN,TEBET,JL. TEBET DALAM,Tebet Timur,12840.0,OSM_Success
JAKARTA SELATAN,TEBET,JL. TEBET RAYA,Tebet Timur,12840.0,OSM_Success
JAKARTA SELATAN,TEBET,JL. TEBET TIMUR,Tebet Timur,12840.0,OSM_Success
JAKARTA SELATAN,TEBET,JL. TEBET TIMUR DALAM II,,,Not_Found
JAKARTA SELATAN,TEBET,JL. TEBET TIMUR DALAM RAYA,Tebet Timur,12840.0,OSM_Success
JAKARTA SELATAN,TEBET,JL. TEBET UTARA DALAM,Tebet Timur,12840.0,OSM_Success
JAKARTA SELATAN,TEBET,JL. TEBET UTARA,Tebet Timur,12840.0,OSM_Success
JAKARTA SELATAN,TEBET,JL. TEBET UTARA II,Tebet Timur,12840.0,Imputed_Success
JAKARTA SELATAN,TEBET,JL. TEBET UTARA RAYA,Tebet Timur,12840.0,OSM_Success
JAKARTA SELATAN,TEBET,JL. PERSADA,Menteng Dalam,12870.0,OSM_Success
JAKARTA SELATAN,TEBET,JL. RAMLI,Menteng Dalam,12870.0,OSM_Success
JAKARTA SELATAN,TEBET,JL. TEBET TIMUR DALAM XI,,,Not_Found
JAKARTA SELATAN,TEBET,JL. DUKUH PATRA,Menteng Dalam,12870.0,OSM_Success
JAKARTA SELATAN,TEBET,JL. MENTENG PULO,Menteng Dalam,12960.0,OSM_Success
JAKARTA TIMUR,PASAR REBO,JL. BELLY,Pekayon,13840.0,OSM_Success
JAKARTA TIMUR,PASAR REBO,JL. BERINGIN RAYA,Gedong,13670.0,OSM_Success
JAKARTA TIMUR,PASAR REBO,JL. CONDET TENGAH,,,Not_Found
JAKARTA TIMUR,PASAR REBO,JL. DWIKORA,,,Not_Found
JAKARTA TIMUR,PASAR REBO,JL. GANDARIA RAYA,Pekayon,16951.0,OSM_Success
JAKARTA TIMUR,PASAR REBO,JL. GONGSENG RAYA,Cijantung,13790.0,OSM_Success
JAKARTA TIMUR,PASAR REBO,JL. H TAIMAN,,,Not_Found
JAKARTA TIMUR,PASAR REBO,JL. H. HASAN,,,Not_Found
JAKARTA TIMUR,PASAR REBO,JL. INPRES/KAMP. TENGAH,,,Not_Found
JAKARTA TIMUR,PASAR REBO,JL. JATI,Gedong,13770.0,OSM_Success
JAKARTA TIMUR,PASAR REBO,JL. KALISARI II,Kalisari,13790.0,OSM_Success
JAKARTA TIMUR,PASAR REBO,JL. KALISARI III,Kalisari,13790.0,OSM_Success
JAKARTA TIMUR,PASAR REBO,JL. KALISARI RAYA,Kalisari,13790.0,OSM_Success
JAKARTA TIMUR,PASAR REBO,JL. KESEHATAN,Pasar Rebo,13760.0,OSM_Success
JAKARTA TIMUR,PASAR REBO,JL. KIWI PKP,,,Not_Found
JAKARTA TIMUR,PASAR REBO,JL. LAPAN PEKAYON,Pekayon,,OSM_Success
JAKARTA TIMUR,PASAR REBO,JL. LAPANGAN TEMBAK CIBUBUR,Pekayon,13730.0,OSM_Success
JAKARTA TIMUR,PASAR REBO,JL. MADRASAH,Pekayon,13790.0,OSM_Success
JAKARTA TIMUR,PASAR REBO,JL. PEKAYON,Pekayon,,OSM_Success
JAKARTA TIMUR,PASAR REBO,JL. PENDIDIKAN,Pekayon,13790.0,OSM_Success
JAKARTA TIMUR,PASAR REBO,JL. PENDIDIKAN,Pekayon,13790.0,OSM_Success
JAKARTA TIMUR,PASAR REBO,JL. PENDIDIKAN III CIJANTUNG,,,Not_Found
JAKARTA TIMUR,PASAR REBO,JL. PERTENGAHAN,Cijantung,13790.0,OSM_Success
JAKARTA TIMUR,PASAR REBO,JL. PUSKESMAS KALISARI,Kalisari,13790.0,OSM_Success
JAKARTA TIMUR,PASAR REBO,JL. RA. FADILAH,,,Not_Found
JAKARTA TIMUR,PASAR REBO,JL. RASAMALA,Pasar Rebo,13770.0,OSM_Success
JAKARTA TIMUR,PASAR REBO,JL. RAYA BOGOR,Cijantung,13840.0,OSM_Success
JAKARTA TIMUR,PASAR REBO,JL. RAYA CIJANTUNG,Cijantung,13770.0,OSM_Success
JAKARTA TIMUR,PASAR REBO,JL. RAYA TENGAH,Gedong,13760.0,OSM_Success
JAKARTA TIMUR,PASAR REBO,JL. TB. SIMATUPANG/TOL TMII,,,Not_Found
JAKARTA TIMUR,PASAR REBO,JL. TRIKORA,Gedong,13670.0,OSM_Success
JAKARTA TIMUR,PASAR REBO,JL. TRIKORA II,Gedong,13670.0,OSM_Success
JAKARTA TIMUR,PASAR REBO,JL. TRIKORA III,Gedong,13670.0,OSM_Success
JAKARTA TIMUR,PASAR REBO,JL. PONDOK BARU,Cijantung,13790.0,OSM_Success
JAKARTA TIMUR,PASAR REBO,JL. BENDERA,Cijantung,13790.0,OSM_Success
JAKARTA TIMUR,PASAR REBO,JL. BENGRAH,Cijantung,13770.0,OSM_Success
JAKARTA TIMUR,PASAR REBO,JL. LEBAK PARA,Cijantung,13770.0,OSM_Success
JAKARTA TIMUR,PASAR REBO,JL. MASJID,Gedong,13760.0,OSM_Success
JAKARTA TIMUR,PASAR REBO,JL. WARU,Gedong,13760.0,OSM_Success
JAKARTA TIMUR,PASAR REBO,JL. RAYA CONDET,Gedong,13760.0,OSM_Success
JAKARTA TIMUR,PASAR REBO,JL. TAT TWAM ASI,Gedong,13670.0,OSM_Success
JAKARTA TIMUR,PASAR REBO,JL. BALAI RAKYAT,Gedong,13760.0,OSM_Success
JAKARTA TIMUR,PASAR REBO,JL. KAYU MANIS,Bale Kambang,13530.0,OSM_Success
JAKARTA TIMUR,PASAR REBO,JL. PESONA KALISARI,Kalisari,13790.0,OSM_Success
JAKARTA TIMUR,PASAR REBO,JL. INTISARI RAYA,Kalisari,13790.0,OSM_Success
JAKARTA TIMUR,PASAR REBO,JL. JAHA,Pasar Rebo,13790.0,OSM_Success
JAKARTA TIMUR,PASAR REBO,JL. SMU 98,Kalisari,13790.0,OSM_Success
JAKARTA TIMUR,PASAR REBO,JL. LESTARI,Kalisari,13790.0,OSM_Success
JAKARTA TIMUR,PASAR REBO,JL. KENANGA,Kalisari,13790.0,OSM_Success
JAKARTA TIMUR,PASAR REBO,JL. BBIK,,,Not_Found
JAKARTA TIMUR,PASAR REBO,JL. TIPAR,Pekayon,13730.0,OSM_Success
JAKARTA TIMUR,PASAR REBO,JL. BUAH,Cijantung,13790.0,OSM_Success
JAKARTA TIMUR,PASAR REBO,JL. TELAGA,Pekayon,16951.0,OSM_Success
JAKARTA TIMUR,CIRACAS,JL. ABDUL RAHMAN,Cibubur,13720.0,OSM_Success
JAKARTA TIMUR,CIRACAS,JL. BLOK DUKUH,,,Not_Found
JAKARTA TIMUR,CIRACAS,JL. BULAK RINGIN,Cibubur,13730.0,OSM_Success
JAKARTA TIMUR,CIRACAS,JL. BUNGUR,Rambutan,13740.0,OSM_Success
JAKARTA TIMUR,CIRACAS,JL. CENTEX,Ciracas,13740.0,OSM_Success
JAKARTA TIMUR,CIRACAS,JL. CIBUBUR,Cibubur,,OSM_Success
JAKARTA TIMUR,CIRACAS,JL. CIBUBUR II,Cibubur,13730.0,OSM_Success
JAKARTA TIMUR,CIRACAS,JL. CIBUBUR INDAH,Kelapa Dua Wetan,,OSM_Success
JAKARTA TIMUR,CIRACAS,JL. CIRACAS RAYA,Ciracas,13840.0,OSM_Success
JAKARTA TIMUR,CIRACAS,JL. H. JUSIN,,,Not_Found
JAKARTA TIMUR,CIRACAS,JL. HAJI BAPING,Ciracas,13740.0,OSM_Success
JAKARTA TIMUR,CIRACAS,JL. JAMBORE RAYA,Cibubur,13720.0,OSM_Success
JAKARTA TIMUR,CIRACAS,JL. KAMPUNG JATI,Rambutan,13830.0,OSM_Success
JAKARTA TIMUR,CIRACAS,JL. KARYA BAKTI,Ciracas,13830.0,OSM_Success
JAKARTA TIMUR,CIRACAS,JL. KELAPA DUA WETAN,Kelapa Dua Wetan,,OSM_Success
JAKARTA TIMUR,CIRACAS,JL. KIWI RAYA,Cibubur,13730.0,OSM_Success
JAKARTA TIMUR,CIRACAS,JL. LAPANGAN TEMBAK CIBUBUR,Cibubur,13730.0,OSM_Success
JAKARTA TIMUR,CIRACAS,JL. LINGKAR LUAR SELATAN,,,Not_Found
JAKARTA TIMUR,CIRACAS,JL. MAKMUR,Kelapa Dua Wetan,13850.0,OSM_Success
JAKARTA TIMUR,CIRACAS,JL. MANUNGGAL,Cibubur,13730.0,OSM_Success
JAKARTA TIMUR,CIRACAS,JL. MASJID,Ciracas,13840.0,OSM_Success
JAKARTA TIMUR,CIRACAS,JL. MUALIM,Cibubur,13720.0,OSM_Success
JAKARTA TIMUR,CIRACAS,JL. MUSTIKA RATU,Ciracas,,OSM_Success
JAKARTA TIMUR,CIRACAS,JL. NURUL HIDAYAH,Kelapa Dua Wetan,13730.0,OSM_Success
JAKARTA TIMUR,CIRACAS,JL. PENGANTEN ALI,Ciracas,13740.0,OSM_Success
JAKARTA TIMUR,CIRACAS,JL. PKP RAYA BOGOR,,,Not_Found
JAKARTA TIMUR,CIRACAS,JL. PONCOL CIRACAS RAYA,,,Not_Found
JAKARTA TIMUR,CIRACAS,JL. PULE,Ciracas,13740.0,OSM_Success
JAKARTA TIMUR,CIRACAS,JL. PUSDIKA,Cibubur,13720.0,OSM_Success
JAKARTA TIMUR,CIRACAS,JL. RADAR AURI,Cibubur,13720.0,OSM_Success
JAKARTA TIMUR,CIRACAS,JL. RAYA BOGOR,Susukan,13770.0,OSM_Success
JAKARTA TIMUR,CIRACAS,JL. SUCI,Susukan,13770.0,OSM_Success
JAKARTA TIMUR,CIRACAS,JL. TANAH MERDEKA,Ciracas,13740.0,OSM_Success
JAKARTA TIMUR,CIRACAS,JL. TARUNA JAYA,Cibubur,13720.0,OSM_Success
JAKARTA TIMUR,CIRACAS,JL. TB. SIMATUPANG/TOL TMII,,,Not_Found
JAKARTA TIMUR,CIRACAS,JL. TOL JAGORAWI,Ciracas,13820.0,OSM_Success
JAKARTA TIMUR,CIRACAS,JL. H. JENIH,,,Not_Found
JAKARTA TIMUR,CIRACAS,JL. H. MUHAYANG,,,Not_Found
JAKARTA TIMUR,CIRACAS,JL. KAMPUNG BARU,Kelapa Dua Wetan,13730.0,OSM_Success
JAKARTA TIMUR,CIRACAS,JL. CIBUBUR VIII,Cibubur,13720.0,OSM_Success
JAKARTA TIMUR,CIRACAS,JL. CIBUBUR VII,Cibubur,13720.0,OSM_Success
JAKARTA TIMUR,CIRACAS,JL. CIBUBUR VI,Cibubur,13720.0,OSM_Success
JAKARTA TIMUR,CIRACAS,JL. DAMAI,Kelapa Dua Wetan,13730.0,OSM_Success
JAKARTA TIMUR,CIRACAS,JL. SUBUR,Susukan,13740.0,OSM_Success
JAKARTA TIMUR,CIRACAS,JL. USMAN NAIN,,,Not_Found
JAKARTA TIMUR,CIRACAS,JL. MASJID AT TAUFIK,,,Not_Found
JAKARTA TIMUR,CIPAYUNG,JL. AL - BAIDHO,Lubang Buaya,13810.0,OSM_Success
JAKARTA TIMUR,CIPAYUNG,JL. BAMBU APUS RAYA,Bambu Apus,13890.0,OSM_Success
JAKARTA TIMUR,CIPAYUNG,JL. BAMBU KUNING,Pondok Ranggon,,OSM_Success
JAKARTA TIMUR,CIPAYUNG,JL. BINA MARGA,Ceger,13820.0,OSM_Success
JAKARTA TIMUR,CIPAYUNG,JL. BUMI PERKEMAHAN CIBUBUR,,,Not_Found
JAKARTA TIMUR,CIPAYUNG,JL. CEGER RAYA,Ceger,13820.0,OSM_Success
JAKARTA TIMUR,CIPAYUNG,JL. CILANGKAP RAYA,Cilangkap,13870.0,OSM_Success
JAKARTA TIMUR,CIPAYUNG,JL. CIPAYUNG RAYA,Cipayung,13870.0,OSM_Success
JAKARTA TIMUR,CIPAYUNG,JL. GEMPOL,Bambu Apus,13890.0,OSM_Success
JAKARTA TIMUR,CIPAYUNG,JL. HANKAM,Ceger,13820.0,OSM_Success
JAKARTA TIMUR,CIPAYUNG,JL. KOMPLEK TMII,,,Not_Found
JAKARTA TIMUR,CIPAYUNG,JL. LINGKAR LUAR TOL CIBUBUR,,,Not_Found
JAKARTA TIMUR,CIPAYUNG,JL. LUBANG BUAYA,Lubang Buaya,13810.0,OSM_Success
JAKARTA TIMUR,CIPAYUNG,JL. MABES HANKAM,Bambu Apus,13890.0,OSM_Success
JAKARTA TIMUR,CIPAYUNG,JL. MALAKA RAYA,Munjul,13850.0,OSM_Success
JAKARTA TIMUR,CIPAYUNG,JL. MUNJUL RAYA,Munjul,13850.0,OSM_Success
JAKARTA TIMUR,CIPAYUNG,JL. PAGELARANG,Setu,17414.0,OSM_Success
JAKARTA TIMUR,CIPAYUNG,JL. PANCASILA SAKTI,,,Not_Found
JAKARTA TIMUR,CIPAYUNG,JL. PINTU •TMII,Lubang Buaya,13560.0,OSM_Success
JAKARTA TIMUR,CIPAYUNG,JL. PINTU TMII II,,,Not_Found
JAKARTA TIMUR,CIPAYUNG,JL. PONDOK GEDE RAYA,Lubang Buaya,13810.0,OSM_Success
JAKARTA TIMUR,CIPAYUNG,JL. PONDOK RANGON,,,Not_Found
JAKARTA TIMUR,CIPAYUNG,JL. SETU,Setu,13880.0,OSM_Success
JAKARTA TIMUR,CIPAYUNG,JL. TMII,Cipayung,,OSM_Success
JAKARTA TIMUR,CIPAYUNG,JL. TOL JAGORAWI,Ceger,13830.0,OSM_Success
JAKARTA TIMUR,CIPAYUNG,JL. CILANGKAP BARU,Pondok Ranggon,13850.0,OSM_Success
JAKARTA TIMUR,CIPAYUNG,JL. BUNI,Munjul,13870.0,OSM_Success
JAKARTA TIMUR,CIPAYUNG,JL. ASSYAFIIYAH,,,Not_Found
JAKARTA TIMUR,CIPAYUNG,JL. RAWA BINONG,Lubang Buaya,13810.0,OSM_Success
JAKARTA TIMUR,CIPAYUNG,JL. SWADAYA PD. RANGGON,,,Not_Found
JAKARTA TIMUR,CIPAYUNG,JL. TERUSAN MABES HANKAM,Setu,13880.0,OSM_Success
JAKARTA TIMUR,CIPAYUNG,JL. BANTAR JATI,Cipayung,13880.0,OSM_Success
JAKARTA TIMUR,KRAMAT JATI,JL. BATU AMPAR,Batu Ampar,,OSM_Success
JAKARTA TIMUR,KRAMAT JATI,JL. BATU AMPAR,Batu Ampar,,OSM_Success
JAKARTA TIMUR,KRAMAT JATI,JL. BATU AMPAR II,Batu Ampar,,Imputed_Success
JAKARTA TIMUR,KRAMAT JATI,JL. BATU AMPAR III,Batu Ampar,,Imputed_Success
JAKARTA TIMUR,KRAMAT JATI,JL. BULAK RANTAI,Tengah,13540.0,OSM_Success
JAKARTA TIMUR,KRAMAT JATI,JL. CILILITAN BESAR,Cililitan,13640.0,OSM_Success
JAKARTA TIMUR,KRAMAT JATI,JL. CILIWUNG,Cililitan,13520.0,OSM_Success
JAKARTA TIMUR,KRAMAT JATI,JL. DEWI SARTIKA,Cawang,13340.0,OSM_Success
JAKARTA TIMUR,KRAMAT JATI,JL. DUKUH,Dukuh,13550.0,OSM_Success
JAKARTA TIMUR,KRAMAT JATI,JL. DUKUH II,Dukuh,13550.0,Imputed_Success
JAKARTA TIMUR,KRAMAT JATI,JL. DUKUH III,Dukuh,13550.0,OSM_Success
JAKARTA TIMUR,KRAMAT JATI,JL. GARDU,Bale Kambang,13530.0,OSM_Success
JAKARTA TIMUR,KRAMAT JATI,JL. H TAIMAN,,,Not_Found
JAKARTA TIMUR,KRAMAT JATI,JL. INERBANG,Tengah,13540.0,OSM_Success
JAKARTA TIMUR,KRAMAT JATI,JL. INPRES/KAMP. TENGAH,,,Not_Found
JAKARTA TIMUR,KRAMAT JATI,JL. JEND. POL. RS SOEKAMTO,,,Not_Found
JAKARTA TIMUR,KRAMAT JATI,JL. KAMPUNG TENGAH,Tengah,13540.0,OSM_Success
JAKARTA TIMUR,KRAMAT JATI,JL. KOBER,Tengah,13540.0,OSM_Success
JAKARTA TIMUR,KRAMAT JATI,JL. LETJEN. MT. HARYONO,,,Not_Found
JAKARTA TIMUR,KRAMAT JATI,JL. MASJID AL-AMIN,,,Not_Found
JAKARTA TIMUR,KRAMAT JATI,JL. MAYJEN SUTOY0,,,Not_Found
JAKARTA TIMUR,KRAMAT JATI,JL. PONDOK GEDE RAYA,Dukuh,13560.0,OSM_Success
JAKARTA TIMUR,KRAMAT JATI,JL. RAYA BOGOR,Kramat Jati,13510.0,OSM_Success
JAKARTA TIMUR,KRAMAT JATI,JL. RAYA CONDET,Bale Kambang,13530.0,OSM_Success
JAKARTA TIMUR,KRAMAT JATI,JL. RAYA TENGAH,Tengah,13540.0,OSM_Success
JAKARTA TIMUR,KRAMAT JATI,JL. TOL JAGORAWI,Dukuh,13560.0,OSM_Success
JAKARTA TIMUR,KRAMAT JATI,JL. KAYU MANIS,Bale Kambang,13530.0,OSM_Success
JAKARTA TIMUR,KRAMAT JATI,JL. MUNGGANG,Bale Kambang,13530.0,OSM_Success
JAKARTA TIMUR,KRAMAT JATI,JL. MANUNGGAL IX,Bale Kambang,13530.0,OSM_Success
JAKARTA TIMUR,KRAMAT JATI,JL. PUCUNG,Bale Kambang,13530.0,OSM_Success
JAKARTA TIMUR,KRAMAT JATI,JL. AMD,Bale Kambang,13530.0,OSM_Success
JAKARTA TIMUR,KRAMAT JATI,JL. KERJA BAKTI,Kramat Jati,13570.0,OSM_Success
JAKARTA TIMUR,KRAMAT JATI,JL. DATO TONGGARA,Kramat Jati,13540.0,OSM_Success
JAKARTA TIMUR,KRAMAT JATI,JL. RAYA KALIBATA,,,Not_Found
JAKARTA TIMUR,KRAMAT JATI,JL. MANDALA V,Kramat Jati,13640.0,OSM_Success
JAKARTA TIMUR,KRAMAT JATI,JL. SMA 14,,,Not_Found
JAKARTA TIMUR,KRAMAT JATI,JL. CILILITAN KECII,,,Not_Found
JAKARTA TIMUR,KRAMAT JATI,JL. MASJID BENDUNGAN,Cawang,13630.0,OSM_Success
JAKARTA TIMUR,KRAMAT JATI,JL. H. ALI,,,Not_Found
JAKARTA TIMUR,KRAMAT JATI,JL. PENGGILINGAN BARU,Dukuh,13550.0,OSM_Success
JAKARTA TIMUR,KRAMAT JATI,JL. BATU AMPAR V,Batu Ampar,,Imputed_Success
JAKARTA TIMUR,KRAMAT JATI,JL. BUDAYA,Batu Ampar,13520.0,OSM_Success
JAKARTA TIMUR,KRAMAT JATI,JL. RS. POLRI,,,Not_Found
JAKARTA TIMUR,KRAMAT JATI,JL. BATU AMPAR IV,Batu Ampar,,Imputed_Success
JAKARTA TIMUR,KRAMAT JATI,JL. BUDI TANJUNG SANYANG,,,Not_Found
JAKARTA TIMUR,KRAMAT JATI,JL. DUKUH V,Dukuh,13550.0,OSM_Success
JAKARTA TIMUR,KRAMAT JATI,JL. JAANI NASIR,,,Not_Found
JAKARTA TIMUR,KRAMAT JATI,JL. KELAPA GADING V,Kramat Jati,13640.0,OSM_Success
JAKARTA TIMUR,KRAMAT JATI,JL. KWINI,Bale Kambang,13530.0,OSM_Success
JAKARTA TIMUR,KRAMAT JATI,JL. MASJID AL BARIYAH,,,Not_Found
JAKARTA TIMUR,KRAMAT JATI,JL. PETERNAKAN,,,Not_Found
JAKARTA TIMUR,KRAMAT JATI,JL. SALAK,Cawang,13630.0,OSM_Success
JAKARTA TIMUR,KRAMAT JATI,JL. SMP 126,Batu Ampar,13540.0,OSM_Success
JAKARTA TIMUR,MAKASAR,JL. CILILITAN BESAR,Makasar,13650.0,OSM_Success
JAKARTA TIMUR,MAKASAR,JL. HALIM PERDANA KUSUMA,Halim Perdana Kusuma,,OSM_Success
JAKARTA TIMUR,MAKASAR,JL. JATIWARINGIN,,,Not_Found
JAKARTA TIMUR,MAKASAR,JL. JEND. DI. PANJAITAN,,,Not_Found
JAKARTA TIMUR,MAKASAR,JL. KERJA BAKTI,Makasar,13570.0,OSM_Success
JAKARTA TIMUR,MAKASAR,JL. LAPANGAN GOLF HALIM PK,,,Not_Found
JAKARTA TIMUR,MAKASAR,JL. PERMATA,Kebon Pala,13240.0,OSM_Success
JAKARTA TIMUR,MAKASAR,JL. PINANG RANTI,Pinang Ranti,13560.0,OSM_Success
JAKARTA TIMUR,MAKASAR,JL. PINTU TMII II,,,Not_Found
JAKARTA TIMUR,MAKASAR,JL. PONDOK GEDE RAYA,Pinang Ranti,13560.0,OSM_Success
JAKARTA TIMUR,MAKASAR,JL. PUSDIKA,,,Not_Found
JAKARTA TIMUR,MAKASAR,JL. SELAWAH RAYA,,,Not_Found
JAKARTA TIMUR,MAKASAR,JL. SQUADRON,Makasar,13650.0,OSM_Success
JAKARTA TIMUR,MAKASAR,JL. TARUM BARAT,Cipinang Melayu,13430.0,OSM_Success
JAKARTA TIMUR,MAKASAR,JL. TMII,Pinang Ranti,13810.0,OSM_Success
JAKARTA TIMUR,MAKASAR,JL. TOL CIKAMPEK,Cipinang Melayu,17416.0,OSM_Success
JAKARTA TIMUR,MAKASAR,JL. TOL JAGORAWI,Pinang Ranti,13560.0,OSM_Success
JAKARTA TIMUR,MAKASAR,JL. MANUHUA RAYA HALIM,Halim Perdana Kusuma,13620.0,OSM_Success
JAKARTA TIMUR,MAKASAR,JL. KOMODOR HALIM PERDANA KUSUMA,Makasar,13240.0,OSM_Success
JAKARTA TIMUR,MAKASAR,JL. TRIKORA HALIM,Halim Perdana Kusuma,,OSM_Success
JAKARTA TIMUR,MAKASAR,JL. JENGKI,Kebon Pala,13240.0,OSM_Success
JAKARTA TIMUR,MAKASAR,JL. RAJAWALI HALIM,Halim Perdana Kusuma,,OSM_Success
JAKARTA TIMUR,MAKASAR,JL. ASEM NIRBAYA,Pinang Ranti,13560.0,OSM_Success
JAKARTA TIMUR,MAKASAR,JL. MERPATI KOMPTNI AU,,,Not_Found
JAKARTA TIMUR,MAKASAR,JL. TAMAN MINI I/PINTU MASUK I TMII,,,Not_Found
JAKARTA TIMUR,MAKASAR,JL. TOL BECAKAYU,Cipinang Melayu,13420.0,OSM_Success
JAKARTA TIMUR,MAKASAR,JL. KALIMALANG RAYA,Cipinang Cempedak,13340.0,OSM_Success
JAKARTA TIMUR,MAKASAR,JL. WIRAJASA / KOMP JAT1WARING IN PERMAI,,,Not_Found
JAKARTA TIMUR,MAKASAR,JL. HANG MAUNDO / KOMP CURUG INDAH,,,Not_Found
JAKARTA TIMUR,MAKASAR,JL. MERIAM / KOMP KODAM,,,Not_Found
JAKARTA TIMUR,MAKASAR,JL. PINANG RANT / PUSKESMAS,,,Not_Found
JAKARTA TIMUR,MAKASAR,JL. GELANGGANG REMAJA,Makasar,13570.0,OSM_Success
JAKARTA TIMUR,MAKASAR,JL. ANGKASA,Halim Perdana Kusuma,13240.0,OSM_Success
JAKARTA TIMUR,MAKASAR,JL. PERINDUSTRIAN,Makasar,13340.0,OSM_Success
JAKARTA TIMUR,MAKASAR,JL. MASJID DARUL KHAEROT,,,Not_Found
JAKARTA TIMUR,JATINEGARA,JL. ASURANSI,Cipinang Cempedak,13930.0,OSM_Success
JAKARTA TIMUR,JATINEGARA,JL. BASUKI RACHMAT,,,Not_Found
JAKARTA TIMUR,JATINEGARA,JL. BEKASI BARAT,Rawa Bunga,13350.0,OSM_Success
JAKARTA TIMUR,JATINEGARA,JL. BEKASI BARAT,Rawa Bunga,13350.0,OSM_Success
JAKARTA TIMUR,JATINEGARA,JL. BEKASI,Rawa Bunga,13350.0,OSM_Success
JAKARTA TIMUR,JATINEGARA,JL. BEKASI TIMUR,Rawa Bunga,13350.0,OSM_Success
JAKARTA TIMUR,JATINEGARA,JL. BEKASI TIMUR II,Rawa Bunga,13350.0,Imputed_Success
JAKARTA TIMUR,JATINEGARA,JL. BEKASI TIMUR III,Rawa Bunga,13350.0,Imputed_Success
JAKARTA TIMUR,JATINEGARA,JL. BEKASI TIMUR IV,Rawa Bunga,13350.0,Imputed_Success
JAKARTA TIMUR,JATINEGARA,JL. BEKASI TIMUR IX,Rawa Bunga,13350.0,Imputed_Success
JAKARTA TIMUR,JATINEGARA,JL. BEKASI TIMUR V,Rawa Bunga,13350.0,Imputed_Success
JAKARTA TIMUR,JATINEGARA,JL. BEKASI TIMUR VI,Rawa Bunga,13350.0,Imputed_Success
JAKARTA TIMUR,JATINEGARA,JL. BEKASI TIMUR VII,Rawa Bunga,13350.0,Imputed_Success
JAKARTA TIMUR,JATINEGARA,JL. BEKASI TIMUR VIII,Rawa Bunga,13350.0,Imputed_Success
JAKARTA TIMUR,JATINEGARA,JL. BIRU LAUT,Cipinang Cempedak,13340.0,OSM_Success
JAKARTA TIMUR,JATINEGARA,JL. CAWANG BARU,Cipinang Cempedak,13340.0,OSM_Success
JAKARTA TIMUR,JATINEGARA,JL. CAWANG BARU TENGAH,,,Not_Found
JAKARTA TIMUR,JATINEGARA,JL. CENGHAY,Rawa Bunga,13350.0,OSM_Success
JAKARTA TIMUR,JATINEGARA,JL. CIPINANG CEMPEDAK,Cipinang Cempedak,13930.0,OSM_Success
JAKARTA TIMUR,JATINEGARA,JL. CIPINANG ELOK,Jatinegara,13410.0,OSM_Success
JAKARTA TIMUR,JATINEGARA,JL. CIPINANG INDAH,Cipinang Muara,,OSM_Success
JAKARTA TIMUR,JATINEGARA,JL. CIPINANG JAYA,Cipinang Besar Utara,13410.0,OSM_Success
JAKARTA TIMUR,JATINEGARA,JL. CIPINANG JAYA,Cipinang Besar Utara,13410.0,OSM_Success
JAKARTA TIMUR,JATINEGARA,JL. CIPINANG JAYA II,Cipinang Besar Utara,13410.0,Imputed_Success
JAKARTA TIMUR,JATINEGARA,JL. CIPINANG MUARA,Jatinegara,13420.0,OSM_Success
JAKARTA TIMUR,JATINEGARA,JL. CIPINANG MUARA,Jatinegara,13420.0,OSM_Success
JAKARTA TIMUR,JATINEGARA,JL. CIPINANG MUARA II,Jatinegara,13420.0,Imputed_Success
JAKARTA TIMUR,JATINEGARA,JL. CIPINANG MUARA 111,Cipinang Muara,13420.0,OSM_Success
JAKARTA TIMUR,JATINEGARA,JL. CIPINANG RAYA,Cipinang Muara,13410.0,OSM_Success
JAKARTA TIMUR,JATINEGARA,JL. GRIYA WARTAWAN,Cipinang Besar Selatan,13420.0,OSM_Success
JAKARTA TIMUR,JATINEGARA,JL. HAJI YAHYA,Cipinang Cempedak,13930.0,OSM_Success
JAKARTA TIMUR,JATINEGARA,JL. I GUSTI NGURAH RAI,Cipinang Muara,13230.0,OSM_Success
JAKARTA TIMUR,JATINEGARA,JL. JATINEGARA BARAT,Kampung Melayu,13320.0,OSM_Success
JAKARTA TIMUR,JATINEGARA,JL. JATINEGARA BARAT,Kampung Melayu,13320.0,OSM_Success
JAKARTA TIMUR,JATINEGARA,JL. JATINEGARA BARAT II,Kampung Melayu,13320.0,Imputed_Success
JAKARTA TIMUR,JATINEGARA,JL. JATINEGARA BARAT III,Kampung Melayu,13320.0,Imputed_Success
JAKARTA TIMUR,JATINEGARA,JL. JATINEGARA BARAT IV,Kampung Melayu,13320.0,Imputed_Success
JAKARTA TIMUR,JATINEGARA,JL. JATINEGARA TIMUR,Bali Mester,13310.0,OSM_Success
JAKARTA TIMUR,JATINEGARA,JL. JATINEGARA TIMUR,Bali Mester,13310.0,OSM_Success
JAKARTA TIMUR,JATINEGARA,JL. JATINEGARA TIMUR II,Bali Mester,13310.0,Imputed_Success
JAKARTA TIMUR,JATINEGARA,JL. JATINEGARA TIMUR III,Bali Mester,13310.0,Imputed_Success
JAKARTA TIMUR,JATINEGARA,JL. JATINEGARA TIMUR IV,Bali Mester,13310.0,Imputed_Success
JAKARTA TIMUR,JATINEGARA,JL. JEND. DI. PANJAITAN,,,Not_Found
JAKARTA TIMUR,JATINEGARA,JL. KALI MALANG,,,Not_Found
JAKARTA TIMUR,JATINEGARA,JL. KEBON NANAS SELATAN,Cipinang Besar Selatan,13930.0,OSM_Success
JAKARTA TIMUR,JATINEGARA,JL. KEBON NANAS SELATAN II,Cipinang Besar Selatan,13930.0,Imputed_Success
JAKARTA TIMUR,JATINEGARA,JL. KEBON NANAS UTARA,,,Not_Found
JAKARTA TIMUR,JATINEGARA,JL. KEBON NANAS UTARA II,,,Not_Found
JAKARTA TIMUR,JATINEGARA,JL. KEBON PALA,Kampung Melayu,13110.0,OSM_Success
JAKARTA TIMUR,JATINEGARA,JL. KEBON PALA II,Kampung Melayu,13110.0,Imputed_Success
JAKARTA TIMUR,JATINEGARA,JL. KEBON PALA III,Kampung Melayu,13110.0,Imputed_Success
JAKARTA TIMUR,JATINEGARA,JL. KEBON SAYUR,Bidara Cina,13930.0,OSM_Success
JAKARTA TIMUR,JATINEGARA,JL. KOBER PEDATI,Bali Mester,13310.0,OSM_Success
JAKARTA TIMUR,JATINEGARA,JL. KP. MELAYU BESAR,,,Not_Found
JAKARTA TIMUR,JATINEGARA,JL. KP. PULO MAJA,,,Not_Found
JAKARTA TIMUR,JATINEGARA,JL. KP. TANAH MANISAN,,,Not_Found
JAKARTA TIMUR,JATINEGARA,JL. LETJEN. MT. HARYONO,,,Not_Found
JAKARTA TIMUR,JATINEGARA,JL. MADRASAH,Cipinang Cempedak,13340.0,OSM_Success
JAKARTA TIMUR,JATINEGARA,JL. MADRASAH,Cipinang Cempedak,13340.0,OSM_Success
JAKARTA TIMUR,JATINEGARA,JL. MAJALAH,Cipinang Muara,13420.0,OSM_Success
JAKARTA TIMUR,JATINEGARA,JL. MATRAMAN RAYA,Bali Mester,13110.0,OSM_Success
JAKARTA TIMUR,JATINEGARA,JL. MEDIA MASSA,Cipinang Muara,13420.0,OSM_Success
JAKARTA TIMUR,JATINEGARA,JL. OTISTA,Bidara Cina,13930.0,OSM_Success
JAKARTA TIMUR,JATINEGARA,JL. OTISTA II,Cipinang Cempedak,13930.0,OSM_Success
JAKARTA TIMUR,JATINEGARA,JL. OTISTA III,Cipinang Cempedak,13930.0,OSM_Success
JAKARTA TIMUR,JATINEGARA,JL. OTTO ISKANDARDINATA,Bidara Cina,13340.0,OSM_Success
JAKARTA TIMUR,JATINEGARA,JL. PANTI ASUHAN,Cipinang Cempedak,13930.0,OSM_Success
JAKARTA TIMUR,JATINEGARA,JL. PASAR BARAT,Bali Mester,13320.0,OSM_Success
JAKARTA TIMUR,JATINEGARA,JL. PASAR CIPLAK,,,Not_Found
JAKARTA TIMUR,JATINEGARA,JL. PASAR JATINEGARA,Bali Mester,13320.0,OSM_Success
JAKARTA TIMUR,JATINEGARA,JL. PASAR LAMA UTARA,,,Not_Found
JAKARTA TIMUR,JATINEGARA,JL. PASAR SELATAN,Bali Mester,13320.0,OSM_Success
JAKARTA TIMUR,JATINEGARA,JL. PASAR TIMUR,Bali Mester,13310.0,OSM_Success
JAKARTA TIMUR,JATINEGARA,JL. PASAR UTARA,,,Not_Found
JAKARTA TIMUR,JATINEGARA,JL. PEDATI,Rawa Bunga,13930.0,OSM_Success
JAKARTA TIMUR,JATINEGARA,JL. PERMATA,Kampung Melayu,13110.0,OSM_Success
JAKARTA TIMUR,JATINEGARA,JL. PERMATA,Kampung Melayu,13110.0,OSM_Success
JAKARTA TIMUR,JATINEGARA,JL. PRUMPUNG TENGAH,Cipinang Besar Utara,13410.0,OSM_Success
JAKARTA TIMUR,JATINEGARA,JL. TAMAN SIMANJUNTAK,Cipinang Cempedak,13330.0,OSM_Success
JAKARTA TIMUR,JATINEGARA,JL. TAMAN SIMANJUNTAK BARAT,Cipinang Cempedak,13330.0,OSM_Success
JAKARTA TIMUR,JATINEGARA,JL. TAMAN SIMANJUNTAK TIMUR,Cipinang Cempedak,13330.0,OSM_Success
JAKARTA TIMUR,JATINEGARA,JL. TANJUNG LENGKONG,Bidara Cina,13330.0,OSM_Success
JAKARTA TIMUR,JATINEGARA,JL. URIP SUMOHARDJO,,,Not_Found
JAKARTA TIMUR,JATINEGARA,JL. WEDANA,Bali Mester,13930.0,OSM_Success
JAKARTA TIMUR,JATINEGARA,JL. RAWA SUMUR III,,,Not_Found
JAKARTA TIMUR,JATINEGARA,JL. PANCA WARNA / PASAR CIPLAK,,,Not_Found
JAKARTA TIMUR,JATINEGARA,JL. PERINTIS/CIPINANG MUARA,Cipinang Muara,13420.0,OSM_Success
JAKARTA TIMUR,JATINEGARA,JL. PINTU PASAR,Bali Mester,13320.0,OSM_Success
JAKARTA TIMUR,JATINEGARA,JL. PINTU PASAR BARAT,,,Not_Found
JAKARTA TIMUR,JATINEGARA,JL. PINTU PASAR TENGAH,,,Not_Found
JAKARTA TIMUR,JATINEGARA,JL. PINTU PASAR TIMUR,,,Not_Found
JAKARTA TIMUR,JATINEGARA,JL. PISANGAN BARU,,,Not_Found
JAKARTA TIMUR,JATINEGARA,JL. PISANGAN LAMA SELATAN,,,Not_Found
JAKARTA TIMUR,JATINEGARA,JL. PISANGAN LAMA TIMUR,,,Not_Found
JAKARTA TIMUR,JATINEGARA,JL. CIPINANG BESAR/ IPN KEBON NANAS,,,Not_Found
JAKARTA TIMUR,JATINEGARA,JL. CIPINANG LONTAR,Cipinang Muara,,OSM_Success
JAKARTA TIMUR,JATINEGARA,JL. GAPURA PASAR,,,Not_Found
JAKARTA TIMUR,JATINEGARA,JL. CIPINANG BARU UTARA,,,Not_Found
JAKARTA TIMUR,JATINEGARA,JL. BEKASI TIMUR,Rawa Bunga,13350.0,OSM_Success
JAKARTA TIMUR,JATINEGARA,JL. KEBON NANAS,Cipinang Cempedak,13330.0,OSM_Success
JAKARTA TIMUR,JATINEGARA,JL. CIPINANG BALI,Jatinegara,13420.0,OSM_Success
JAKARTA TIMUR,JATINEGARA,JL. MULYA JAYA,Cipinang Muara,13470.0,OSM_Success
JAKARTA TIMUR,JATINEGARA,JL. BB.CIPINANG MUARA,Cipinang Muara,13410.0,OSM_Success
JAKARTA TIMUR,DUREN SAWIT,JL. BALAI RAKYAT,Duren Sawit,13470.0,OSM_Success
JAKARTA TIMUR,DUREN SAWIT,JL. BAMBU ASRI SELATAN,,,Not_Found
JAKARTA TIMUR,DUREN SAWIT,JL. BASUKI RACHMAT,,,Not_Found
JAKARTA TIMUR,DUREN SAWIT,JL. BINA MARGA,Pondok Kelapa,13440.0,OSM_Success
JAKARTA TIMUR,DUREN SAWIT,JL. BUARAN RAYA,Klender,13450.0,OSM_Success
JAKARTA TIMUR,DUREN SAWIT,JL. BULAK,Klender,13470.0,OSM_Success
JAKARTA TIMUR,DUREN SAWIT,JL. BULAK BARAT,Klender,13470.0,OSM_Success
JAKARTA TIMUR,DUREN SAWIT,JL. BULAK RAYA,Klender,13470.0,OSM_Success
JAKARTA TIMUR,DUREN SAWIT,JL. BUNGA RAMPAI,Malaka Jaya,13460.0,OSM_Success
JAKARTA TIMUR,DUREN SAWIT,JL. CIPINANG INDAH,Duren Sawit,13420.0,OSM_Success
JAKARTA TIMUR,DUREN SAWIT,JL. CIPINANG MUARA,Duren Sawit,13470.0,OSM_Success
JAKARTA TIMUR,DUREN SAWIT,JL. CIPINANG MUARA,Duren Sawit,13470.0,OSM_Success
JAKARTA TIMUR,DUREN SAWIT,JL. CIPINANG MUARA II,Duren Sawit,13470.0,Imputed_Success
JAKARTA TIMUR,DUREN SAWIT,JL. CIPINANG MUARA III,Duren Sawit,13470.0,Imputed_Success
JAKARTA TIMUR,DUREN SAWIT,JL. CURUG RAYA,Pondok Kelapa,17416.0,OSM_Success
JAKARTA TIMUR,DUREN SAWIT,JL. DELIMA RAYA,Duren Sawit,13940.0,OSM_Success
JAKARTA TIMUR,DUREN SAWIT,JL. DELIMA/PERUMNAS,,,Not_Found
JAKARTA TIMUR,DUREN SAWIT,JL. DERMAGA RAYA,Klender,13470.0,OSM_Success
JAKARTA TIMUR,DUREN SAWIT,JL. H TAIMAN,,,Not_Found
JAKARTA TIMUR,DUREN SAWIT,JL. H. DOGOL,,,Not_Found
JAKARTA TIMUR,DUREN SAWIT,JL. HAJI DAGON,,,Not_Found
JAKARTA TIMUR,DUREN SAWIT,JL. HAJI MIRAN,Malaka Jaya,13450.0,OSM_Success
JAKARTA TIMUR,DUREN SAWIT,JL. HAJI NAMAN,Pondok Kopi,17134.0,OSM_Success
JAKARTA TIMUR,DUREN SAWIT,JL. I GUSTI NGURAH RAI,Malaka Jaya,13940.0,OSM_Success
JAKARTA TIMUR,DUREN SAWIT,JL. JEND. POL. RS SOEKAMTO,,,Not_Found
JAKARTA TIMUR,DUREN SAWIT,JL. KALI MALANG,,,Not_Found
JAKARTA TIMUR,DUREN SAWIT,JL. KAPIN,Pondok Kelapa,13440.0,OSM_Success
JAKARTA TIMUR,DUREN SAWIT,JL. KEJAKSAAN,Duren Sawit,13430.0,OSM_Success
JAKARTA TIMUR,DUREN SAWIT,JL. KELAPA HIBRIDA,Pondok Kelapa,13440.0,OSM_Success
JAKARTA TIMUR,DUREN SAWIT,JL. KELAPA KUNING RAYA,,,Not_Found
JAKARTA TIMUR,DUREN SAWIT,JL. KELAPA SAWIT RAYA,Pondok Kelapa,13440.0,OSM_Success
JAKARTA TIMUR,DUREN SAWIT,JL. KOLONEL SUGIONO,,,Not_Found
JAKARTA TIMUR,DUREN SAWIT,JL. KOMP. TAMAN BUARAN,,,Not_Found
JAKARTA TIMUR,DUREN SAWIT,JL. KOMP. TAMAN BUARAN IV,,,Not_Found
JAKARTA TIMUR,DUREN SAWIT,JL. LAUT ARAFURU,Duren Sawit,13430.0,OSM_Success
JAKARTA TIMUR,DUREN SAWIT,JL. LAUT BANDA,Duren Sawit,13440.0,OSM_Success
JAKARTA TIMUR,DUREN SAWIT,JL. LINGKAR DUREN SAWIT,Klender,13450.0,OSM_Success
JAKARTA TIMUR,DUREN SAWIT,JL. MADRASAH,Duren Sawit,13450.0,OSM_Success
JAKARTA TIMUR,DUREN SAWIT,JL. MADRASAH,Duren Sawit,13450.0,OSM_Success
JAKARTA TIMUR,DUREN SAWIT,JL. MALAKA MERAH,Pondok Kopi,13460.0,OSM_Success
JAKARTA TIMUR,DUREN SAWIT,JL. MALAKA RAYA,Pondok Kelapa,13440.0,OSM_Success
JAKARTA TIMUR,DUREN SAWIT,JL. MANGGAR,Pondok Kelapa,17412.0,OSM_Success
JAKARTA TIMUR,DUREN SAWIT,JL. MASJID ABIDIN,Duren Sawit,13420.0,OSM_Success
JAKARTA TIMUR,DUREN SAWIT,JL. MASJID AL-AMIN,,,Not_Found
JAKARTA TIMUR,DUREN SAWIT,JL. MASJID AL-WUTSHO,,,Not_Found
JAKARTA TIMUR,DUREN SAWIT,JL. MAWAR MERAH,Malaka Jaya,13460.0,OSM_Success
JAKARTA TIMUR,DUREN SAWIT,JL. MAYANG,Pondok Kelapa,13440.0,OSM_Success
JAKARTA TIMUR,DUREN SAWIT,JL. NUSA INDAH,Malaka Jaya,13940.0,OSM_Success
JAKARTA TIMUR,DUREN SAWIT,JL. PAHLAWAN REVOLUSI,Duren Sawit,13430.0,OSM_Success
JAKARTA TIMUR,DUREN SAWIT,JL. PENDIDIKAN,Duren Sawit,13440.0,OSM_Success
JAKARTA TIMUR,DUREN SAWIT,JL. PERTANIAN,Klender,13470.0,OSM_Success
JAKARTA TIMUR,DUREN SAWIT,JL. PERUMNAS RAYA,Duren Sawit,13450.0,OSM_Success
JAKARTA TIMUR,DUREN SAWIT,JL. PONDOK BAMBU,Duren Sawit,13430.0,OSM_Success
JAKARTA TIMUR,DUREN SAWIT,JL. PONDOK KELAPA RAYA,Pondok Kelapa,13440.0,OSM_Success
JAKARTA TIMUR,DUREN SAWIT,JL. PONDOK KOPI,Pondok Kopi,,OSM_Success
JAKARTA TIMUR,DUREN SAWIT,JL. RADEN INTEN,,,Not_Found
JAKARTA TIMUR,DUREN SAWIT,JL. RAWA DOMBA,Duren Sawit,13430.0,OSM_Success
JAKARTA TIMUR,DUREN SAWIT,JL. ROBUSTA,Pondok Kopi,13460.0,OSM_Success
JAKARTA TIMUR,DUREN SAWIT,JL. SWADAYA,Duren Sawit,13450.0,OSM_Success
JAKARTA TIMUR,DUREN SAWIT,JL. SWADAYA II,Duren Sawit,13450.0,OSM_Success
JAKARTA TIMUR,DUREN SAWIT,JL. SWADAYA IV,Duren Sawit,13450.0,OSM_Success
JAKARTA TIMUR,DUREN SAWIT,JL. SWADAYA RAYA DUREN SAWIT,Duren Sawit,13450.0,OSM_Success
JAKARTA TIMUR,DUREN SAWIT,JL. TAMAN BUARAN,Klender,13450.0,OSM_Success
JAKARTA TIMUR,DUREN SAWIT,JL. TAMAN DUREN SAWIT,Duren Sawit,13430.0,OSM_Success
JAKARTA TIMUR,DUREN SAWIT,JL. TAMAN MALAKA SELATAN,Duren Sawit,13440.0,OSM_Success
JAKARTA TIMUR,DUREN SAWIT,JL. TERATAI PUTIH,Duren Sawit,13940.0,OSM_Success
JAKARTA TIMUR,DUREN SAWIT,JL. WIJAYA KUSUMA,Duren Sawit,13450.0,OSM_Success
JAKARTA TIMUR,DUREN SAWIT,JL. WIJAYA KUSUMA,Duren Sawit,13450.0,OSM_Success
JAKARTA TIMUR,DUREN SAWIT,JL. BULUH PERINDU,Duren Sawit,13430.0,OSM_Success
JAKARTA TIMUR,MATRAMAN,JL. ARJUNA,Utan Kayu Selatan,13230.0,OSM_Success
JAKARTA TIMUR,MATRAMAN,JL. ASEM GEDE,Utan Kayu Selatan,13120.0,OSM_Success
JAKARTA TIMUR,MATRAMAN,JL. BALAI RAKYAT,Utan Kayu Utara,13120.0,OSM_Success
JAKARTA TIMUR,MATRAMAN,JL. BUNGA,Palmeriam,13110.0,OSM_Success
JAKARTA TIMUR,MATRAMAN,JL. JEND. AHMAD YANI,,,Not_Found
JAKARTA TIMUR,MATRAMAN,JL. KAMPER,Utan Kayu Selatan,13110.0,OSM_Success
JAKARTA TIMUR,MATRAMAN,JL. KAYU MANIS BARAT,,,Not_Found
JAKARTA TIMUR,MATRAMAN,JL. KAYU MANIS,Kayu Manis,,OSM_Success
JAKARTA TIMUR,MATRAMAN,JL. KAYU MANIS II,Kayu Manis,,Imputed_Success
JAKARTA TIMUR,MATRAMAN,JL. KAYU MANIS III,Kayu Manis,,Imputed_Success
JAKARTA TIMUR,MATRAMAN,JL. KAYU MANIS IV,Kayu Manis,,Imputed_Success
JAKARTA TIMUR,MATRAMAN,JL. KAYU MANIS IX,Kayu Manis,,Imputed_Success
JAKARTA TIMUR,MATRAMAN,JL. KAYU MANIS TIMUR,Kayu Manis,,OSM_Success
JAKARTA TIMUR,MATRAMAN,JL. KAYU MANIS UTARA,Kayu Manis,13130.0,OSM_Success
JAKARTA TIMUR,MATRAMAN,JL. KAYU MANIS V,Kayu Manis,,Imputed_Success
JAKARTA TIMUR,MATRAMAN,JL. KAYU MANIS VI,Kayu Manis,,Imputed_Success
JAKARTA TIMUR,MATRAMAN,JL. KAYU MANIS VII,Kayu Manis,,Imputed_Success
JAKARTA TIMUR,MATRAMAN,JL. KAYU MANIS VIII,Kayu Manis,,Imputed_Success
JAKARTA TIMUR,MATRAMAN,JL. KEBON KELAPA,Utan Kayu Selatan,13130.0,OSM_Success
JAKARTA TIMUR,MATRAMAN,JL. KEBON MANGGIS,Kebon Manggis,,OSM_Success
JAKARTA TIMUR,MATRAMAN,JL. KEBON MANGGIS II,Kebon Manggis,,Imputed_Success
JAKARTA TIMUR,MATRAMAN,JL. KEBON MANGGIS III,Kebon Manggis,,Imputed_Success
JAKARTA TIMUR,MATRAMAN,JL. KEBON MANGGIS IV,Kebon Manggis,,Imputed_Success
JAKARTA TIMUR,MATRAMAN,JL. KEBON SEREH BARAT,,,Not_Found
JAKARTA TIMUR,MATRAMAN,JL. KELAPA SAWIT,Utan Kayu Selatan,13130.0,OSM_Success
JAKARTA TIMUR,MATRAMAN,JL. KELAPA TINGGI,Utan Kayu Selatan,13130.0,OSM_Success
JAKARTA TIMUR,MATRAMAN,JL. KEMUNING,Utan Kayu Utara,13120.0,OSM_Success
JAKARTA TIMUR,MATRAMAN,JL. KESATRIAAN,,,Not_Found
JAKARTA TIMUR,MATRAMAN,JL. KESATRIAAN,,,Not_Found
JAKARTA TIMUR,MATRAMAN,JL. KESATRIAAN II,,,Not_Found
JAKARTA TIMUR,MATRAMAN,JL. KESATRIAAN III,,,Not_Found
JAKARTA TIMUR,MATRAMAN,JL. KESATRIAAN IV,,,Not_Found
JAKARTA TIMUR,MATRAMAN,JL. KESATRIAAN IX,,,Not_Found
JAKARTA TIMUR,MATRAMAN,JL. KESATRIAAN V,,,Not_Found
JAKARTA TIMUR,MATRAMAN,JL. KESATRIAAN VI,,,Not_Found
JAKARTA TIMUR,MATRAMAN,JL. KESATRIAAN VII,,,Not_Found
JAKARTA TIMUR,MATRAMAN,JL. KESATRIAAN VIII,,,Not_Found
JAKARTA TIMUR,MATRAMAN,JL. KESATRIAAN X,,,Not_Found
JAKARTA TIMUR,MATRAMAN,JL. KESATRIAAN XI,,,Not_Found
JAKARTA TIMUR,MATRAMAN,JL. KH. AHMAD DAHLAN,Palmeriam,13130.0,OSM_Success
JAKARTA TIMUR,MATRAMAN,JL. KRAMAT ASEM RAYA,,,Not_Found
JAKARTA TIMUR,MATRAMAN,JL. MATRAMAN,Kebon Manggis,,OSM_Success
JAKARTA TIMUR,MATRAMAN,JL. MATRAMAN RAYA,Kebon Manggis,,OSM_Success
JAKARTA TIMUR,MATRAMAN,JL. MEDE,Utan Kayu Utara,13120.0,OSM_Success
JAKARTA TIMUR,MATRAMAN,JL. NANAS,Utan Kayu Selatan,13120.0,OSM_Success
JAKARTA TIMUR,MATRAMAN,JL. NANGKA,Utan Kayu Utara,13120.0,OSM_Success
JAKARTA TIMUR,MATRAMAN,JL. PAL MERIAM,Palmeriam,13140.0,OSM_Success
JAKARTA TIMUR,MATRAMAN,JL. PANDAN,Utan Kayu Selatan,13130.0,OSM_Success
JAKARTA TIMUR,MATRAMAN,JL. PENEGAK,Palmeriam,13140.0,OSM_Success
JAKARTA TIMUR,MATRAMAN,JL. PENGGALANG,Palmeriam,13140.0,OSM_Success
JAKARTA TIMUR,MATRAMAN,JL. PISANGAN BARU,Pisangan Baru,13110.0,OSM_Success
JAKARTA TIMUR,MATRAMAN,JL. PISANGAN BARU SELATAN,Utan Kayu Selatan,13130.0,OSM_Success
JAKARTA TIMUR,MATRAMAN,JL. PISANGAN BARU TIMUR,Matraman,13110.0,OSM_Success
JAKARTA TIMUR,MATRAMAN,JL. PISANGAN BARU UTARA,,,Not_Found
JAKARTA TIMUR,MATRAMAN,JL. PRAMUKA,Kayu Manis,10440.0,OSM_Success
JAKARTA TIMUR,MATRAMAN,JL. RASAMALA,Utan Kayu Selatan,13120.0,OSM_Success
JAKARTA TIMUR,MATRAMAN,JL. SLAMET RIYADI,Kebon Manggis,13140.0,OSM_Success
JAKARTA TIMUR,MATRAMAN,JL. SLAMET RIYADI II,Kebon Manggis,13140.0,OSM_Success
JAKARTA TIMUR,MATRAMAN,JL. SLAMET RIYADI III,Kebon Manggis,13140.0,Imputed_Success
JAKARTA TIMUR,MATRAMAN,JL. SLAMET RIYADI IV,Kebon Manggis,13140.0,Imputed_Success
JAKARTA TIMUR,MATRAMAN,JL. SLAMET RIYADI RAYA,Matraman,13110.0,OSM_Success
JAKARTA TIMUR,MATRAMAN,JL. TEGALAN,Palmeriam,13140.0,OSM_Success
JAKARTA TIMUR,MATRAMAN,JL. UTAN KAYU,Utan Kayu Utara,13120.0,OSM_Success
JAKARTA TIMUR,MATRAMAN,JL. WAHAB,Utan Kayu Utara,13120.0,OSM_Success
JAKARTA TIMUR,MATRAMAN,JL. WARINGIN,Utan Kayu Utara,13120.0,OSM_Success
JAKARTA TIMUR,MATRAMAN,PISANGAN BARU TENGAH,Pisangan Baru,13110.0,OSM_Success
JAKARTA TIMUR,PULOGADUNG,JL. ALU - ALU,Pulo Gadung,13250.0,OSM_Success
JAKARTA TIMUR,PULOGADUNG,JL. ANGGREK,Rawamangun,13220.0,OSM_Success
JAKARTA TIMUR,PULOGADUNG,JL. ANGKUR,Pulo Gadung,13260.0,OSM_Success
JAKARTA TIMUR,PULOGADUNG,JL. BAJUBANG,Cipinang,13220.0,OSM_Success
JAKARTA TIMUR,PULOGADUNG,JL. BALAI PUSTAKA BARAT,,,Not_Found
JAKARTA TIMUR,PULOGADUNG,JL. BALAI PUSTAKA BARAT III,,,Not_Found
JAKARTA TIMUR,PULOGADUNG,JL. BALAI PUSTAKA BARU,,,Not_Found
JAKARTA TIMUR,PULOGADUNG,JL. BALAI PUSTAKA TIMUR,,,Not_Found
JAKARTA TIMUR,PULOGADUNG,JL. BALAP SEPEDA,Rawamangun,13260.0,OSM_Success
JAKARTA TIMUR,PULOGADUNG,JL. BANGKIL,Kayu Putih,13220.0,OSM_Success
JAKARTA TIMUR,PULOGADUNG,JL. BANGUNAN,Kayu Putih,13210.0,OSM_Success
JAKARTA TIMUR,PULOGADUNG,JL. BANGUNAN BARAT,Kayu Putih,13210.0,OSM_Success
JAKARTA TIMUR,PULOGADUNG,JL. BEKASI TIMUR,Pisangan Timur,13230.0,OSM_Success
JAKARTA TIMUR,PULOGADUNG,JL. BELANAK,Jati,13250.0,OSM_Success
JAKARTA TIMUR,PULOGADUNG,JL. CAKALANG,Jati,10710.0,OSM_Success
JAKARTA TIMUR,PULOGADUNG,JL. CIPINANG SODONG RAYA,,,Not_Found
JAKARTA TIMUR,PULOGADUNG,JL. CIPINANG TIMUR,Cipinang,13250.0,OSM_Success
JAKARTA TIMUR,PULOGADUNG,JL. GADING RAYA,Pisangan Timur,13230.0,OSM_Success
JAKARTA TIMUR,PULOGADUNG,JL. HAJI TEN,Rawamangun,10570.0,OSM_Success
JAKARTA TIMUR,PULOGADUNG,JL. IKIP,,,Not_Found
JAKARTA TIMUR,PULOGADUNG,JL. JATI BARANG,Jati,10710.0,OSM_Success
JAKARTA TIMUR,PULOGADUNG,JL. JATI BARANG II,Jati,10710.0,Imputed_Success
JAKARTA TIMUR,PULOGADUNG,JL. JATI• BARANG III•,,,Not_Found
JAKARTA TIMUR,PULOGADUNG,JL. JATI BARANG IV,Jati,10710.0,Imputed_Success
JAKARTA TIMUR,PULOGADUNG,JL. JATINEGARA KAUM,Jatinegara Kaum,,OSM_Success
JAKARTA TIMUR,PULOGADUNG,JL. JEND. AHMAD YANI,,,Not_Found
JAKARTA TIMUR,PULOGADUNG,JL. KAYU JATI,Rawamangun,13220.0,OSM_Success
JAKARTA TIMUR,PULOGADUNG,JL. KAYU MAS,Pulo Gadung,13260.0,OSM_Success
JAKARTA TIMUR,PULOGADUNG,JL. KAYU PUTIH,Pulo Gadung,13210.0,OSM_Success
JAKARTA TIMUR,PULOGADUNG,JL. KAYU PUTIH,Pulo Gadung,13210.0,OSM_Success
JAKARTA TIMUR,PULOGADUNG,JL. KAYU PUTIH II,Pulo Gadung,13210.0,Imputed_Success
JAKARTA TIMUR,PULOGADUNG,JL. KAYU PUTIH III,Pulo Gadung,13210.0,Imputed_Success
JAKARTA TIMUR,PULOGADUNG,JL. KAYU PUTIH IV,Pulo Gadung,13210.0,Imputed_Success
JAKARTA TIMUR,PULOGADUNG,JL. KAYUPUTIH SELATAN,,,Not_Found
JAKARTA TIMUR,PULOGADUNG,JL. KAYUPUTIH TENGAH,,,Not_Found
JAKARTA TIMUR,PULOGADUNG,JL. KEDONDONG,Rawamangun,13250.0,OSM_Success
JAKARTA TIMUR,PULOGADUNG,JL. KEMUNING,Pulo Gadung,13260.0,OSM_Success
JAKARTA TIMUR,PULOGADUNG,JL. KENALI ASEM,,,Not_Found
JAKARTA TIMUR,PULOGADUNG,JL. KEPITING RAYA,Jati,13250.0,OSM_Success
JAKARTA TIMUR,PULOGADUNG,JL. KIKIR,Kayu Putih,13220.0,OSM_Success
JAKARTA TIMUR,PULOGADUNG,JL. LANGIT - LANGIT,Kayu Putih,13210.0,OSM_Success
JAKARTA TIMUR,PULOGADUNG,JL. LAYUR,Jati,13250.0,OSM_Success
JAKARTA TIMUR,PULOGADUNG,JL. LINDUNG,Jati,13250.0,OSM_Success
JAKARTA TIMUR,PULOGADUNG,JL. LOSTER,Kayu Putih,13210.0,OSM_Success
JAKARTA TIMUR,PULOGADUNG,JL. LUCIS,,,Not_Found
JAKARTA TIMUR,PULOGADUNG,JL. MASJID,Rawamangun,13220.0,OSM_Success
JAKARTA TIMUR,PULOGADUNG,JL. NIBUNG,Cipinang,13220.0,OSM_Success
JAKARTA TIMUR,PULOGADUNG,JL. PACUAN KUDA,Kayu Putih,13210.0,OSM_Success
JAKARTA TIMUR,PULOGADUNG,JL. PANCA WARNA,Pulo Gadung,13210.0,OSM_Success
JAKARTA TIMUR,PULOGADUNG,JL. PAUS,Rawamangun,10710.0,OSM_Success
JAKARTA TIMUR,PULOGADUNG,JL. PEGAMBIRAN,Rawamangun,13250.0,OSM_Success
JAKARTA TIMUR,PULOGADUNG,JL. PELITA,Pulo Gadung,13210.0,OSM_Success
JAKARTA TIMUR,PULOGADUNG,JL. PEMUDA,Jatinegara Kaum,10710.0,OSM_Success
JAKARTA TIMUR,PULOGADUNG,JL. PERINTIS KEMERDEKAAN,Kelapa Gading Timur,14240.0,OSM_Success
JAKARTA TIMUR,PULOGADUNG,JL. PERSAHABATAN,Cipinang,13220.0,OSM_Success
JAKARTA TIMUR,PULOGADUNG,JL. PERSAHABATAN TIMUR,Cipinang,13250.0,OSM_Success
JAKARTA TIMUR,PULOGADUNG,JL. PERSAHABATAN UTARA,,,Not_Found
JAKARTA TIMUR,PULOGADUNG,JL. PERSERIKATAN,Rawamangun,13250.0,OSM_Success
JAKARTA TIMUR,PULOGADUNG,JL. PISANGAN LAMA,Pisangan Timur,13230.0,OSM_Success
JAKARTA TIMUR,PULOGADUNG,JL. PISANGAN LAMA II,Pisangan Timur,13230.0,Imputed_Success
JAKARTA TIMUR,PULOGADUNG,JL. PISANGAN LAMA III,Pisangan Timur,13230.0,Imputed_Success
JAKARTA TIMUR,PULOGADUNG,JL. PISANGAN LAMA SELATAN,,,Not_Found
JAKARTA TIMUR,PULOGADUNG,JL. PISANGAN LAMA TIMUR,,,Not_Found
JAKARTA TIMUR,PULOGADUNG,JL. PLAPON,,,Not_Found
JAKARTA TIMUR,PULOGADUNG,JL. PLITUR,Kayu Putih,13210.0,OSM_Success
JAKARTA TIMUR,PULOGADUNG,JL. PONDASI,Kayu Putih,13210.0,OSM_Success
JAKARTA TIMUR,PULOGADUNG,JL. PORI,Pisangan Timur,13230.0,OSM_Success
JAKARTA TIMUR,PULOGADUNG,JL. PRATEKAN,Rawamangun,13220.0,OSM_Success
JAKARTA TIMUR,PULOGADUNG,JL. PULO ASEM,Jati,13260.0,OSM_Success
JAKARTA TIMUR,PULOGADUNG,JL. PULO ASEM,Jati,13260.0,OSM_Success
JAKARTA TIMUR,PULOGADUNG,JL. PULO ASEM II,Jati,13260.0,Imputed_Success
JAKARTA TIMUR,PULOGADUNG,JL. PULO ASEM III,Jati,13260.0,Imputed_Success
JAKARTA TIMUR,PULOGADUNG,JL. PULO ASEM IV,Jati,13260.0,Imputed_Success
JAKARTA TIMUR,PULOGADUNG,JL. PULO ASEM IX,Jati,13260.0,Imputed_Success
JAKARTA TIMUR,PULOGADUNG,JL. PULO ASEM V,Jati,13260.0,Imputed_Success
JAKARTA TIMUR,PULOGADUNG,JL. PULO ASEM VI,Jati,13260.0,Imputed_Success
JAKARTA TIMUR,PULOGADUNG,JL. PULO ASEM VII,Jati,13260.0,Imputed_Success
JAKARTA TIMUR,PULOGADUNG,JL. PULO ASEM VIII,Jati,13260.0,Imputed_Success
JAKARTA TIMUR,PULOGADUNG,JL. PULO ASEM X,Jati,13260.0,Imputed_Success
JAKARTA TIMUR,PULOGADUNG,JL. PULO ASEM XI,Jati,13260.0,Imputed_Success
JAKARTA TIMUR,PULOGADUNG,JL. PULO ASEM XII,Jati,13260.0,Imputed_Success
JAKARTA TIMUR,PULOGADUNG,JL. PULO MAS RAYA,Pulo Gadung,13210.0,OSM_Success
JAKARTA TIMUR,PULOGADUNG,JL. PULO NANGKA,Kayu Putih,13210.0,OSM_Success
JAKARTA TIMUR,PULOGADUNG,JL. PULO NANGKA BARAT,,,Not_Found
JAKARTA TIMUR,PULOGADUNG,JL. PULO NANGKA SELATAN,,,Not_Found
JAKARTA TIMUR,PULOGADUNG,JL. PULO NANGKA TENGAH,,,Not_Found
JAKARTA TIMUR,PULOGADUNG,JL. PULO NANGKA TIMUR,Kayu Putih,13210.0,OSM_Success
JAKARTA TIMUR,PULOGADUNG,JL. PULOMAS BARAT,,,Not_Found
JAKARTA TIMUR,PULOGADUNG,JL. PULOMAS BARAT II,,,Not_Found
JAKARTA TIMUR,PULOGADUNG,JL. PULOMAS BARAT III,,,Not_Found
JAKARTA TIMUR,PULOGADUNG,JL. PULOMAS BARAT IV,,,Not_Found
JAKARTA TIMUR,PULOGADUNG,JL. PULOMAS BARAT V,,,Not_Found
JAKARTA TIMUR,PULOGADUNG,JL. PULOMAS SELATAN,,,Not_Found
JAKARTA TIMUR,PULOGADUNG,JL. PULOMAS UTARA,,,Not_Found
JAKARTA TIMUR,PULOGADUNG,JL. PULOMAS UTARA II,,,Not_Found
JAKARTA TIMUR,PULOGADUNG,JL. PUOMAS UTARA III,,,Not_Found
JAKARTA TIMUR,PULOGADUNG,JL. RAJUNGAN,Jati,13250.0,OSM_Success
JAKARTA TIMUR,PULOGADUNG,JL. SERUT,Kayu Putih,13220.0,OSM_Success
JAKARTA TIMUR,PULOGADUNG,JL. SUNAN AMPEL,Rawamangun,13220.0,OSM_Success
JAKARTA TIMUR,PULOGADUNG,JL. SUNAN BONANG,Rawamangun,13220.0,OSM_Success
JAKARTA TIMUR,PULOGADUNG,JL. SUNAN DEMAK,Rawamangun,13220.0,OSM_Success
JAKARTA TIMUR,PULOGADUNG,JL. SUNAN DRADJAT,,,Not_Found
JAKARTA TIMUR,PULOGADUNG,JL. SUNAN GESENG,Pulo Gadung,13220.0,OSM_Success
JAKARTA TIMUR,PULOGADUNG,JL. SUNAN GIRI,Rawamangun,13220.0,OSM_Success
JAKARTA TIMUR,PULOGADUNG,JL. SUNAN GUNUNG JATI,,,Not_Found
JAKARTA TIMUR,PULOGADUNG,JL. SUNAN KALI JAGA,,,Not_Found
JAKARTA TIMUR,PULOGADUNG,JL. SUNAN KANOMAN,Rawamangun,13220.0,OSM_Success
JAKARTA TIMUR,PULOGADUNG,JL. SUNAN KESEPUHAN,Rawamangun,13220.0,OSM_Success
JAKARTA TIMUR,PULOGADUNG,JL. SUNAN MURIA,Rawamangun,13220.0,OSM_Success
JAKARTA TIMUR,PULOGADUNG,JL. SUNAN SEDAYU,Jati,13250.0,OSM_Success
JAKARTA TIMUR,PULOGADUNG,JL. TAMAN JELITA,Pulo Gadung,13220.0,OSM_Success
JAKARTA TIMUR,PULOGADUNG,JL. TAMAN PULO ASEM,,,Not_Found
JAKARTA TIMUR,PULOGADUNG,JL. TANAH MAS SELATAN,,,Not_Found
JAKARTA TIMUR,PULOGADUNG,JL. TANAH MAS UTARA,,,Not_Found
JAKARTA TIMUR,PULOGADUNG,JL. TARUNA JAYA,Pulo Gadung,13260.0,OSM_Success
JAKARTA TIMUR,PULOGADUNG,JL. TAWES,Jati,13250.0,OSM_Success
JAKARTA TIMUR,PULOGADUNG,JL. TEMBOK,Kayu Putih,13260.0,OSM_Success
JAKARTA TIMUR,PULOGADUNG,JL. TENGGIRI,Jati,13250.0,OSM_Success
JAKARTA TIMUR,PULOGADUNG,JL. TINER,,,Not_Found
JAKARTA TIMUR,PULOGADUNG,JL. TINER II,,,Not_Found
JAKARTA TIMUR,PULOGADUNG,JL. TINER III,,,Not_Found
JAKARTA TIMUR,PULOGADUNG,JL. TINER IV,,,Not_Found
JAKARTA TIMUR,PULOGADUNG,JL. TINER RAYA,,,Not_Found
JAKARTA TIMUR,PULOGADUNG,JL. TINER V,,,Not_Found
JAKARTA TIMUR,PULOGADUNG,JL. TINER VI,,,Not_Found
JAKARTA TIMUR,PULOGADUNG,JL. TINER VII,,,Not_Found
JAKARTA TIMUR,PULOGADUNG,JL. WARINGIN,Kayu Putih,13210.0,OSM_Success
JAKARTA TIMUR,PULOGADUNG,JL. WARINGIN BARAT,,,Not_Found
JAKARTA TIMUR,PULOGADUNG,JL. WARINGIN RAYA,Kayu Putih,13210.0,OSM_Success
JAKARTA TIMUR,PULOGADUNG,JL. WARU,Rawamangun,13220.0,OSM_Success
JAKARTA TIMUR,PULOGADUNG,JL. WISMA JAYA,Pisangan Timur,13220.0,OSM_Success
JAKARTA TIMUR,PULOGADUNG,JL. RAWAMANGUN BARAT,Rawamangun,13220.0,OSM_Success
JAKARTA TIMUR,PULOGADUNG,JL. RAWAMANGUN MUKA,Rawamangun,13120.0,OSM_Success
JAKARTA TIMUR,PULOGADUNG,JL. RAWAMANGUN MUKA TIMUR,,,Not_Found
JAKARTA TIMUR,PULOGADUNG,JL. RAWAMANGUN SELATAN,Rawamangun,13230.0,OSM_Success
JAKARTA TIMUR,PULOGADUNG,JL. RAYA BEKASI,Rawa Terate,13920.0,OSM_Success
JAKARTA TIMUR,PULOGADUNG,JL. CIPINANG BARU,Cipinang,13250.0,OSM_Success
JAKARTA TIMUR,PULOGADUNG,JL. CIPINANG BARU TIMUR,,,Not_Found
JAKARTA TIMUR,PULOGADUNG,JL. BOJANA TIRTA,,,Not_Found
JAKARTA TIMUR,PULOGADUNG,JL. SWADAYA,Kayu Putih,10570.0,OSM_Success
JAKARTA TIMUR,PULOGADUNG,JL. BAWAL RAYA,Jati,10710.0,OSM_Success
JAKARTA TIMUR,PULOGADUNG,JL. PINANG,Rawamangun,13250.0,OSM_Success
JAKARTA TIMUR,PULOGADUNG,JL. TERATE,Rawa Terate,13920.0,OSM_Success
JAKARTA TIMUR,PULOGADUNG,JL. KAYU PUTIH SELATAN,,,Not_Found
JAKARTA TIMUR,PULOGADUNG,JL. CIPINANG BUNDER,Cipinang,13230.0,OSM_Success
JAKARTA TIMUR,PULOGADUNG,JL. GURAME,Jati,13250.0,OSM_Success
JAKARTA TIMUR,PULOGADUNG,JL. PULO MAS TIMUR,Kayu Putih,13210.0,OSM_Success
JAKARTA TIMUR,PULOGADUNG,JL. SODONG,Cipinang,13250.0,OSM_Success
JAKARTA TIMUR,PULOGADUNG,JL. ARUS JATI,Jatinegara Kaum,13470.0,OSM_Success
JAKARTA TIMUR,PULOGADUNG,JL. PERIKANI 1,,,Not_Found
JAKARTA TIMUR,CAKUNG,JL. RAYA BEKASI TIMUR,Pulo Gebang,41581.0,OSM_Success
JAKARTA TIMUR,CAKUNG,JL. CAKUNG CILINCING,Cakung Barat,13910.0,OSM_Success
JAKARTA TIMUR,CAKUNG,JL. DR. KRT. RAJIMAN W,,,Not_Found
JAKARTA TIMUR,CAKUNG,JL. IRIGASI UJUNG MENTENG,Ujung Menteng,13960.0,OSM_Success
JAKARTA TIMUR,CAKUNG,JL. JATINEGARA TIMUR II,,,Not_Found
JAKARTA TIMUR,CAKUNG,JL. KANDANG SAPI,,,Not_Found
JAKARTA TIMUR,CAKUNG,JL. KAWASAN PULO GADUNG JIEP,,,Not_Found
JAKARTA TIMUR,CAKUNG,JL. KAYU TINGGI,Cakung Timur,13910.0,OSM_Success
JAKARTA TIMUR,CAKUNG,JL. KOMP. JATINEGARA BARU,,,Not_Found
JAKARTA TIMUR,CAKUNG,JL. KOMP. JATINEGARA INDAH,,,Not_Found
JAKARTA TIMUR,CAKUNG,JL. KOMP. JGC,,,Not_Found
JAKARTA TIMUR,CAKUNG,JL. KOMP. MENTENG METROPOLITAN,,,Not_Found
JAKARTA TIMUR,CAKUNG,JL. KOMP. PULO GEBANG PERMAI,,,Not_Found
JAKARTA TIMUR,CAKUNG,JL. KOMP. TAMAN MODERN,,,Not_Found
JAKARTA TIMUR,CAKUNG,JL. KOMP. TAMAN PULO GEBANG,,,Not_Found
JAKARTA TIMUR,CAKUNG,JL. KOMP. TAMAN PULO INDAH,,,Not_Found
JAKARTA TIMUR,CAKUNG,JL. KOMP. UNITED TRAKTOR,,,Not_Found
JAKARTA TIMUR,CAKUNG,JL. PEMANCINGAN PULO GEBANG,,,Not_Found
JAKARTA TIMUR,CAKUNG,JL. PULO AYANG,,,Not_Found
JAKARTA TIMUR,CAKUNG,JL. PULO BUARAN,Jatinegara,13940.0,OSM_Success
JAKARTA TIMUR,CAKUNG,JL. PULO GADUNG,Rawa Terate,13920.0,OSM_Success
JAKARTA TIMUR,CAKUNG,JL. PULO GEBANG,Pulo Gebang,,OSM_Success
JAKARTA TIMUR,CAKUNG,JL. PULO JAHE,Cakung,,OSM_Success
JAKARTA TIMUR,CAKUNG,JL. PULO KAMBING,Jatinegara,13470.0,OSM_Success
JAKARTA TIMUR,CAKUNG,JL. PULO LENTUT,Rawa Terate,13920.0,OSM_Success
JAKARTA TIMUR,CAKUNG,JL. PULO LIO,,,Not_Found
JAKARTA TIMUR,CAKUNG,JL. PULO SIDIK,,,Not_Found
JAKARTA TIMUR,CAKUNG,JL. RAWA BALI,Rawa Terate,13920.0,OSM_Success
JAKARTA TIMUR,CAKUNG,JL. RAWA BEBEK,Pulo Gebang,,OSM_Success
JAKARTA TIMUR,CAKUNG,JL. RAWA BULAK,Jatinegara,13470.0,OSM_Success
JAKARTA TIMUR,CAKUNG,JL. RAWA BULAK II,Jatinegara,13470.0,Imputed_Success
JAKARTA TIMUR,CAKUNG,JL. RAWA GATEL,,,Not_Found
JAKARTA TIMUR,CAKUNG,JL. RAWA GELAM,Jatinegara,13250.0,OSM_Success
JAKARTA TIMUR,CAKUNG,JL. RAWA GELAM,Jatinegara,13250.0,OSM_Success
JAKARTA TIMUR,CAKUNG,JL. RAWA GELAM II,Jatinegara,13250.0,Imputed_Success
JAKARTA TIMUR,CAKUNG,JL. RAWA GELAM III,Jatinegara,13250.0,Imputed_Success
JAKARTA TIMUR,CAKUNG,JL. RAWA GELAM IV,Jatinegara,13250.0,Imputed_Success
JAKARTA TIMUR,CAKUNG,JL. RAWA GELAM V,Jatinegara,13250.0,Imputed_Success
JAKARTA TIMUR,CAKUNG,JL. RAWA GIRANG,Jatinegara,13470.0,OSM_Success
JAKARTA TIMUR,CAKUNG,JL. RAWA KEPITING,Cakung,13920.0,OSM_Success
JAKARTA TIMUR,CAKUNG,JL. RAWA KUNING,Pulo Gebang,13960.0,OSM_Success
JAKARTA TIMUR,CAKUNG,JL. RAWA SUMUR,Jatinegara,13470.0,OSM_Success
JAKARTA TIMUR,CAKUNG,JL. RAWA TERATE,Rawa Terate,13920.0,OSM_Success
JAKARTA TIMUR,CAKUNG,JL. RAWA UDANG,Rawa Terate,13920.0,OSM_Success
JAKARTA TIMUR,CAKUNG,JL. BEKASI RAYA/SULTAN HBW,,,Not_Found
JAKARTA TIMUR,CAKUNG,JL. RAYA KHOMARUDIN,,,Not_Found
JAKARTA TIMUR,CAKUNG,JL. RAYA PENGGILINGAN,Cakung Barat,13920.0,OSM_Success
JAKARTA TIMUR,CAKUNG,JL. RAYA PULO GEBANG,Pulo Gebang,41581.0,OSM_Success
JAKARTA TIMUR,CAKUNG,JL. SENTRA PRIMER TIMUR,,,Not_Found
JAKARTA TIMUR,CAKUNG,JL. SISI TOL BARAT,,,Not_Found
JAKARTA TIMUR,CAKUNG,JL. SISI TOL TIMUR,,,Not_Found
JAKARTA TIMUR,CAKUNG,JL. STASIUN CAKUNG,Pulo Gebang,13460.0,OSM_Success
JAKARTA TIMUR,CAKUNG,JL. SUMUR BOR,,,Not_Found
JAKARTA TIMUR,CAKUNG,JL. SWADAYA,Jatinegara,13470.0,OSM_Success
JAKARTA TIMUR,CAKUNG,JL. SWADAYA,Jatinegara,13470.0,OSM_Success
JAKARTA TIMUR,CAKUNG,JL. SWADAYA II,Cakung Timur,13910.0,OSM_Success
JAKARTA TIMUR,CAKUNG,JL. SWADAYA IV,Cakung Timur,13910.0,OSM_Success
JAKARTA TIMUR,CAKUNG,JL. TANJAKAN AURI,Cakung Timur,13960.0,OSM_Success
JAKARTA TIMUR,CAKUNG,JL. TIPAR CAKUNG,Cakung Barat,13920.0,OSM_Success
JAKARTA TIMUR,CAKUNG,JL. TOL CAKUNG CILINCING,Cakung Barat,14140.0,OSM_Success
JAKARTA TIMUR,CAKUNG,JL. INSPEKSI KANAL TIMUR,,,Not_Found
JAKARTA TIMUR,CAKUNG,JL. BALAI RAKYAT,Cakung Timur,13910.0,OSM_Success
JAKARTA TIMUR,CAKUNG,JL. SWADAYA PLN,Jatinegara,13470.0,OSM_Success
JAKARTA TIMUR,CAKUNG,JL. MARZUKI,Penggilingan,13940.0,OSM_Success
JAKARTA TIMUR,CAKUNG,JL. AMELIA,,,Not_Found
JAKARTA TIMUR,CAKUNG,JL. KOMP SEDAYU CITY,,,Not_Found
JAKARTA UTARA,PENJARINGAN,JL. A TELUK GONG,,,Not_Found
JAKARTA UTARA,PENJARINGAN,JL. AKASIA GOLF,Kamal Muara,14470.0,OSM_Success
JAKARTA UTARA,PENJARINGAN,JL. AKASIA GOLF II,Kamal Muara,14470.0,Imputed_Success
JAKARTA UTARA,PENJARINGAN,JL. AKASIA GOLF III,Kamal Muara,14470.0,Imputed_Success
JAKARTA UTARA,PENJARINGAN,JL. AKASIA GOLF IV,Kamal Muara,14470.0,Imputed_Success
JAKARTA UTARA,PENJARINGAN,JL. AKASIA GOLF RAYA,,,Not_Found
JAKARTA UTARA,PENJARINGAN,JL. AKASIA GOLF V,Kamal Muara,14470.0,Imputed_Success
JAKARTA UTARA,PENJARINGAN,JL. AKASIA GOLF VI,Kamal Muara,14470.0,Imputed_Success
JAKARTA UTARA,PENJARINGAN,JL. AKASIA GOLF VII,Kamal Muara,14470.0,Imputed_Success
JAKARTA UTARA,PENJARINGAN,JL. ALADIN,Pejagalan,14450.0,OSM_Success
JAKARTA UTARA,PENJARINGAN,JL. ALADIN BARU,Pejagalan,14450.0,OSM_Success
JAKARTA UTARA,PENJARINGAN,JL. B TELUK GONG,,,Not_Found
JAKARTA UTARA,PENJARINGAN,JL. BAHTERA ELOK,Kapuk Muara,14460.0,OSM_Success
JAKARTA UTARA,PENJARINGAN,JL. BAHTERA INDAH,Kapuk Muara,14460.0,OSM_Success
JAKARTA UTARA,PENJARINGAN,JL. BAHTERA INDAH 1,Kapuk Muara,14460.0,OSM_Success
JAKARTA UTARA,PENJARINGAN,JL. BAHTERA INDAH 2,Kapuk Muara,14460.0,Imputed_Success
JAKARTA UTARA,PENJARINGAN,JL. BAHTERA PERMAI 1,Kapuk Muara,14460.0,OSM_Success
JAKARTA UTARA,PENJARINGAN,JL. BAHTERA PERMAI 2,Kapuk Muara,14460.0,Imputed_Success
JAKARTA UTARA,PENJARINGAN,JL. BAHTERA PERMAI 3,Kapuk Muara,14460.0,Imputed_Success
JAKARTA UTARA,PENJARINGAN,JL. BAKTI,Penjaringan,14430.0,OSM_Success
JAKARTA UTARA,PENJARINGAN,JL. BANDENGAN SELATAN,Pejagalan,14450.0,OSM_Success
JAKARTA UTARA,PENJARINGAN,JL. BANDENGAN UTARA,Penjaringan,14430.0,OSM_Success
JAKARTA UTARA,PENJARINGAN,JL. BIDARA,Pejagalan,14450.0,OSM_Success
JAKARTA UTARA,PENJARINGAN,JL. BONCEL,Pejagalan,14450.0,OSM_Success
JAKARTA UTARA,PENJARINGAN,JL. C TELUK GONG,,,Not_Found
JAKARTA UTARA,PENJARINGAN,JL. CAMAR ELOK 1,,,Not_Found
JAKARTA UTARA,PENJARINGAN,JL. CAMAR ELOK 2,,,Not_Found
JAKARTA UTARA,PENJARINGAN,JL. CAMAR ELOK 3,,,Not_Found
JAKARTA UTARA,PENJARINGAN,JL. CAMAR ELOK 4,,,Not_Found
JAKARTA UTARA,PENJARINGAN,JL. CAMAR ELOK 5,,,Not_Found
JAKARTA UTARA,PENJARINGAN,JL. CAMAR ELOK 6,,,Not_Found
JAKARTA UTARA,PENJARINGAN,JL. CAMAR ELOK 7,,,Not_Found
JAKARTA UTARA,PENJARINGAN,JL. CAMAR INDAH 1,Kapuk Muara,14460.0,OSM_Success
JAKARTA UTARA,PENJARINGAN,JL. CAMAR INDAH 2,Kapuk Muara,14460.0,Imputed_Success
JAKARTA UTARA,PENJARINGAN,JL. CAMAR INDAH 3,Kapuk Muara,14460.0,Imputed_Success
JAKARTA UTARA,PENJARINGAN,JL. CAMAR INDAH 4,Kapuk Muara,14460.0,Imputed_Success
JAKARTA UTARA,PENJARINGAN,JL. CAMAR INDAH 5,Kapuk Muara,14460.0,Imputed_Success
JAKARTA UTARA,PENJARINGAN,JL. CAMAR INDAH 6,Kapuk Muara,14460.0,Imputed_Success
JAKARTA UTARA,PENJARINGAN,JL. CAMAR INDAH 7,Kapuk Muara,14460.0,Imputed_Success
JAKARTA UTARA,PENJARINGAN,JL. CAMAR INDAH 8,Kapuk Muara,14460.0,Imputed_Success
JAKARTA UTARA,PENJARINGAN,JL. CAMAR PERMAI 1,,,Not_Found
JAKARTA UTARA,PENJARINGAN,JL. CAMAR PERMAI 2,,,Not_Found
JAKARTA UTARA,PENJARINGAN,JL. CAMAR PERMAI 3,,,Not_Found
JAKARTA UTARA,PENJARINGAN,JL. CAMAR PERMAI 4,,,Not_Found
JAKARTA UTARA,PENJARINGAN,JL. CAMAR PERMAI 5,,,Not_Found
JAKARTA UTARA,PENJARINGAN,JL. CAMAR PERMAI 6,,,Not_Found
JAKARTA UTARA,PENJARINGAN,JL. CAMAR PERMAI 7,,,Not_Found
JAKARTA UTARA,PENJARINGAN,JL. CENANG,Pejagalan,14450.0,OSM_Success
JAKARTA UTARA,PENJARINGAN,JL. CENDANA GOLF,Kamal Muara,14470.0,OSM_Success
JAKARTA UTARA,PENJARINGAN,JL. CENDANA GOLF,Kamal Muara,14470.0,OSM_Success
JAKARTA UTARA,PENJARINGAN,JL. CENDANA GOLF II,Kamal Muara,14470.0,Imputed_Success
JAKARTA UTARA,PENJARINGAN,JL. CENDANA GOLF III,Kamal Muara,14470.0,Imputed_Success
JAKARTA UTARA,PENJARINGAN,JL. CENDANA GOLF IV,Kamal Muara,14470.0,Imputed_Success
JAKARTA UTARA,PENJARINGAN,JL. CENDANA GOLF V,Kamal Muara,14470.0,Imputed_Success
JAKARTA UTARA,PENJARINGAN,JL. CROWN GOLF BOULEVARD,,,Not_Found
JAKARTA UTARA,PENJARINGAN,JL. D TELUK GONG,,,Not_Found
JAKARTA UTARA,PENJARINGAN,JL. DAMAR GOLF,,,Not_Found
JAKARTA UTARA,PENJARINGAN,JL. DAMAR GOLF II,,,Not_Found
JAKARTA UTARA,PENJARINGAN,JL. DUTA HARAPAN INDAH,,,Not_Found
JAKARTA UTARA,PENJARINGAN,JL. EBONY GOLF,Kamal Muara,14470.0,OSM_Success
JAKARTA UTARA,PENJARINGAN,JL. EBONY GOLF 11,Kamal Muara,14470.0,Imputed_Success
JAKARTA UTARA,PENJARINGAN,JL. EBONY GOLF III,Kamal Muara,14470.0,Imputed_Success
JAKARTA UTARA,PENJARINGAN,JL. EBONY GOLF IV,Kamal Muara,14470.0,Imputed_Success
JAKARTA UTARA,PENJARINGAN,JL. EBONY GOLF RAYA,Kamal Muara,14470.0,OSM_Success
JAKARTA UTARA,PENJARINGAN,JL. EBONY GOLF V,Kamal Muara,14470.0,Imputed_Success
JAKARTA UTARA,PENJARINGAN,JL. EBONY GOLF VI,Kamal Muara,14470.0,Imputed_Success
JAKARTA UTARA,PENJARINGAN,JL. EBONY GOLF VII,Kamal Muara,14470.0,Imputed_Success
JAKARTA UTARA,PENJARINGAN,JL. EKOR KUNING,Penjaringan,14430.0,OSM_Success
JAKARTA UTARA,PENJARINGAN,JL. ELANG LAUT 1,Kamal Muara,14470.0,OSM_Success
JAKARTA UTARA,PENJARINGAN,JL. ELANG LAUT 2,Kamal Muara,14470.0,Imputed_Success
JAKARTA UTARA,PENJARINGAN,JL. ELANG LAUT 3,Kamal Muara,14470.0,Imputed_Success
JAKARTA UTARA,PENJARINGAN,JL. ELANG LAUT 4,Kamal Muara,14470.0,Imputed_Success
JAKARTA UTARA,PENJARINGAN,JL. ELANG LAUT 5,Kamal Muara,14470.0,Imputed_Success
JAKARTA UTARA,PENJARINGAN,JL. ELANG LAUT 6,Kamal Muara,14470.0,Imputed_Success
JAKARTA UTARA,PENJARINGAN,JL. ELANG LAUT 7,Kamal Muara,14470.0,Imputed_Success
JAKARTA UTARA,PENJARINGAN,JL. ELANG LAUT 8,Kamal Muara,14470.0,Imputed_Success
JAKARTA UTARA,PENJARINGAN,JL. ELANG LAUT RAYA,Kamal Muara,14470.0,OSM_Success
JAKARTA UTARA,PENJARINGAN,JL. F TELUK GONG,,,Not_Found
JAKARTA UTARA,PENJARINGAN,JL. FLAMBOYAN GOLF,,,Not_Found
JAKARTA UTARA,PENJARINGAN,JL. FLAMBOYAN GOLF,,,Not_Found
JAKARTA UTARA,PENJARINGAN,JL. FLAMBOYAN GOLF II,,,Not_Found
JAKARTA UTARA,PENJARINGAN,JL. FLAMBOYAN GOLF III,,,Not_Found
JAKARTA UTARA,PENJARINGAN,JL. FLORENCE,Kapuk Muara,14460.0,OSM_Success
JAKARTA UTARA,PENJARINGAN,JL. FLORENCE 1,Kapuk Muara,14460.0,OSM_Success
JAKARTA UTARA,PENJARINGAN,JL. G. TELUK GONG,,,Not_Found
JAKARTA UTARA,PENJARINGAN,JL. GABUS,Pejagalan,14450.0,OSM_Success
JAKARTA UTARA,PENJARINGAN,JL. GAMBANG,Pejagalan,14450.0,OSM_Success
JAKARTA UTARA,PENJARINGAN,JL. GAMBANG II,Pejagalan,14450.0,OSM_Success
JAKARTA UTARA,PENJARINGAN,JL. GANGGENG,,,Not_Found
JAKARTA UTARA,PENJARINGAN,JL. GARDEN IMPERIAL,Kamal Muara,14470.0,OSM_Success
JAKARTA UTARA,PENJARINGAN,JL. GARDEN ISLAND,,,Not_Found
JAKARTA UTARA,PENJARINGAN,JL. GARDEN ISLAND II,,,Not_Found
JAKARTA UTARA,PENJARINGAN,JL. GARDEN ISLAND III,,,Not_Found
JAKARTA UTARA,PENJARINGAN,JL. GARDEN MARBLE,Kamal Muara,14470.0,OSM_Success
JAKARTA UTARA,PENJARINGAN,JL. GARDEN MARBLE II,Kamal Muara,14470.0,Imputed_Success
JAKARTA UTARA,PENJARINGAN,JL. GARDEN MARBLE III,Kamal Muara,14470.0,Imputed_Success
JAKARTA UTARA,PENJARINGAN,JL. GARDEN MARBLE IV,Kamal Muara,14470.0,Imputed_Success
JAKARTA UTARA,PENJARINGAN,JL. GARDEN MARBLE V,Kamal Muara,14470.0,Imputed_Success
JAKARTA UTARA,PENJARINGAN,JL. GARDEN MARBLE VI,Kamal Muara,14470.0,Imputed_Success
JAKARTA UTARA,PENJARINGAN,JL. GARDEN MARBLE VII,Kamal Muara,14470.0,Imputed_Success
JAKARTA UTARA,PENJARINGAN,JL. GEDONG PANJANG,Penjaringan,14430.0,OSM_Success
JAKARTA UTARA,PENJARINGAN,JL. GEMBIRA,,,Not_Found
JAKARTA UTARA,PENJARINGAN,JL. GG. BUNTEK,,,Not_Found
JAKARTA UTARA,PENJARINGAN,JL. GUSTI PERMATA,Pejagalan,14450.0,OSM_Success
JAKARTA UTARA,PENJARINGAN,JL. GUSTI PERMATA,Pejagalan,14450.0,OSM_Success
JAKARTA UTARA,PENJARINGAN,JL. GUSTI PERMATA II,Pejagalan,14450.0,Imputed_Success
JAKARTA UTARA,PENJARINGAN,JL. GUSTI PERMATA III,Pejagalan,14450.0,Imputed_Success
JAKARTA UTARA,PENJARINGAN,JL. GUSTI PERMATA IV,Pejagalan,14450.0,Imputed_Success
JAKARTA UTARA,PENJARINGAN,JL. GUSTI PERMATA IX,Pejagalan,14450.0,Imputed_Success
JAKARTA UTARA,PENJARINGAN,JL. GUSTI PERMATA V,Pejagalan,14450.0,Imputed_Success
JAKARTA UTARA,PENJARINGAN,JL. GUSTI PERMATA VI,Pejagalan,14450.0,Imputed_Success
JAKARTA UTARA,PENJARINGAN,JL. GUSTI PERMATA VII,Pejagalan,14450.0,Imputed_Success
JAKARTA UTARA,PENJARINGAN,JL. GUSTI PERMATA VIII,Pejagalan,14450.0,Imputed_Success
JAKARTA UTARA,PENJARINGAN,JL. H TELUK GONG,,,Not_Found
JAKARTA UTARA,PENJARINGAN,JL. I TELUK GONG,,,Not_Found
JAKARTA UTARA,PENJARINGAN,JL. INSPEKSI,Penjaringan,14430.0,OSM_Success
JAKARTA UTARA,PENJARINGAN,JL. IR. WIYOTO WIYONO,,,Not_Found
JAKARTA UTARA,PENJARINGAN,JL. J TELUK GONG,,,Not_Found
JAKARTA UTARA,PENJARINGAN,JL. JADE GOLF 1,Kamal Muara,14470.0,OSM_Success
JAKARTA UTARA,PENJARINGAN,JL. JELAMBAR,,,Not_Found
JAKARTA UTARA,PENJARINGAN,JL. JELAMBAR ALADIN,,,Not_Found
JAKARTA UTARA,PENJARINGAN,JL. JELAMBAR FAJAR,,,Not_Found
JAKARTA UTARA,PENJARINGAN,JL. JEMBATAN DUA,Pejagalan,14450.0,OSM_Success
JAKARTA UTARA,PENJARINGAN,JL. JEMBATAN GAMBANG,Pejagalan,14450.0,OSM_Success
JAKARTA UTARA,PENJARINGAN,JL. JEMBATAN GAMBANG II,Pejagalan,14450.0,Imputed_Success
JAKARTA UTARA,PENJARINGAN,JL. JEMBATAN II,Pejagalan,14450.0,OSM_Success
JAKARTA UTARA,PENJARINGAN,JL. JEMBATAN TIGA,Penjaringan,14430.0,OSM_Success
JAKARTA UTARA,PENJARINGAN,JL. JOHAR HIJAU GOLF,Kamal Muara,14470.0,OSM_Success
JAKARTA UTARA,PENJARINGAN,JL. JOHAR HIJAU GOLF II,Kamal Muara,14470.0,Imputed_Success
JAKARTA UTARA,PENJARINGAN,JL. JOHAR HIJAU GOLF III,Kamal Muara,14470.0,Imputed_Success
JAKARTA UTARA,PENJARINGAN,JL. JOHAR HIJAU GOLF RAYA,Kamal Muara,14470.0,OSM_Success
JAKARTA UTARA,PENJARINGAN,JL. K TELUK GONG,,,Not_Found
JAKARTA UTARA,PENJARINGAN,JL. KAKAP,Penjaringan,14430.0,OSM_Success
JAKARTA UTARA,PENJARINGAN,JL. KALIJODO,,,Not_Found
JAKARTA UTARA,PENJARINGAN,JL. KAMAL,Kamal Muara,14470.0,OSM_Success
JAKARTA UTARA,PENJARINGAN,JL. KAMAL MUARA,Kamal Muara,14470.0,OSM_Success
JAKARTA UTARA,PENJARINGAN,JL. KAMAL MUARA 1,Kamal Muara,14470.0,OSM_Success
JAKARTA UTARA,PENJARINGAN,JL. KAMAL MUARA 2,Kamal Muara,11810.0,OSM_Success
JAKARTA UTARA,PENJARINGAN,JL. KAMAL MUARA 3,Kamal Muara,14470.0,Imputed_Success
JAKARTA UTARA,PENJARINGAN,JL. KAMAL MUARA 4,Kamal Muara,14470.0,Imputed_Success
JAKARTA UTARA,PENJARINGAN,JL. KAMAL MUARA 5,Kamal Muara,14470.0,Imputed_Success
JAKARTA UTARA,PENJARINGAN,JL. KAMAL MUARA 6,Kamal Muara,14470.0,Imputed_Success
JAKARTA UTARA,PENJARINGAN,JL. KAMAL PANTAI,Kamal Muara,14470.0,OSM_Success
JAKARTA UTARA,PENJARINGAN,JL. KANO PERMAI 1,,,Not_Found
JAKARTA UTARA,PENJARINGAN,JL. KANO PERMAI 2,,,Not_Found
JAKARTA UTARA,PENJARINGAN,JL. KANO PERMAI 3,,,Not_Found
JAKARTA UTARA,PENJARINGAN,JL. KANO PERMAI 4,,,Not_Found
JAKARTA UTARA,PENJARINGAN,JL. KAPUK KAMAL,Kamal Muara,14470.0,OSM_Success
JAKARTA UTARA,PENJARINGAN,JL. KAPUK KAMAL MUARA,Kamal Muara,14470.0,OSM_Success
JAKARTA UTARA,PENJARINGAN,JL. KAPUK MUARA,Kapuk Muara,14460.0,OSM_Success
JAKARTA UTARA,PENJARINGAN,JL. KAPUK RAYA,Kapuk Muara,14460.0,OSM_Success
JAKARTA UTARA,PENJARINGAN,JL. KATAMARAN INDAH 1,Kapuk Muara,14460.0,OSM_Success
JAKARTA UTARA,PENJARINGAN,JL. KATAMARAN INDAH 10,Kapuk Muara,14460.0,Imputed_Success
JAKARTA UTARA,PENJARINGAN,JL. KATAMARAN INDAH 11,Kapuk Muara,14460.0,Imputed_Success
JAKARTA UTARA,PENJARINGAN,JL. KATAMARAN INDAH 12,Kapuk Muara,14460.0,Imputed_Success
JAKARTA UTARA,PENJARINGAN,JL. KATAMARAN INDAH 2,Kapuk Muara,14460.0,Imputed_Success
JAKARTA UTARA,PENJARINGAN,JL. KATAMARAN INDAH 3,Kapuk Muara,14460.0,Imputed_Success
JAKARTA UTARA,PENJARINGAN,JL. KATAMARAN INDAH 4,Kapuk Muara,14460.0,Imputed_Success
JAKARTA UTARA,PENJARINGAN,JL. KATAMARAN INDAH 5,Kapuk Muara,14460.0,Imputed_Success
JAKARTA UTARA,PENJARINGAN,JL. KATAMARAN INDAH 6,Kapuk Muara,14460.0,Imputed_Success
JAKARTA UTARA,PENJARINGAN,JL. KATAMARAN INDAH 7,Kapuk Muara,14460.0,Imputed_Success
JAKARTA UTARA,PENJARINGAN,JL. KATAMARAN INDAH 8,Kapuk Muara,14460.0,Imputed_Success
JAKARTA UTARA,PENJARINGAN,JL. KATAMARAN INDAH 9,Kapuk Muara,14460.0,Imputed_Success
JAKARTA UTARA,PENJARINGAN,JL. KATAMARAN PERMAI 1,Kapuk Muara,14460.0,OSM_Success
JAKARTA UTARA,PENJARINGAN,JL. KATAMARAN PERMAI 2,Kapuk Muara,14460.0,Imputed_Success
JAKARTA UTARA,PENJARINGAN,JL. KATAMARAN PERMAI 3,Kapuk Muara,14460.0,Imputed_Success
JAKARTA UTARA,PENJARINGAN,JL. KATAMARAN PERMAI 4,Kapuk Muara,14460.0,Imputed_Success
JAKARTA UTARA,PENJARINGAN,JL. KATAMARAN PERMAI 5,Kapuk Muara,14460.0,Imputed_Success
JAKARTA UTARA,PENJARINGAN,JL. KATAMARAN PERMAI 6,Kapuk Muara,14460.0,Imputed_Success
JAKARTA UTARA,PENJARINGAN,JL. KATAMARAN PERMAI 7,Kapuk Muara,14460.0,Imputed_Success
JAKARTA UTARA,PENJARINGAN,JL. KATAMARAN PERMAI 8,Kapuk Muara,14460.0,Imputed_Success
JAKARTA UTARA,PENJARINGAN,JL. KATAMARAN PERMAI 9,Kapuk Muara,14460.0,Imputed_Success
JAKARTA UTARA,PENJARINGAN,JL. KEMBUNG,Penjaringan,14430.0,OSM_Success
JAKARTA UTARA,PENJARINGAN,JL. KENARI GOLF RAYA LINGKUNGAN,,,Not_Found
JAKARTA UTARA,PENJARINGAN,JL. KENARI HIJAU,Kamal Muara,14470.0,OSM_Success
JAKARTA UTARA,PENJARINGAN,JL. KENARI HIJAU II,Kamal Muara,14470.0,Imputed_Success
JAKARTA UTARA,PENJARINGAN,JL. KENARI HIJAU RAYA,Kamal Muara,14470.0,OSM_Success
JAKARTA UTARA,PENJARINGAN,JL. KEPANDUAN,Pejagalan,14450.0,OSM_Success
JAKARTA UTARA,PENJARINGAN,JL. KEPANDUAN II,Pejagalan,14450.0,OSM_Success
JAKARTA UTARA,PENJARINGAN,JL. KEPANDUAN III,Pejagalan,14450.0,Imputed_Success
JAKARTA UTARA,PENJARINGAN,JL. KERTA JAYA,,,Not_Found
JAKARTA UTARA,PENJARINGAN,JL. KETING,Pejagalan,14450.0,OSM_Success
JAKARTA UTARA,PENJARINGAN,JL. L TELUK GONG,,,Not_Found
JAKARTA UTARA,PENJARINGAN,JL. LAYAR PERMAI,Kapuk Muara,14460.0,OSM_Success
JAKARTA UTARA,PENJARINGAN,JL. LAYAR PERMAI 1,Kapuk Muara,14460.0,Imputed_Success
JAKARTA UTARA,PENJARINGAN,JL. LAYAR PERMAI 10,Kapuk Muara,14460.0,Imputed_Success
JAKARTA UTARA,PENJARINGAN,JL. LAYAR PERMAI 11,Kapuk Muara,14460.0,Imputed_Success
JAKARTA UTARA,PENJARINGAN,JL. LAYAR PERMAI 2 A,,,Not_Found
JAKARTA UTARA,PENJARINGAN,JL. LAYAR PERMAI 3,Kapuk Muara,14460.0,Imputed_Success
JAKARTA UTARA,PENJARINGAN,JL. LAYAR PERMAI 4,Kapuk Muara,14460.0,Imputed_Success
JAKARTA UTARA,PENJARINGAN,JL. LAYAR PERMAI 4A,,,Not_Found
JAKARTA UTARA,PENJARINGAN,JL. LAYAR PERMAI 4B,,,Not_Found
JAKARTA UTARA,PENJARINGAN,JL. LAYAR PERMAI 4C,,,Not_Found
JAKARTA UTARA,PENJARINGAN,JL. LAYAR PERMAI 5,Kapuk Muara,14460.0,Imputed_Success
JAKARTA UTARA,PENJARINGAN,JL. LAYAR PERMAI 6,Kapuk Muara,14460.0,Imputed_Success
JAKARTA UTARA,PENJARINGAN,JL. LAYAR PERMAI 7,Kapuk Muara,14460.0,Imputed_Success
JAKARTA UTARA,PENJARINGAN,JL. LAYAR PERMAI 8,Kapuk Muara,14460.0,Imputed_Success
JAKARTA UTARA,PENJARINGAN,JL. LAYAR PERMAI 9,Kapuk Muara,14460.0,Imputed_Success
JAKARTA UTARA,PENJARINGAN,JL. LELE,Pejagalan,14450.0,OSM_Success
JAKARTA UTARA,PENJARINGAN,JL. LINDUNG,Pejagalan,14450.0,OSM_Success
JAKARTA UTARA,PENJARINGAN,JL. LOPIS,Pejagalan,14450.0,OSM_Success
JAKARTA UTARA,PENJARINGAN,JL. LOPIS,Pejagalan,14450.0,OSM_Success
JAKARTA UTARA,PENJARINGAN,JL. LOPIS II,Pejagalan,14450.0,Imputed_Success
JAKARTA UTARA,PENJARINGAN,JL. LOPIS III,Pejagalan,14450.0,Imputed_Success
JAKARTA UTARA,PENJARINGAN,JL. LOTUS INDAH,Kapuk Muara,14460.0,OSM_Success
JAKARTA UTARA,PENJARINGAN,JL. LUAR BATANG,Penjaringan,14430.0,OSM_Success
JAKARTA UTARA,PENJARINGAN,JL. LUAR BATANG II,Penjaringan,14430.0,Imputed_Success
JAKARTA UTARA,PENJARINGAN,JL. LUAR BATANG III,Penjaringan,14430.0,Imputed_Success
JAKARTA UTARA,PENJARINGAN,JL. LUAR BATANG V,Penjaringan,14430.0,Imputed_Success
JAKARTA UTARA,PENJARINGAN,JL. LUARA BATANG IV,,,Not_Found
JAKARTA UTARA,PENJARINGAN,JL. LUNDU,Pejagalan,14450.0,OSM_Success
JAKARTA UTARA,PENJARINGAN,JL. M TELUK GONG,,,Not_Found
JAKARTA UTARA,PENJARINGAN,JL. MANDARA INDAH 1,Kapuk Muara,14460.0,OSM_Success
JAKARTA UTARA,PENJARINGAN,JL. MANDARA INDAH 2,Kapuk Muara,14460.0,Imputed_Success
JAKARTA UTARA,PENJARINGAN,JL. MANDARA INDAH 3,Kapuk Muara,14460.0,Imputed_Success
JAKARTA UTARA,PENJARINGAN,JL. MANDARA INDAH 4,Kapuk Muara,14460.0,Imputed_Success
JAKARTA UTARA,PENJARINGAN,JL. MANDARA INDAH 5,Kapuk Muara,14460.0,Imputed_Success
JAKARTA UTARA,PENJARINGAN,JL. MANDARA INDAH 6,Kapuk Muara,14460.0,Imputed_Success
JAKARTA UTARA,PENJARINGAN,JL. MANDARA INDAH 7,Kapuk Muara,14460.0,Imputed_Success
JAKARTA UTARA,PENJARINGAN,JL. MANDARA INDAH 8,Kapuk Muara,14460.0,Imputed_Success
JAKARTA UTARA,PENJARINGAN,JL. MANDARA INDAH 9,Kapuk Muara,14460.0,Imputed_Success
JAKARTA UTARA,PENJARINGAN,JL. MANDARA INDAH RAYA,Kapuk Muara,14460.0,OSM_Success
JAKARTA UTARA,PENJARINGAN,JL. MANDARA PERMAI,Kapuk Muara,14460.0,OSM_Success
JAKARTA UTARA,PENJARINGAN,JL. MANDARA PERMAI,Kapuk Muara,14460.0,OSM_Success
JAKARTA UTARA,PENJARINGAN,JL. MANDARA PERMAI II,Kapuk Muara,14460.0,Imputed_Success
JAKARTA UTARA,PENJARINGAN,JL. MANDARA PERMAI III,Kapuk Muara,14460.0,Imputed_Success
JAKARTA UTARA,PENJARINGAN,JL. MANDARA PERMAI IV,Kapuk Muara,14460.0,Imputed_Success
JAKARTA UTARA,PENJARINGAN,JL. MANDARA PERMAI V,Kapuk Muara,14460.0,Imputed_Success
JAKARTA UTARA,PENJARINGAN,JL. MANDARA PERMAI VI,Kapuk Muara,14460.0,OSM_Success
JAKARTA UTARA,PENJARINGAN,JL. MANDARA PERMAI VII,Kapuk Muara,14460.0,Imputed_Success
JAKARTA UTARA,PENJARINGAN,JL. MANYAR RAYA,Kapuk Muara,14460.0,OSM_Success
JAKARTA UTARA,PENJARINGAN,JL. MARINA INDAH,Kamal Muara,14470.0,OSM_Success
JAKARTA UTARA,PENJARINGAN,JL. MAYANG PERMAI 1,Kapuk Muara,14460.0,OSM_Success
JAKARTA UTARA,PENJARINGAN,JL. MAYANG PERMAI 2,Kapuk Muara,14460.0,Imputed_Success
JAKARTA UTARA,PENJARINGAN,JL. MAYANG PERMAI 3,Kapuk Muara,14460.0,Imputed_Success
JAKARTA UTARA,PENJARINGAN,JL. MAYANG PERMAI 4,Kapuk Muara,14460.0,Imputed_Success
JAKARTA UTARA,PENJARINGAN,JL. MAYANG PERMAI 5,Kapuk Muara,14460.0,Imputed_Success
JAKARTA UTARA,PENJARINGAN,JL. MAYANG PERMAI 6,Kapuk Muara,14460.0,Imputed_Success
JAKARTA UTARA,PENJARINGAN,JL. MAZDA,Pejagalan,14450.0,OSM_Success
JAKARTA UTARA,PENJARINGAN,JL. MAZDA RAYA,Pejagalan,14450.0,OSM_Success
JAKARTA UTARA,PENJARINGAN,JL. MOA,Pejagalan,14450.0,OSM_Success
JAKARTA UTARA,PENJARINGAN,JL. MUARA ANGKE,Kamal Muara,14470.0,OSM_Success
JAKARTA UTARA,PENJARINGAN,JL. MUARA BARU,Penjaringan,14430.0,OSM_Success
JAKARTA UTARA,PENJARINGAN,JL. MUARA BARU POMPA,,,Not_Found
JAKARTA UTARA,PENJARINGAN,JL. MUARA KARANG,Pluit,14440.0,OSM_Success
JAKARTA UTARA,PENJARINGAN,JL. MURTA BARU,,,Not_Found
JAKARTA UTARA,PENJARINGAN,JL. N TELUK GONG,,,Not_Found
JAKARTA UTARA,PENJARINGAN,JL. 0 TELUK GONG,,,Not_Found
JAKARTA UTARA,PENJARINGAN,JL. P TELUK GONG,,,Not_Found
JAKARTA UTARA,PENJARINGAN,JL. PAKIN RAYA,Penjaringan,14430.0,OSM_Success
JAKARTA UTARA,PENJARINGAN,JL. PANGERAN TUBAGUS ANGKE,Pejagalan,14450.0,OSM_Success
JAKARTA UTARA,PENJARINGAN,JL. PANTAI INDAH BARAT,,,Not_Found
JAKARTA UTARA,PENJARINGAN,JL. PANTAI INDAH KAPUK,Kamal Muara,14470.0,OSM_Success
JAKARTA UTARA,PENJARINGAN,JL. PANTAI INDAH SELATAN,,,Not_Found
JAKARTA UTARA,PENJARINGAN,JL. PANTAI INDAH SELATAN 1,,,Not_Found
JAKARTA UTARA,PENJARINGAN,JL. PANTAI INDAH SELATAN 2,,,Not_Found
JAKARTA UTARA,PENJARINGAN,JL. PANTAI INDAH TIMUR,,,Not_Found
JAKARTA UTARA,PENJARINGAN,JL. PANTAI INDAH UTARA 1,Kapuk Muara,14460.0,OSM_Success
JAKARTA UTARA,PENJARINGAN,JL. PANTAI INDAH UTARA 2,Kapuk Muara,14460.0,Imputed_Success
JAKARTA UTARA,PENJARINGAN,JL. PANTAI INDAH UTARA 3,Kapuk Muara,14460.0,Imputed_Success
JAKARTA UTARA,PENJARINGAN,JL. PANTAI MUTIARA,Pluit,14440.0,OSM_Success
JAKARTA UTARA,PENJARINGAN,JL. PASAR IKAN,Penjaringan,14430.0,OSM_Success
JAKARTA UTARA,PENJARINGAN,JL. PAUS KEL,,,Not_Found
JAKARTA UTARA,PENJARINGAN,JL. PEARL GOLF,Kamal Muara,14470.0,OSM_Success
JAKARTA UTARA,PENJARINGAN,' JL. PERMAI PERMAI 2B,,,Not_Found
JAKARTA UTARA,PENJARINGAN,JL. PERMATA,Pejagalan,14450.0,OSM_Success
JAKARTA UTARA,PENJARINGAN,JL. PERMATA,Pejagalan,14450.0,OSM_Success
JAKARTA UTARA,PENJARINGAN,JL. PERMATA II,Pejagalan,14450.0,Imputed_Success
JAKARTA UTARA,PENJARINGAN,JL. PERMATA III,Pejagalan,14450.0,Imputed_Success
JAKARTA UTARA,PENJARINGAN,JL. PERMATA IV,Pejagalan,14450.0,Imputed_Success
JAKARTA UTARA,PENJARINGAN,JL. PERMATA IX,Pejagalan,14450.0,OSM_Success
JAKARTA UTARA,PENJARINGAN,JL. PERMATA V,Pejagalan,14450.0,Imputed_Success
JAKARTA UTARA,PENJARINGAN,JL. PERMATA VI,Pejagalan,14450.0,OSM_Success
JAKARTA UTARA,PENJARINGAN,JL. PERMATA VII,Pejagalan,14450.0,Imputed_Success
JAKARTA UTARA,PENJARINGAN,JL. PERMATA VIII,Pejagalan,14450.0,OSM_Success
JAKARTA UTARA,PENJARINGAN,JL. PERMATA X,Pejagalan,14450.0,OSM_Success
JAKARTA UTARA,PENJARINGAN,JL. PERMATA XI,Angke,11250.0,OSM_Success
JAKARTA UTARA,PENJARINGAN,JL. PERMATA XII,Pejagalan,14450.0,OSM_Success
JAKARTA UTARA,PENJARINGAN,JL. PERMATA XIII,Pejagalan,14450.0,OSM_Success
JAKARTA UTARA,PENJARINGAN,JL. PERMATA XIV,Pejagalan,14450.0,OSM_Success
JAKARTA UTARA,PENJARINGAN,JL. PERMATA XV,Pejagalan,14450.0,Imputed_Success
JAKARTA UTARA,PENJARINGAN,JL. PERMATA XVI,Pejagalan,14450.0,Imputed_Success
JAKARTA UTARA,PENJARINGAN,JL. PERMATA XVII,Pejagalan,14450.0,OSM_Success
JAKARTA UTARA,PENJARINGAN,JL. PETAK ASEM,Penjaringan,14430.0,OSM_Success
JAKARTA UTARA,PENJARINGAN,JL. PINISI INDAH 1,Kapuk Muara,14460.0,OSM_Success
JAKARTA UTARA,PENJARINGAN,JL. PINISI INDAH 2,Kapuk Muara,14460.0,OSM_Success
JAKARTA UTARA,PENJARINGAN,JL. PINISI INDAH 3,Kapuk Muara,14460.0,OSM_Success
JAKARTA UTARA,PENJARINGAN,JL. PINISI INDAH 4,Kapuk Muara,14460.0,OSM_Success
JAKARTA UTARA,PENJARINGAN,JL. PINISI INDAH 5,Kapuk Muara,14460.0,OSM_Success
JAKARTA UTARA,PENJARINGAN,JL. PINISI INDAH 6,Kapuk Muara,14460.0,Imputed_Success
JAKARTA UTARA,PENJARINGAN,JL. PINISI PERMAI 1,Kapuk Muara,14460.0,OSM_Success
JAKARTA UTARA,PENJARINGAN,JL. PINISI PERMAI 2,Kapuk Muara,14460.0,Imputed_Success
JAKARTA UTARA,PENJARINGAN,JL. PINISI PERMAI 3,Kapuk Muara,14460.0,OSM_Success
JAKARTA UTARA,PENJARINGAN,JL. PINISI PERMAI 4,Kapuk Muara,14460.0,OSM_Success
JAKARTA UTARA,PENJARINGAN,JL. PINISI PERMAI 5,Kapuk Muara,14460.0,OSM_Success
JAKARTA UTARA,PENJARINGAN,JL. PINISI PERMAI 6,Kapuk Muara,14460.0,Imputed_Success
JAKARTA UTARA,PENJARINGAN,JL. PINISI PERMAI 7,Kapuk Muara,14460.0,OSM_Success
JAKARTA UTARA,PENJARINGAN,JL. PLUIT BARAT,Pluit,14440.0,OSM_Success
JAKARTA UTARA,PENJARINGAN,JL. PLUIT BARAT,Pluit,14440.0,OSM_Success
JAKARTA UTARA,PENJARINGAN,JL. PLUIT BARAT II,Pluit,14440.0,Imputed_Success
JAKARTA UTARA,PENJARINGAN,JL. PLUIT BARAT III,Pluit,14440.0,Imputed_Success
JAKARTA UTARA,PENJARINGAN,JL. PLUIT BARAT IV,Pluit,14440.0,Imputed_Success
JAKARTA UTARA,PENJARINGAN,JL. PLUIT BARAT V,Pluit,14440.0,Imputed_Success
JAKARTA UTARA,PENJARINGAN,JL. PLUIT BARAT VI,Pluit,14440.0,Imputed_Success
JAKARTA UTARA,PENJARINGAN,JL. PLUIT BARAT VII,Pluit,14440.0,Imputed_Success
JAKARTA UTARA,PENJARINGAN,JL. PLUIT BARAT VIII,Pluit,14440.0,Imputed_Success
JAKARTA UTARA,PENJARINGAN,JL. PLUIT DALAM,Penjaringan,14430.0,OSM_Success
JAKARTA UTARA,PENJARINGAN,JL. PLUIT DALAM II,Penjaringan,14430.0,Imputed_Success
JAKARTA UTARA,PENJARINGAN,JL. PLUIT DALAM 111,Penjaringan,14430.0,Imputed_Success
JAKARTA UTARA,PENJARINGAN,JL. PLUIT INDAH,Pluit,14440.0,OSM_Success
JAKARTA UTARA,PENJARINGAN,JL. PLUIT KARANG,Pluit,14440.0,OSM_Success
JAKARTA UTARA,PENJARINGAN,JL. PLUIT KARANG AYU BARAT,,,Not_Found
JAKARTA UTARA,PENJARINGAN,JL. PLUIT KARANG AYU,,,Not_Found
JAKARTA UTARA,PENJARINGAN,JL. PLUIT KARANG AYU II,,,Not_Found
JAKARTA UTARA,PENJARINGAN,JL. PLUIT KARANG AYU III,,,Not_Found
JAKARTA UTARA,PENJARINGAN,JL. PLUIT KARANG AYU IV,,,Not_Found
JAKARTA UTARA,PENJARINGAN,JL. PLUIT KARANG AYU UTARA,,,Not_Found
JAKARTA UTARA,PENJARINGAN,JL. PLUIT KARANG AYU V,,,Not_Found
JAKARTA UTARA,PENJARINGAN,JL. PLUIT KARANG BARAT,,,Not_Found
JAKARTA UTARA,PENJARINGAN,JL. PLUIT KARANG CANTIK,,,Not_Found
JAKARTA UTARA,PENJARINGAN,JL. PLUIT KARANG,Pluit,14440.0,OSM_Success
JAKARTA UTARA,PENJARINGAN,JL. PLUIT KARANG INDAH,Pluit,14440.0,OSM_Success
JAKARTA UTARA,PENJARINGAN,JL. PLUIT KARANG INDAH,Pluit,14440.0,OSM_Success
JAKARTA UTARA,PENJARINGAN,JL. PLUIT KARANG INDAH II,Pluit,14440.0,Imputed_Success
JAKARTA UTARA,PENJARINGAN,JL. PLUIT KARANG INDAH III,Pluit,14440.0,Imputed_Success
JAKARTA UTARA,PENJARINGAN,JL. PLUIT KARANG INDAH IV,Pluit,14440.0,Imputed_Success
JAKARTA UTARA,PENJARINGAN,JL. PLUIT KARANG INDAH IX,Pluit,14440.0,Imputed_Success
JAKARTA UTARA,PENJARINGAN,JL. PLUIT KARANG INDAH TIMUR,,,Not_Found
JAKARTA UTARA,PENJARINGAN,JL. PLUIT KARANG INDAH V,Pluit,14440.0,Imputed_Success
JAKARTA UTARA,PENJARINGAN,JL. PLUIT KARANG INDAH VI,Pluit,14440.0,Imputed_Success
JAKARTA UTARA,PENJARINGAN,JL. PLUIT KARANG INDAH VII,Pluit,14440.0,Imputed_Success
JAKARTA UTARA,PENJARINGAN,JL. PLUIT KARANG INDAH VIII,Pluit,14440.0,Imputed_Success
JAKARTA UTARA,PENJARINGAN,JL. PLUIT KARANG INDAH X,Pluit,14440.0,Imputed_Success
JAKARTA UTARA,PENJARINGAN,JL. PLUIT KARANG INDAH XI,Pluit,14440.0,Imputed_Success
JAKARTA UTARA,PENJARINGAN,JL. PLUIT KARANG INDAH XII,Pluit,14440.0,Imputed_Success
JAKARTA UTARA,PENJARINGAN,JL. PLUIT KARANG INDAH XIII,Pluit,14440.0,Imputed_Success
JAKARTA UTARA,PENJARINGAN,JL. PLUIT KARANG INDAH XIV,Pluit,14440.0,Imputed_Success
JAKARTA UTARA,PENJARINGAN,JL. PLUIT KARANG INDAH XV,Pluit,14440.0,Imputed_Success
JAKARTA UTARA,PENJARINGAN,JL. PLUIT KARANG JELITA,,,Not_Found
JAKARTA UTARA,PENJARINGAN,JL. PLUIT KARANG JELITA,,,Not_Found
JAKARTA UTARA,PENJARINGAN,JL. PLUIT KARANG KARYA,,,Not_Found
JAKARTA UTARA,PENJARINGAN,JL. PLUIT KARANG KARYA BARAT,,,Not_Found
JAKARTA UTARA,PENJARINGAN,JL. PLUIT KARANG KARYA,,,Not_Found
JAKARTA UTARA,PENJARINGAN,JL. PLUIT KARANG KARYA II,,,Not_Found
JAKARTA UTARA,PENJARINGAN,JL. PLUIT KARANG KARYA III,,,Not_Found
JAKARTA UTARA,PENJARINGAN,JL. PLUIT KARANG KARYA IV,,,Not_Found
JAKARTA UTARA,PENJARINGAN,JL. PLUIT KARANG KARYA TIMUR,,,Not_Found
JAKARTA UTARA,PENJARINGAN,JL. PLUIT KARANG KARYA V,,,Not_Found
JAKARTA UTARA,PENJARINGAN,JL. PLUIT KARANG MANIS,,,Not_Found
JAKARTA UTARA,PENJARINGAN,JL. PLUIT KARANG MANIS,,,Not_Found
JAKARTA UTARA,PENJARINGAN,JL. PLUIT KARANG MANIS II,,,Not_Found
JAKARTA UTARA,PENJARINGAN,JL. PLUIT KARANG MANIS III,,,Not_Found
JAKARTA UTARA,PENJARINGAN,JL. PLUIT KARANG MANIS IV,,,Not_Found
JAKARTA UTARA,PENJARINGAN,JL. PLUIT KARANG MANIS IX,,,Not_Found
JAKARTA UTARA,PENJARINGAN,JL. PLUIT KARANG MANIS V,,,Not_Found
JAKARTA UTARA,PENJARINGAN,JL. PLUIT KARANG MANIS VI,,,Not_Found
JAKARTA UTARA,PENJARINGAN,JL. PLUIT KARANG MANIS VII,,,Not_Found
JAKARTA UTARA,PENJARINGAN,JL. PLUIT KARANG MANIS VIII,,,Not_Found
JAKARTA UTARA,PENJARINGAN,JL. PLUIT KARANG MANIS X,,,Not_Found
JAKARTA UTARA,PENJARINGAN,JL. PLUIT KARANG MANIS XI,,,Not_Found
JAKARTA UTARA,PENJARINGAN,JL. PLUIT KARANG MANIS XII,,,Not_Found
JAKARTA UTARA,PENJARINGAN,JL. PLUIT KARANG MANIS XIII,,,Not_Found
JAKARTA UTARA,PENJARINGAN,JL. PLUIT KARANG MOLEK,,,Not_Found
JAKARTA UTARA,PENJARINGAN,JL. PLUIT KARANG NIAGA,,,Not_Found
JAKARTA UTARA,PENJARINGAN,JL. PLUIT KARANG NIAGA II,,,Not_Found
JAKARTA UTARA,PENJARINGAN,JL. PLUIT KARANG NIAGA RAYA,,,Not_Found
JAKARTA UTARA,PENJARINGAN,JL. PLUIT KARANG PERMAI,,,Not_Found
JAKARTA UTARA,PENJARINGAN,JL. PLUIT KARANG PERMAI,,,Not_Found
JAKARTA UTARA,PENJARINGAN,JL. PLUIT KARANG PERMAI II,,,Not_Found
JAKARTA UTARA,PENJARINGAN,JL. PLUIT KARANG PERMAI III,,,Not_Found
JAKARTA UTARA,PENJARINGAN,JL. PLUIT KARANG PERMAI IV,,,Not_Found
JAKARTA UTARA,PENJARINGAN,JL. PLUIT KARANG PERMAI IX,,,Not_Found
JAKARTA UTARA,PENJARINGAN,JL. PLUIT KARANG PERMAI V,,,Not_Found
JAKARTA UTARA,PENJARINGAN,JL. PLUIT KARANG PERMAI VI,,,Not_Found
JAKARTA UTARA,PENJARINGAN,JL. PLUIT KARANG PERMAI VII,,,Not_Found
JAKARTA UTARA,PENJARINGAN,JL. PLUIT KARANG PERMAI VIII,,,Not_Found
JAKARTA UTARA,PENJARINGAN,JL. PLUIT KARANG PERMAI X,,,Not_Found
JAKARTA UTARA,PENJARINGAN,JL. PLUIT KARANG PERMAI XI,,,Not_Found
JAKARTA UTARA,PENJARINGAN,JL. PLUIT KARANG SARI,,,Not_Found
JAKARTA UTARA,PENJARINGAN,JL. PLUIT KARANG SARI II,,,Not_Found
JAKARTA UTARA,PENJARINGAN,JL. PLUIT KARANG SARI III,,,Not_Found
JAKARTA UTARA,PENJARINGAN,JL. PLUIT KARANG SARI IV,,,Not_Found
JAKARTA UTARA,PENJARINGAN,JL. PLUIT KARANG SARI IX,,,Not_Found
JAKARTA UTARA,PENJARINGAN,JL. PLUIT KARANG SARI RAYA,,,Not_Found
JAKARTA UTARA,PENJARINGAN,JL. PLUIT KARANG SARI V,,,Not_Found
JAKARTA UTARA,PENJARINGAN,JL. PLUIT KARANG SARI VI,,,Not_Found
JAKARTA UTARA,PENJARINGAN,JL. PLUIT KARANG SARI VII,,,Not_Found
JAKARTA UTARA,PENJARINGAN,JL. PLUIT KARANG SARI VIII,,,Not_Found
JAKARTA UTARA,PENJARINGAN,JL. PLUIT KARANG SARI X,,,Not_Found
JAKARTA UTARA,PENJARINGAN,JL. PLUIT KARANG SARI XI,,,Not_Found
JAKARTA UTARA,PENJARINGAN,JL. PLUIT KARANG SARI XII,,,Not_Found
JAKARTA UTARA,PENJARINGAN,JL. PLUIT KARANG SARI XIII,,,Not_Found
JAKARTA UTARA,PENJARINGAN,JL. PLUIT KARANG SARI XIV,,,Not_Found
JAKARTA UTARA,PENJARINGAN,JL. PLUIT KARANG SARI XV,,,Not_Found
JAKARTA UTARA,PENJARINGAN,JL. PLUIT KARANG SELATAN,,,Not_Found
JAKARTA UTARA,PENJARINGAN,JL. PLUIT KARANG TIMUR,,,Not_Found
JAKARTA UTARA,PENJARINGAN,JL. PLUIT KARANG UTARA,,,Not_Found
JAKARTA UTARA,PENJARINGAN,JL. PLUIT KENCANA,Pluit,14440.0,OSM_Success
JAKARTA UTARA,PENJARINGAN,JL. PLUIT MAS RAYA,,,Not_Found
JAKARTA UTARA,PENJARINGAN,JL. PLUIT NIAGA,Pluit,14440.0,OSM_Success
JAKARTA UTARA,PENJARINGAN,JL. PLUIT NIAGA II,Pluit,14440.0,Imputed_Success
JAKARTA UTARA,PENJARINGAN,JL. PLUIT NIAGA III,Pluit,14440.0,Imputed_Success
JAKARTA UTARA,PENJARINGAN,JL. PLUIT NIAGA IV,Pluit,14440.0,Imputed_Success
JAKARTA UTARA,PENJARINGAN,JL. PLUIT NIAGA V,Pluit,14440.0,Imputed_Success
JAKARTA UTARA,PENJARINGAN,JL. PLUIT NIAGA VI,Pluit,14440.0,Imputed_Success
JAKARTA UTARA,PENJARINGAN,JL. PLUIT PERMAI,Pluit,14450.0,OSM_Success
JAKARTA UTARA,PENJARINGAN,JL. PLUIT PUTERA,Pluit,14440.0,OSM_Success
JAKARTA UTARA,PENJARINGAN,JL. PLUIT PUTERI,,,Not_Found
JAKARTA UTARA,PENJARINGAN,JL. PLUIT RAYA,Pluit,14450.0,OSM_Success
JAKARTA UTARA,PENJARINGAN,JL. PLUIT RAYA,Pluit,14450.0,OSM_Success
JAKARTA UTARA,PENJARINGAN,JL. PLUIT RAYA II,Pluit,14450.0,Imputed_Success
JAKARTA UTARA,PENJARINGAN,JL. PLUIT RAYA III,Pluit,14450.0,Imputed_Success
JAKARTA UTARA,PENJARINGAN,JL. PLUIT RAYA IV,Pluit,14450.0,Imputed_Success
JAKARTA UTARA,PENJARINGAN,JL. PLUIT SAKTI,Pluit,14440.0,OSM_Success
JAKARTA UTARA,PENJARINGAN,JL. PLUIT SAKTI RAYA,Pluit,14440.0,OSM_Success
JAKARTA UTARA,PENJARINGAN,JL. PLUIT SAMUDRA,Pluit,14440.0,OSM_Success
JAKARTA UTARA,PENJARINGAN,JL. PLUIT SAMUDRA,Pluit,14440.0,OSM_Success
JAKARTA UTARA,PENJARINGAN,JL. PLUIT SAMUDRA II,Pluit,14440.0,Imputed_Success
JAKARTA UTARA,PENJARINGAN,JL. PLUIT SAMUDRA III,Pluit,14440.0,Imputed_Success
JAKARTA UTARA,PENJARINGAN,JL. PLUIT SAMUDRA IV,Pluit,14440.0,Imputed_Success
JAKARTA UTARA,PENJARINGAN,JL. PLUIT SAMUDRA V,Pluit,14440.0,Imputed_Success
JAKARTA UTARA,PENJARINGAN,JL. PLUIT SAMUDRA VI,Pluit,14440.0,Imputed_Success
JAKARTA UTARA,PENJARINGAN,JL. PLUIT SELATAN,Penjaringan,14430.0,OSM_Success
JAKARTA UTARA,PENJARINGAN,JL. PLUIT SELATAN,Penjaringan,14430.0,OSM_Success
JAKARTA UTARA,PENJARINGAN,JL. PLUIT SELATAN II,Penjaringan,14430.0,Imputed_Success
JAKARTA UTARA,PENJARINGAN,JL. PLUIT SELATAN III,Penjaringan,14430.0,Imputed_Success
JAKARTA UTARA,PENJARINGAN,JL. PLUIT SELATAN IV,Penjaringan,14430.0,Imputed_Success
JAKARTA UTARA,PENJARINGAN,JL. PLUIT SELATAN V,Penjaringan,14430.0,Imputed_Success
JAKARTA UTARA,PENJARINGAN,JL. PLUIT SELATAN VI,Penjaringan,14430.0,Imputed_Success
JAKARTA UTARA,PENJARINGAN,JL. PLUIT SELATAN VII,Penjaringan,14430.0,Imputed_Success
JAKARTA UTARA,PENJARINGAN,JL. PLUIT SELATAN VIII,Penjaringan,14430.0,Imputed_Success
JAKARTA UTARA,PENJARINGAN,JL. PLUIT TIMUR,Pluit,14440.0,OSM_Success
JAKARTA UTARA,PENJARINGAN,JL. PLUIT TIMUR BLOK L,,,Not_Found
JAKARTA UTARA,PENJARINGAN,JL. PLUIT UTARA RAYA,Pluit,14450.0,OSM_Success
JAKARTA UTARA,PENJARINGAN,JL. PROF. DR. SEDIATMO,,,Not_Found
JAKARTA UTARA,PENJARINGAN,JL. Q TELUK GONG,,,Not_Found
JAKARTA UTARA,PENJARINGAN,JL. R TELUK GONG,,,Not_Found
JAKARTA UTARA,PENJARINGAN,JL. RAWA BEBEK,Penjaringan,14430.0,OSM_Success
JAKARTA UTARA,PENJARINGAN,JL. RAYA DADAP,Kamal Muara,11810.0,OSM_Success
JAKARTA UTARA,PENJARINGAN,JL. S TELUK GONG,,,Not_Found
JAKARTA UTARA,PENJARINGAN,JL. SEMUT UJUNG,,,Not_Found
JAKARTA UTARA,PENJARINGAN,JL. SEPAT,Pejagalan,14450.0,OSM_Success
JAKARTA UTARA,PENJARINGAN,JL. SILI,Pejagalan,14450.0,OSM_Success
JAKARTA UTARA,PENJARINGAN,JL. SILI II,Pejagalan,14450.0,OSM_Success
JAKARTA UTARA,PENJARINGAN,JL. SILI III,Pejagalan,14450.0,OSM_Success
JAKARTA UTARA,PENJARINGAN,JL. SILI RAYA,Pejagalan,14450.0,OSM_Success
JAKARTA UTARA,PENJARINGAN,JL. SUKARELA,Penjaringan,14430.0,OSM_Success
JAKARTA UTARA,PENJARINGAN,JL. T TELUK GONG,,,Not_Found
JAKARTA UTARA,PENJARINGAN,JL. TAMAN PERMATA INDAH,Pejagalan,14450.0,OSM_Success
JAKARTA UTARA,PENJARINGAN,JL. TAMAN PLUIT KENCANA,,,Not_Found
JAKARTA UTARA,PENJARINGAN,JL. TAMAN PLUIT KENCANA DALAM,,,Not_Found
JAKARTA UTARA,PENJARINGAN,JL. TAMAN PLUIT KENCANA SELATAN,,,Not_Found
JAKARTA UTARA,PENJARINGAN,JL. TAMAN PLUIT KENCANA UTARA,,,Not_Found
JAKARTA UTARA,PENJARINGAN,JL. TANAH PASIR,Penjaringan,14430.0,OSM_Success
JAKARTA UTARA,PENJARINGAN,JL. TELUK GONG,Pejagalan,14450.0,OSM_Success
JAKARTA UTARA,PENJARINGAN,JL. TELUK GONG SELATAN,,,Not_Found
JAKARTA UTARA,PENJARINGAN,JL. TELUK GONG SELATAN II,,,Not_Found
JAKARTA UTARA,PENJARINGAN,JL. TELUK GONG SELATAN III,,,Not_Found
JAKARTA UTARA,PENJARINGAN,JL. TELUK GONG SELATAN IV,,,Not_Found
JAKARTA UTARA,PENJARINGAN,JL. TELUK GONG SELATAN V,,,Not_Found
JAKARTA UTARA,PENJARINGAN,JL. TELUK GONG SELATAN VI,,,Not_Found
JAKARTA UTARA,PENJARINGAN,JL. TELUK INTAN,Pejagalan,14450.0,OSM_Success
JAKARTA UTARA,PENJARINGAN,JL. TELUK NIMBUNG,,,Not_Found
JAKARTA UTARA,PENJARINGAN,JL. TELUK PERMATA,Pejagalan,14450.0,OSM_Success
JAKARTA UTARA,PENJARINGAN,JL. TELUK PERMATA,Pejagalan,14450.0,OSM_Success
JAKARTA UTARA,PENJARINGAN,JL. TELUK PERMATA II,Pejagalan,14450.0,Imputed_Success
JAKARTA UTARA,PENJARINGAN,JL. TELUK PERMATA III,Pejagalan,14450.0,Imputed_Success
JAKARTA UTARA,PENJARINGAN,JL. TELUK PERMATA IV,Pejagalan,14450.0,Imputed_Success
JAKARTA UTARA,PENJARINGAN,JL. TELUK PERMATA IX,Pejagalan,14450.0,Imputed_Success
JAKARTA UTARA,PENJARINGAN,JL. TELUK PERMATA V,Pejagalan,14450.0,Imputed_Success
JAKARTA UTARA,PENJARINGAN,JL. TELUK PERMATA VI,Pejagalan,14450.0,Imputed_Success
JAKARTA UTARA,PENJARINGAN,JL. TELUK PERMATA VII,Pejagalan,14450.0,Imputed_Success
JAKARTA UTARA,PENJARINGAN,JL. TELUK PERMATA VIII,Pejagalan,14450.0,Imputed_Success
JAKARTA UTARA,PENJARINGAN,JL. TELUK PERMATA X,Pejagalan,14450.0,Imputed_Success
JAKARTA UTARA,PENJARINGAN,JL. TELUK PERMATA XI,Pejagalan,14450.0,Imputed_Success
JAKARTA UTARA,PENJARINGAN,JL. TELUK PERMATA XII,Pejagalan,14450.0,Imputed_Success
JAKARTA UTARA,PENJARINGAN,JL. TELUK PERMATA XIII,Pejagalan,14450.0,Imputed_Success
JAKARTA UTARA,PENJARINGAN,JL. TELUK PONCOL,,,Not_Found
JAKARTA UTARA,PENJARINGAN,JL. TELUK SELATAN,Pejagalan,14450.0,OSM_Success
JAKARTA UTARA,PENJARINGAN,JL. TELUK UTARA,Pejagalan,14450.0,OSM_Success
JAKARTA UTARA,PENJARINGAN,JL. TERI,Pejagalan,14450.0,OSM_Success
JAKARTA UTARA,PENJARINGAN,JL. TERUSAN BANDENGAN,Pejagalan,14450.0,OSM_Success
JAKARTA UTARA,PENJARINGAN,JL. TIMARAN PERMAI,,,Not_Found
JAKARTA UTARA,PENJARINGAN,JL. TIMARAN PERMAI II,,,Not_Found
JAKARTA UTARA,PENJARINGAN,JL. TIMARAN PERMAI III,,,Not_Found
JAKARTA UTARA,PENJARINGAN,JL. TIMARAN PERMAI IV,,,Not_Found
JAKARTA UTARA,PENJARINGAN,JL. TIMARAN PERMAI V,,,Not_Found
JAKARTA UTARA,PENJARINGAN,JL. TIMARAN PERMAI VI,,,Not_Found
JAKARTA UTARA,PENJARINGAN,JL. TOWN HOUSE CORDOBA,,,Not_Found
JAKARTA UTARA,PENJARINGAN,JL. U TELUK GONG,,,Not_Found
JAKARTA UTARA,PENJARINGAN,JL. V TELUK GONG,,,Not_Found
JAKARTA UTARA,PENJARINGAN,JL. VENICE,Kapuk Muara,14460.0,OSM_Success
JAKARTA UTARA,PENJARINGAN,JL. VENICE II,Kapuk Muara,14460.0,OSM_Success
JAKARTA UTARA,PENJARINGAN,JL. VENICE III,Kapuk Muara,14460.0,OSM_Success
JAKARTA UTARA,PENJARINGAN,JL. VENICE IV,Kapuk Muara,14460.0,Imputed_Success
JAKARTA UTARA,PENJARINGAN,JL. VILLA KAPUK MAS,,,Not_Found
JAKARTA UTARA,PENJARINGAN,JL. W TELUK GONG,,,Not_Found
JAKARTA UTARA,PENJARINGAN,JL. WACUNG,Penjaringan,14430.0,OSM_Success
JAKARTA UTARA,PENJARINGAN,JL. WADER,Pejagalan,14450.0,OSM_Success
JAKARTA UTARA,PENJARINGAN,JL. WALET ELOK 1,,,Not_Found
JAKARTA UTARA,PENJARINGAN,JL. WALET ELOK 2,,,Not_Found
JAKARTA UTARA,PENJARINGAN,JL. WALET ELOK 3,,,Not_Found
JAKARTA UTARA,PENJARINGAN,JL. WALET ELOK 4,,,Not_Found
JAKARTA UTARA,PENJARINGAN,JL. WALET ELOK 5,,,Not_Found
JAKARTA UTARA,PENJARINGAN,JL. WALET ELOK 6,,,Not_Found
JAKARTA UTARA,PENJARINGAN,JL. WALET ELOK 7,,,Not_Found
JAKARTA UTARA,PENJARINGAN,JL. WALET ELOK 8,,,Not_Found
JAKARTA UTARA,PENJARINGAN,JL. WALET INDAH,Kapuk Muara,14460.0,OSM_Success
JAKARTA UTARA,PENJARINGAN,JL. WALET INDAH 2,Kapuk Muara,14460.0,Imputed_Success
JAKARTA UTARA,PENJARINGAN,JL. WALET INDAH 3,Kapuk Muara,14460.0,Imputed_Success
JAKARTA UTARA,PENJARINGAN,JL. WALET INDAH 4,Kapuk Muara,14460.0,Imputed_Success
JAKARTA UTARA,PENJARINGAN,JL. WALET INDAH 5,Kapuk Muara,14460.0,Imputed_Success
JAKARTA UTARA,PENJARINGAN,JL. WALET INDAH 6,Kapuk Muara,14460.0,Imputed_Success
JAKARTA UTARA,PENJARINGAN,JL. WALET PERMAI 1,,,Not_Found
JAKARTA UTARA,PENJARINGAN,JL. WALET PERMAI 2,,,Not_Found
JAKARTA UTARA,PENJARINGAN,JL. WALET PERMAI 3,,,Not_Found
JAKARTA UTARA,PENJARINGAN,JL. WALET PERMAI 4,,,Not_Found
JAKARTA UTARA,PENJARINGAN,JL. WALET PERMAI 5,,,Not_Found
JAKARTA UTARA,PENJARINGAN,JL. X TELUK GONG,,,Not_Found
JAKARTA UTARA,PENJARINGAN,JL. PLUIT UTARA,Pluit,14450.0,OSM_Success
JAKARTA UTARA,PENJARINGAN,JL. TAMAN PERMATA INDAH 1,Pejagalan,14450.0,OSM_Success
JAKARTA UTARA,PENJARINGAN,' JL. TAMAN PLUIT PERMAI TIMUR,,,Not_Found
JAKARTA UTARA,PENJARINGAN,JL. MEDITERANIA BOULEVARD,Kapuk Muara,14460.0,OSM_Success
JAKARTA UTARA,PADEMANGAN,JL. AMPERA,Pademangan Barat,14420.0,OSM_Success
JAKARTA UTARA,PADEMANGAN,JL. AMPERA BARU/AMPERA VII,,,Not_Found
JAKARTA UTARA,PADEMANGAN,JL. AMPERA BESAR,Pademangan Barat,14420.0,OSM_Success
JAKARTA UTARA,PADEMANGAN,JL. AMPERA,Pademangan Barat,14420.0,OSM_Success
JAKARTA UTARA,PADEMANGAN,JL. AMPERA II,Pademangan Barat,14420.0,OSM_Success
JAKARTA UTARA,PADEMANGAN,JL. AMPERA III,Pademangan Barat,14420.0,OSM_Success
JAKARTA UTARA,PADEMANGAN,JL. AMPERA IV,Pademangan Barat,14420.0,OSM_Success
JAKARTA UTARA,PADEMANGAN,JL. AMPERA V,Pademangan Barat,14420.0,OSM_Success
JAKARTA UTARA,PADEMANGAN,JL. AMPERA VI,Pademangan Barat,14420.0,OSM_Success
JAKARTA UTARA,PADEMANGAN,JL. ANCOL BARAT,Ancol,14430.0,OSM_Success
JAKARTA UTARA,PADEMANGAN,JL. ANCOL BARAT,Ancol,14430.0,OSM_Success
JAKARTA UTARA,PADEMANGAN,JL. ANCOL BARAT II,Ancol,14430.0,Imputed_Success
JAKARTA UTARA,PADEMANGAN,JL. ANCOL BARAT III,Ancol,14430.0,Imputed_Success
JAKARTA UTARA,PADEMANGAN,JL. ANCOL BARAT IV,Ancol,14430.0,Imputed_Success
JAKARTA UTARA,PADEMANGAN,JL. ANCOL,Ancol,14430.0,OSM_Success
JAKARTA UTARA,PADEMANGAN,JL. ANCOL II,Ancol,14430.0,OSM_Success
JAKARTA UTARA,PADEMANGAN,JL. ANCOL III,Ancol,14430.0,OSM_Success
JAKARTA UTARA,PADEMANGAN,JL. ANCOL IV,Ancol,14430.0,OSM_Success
JAKARTA UTARA,PADEMANGAN,JL. ANCOL DC,Ancol,14430.0,Imputed_Success
JAKARTA UTARA,PADEMANGAN,JL. ANCOL V,Ancol,14430.0,OSM_Success
JAKARTA UTARA,PADEMANGAN,JL. ANCOL VI,Ancol,14430.0,Imputed_Success
JAKARTA UTARA,PADEMANGAN,JL. ANCOL VII,Ancol,14430.0,OSM_Success
JAKARTA UTARA,PADEMANGAN,JL. ANCOL VIII,Ancol,14430.0,OSM_Success
JAKARTA UTARA,PADEMANGAN,JL. BARUNA,Ancol,14430.0,OSM_Success
JAKARTA UTARA,PADEMANGAN,JL. BARUNA II,Ancol,14430.0,Imputed_Success
JAKARTA UTARA,PADEMANGAN,JL. BARUNA III,Ancol,14430.0,Imputed_Success
JAKARTA UTARA,PADEMANGAN,JL. BARUNA RAYA,Ancol,14430.0,OSM_Success
JAKARTA UTARA,PADEMANGAN,JL. H. BENYAMIN SUEB,,,Not_Found
JAKARTA UTARA,PADEMANGAN,JL. BUDI MULYA,Pademangan Barat,14420.0,OSM_Success
JAKARTA UTARA,PADEMANGAN,JL. DAMAR,Pademangan Timur,14410.0,OSM_Success
JAKARTA UTARA,PADEMANGAN,JL. FLAMBOYAN,Ancol,14430.0,OSM_Success
JAKARTA UTARA,PADEMANGAN,JL. GRIYA UTAMA,Pademangan Timur,14410.0,OSM_Success
JAKARTA UTARA,PADEMANGAN,JL. GUNUNG SAHARI,Pademangan Barat,14420.0,OSM_Success
JAKARTA UTARA,PADEMANGAN,JL. HIDUP BARU,Pademangan Barat,14420.0,OSM_Success
JAKARTA UTARA,PADEMANGAN,"JL. IR. WIYOTO WIYONO, MSC",,,Not_Found
JAKARTA UTARA,PADEMANGAN,JL. KAMPUNG BANDAN,Ancol,14430.0,OSM_Success
JAKARTA UTARA,PADEMANGAN,JL. KARANG BOLONG,Ancol,14430.0,OSM_Success
JAKARTA UTARA,PADEMANGAN,JL. KARANG BOLONG III,Ancol,14430.0,Imputed_Success
JAKARTA UTARA,PADEMANGAN,JL. KETEL,Ancol,14430.0,OSM_Success
JAKARTA UTARA,PADEMANGAN,JL. KOTA BARU BANDAR KEMAYORAN,,,Not_Found
JAKARTA UTARA,PADEMANGAN,JL. KRAPU,Ancol,14430.0,OSM_Success
JAKARTA UTARA,PADEMANGAN,JL. LODAN RAYA,Ancol,14430.0,OSM_Success
JAKARTA UTARA,PADEMANGAN,JL. LODAN TIMUR,,,Not_Found
JAKARTA UTARA,PADEMANGAN,JL. MANGGA DUA,Ancol,14430.0,OSM_Success
JAKARTA UTARA,PADEMANGAN,JL. MARITIM,Ancol,14430.0,OSM_Success
JAKARTA UTARA,PADEMANGAN,JL. PADEMANGAN,Pademangan Timur,14410.0,OSM_Success
JAKARTA UTARA,PADEMANGAN,JL. PADEMANGAN 7,Pademangan Timur,14410.0,OSM_Success
JAKARTA UTARA,PADEMANGAN,JL. PADEMANGAN 8,Pademangan Timur,14410.0,OSM_Success
JAKARTA UTARA,PADEMANGAN,JL. PADEMANGAN BARAT,Pademangan Barat,14420.0,OSM_Success
JAKARTA UTARA,PADEMANGAN,JL. PADEMANGAN,Pademangan Timur,14410.0,OSM_Success
JAKARTA UTARA,PADEMANGAN,JL. PADEMANGAN II,Pademangan Timur,14410.0,OSM_Success
JAKARTA UTARA,PADEMANGAN,JL. PADEMANGAN III,Pademangan Timur,14410.0,OSM_Success
JAKARTA UTARA,PADEMANGAN,JL. PADEMANGAN IV,Pademangan Timur,14410.0,OSM_Success
JAKARTA UTARA,PADEMANGAN,JL. PADEMANGAN TENGAH,Pademangan Timur,14410.0,OSM_Success
JAKARTA UTARA,PADEMANGAN,JL. PADEMANGAN V,Pademangan Timur,14410.0,OSM_Success
JAKARTA UTARA,PADEMANGAN,JL. PAKIN RAYA,Ancol,14430.0,OSM_Success
JAKARTA UTARA,PADEMANGAN,JL. PANGANDARAN,Ancol,14430.0,OSM_Success
JAKARTA UTARA,PADEMANGAN,JL. PANTAI INDAH,Ancol,14430.0,OSM_Success
JAKARTA UTARA,PADEMANGAN,JL. PARANG TERITIS,,,Not_Found
JAKARTA UTARA,PADEMANGAN,JL. PASIR PUTIH,Ancol,14430.0,OSM_Success
JAKARTA UTARA,PADEMANGAN,JL. PEMANDANGAN,Pademangan Barat,14420.0,OSM_Success
JAKARTA UTARA,PADEMANGAN,JL. PEMANDANGAN II,Pademangan Barat,14420.0,OSM_Success
JAKARTA UTARA,PADEMANGAN,JL. PEMANDANGAN III,Pademangan Barat,14420.0,OSM_Success
JAKARTA UTARA,PADEMANGAN,JL. RAJAWALI SELATAN,Pademangan Timur,14410.0,OSM_Success
JAKARTA UTARA,PADEMANGAN,JL. RAJAWALI UTARA,Pademangan Timur,14410.0,OSM_Success
JAKARTA UTARA,PADEMANGAN,JL. RAYA ANCOL BARU,,,Not_Found
JAKARTA UTARA,PADEMANGAN,JL. RE. MARTADINATA,Ancol,14430.0,OSM_Success
JAKARTA UTARA,PADEMANGAN,JL. SUNDA KELAPA,Ancol,14430.0,OSM_Success
JAKARTA UTARA,PADEMANGAN,JL. TAMAN IMPIAN JAYA ANCOL,,,Not_Found
JAKARTA UTARA,PADEMANGAN,JL. TONGKOL,Ancol,14430.0,OSM_Success
JAKARTA UTARA,PADEMANGAN,JL. TREMBESI,Pademangan Timur,14410.0,OSM_Success
JAKARTA UTARA,TANJUNG PRIOK,JL. HBR MOTIK,,,Not_Found
JAKARTA UTARA,TANJUNG PRIOK,JL. AGUNG INDAH 3,,,Not_Found
JAKARTA UTARA,TANJUNG PRIOK,JL. AGUNG KARYA,Papanggo,14340.0,OSM_Success
JAKARTA UTARA,TANJUNG PRIOK,JL. AGUNG KARYA VI,Papanggo,14340.0,Imputed_Success
JAKARTA UTARA,TANJUNG PRIOK,JL. AGUNG TENGAH 3,Sunter Agung,14350.0,Imputed_Success
JAKARTA UTARA,TANJUNG PRIOK,JL. AGUNG TIMUR 9,Sunter Jaya,14350.0,Imputed_Success
JAKARTA UTARA,TANJUNG PRIOK,JL. BISMA RAYA,Sunter Agung,14350.0,OSM_Success
JAKARTA UTARA,TANJUNG PRIOK,JL. BUGIS,Kebon Bawang,14320.0,OSM_Success
JAKARTA UTARA,TANJUNG PRIOK,JL. DANAU AGUNG 2,Papanggo,14340.0,OSM_Success
JAKARTA UTARA,TANJUNG PRIOK,JL. DANAU AGUNG TENGAH,,,Not_Found
JAKARTA UTARA,TANJUNG PRIOK,JL. DANAU INDAH RAYA,Sunter Jaya,14350.0,OSM_Success
JAKARTA UTARA,TANJUNG PRIOK,JL. DANAU PERMAI RAYA,,,Not_Found
JAKARTA UTARA,TANJUNG PRIOK,JL. DANAU PERMAI TIMUR,,,Not_Found
JAKARTA UTARA,TANJUNG PRIOK,JL. DANAU SUNTER BARAT,Sunter Agung,14350.0,OSM_Success
JAKARTA UTARA,TANJUNG PRIOK,JL. DANAU SUNTER SELATAN,,,Not_Found
JAKARTA UTARA,TANJUNG PRIOK,JL. DANAU SUNTER UTARA,Papanggo,14340.0,OSM_Success
JAKARTA UTARA,TANJUNG PRIOK,JL. DELTA SERDANG,Serdang,10630.0,OSM_Success
JAKARTA UTARA,TANJUNG PRIOK,JL. ENGGANO,Tanjung Priok,14310.0,OSM_Success
JAKARTA UTARA,TANJUNG PRIOK,JL. ENIM,Sungai Bambu,14330.0,OSM_Success
JAKARTA UTARA,TANJUNG PRIOK,JL. ENIM RAYA,Sungai Bambu,14330.0,OSM_Success
JAKARTA UTARA,TANJUNG PRIOK,JL. GADANG,Sungai Bambu,14330.0,OSM_Success
JAKARTA UTARA,TANJUNG PRIOK,JL. GAYA MOTOR 2,Sungai Bambu,14330.0,Imputed_Success
JAKARTA UTARA,TANJUNG PRIOK,JL. GAYA MOTOR 3,Sungai Bambu,14330.0,Imputed_Success
JAKARTA UTARA,TANJUNG PRIOK,JL. GAYA MOTOR BARAT,,,Not_Found
JAKARTA UTARA,TANJUNG PRIOK,JL. GAYA MOTOR,Sungai Bambu,14330.0,OSM_Success
JAKARTA UTARA,TANJUNG PRIOK,JL. GAYA MOTOR RAYA,,,Not_Found
JAKARTA UTARA,TANJUNG PRIOK,JL. GORONTALO,Sungai Bambu,14330.0,OSM_Success
JAKARTA UTARA,TANJUNG PRIOK,JL. GRIYA AGUNG,Sunter Agung,14350.0,OSM_Success
JAKARTA UTARA,TANJUNG PRIOK,JL. GRIYA SEJAHTERA,Sunter Agung,14350.0,OSM_Success
JAKARTA UTARA,TANJUNG PRIOK,JL. GRIYA UTAMA,Sunter Agung,14350.0,OSM_Success
JAKARTA UTARA,TANJUNG PRIOK,JL. MANDOR IREN,Sunter Jaya,14350.0,OSM_Success
JAKARTA UTARA,TANJUNG PRIOK,JL. METRO KENCANA RAYA,,,Not_Found
JAKARTA UTARA,TANJUNG PRIOK,JL. MITRA SUNTER BULEVAR,,,Not_Found
JAKARTA UTARA,TANJUNG PRIOK,JL. PELABUHAN RAYA,Tanjung Priok,14310.0,OSM_Success
JAKARTA UTARA,TANJUNG PRIOK,JL. RE MARTADINATA,,,Not_Found
JAKARTA UTARA,TANJUNG PRIOK,JL. SULAWESI,Tanjung Priok,14310.0,OSM_Success
JAKARTA UTARA,TANJUNG PRIOK,JL. SUNGAI BAMBU 6,,,Not_Found
JAKARTA UTARA,TANJUNG PRIOK,JL. SUNGAI BAMBU 9,,,Not_Found
JAKARTA UTARA,TANJUNG PRIOK,JL. SUNGAI BAMBU RAYA,Kebon Bawang,14320.0,OSM_Success
JAKARTA UTARA,TANJUNG PRIOK,JL. SUNTER INDAH,Sunter Jaya,14350.0,OSM_Success
JAKARTA UTARA,TANJUNG PRIOK,JL. SUNTER JAYA,Sunter Jaya,14350.0,OSM_Success
JAKARTA UTARA,TANJUNG PRIOK,JL. SUNTER JAYA TIMUR,,,Not_Found
JAKARTA UTARA,TANJUNG PRIOK,JL. SUNTER KARYA TIMUR,,,Not_Found
JAKARTA UTARA,TANJUNG PRIOK,JL. SUNTER KARYA UTARA,Sunter Agung,14350.0,OSM_Success
JAKARTA UTARA,TANJUNG PRIOK,JL. SUNTER PERMAI RAYA,Sunter Agung,14350.0,OSM_Success
JAKARTA UTARA,TANJUNG PRIOK,JL. TAMAN SUNTER INDAH,Sunter Jaya,14350.0,OSM_Success
JAKARTA UTARA,TANJUNG PRIOK,JL. WARAKAS RAYA,Warakas,14340.0,OSM_Success
JAKARTA UTARA,TANJUNG PRIOK,KO. ALTIRA BUSINESS PARK SUNTER,,,Not_Found
JAKARTA UTARA,TANJUNG PRIOK,KO. BURSA OTOMOTIF SUNTER,,,Not_Found
JAKARTA UTARA,TANJUNG PRIOK,KO. PURI MUTIARA,,,Not_Found
JAKARTA UTARA,TANJUNG PRIOK,JL. AGUNG JAYA II,,,Not_Found
JAKARTA UTARA,TANJUNG PRIOK,JL. AGUNG KARYA VII,Papanggo,14340.0,Imputed_Success
JAKARTA UTARA,TANJUNG PRIOK,JL. AGUNG NIAGA,Sunter Agung,14350.0,OSM_Success
JAKARTA UTARA,TANJUNG PRIOK,JL. AGUNG NIAGA SELATAN,,,Not_Found
JAKARTA UTARA,TANJUNG PRIOK,JL. AGUNG NIAGA V,Sunter Agung,14350.0,Imputed_Success
JAKARTA UTARA,TANJUNG PRIOK,JL. AGUNG PERKASA,Sunter Agung,14350.0,OSM_Success
JAKARTA UTARA,TANJUNG PRIOK,JL. AGUNG TENGAH,Sunter Agung,14350.0,OSM_Success
JAKARTA UTARA,TANJUNG PRIOK,JL. AGUNG TENGAH IV,Sunter Agung,14350.0,Imputed_Success
JAKARTA UTARA,TANJUNG PRIOK,JL. AGUNG TIMUR,Sunter Jaya,14350.0,OSM_Success
JAKARTA UTARA,TANJUNG PRIOK,JL. AGUNG TIMUR II,Sunter Jaya,14350.0,Imputed_Success
JAKARTA UTARA,TANJUNG PRIOK,JL. BISMA TENGAH,Papanggo,14340.0,OSM_Success
JAKARTA UTARA,TANJUNG PRIOK,JL. DANAU AGUNG,Sunter Agung,14350.0,OSM_Success
JAKARTA UTARA,TANJUNG PRIOK,JL. DANAU AGUNG,Sunter Agung,14350.0,OSM_Success
JAKARTA UTARA,TANJUNG PRIOK,JL. DANAU AGUNG III,Papanggo,14340.0,Imputed_Success
JAKARTA UTARA,TANJUNG PRIOK,JL. DANAU AGUNG IV,Papanggo,14340.0,Imputed_Success
JAKARTA UTARA,TANJUNG PRIOK,JL. DANAU AGUNG IX,Papanggo,14340.0,Imputed_Success
JAKARTA UTARA,TANJUNG PRIOK,JL. DANAU AGUNG SELATAN,,,Not_Found
JAKARTA UTARA,TANJUNG PRIOK,JL. DANAU AGUNG SUNTER BARAT,,,Not_Found
JAKARTA UTARA,TANJUNG PRIOK,JL. DANAU AGUNG UTARA,Sunter Agung,14350.0,OSM_Success
JAKARTA UTARA,TANJUNG PRIOK,JL. DANAU AGUNG V,Papanggo,14340.0,Imputed_Success
JAKARTA UTARA,TANJUNG PRIOK,JL. DANAU AGUNG VI,Papanggo,14340.0,Imputed_Success
JAKARTA UTARA,TANJUNG PRIOK,JL. DANAU AGUNG VII,Papanggo,14340.0,Imputed_Success
JAKARTA UTARA,TANJUNG PRIOK,JL. DANAU AGUNG VIII,Papanggo,14340.0,Imputed_Success
JAKARTA UTARA,TANJUNG PRIOK,JL. DANAU AGUNG X,Papanggo,14340.0,Imputed_Success
JAKARTA UTARA,TANJUNG PRIOK,JL. DANAU AGUNG XI,Papanggo,14340.0,Imputed_Success
JAKARTA UTARA,TANJUNG PRIOK,JL. DANAU AGUNG XII,Papanggo,14340.0,Imputed_Success
JAKARTA UTARA,TANJUNG PRIOK,JL. DANAU AGUNG XIII,Papanggo,14340.0,Imputed_Success
JAKARTA UTARA,TANJUNG PRIOK,JL. DANAU INDAH BARAT,Sunter Jaya,14350.0,OSM_Success
JAKARTA UTARA,TANJUNG PRIOK,JL. ENDE,Tanjung Priok,14310.0,OSM_Success
JAKARTA UTARA,TANJUNG PRIOK,JL. GANGGENG,Sungai Bambu,14330.0,OSM_Success
JAKARTA UTARA,TANJUNG PRIOK,JL. GAYA MOTOR SELATAN,,,Not_Found
JAKARTA UTARA,TANJUNG PRIOK,JL. GRIYA INTI SENTOSA,Sunter Agung,14350.0,OSM_Success
JAKARTA UTARA,TANJUNG PRIOK,JL. KEBON BAWANG,Kebon Bawang,14320.0,OSM_Success
JAKARTA UTARA,TANJUNG PRIOK,JL. KEBON BAWANG,Kebon Bawang,14320.0,OSM_Success
JAKARTA UTARA,TANJUNG PRIOK,JL. KEBON BAWANG II,Kebon Bawang,14320.0,Imputed_Success
JAKARTA UTARA,TANJUNG PRIOK,JL. KEBON BAWANG 111,Kebon Bawang,14320.0,OSM_Success
JAKARTA UTARA,TANJUNG PRIOK,JL. KEBON BAWANG IV,Kebon Bawang,14320.0,Imputed_Success
JAKARTA UTARA,TANJUNG PRIOK,JL. KEBON BAWANG V,Kebon Bawang,14320.0,Imputed_Success
JAKARTA UTARA,TANJUNG PRIOK,JL. KEBON BAWANG VI,Kebon Bawang,14320.0,Imputed_Success
JAKARTA UTARA,TANJUNG PRIOK,JL. PAPANGGO,Papanggo,14340.0,OSM_Success
JAKARTA UTARA,TANJUNG PRIOK,JL. PARADISE RAYA,Sunter Agung,14350.0,OSM_Success
JAKARTA UTARA,TANJUNG PRIOK,JL. PARADISE RAYA BARAT II,,,Not_Found
JAKARTA UTARA,TANJUNG PRIOK,JL. STASIUN,Tanjung Priok,14310.0,OSM_Success
JAKARTA UTARA,TANJUNG PRIOK,JL. SUNTER AGUNG NIAGA II,,,Not_Found
JAKARTA UTARA,TANJUNG PRIOK,JL. SUNTER AGUNG NIAGA III,,,Not_Found
JAKARTA UTARA,TANJUNG PRIOK,JL. SUNTER AGUNG PERKASA,,,Not_Found
JAKARTA UTARA,TANJUNG PRIOK,JL. SUNTER BENTENGAN,Sunter Jaya,14350.0,OSM_Success
JAKARTA UTARA,TANJUNG PRIOK,JL. SUNTER GARDEN,Sunter Agung,14350.0,OSM_Success
JAKARTA UTARA,TANJUNG PRIOK,JL. SUNTER,Sunter Agung,14350.0,OSM_Success
JAKARTA UTARA,TANJUNG PRIOK,JL. SUNTER INDAH,Sunter Jaya,14350.0,OSM_Success
JAKARTA UTARA,TANJUNG PRIOK,JL. SUNTER INDAH II,Sunter Jaya,14350.0,Imputed_Success
JAKARTA UTARA,TANJUNG PRIOK,JL. SUNTER INDAH III,Sunter Jaya,14350.0,Imputed_Success
JAKARTA UTARA,TANJUNG PRIOK,JL. SUNTER INDAH IV,Sunter Jaya,14350.0,Imputed_Success
JAKARTA UTARA,TANJUNG PRIOK,JL. SUNTER INDAH IX,Sunter Jaya,14350.0,Imputed_Success
JAKARTA UTARA,TANJUNG PRIOK,JL. SUNTER INDAH V,Sunter Jaya,14350.0,Imputed_Success
JAKARTA UTARA,TANJUNG PRIOK,JL. SUNTER INDAH VI,Sunter Jaya,14350.0,Imputed_Success
JAKARTA UTARA,TANJUNG PRIOK,JL. SUNTER INDAH VII,Sunter Jaya,14350.0,Imputed_Success
JAKARTA UTARA,TANJUNG PRIOK,JL. SUNTER INDAH VIII,Sunter Jaya,14350.0,Imputed_Success
JAKARTA UTARA,TANJUNG PRIOK,JL. SUNTER INDAH X,Sunter Jaya,14350.0,Imputed_Success
JAKARTA UTARA,TANJUNG PRIOK,JL. SUNTER INDAH XI,Sunter Jaya,14350.0,Imputed_Success
JAKARTA UTARA,TANJUNG PRIOK,JL. SUNTER JAYA II,Sunter Jaya,14350.0,Imputed_Success
JAKARTA UTARA,TANJUNG PRIOK,JL. SUNTER JAYA III,Sunter Jaya,14350.0,Imputed_Success
JAKARTA UTARA,TANJUNG PRIOK,JL. SUNTER JAYA IV,Sunter Jaya,14350.0,Imputed_Success
JAKARTA UTARA,TANJUNG PRIOK,JL. SUNTER JAYA V,Sunter Jaya,14350.0,Imputed_Success
JAKARTA UTARA,TANJUNG PRIOK,JL. SUNTER KARYA TIMUR III,,,Not_Found
JAKARTA UTARA,TANJUNG PRIOK,JL. SUNTER KARYA UTARA,Sunter Agung,14350.0,OSM_Success
JAKARTA UTARA,TANJUNG PRIOK,JL. SUNTER KEMAYORAN,Sunter Jaya,14350.0,OSM_Success
JAKARTA UTARA,TANJUNG PRIOK,JL. SUNTER KIRANA,Sunter Jaya,14350.0,OSM_Success
JAKARTA UTARA,TANJUNG PRIOK,JL. SUNTER KIRANA,Sunter Jaya,14350.0,OSM_Success
JAKARTA UTARA,TANJUNG PRIOK,JL. SUNTER KIRANA II,Sunter Jaya,14350.0,Imputed_Success
JAKARTA UTARA,TANJUNG PRIOK,JL. SUNTER KIRANA III,Sunter Jaya,14350.0,Imputed_Success
JAKARTA UTARA,TANJUNG PRIOK,JL. SUNTER KIRANA IV,Sunter Jaya,14350.0,Imputed_Success
JAKARTA UTARA,TANJUNG PRIOK,JL. SUNTER MAS,Sunter Jaya,14350.0,OSM_Success
JAKARTA UTARA,TANJUNG PRIOK,JL. SUNTER PARADISE,,,Not_Found
JAKARTA UTARA,TANJUNG PRIOK,JL. SUNTER PODOMORO,,,Not_Found
JAKARTA UTARA,TANJUNG PRIOK,JL. SWASEMBADA,Kebon Bawang,14320.0,OSM_Success
JAKARTA UTARA,TANJUNG PRIOK,JL. SWASEMBADA TIMUR XI,Kebon Bawang,14320.0,OSM_Success
JAKARTA UTARA,TANJUNG PRIOK,JL. WARAKAS,Warakas,14340.0,OSM_Success
JAKARTA UTARA,TANJUNG PRIOK,JL. WARAKAS II,Warakas,14340.0,OSM_Success
JAKARTA UTARA,TANJUNG PRIOK,JL. WARAKAS III,Warakas,14340.0,OSM_Success
JAKARTA UTARA,TANJUNG PRIOK,JL. WARAKAS IV,Warakas,14340.0,OSM_Success
JAKARTA UTARA,TANJUNG PRIOK,JL. WARAKAS IX,Warakas,14340.0,OSM_Success
JAKARTA UTARA,TANJUNG PRIOK,JL. WARAKAS V,Warakas,14340.0,OSM_Success
JAKARTA UTARA,TANJUNG PRIOK,JL. WARAKAS VI,Papanggo,14340.0,OSM_Success
JAKARTA UTARA,TANJUNG PRIOK,JL. WARAKAS VII,Warakas,14340.0,OSM_Success
JAKARTA UTARA,TANJUNG PRIOK,JL. WARAKAS VIII,Warakas,14340.0,OSM_Success
JAKARTA UTARA,TANJUNG PRIOK,JL. WARAKAS X,Papanggo,14340.0,OSM_Success
JAKARTA UTARA,TANJUNG PRIOK,JL. WARAKAS XI,Warakas,14340.0,Imputed_Success
JAKARTA UTARA,TANJUNG PRIOK,JL. WARAKAS XII,Warakas,14340.0,OSM_Success
JAKARTA UTARA,TANJUNG PRIOK,JL. WARAKAS XIII,Warakas,14340.0,Imputed_Success
JAKARTA UTARA,TANJUNG PRIOK,JL. YOS SUDARSO,Kebon Bawang,14320.0,OSM_Success
JAKARTA UTARA,TANJUNG PRIOK,JL. SUNTER HIJAU,Sunter Jaya,14350.0,OSM_Success
JAKARTA UTARA,TANJUNG PRIOK,JL. TENGGIRI,Tanjung Priok,14310.0,OSM_Success
JAKARTA UTARA,TANJUNG PRIOK,JL. TAWES,Tanjung Priok,14310.0,OSM_Success
JAKARTA UTARA,TANJUNG PRIOK,JL. BAKTI,Sunter Jaya,14350.0,OSM_Success
JAKARTA UTARA,TANJUNG PRIOK,JL. BARU ANCOL SELATAN,,,Not_Found
JAKARTA UTARA,TANJUNG PRIOK,JL. RS ANCOL RAYA,,,Not_Found
JAKARTA UTARA,TANJUNG PRIOK,JL. TONGKOL,Tanjung Priok,14310.0,OSM_Success
JAKARTA UTARA,TANJUNG PRIOK,JL. TAMAN NYIUR,Sunter Agung,14350.0,OSM_Success
JAKARTA UTARA,TANJUNG PRIOK,JL. PELITA BAHARI,,,Not_Found
JAKARTA UTARA,TANJUNG PRIOK,JL. MAWAR,Sunter Jaya,14350.0,OSM_Success
JAKARTA UTARA,TANJUNG PRIOK,"JL. IR. WIYOTO WIYONO, MSC",,,Not_Found
JAKARTA UTARA,TANJUNG PRIOK,JL. KEBON BAWANG VII,Kebon Bawang,14320.0,Imputed_Success
JAKARTA UTARA,TANJUNG PRIOK,JL. KEBON BAWANG RAYA,Kebon Bawang,14320.0,OSM_Success
JAKARTA UTARA,TANJUNG PRIOK,JL. GADANG TERUSAN,Sungai Bambu,14330.0,OSM_Success
JAKARTA UTARA,TANJUNG PRIOK,JL. SUNTER JAYA IIA,,,Not_Found
JAKARTA UTARA,TANJUNG PRIOK,JL. PAPANGGO RAYA,Papanggo,14340.0,OSM_Success
JAKARTA UTARA,TANJUNG PRIOK,JL. H AMSIR,,,Not_Found
JAKARTA UTARA,TANJUNG PRIOK,JL. GIZI,Sunter Jaya,14350.0,OSM_Success
JAKARTA UTARA,TANJUNG PRIOK,JL. BIOMEDIS,Sunter Jaya,14350.0,OSM_Success
JAKARTA UTARA,TANJUNG PRIOK,JL. KB SEJAHTERA,Sunter Jaya,14350.0,OSM_Success
JAKARTA UTARA,TANJUNG PRIOK,JL. YANKESMAS,,,Not_Found
JAKARTA UTARA,TANJUNG PRIOK,JL. EPIDKA,Sunter Jaya,14350.0,OSM_Success
JAKARTA UTARA,TANJUNG PRIOK,JL. INSTALKES,Sunter Jaya,14350.0,OSM_Success
JAKARTA UTARA,TANJUNG PRIOK,JL. ACEH,Tanjung Priok,14310.0,OSM_Success
JAKARTA UTARA,TANJUNG PRIOK,JL. ACEH ALAS UJUNG,,,Not_Found
JAKARTA UTARA,TANJUNG PRIOK,JL. ALAS,Tanjung Priok,14310.0,OSM_Success
JAKARTA UTARA,TANJUNG PRIOK,JL. ALAS III,Tanjung Priok,14310.0,Imputed_Success
JAKARTA UTARA,TANJUNG PRIOK,JL. AMBON,Tanjung Priok,14310.0,OSM_Success
JAKARTA UTARA,TANJUNG PRIOK,JL. BANDA,Sunter Agung,14350.0,OSM_Success
JAKARTA UTARA,TANJUNG PRIOK,JL. BIAK,,,Not_Found
JAKARTA UTARA,TANJUNG PRIOK,JL. BITUNG,Tanjung Priok,14310.0,OSM_Success
JAKARTA UTARA,TANJUNG PRIOK,JL. INDUSTRI,Tanjung Priok,14310.0,OSM_Success
JAKARTA UTARA,TANJUNG PRIOK,JL. INDUSTRI I UJUNG,,,Not_Found
JAKARTA UTARA,TANJUNG PRIOK,JL. INDUSTRI II,Tanjung Priok,14310.0,Imputed_Success
JAKARTA UTARA,TANJUNG PRIOK,JL. INDUSTRI III,Tanjung Priok,14310.0,Imputed_Success
JAKARTA UTARA,TANJUNG PRIOK,JL. KALIMANTAN,Tanjung Priok,14310.0,OSM_Success
JAKARTA UTARA,TANJUNG PRIOK,JL. PABEAN,Tanjung Priok,14310.0,OSM_Success
JAKARTA UTARA,TANJUNG PRIOK,JL. PADAMARANG,Tanjung Priok,14310.0,OSM_Success
JAKARTA UTARA,TANJUNG PRIOK,JL. PALIAT,,,Not_Found
JAKARTA UTARA,TANJUNG PRIOK,JL. PALIAT UJUNG,,,Not_Found
JAKARTA UTARA,TANJUNG PRIOK,JL. PALMA,,,Not_Found
JAKARTA UTARA,TANJUNG PRIOK,JL. PANAITAN,Tanjung Priok,14310.0,OSM_Success
JAKARTA UTARA,TANJUNG PRIOK,JL. PENAMBANGAN,Tanjung Priok,14310.0,OSM_Success
JAKARTA UTARA,TANJUNG PRIOK,JL. PASOSO,Tanjung Priok,14310.0,OSM_Success
JAKARTA UTARA,TANJUNG PRIOK,JL. PELABUHAN NUSANTARA,,,Not_Found
JAKARTA UTARA,TANJUNG PRIOK,JL. PELABUHAN NUSANTARA,,,Not_Found
JAKARTA UTARA,TANJUNG PRIOK,JL. PELABUHAN NUSANTARA II,,,Not_Found
JAKARTA UTARA,TANJUNG PRIOK,JL. PELABUHAN NUSANTARA IIB,,,Not_Found
JAKARTA UTARA,TANJUNG PRIOK,JL. PENJALAI,Tanjung Priok,14310.0,OSM_Success
JAKARTA UTARA,TANJUNG PRIOK,JL. PAMBO,,,Not_Found
JAKARTA UTARA,TANJUNG PRIOK,JL. RE SOEMANTADIREDJA,,,Not_Found
JAKARTA UTARA,TANJUNG PRIOK,JL. PULAU PAYUNG,,,Not_Found
JAKARTA UTARA,TANJUNG PRIOK,JL. KOMP AIRUD,,,Not_Found
JAKARTA UTARA,TANJUNG PRIOK,JL. KETEL,Papanggo,14340.0,OSM_Success
JAKARTA UTARA,TANJUNG PRIOK,KO INKOPAU,,,Not_Found
JAKARTA UTARA,TANJUNG PRIOK,JL. TELAGA RAYA,Sunter Jaya,14350.0,OSM_Success
JAKARTA UTARA,TANJUNG PRIOK,JL. AGUNG KARYA V,Papanggo,14340.0,Imputed_Success
JAKARTA UTARA,TANJUNG PRIOK,JL. AGUNG KARYA IV,Papanggo,14340.0,Imputed_Success
JAKARTA UTARA,TANJUNG PRIOK,JL. AGUNG KARYA II,Papanggo,14340.0,Imputed_Success
JAKARTA UTARA,TANJUNG PRIOK,JL. AGUNG KARYA III,Papanggo,14340.0,Imputed_Success
JAKARTA UTARA,TANJUNG PRIOK,JL. INDO KARYA,Papanggo,14340.0,OSM_Success
JAKARTA UTARA,TANJUNG PRIOK,JL. INDO KARYA 1,Papanggo,14340.0,Imputed_Success
JAKARTA UTARA,TANJUNG PRIOK,JL. INDO KARYA 2,Papanggo,14340.0,Imputed_Success
JAKARTA UTARA,TANJUNG PRIOK,JL. INDO KARYA 3,Papanggo,14340.0,Imputed_Success
JAKARTA UTARA,TANJUNG PRIOK,JL. INDO KARYA 4,Papanggo,14340.0,Imputed_Success
JAKARTA UTARA,TANJUNG PRIOK,JL. SWASEMBADA BARAT,Kebon Bawang,14320.0,OSM_Success
JAKARTA UTARA,TANJUNG PRIOK,JL. SWASEMBADA TIMUR,Kebon Bawang,14320.0,OSM_Success
JAKARTA UTARA,KOJA,JL. ALUR LAUT,Rawa Badak Utara,14230.0,OSM_Success
JAKARTA UTARA,KOJA,JL. ANGGREK,Rawa Badak Utara,14230.0,OSM_Success
JAKARTA UTARA,KOJA,JL. BENDUNGAN MELAYU,Rawa Badak Selatan,14230.0,OSM_Success
JAKARTA UTARA,KOJA,JL. BHAYANGKARA,Tugu Utara,14260.0,OSM_Success
JAKARTA UTARA,KOJA,JL. CEMARA,Lagoa,14270.0,OSM_Success
JAKARTA UTARA,KOJA,JL. CEMARA ANGIN,Rawa Badak Utara,14230.0,OSM_Success
JAKARTA UTARA,KOJA,JL. CEMARA ANGIN BURITAN,,,Not_Found
JAKARTA UTARA,KOJA,JL. CEMPAKA,Rawa Badak Utara,14230.0,OSM_Success
JAKARTA UTARA,KOJA,JL. CIBADAK,Rawa Badak Utara,14230.0,OSM_Success
JAKARTA UTARA,KOJA,JL. CIBANTENG,Rawa Badak Utara,14230.0,OSM_Success
JAKARTA UTARA,KOJA,JL. CIKAJANG,Koja,14220.0,OSM_Success
JAKARTA UTARA,KOJA,JL. CILINCING RAYA,Lagoa,14270.0,OSM_Success
JAKARTA UTARA,KOJA,JL. CIPEUCANG 2,Koja,14220.0,Imputed_Success
JAKARTA UTARA,KOJA,JL. CIPEUCANG V,Koja,14220.0,OSM_Success
JAKARTA UTARA,KOJA,JL. DELI,Koja,14220.0,OSM_Success
JAKARTA UTARA,KOJA,JL. DUKUH,Lagoa,14270.0,OSM_Success
JAKARTA UTARA,KOJA,JL. F,Rawa Badak Utara,14230.0,OSM_Success
JAKARTA UTARA,KOJA,JL. HAJI MURTADO,Tugu Utara,14260.0,OSM_Success
JAKARTA UTARA,KOJA,JL. JAMPEA,Koja,14220.0,OSM_Success
JAKARTA UTARA,KOJA,JL. JOHAR,Tugu Utara,14260.0,OSM_Success
JAKARTA UTARA,KOJA,JL. KRAMAT JAYA/TUNGGAK,,,Not_Found
JAKARTA UTARA,KOJA,JL. LABU,Lagoa,14270.0,OSM_Success
JAKARTA UTARA,KOJA,JL. LAGOA,Lagoa,14270.0,OSM_Success
JAKARTA UTARA,KOJA,JL. LAGOA A,Lagoa,14270.0,OSM_Success
JAKARTA UTARA,KOJA,JL. LAGOA B,Lagoa,14270.0,OSM_Success
JAKARTA UTARA,KOJA,JL. LAGOA TERUSAN,Lagoa,14270.0,OSM_Success
JAKARTA UTARA,KOJA,JL. LANGSAT,Lagoa,14270.0,OSM_Success
JAKARTA UTARA,KOJA,JL. LOGISTIK,Koja,14260.0,OSM_Success
JAKARTA UTARA,KOJA,JL. LONTAR,Tugu Utara,14260.0,OSM_Success
JAKARTA UTARA,KOJA,JL. LORONG 100,Koja,14220.0,OSM_Success
JAKARTA UTARA,KOJA,JL. LORONG 101,Koja,14220.0,OSM_Success
JAKARTA UTARA,KOJA,JL. LORONG 102,Koja,14220.0,OSM_Success
JAKARTA UTARA,KOJA,JL. LORONG 103,Koja,14220.0,OSM_Success
JAKARTA UTARA,KOJA,JL. LORONG 104,Koja,14220.0,OSM_Success
JAKARTA UTARA,KOJA,JL. MAHONI,Lagoa,14270.0,OSM_Success
JAKARTA UTARA,KOJA,JL. MAJA,Lagoa,14270.0,OSM_Success
JAKARTA UTARA,KOJA,JL. MANGGA,Tugu Utara,14260.0,OSM_Success
JAKARTA UTARA,KOJA,JL. MANGGAR,Lagoa,14270.0,OSM_Success
JAKARTA UTARA,KOJA,JL. MANTANG,Lagoa,14270.0,OSM_Success
JAKARTA UTARA,KOJA,JL. MAWAR,Lagoa,14270.0,OSM_Success
JAKARTA UTARA,KOJA,JL. MENGKUDU,Lagoa,14270.0,OSM_Success
JAKARTA UTARA,KOJA,JL. MENTENG,Lagoa,14270.0,OSM_Success
JAKARTA UTARA,KOJA,JL. MINDI,Lagoa,14270.0,OSM_Success
JAKARTA UTARA,KOJA,JL. MUNCANG,Lagoa,14270.0,OSM_Success
JAKARTA UTARA,KOJA,JL. PASAR WARU,Lagoa,14270.0,OSM_Success
JAKARTA UTARA,KOJA,JL. PELABUHAN RAYA,Koja,14220.0,OSM_Success
JAKARTA UTARA,KOJA,JL. PINANG,Lagoa,14270.0,OSM_Success
JAKARTA UTARA,KOJA,JL. PLUMPANG SEMPER,Rawa Badak Selatan,14230.0,OSM_Success
JAKARTA UTARA,KOJA,JL. RAWA BADAK,Rawa Badak Utara,14230.0,OSM_Success
JAKARTA UTARA,KOJA,JL. SEMANGKA,Lagoa,14270.0,OSM_Success
JAKARTA UTARA,KOJA,JL. SINDANG,Koja,14220.0,OSM_Success
JAKARTA UTARA,KOJA,JL. SINDANG TERUSAN,Rawa Badak Utara,14230.0,OSM_Success
JAKARTA UTARA,KOJA,JL. STM WALANG,Koja,14260.0,OSM_Success
JAKARTA UTARA,KOJA,JL. SULAWESI,Koja,14220.0,OSM_Success
JAKARTA UTARA,KOJA,JL. TIMOR /TPK KOJA,,,Not_Found
JAKARTA UTARA,KOJA,JL. TUGU SEMPER,Tugu Utara,14260.0,OSM_Success
JAKARTA UTARA,KOJA,JL. WALANG PERMAI,Tugu Utara,14260.0,OSM_Success
JAKARTA UTARA,KOJA,JL. WALANG RAYA,Tugu Utara,14260.0,OSM_Success
JAKARTA UTARA,KOJA,JL. WALANG SARI,Tugu Utara,14260.0,OSM_Success
JAKARTA UTARA,KOJA,JL. WARU,Lagoa,14270.0,OSM_Success
JAKARTA UTARA,KOJA,JL. YOS SUDARSO,Rawa Badak Utara,14230.0,OSM_Success
JAKARTA UTARA,KOJA,JL. PASAR ULAR,Rawa Badak Selatan,14230.0,OSM_Success
JAKARTA UTARA,KOJA,JL. INSPEKSI KALI SUNTER,Rawa Badak Selatan,14230.0,OSM_Success
JAKARTA UTARA,KOJA,JL. BERDIKARI,Rawa Badak Utara,14230.0,OSM_Success
JAKARTA UTARA,KOJA,JL. SEROJA,Rawa Badak Utara,14230.0,OSM_Success
JAKARTA UTARA,KOJA,JL. MELUR,Tugu Utara,14260.0,OSM_Success
JAKARTA UTARA,KOJA,JL. MELATI,Tugu Utara,14260.0,OSM_Success
JAKARTA UTARA,KOJA,JL. CIKIJANG TIMUR,Koja,14220.0,OSM_Success
JAKARTA UTARA,KOJA,JL. CIKIJANG BARAT,,,Not_Found
JAKARTA UTARA,KOJA,JL. CIPEUCANG 1,Koja,14220.0,Imputed_Success
JAKARTA UTARA,KOJA,JL. STADION RAWA BADAK,,,Not_Found
JAKARTA UTARA,KOJA,JL. K II,Rawa Badak Selatan,14230.0,OSM_Success
JAKARTA UTARA,KOJA,JL. MASJID AL KURAMAA,,,Not_Found
JAKARTA UTARA,KOJA,JL. KORAMIL,,,Not_Found
JAKARTA UTARA,KOJA,JL. PERJUANGAN,Koja,14260.0,OSM_Success
JAKARTA UTARA,KOJA,JL. BENDUNGAN MELAYU SELATAN,,,Not_Found
JAKARTA UTARA,KOJA,JL. BENDUNGAN MELAYU UTARA,,,Not_Found
JAKARTA UTARA,KOJA,JL. BATU TUMBUH,Koja,14260.0,OSM_Success
JAKARTA UTARA,KOJA,JL. BENDUNGAN BATIK,Koja,14260.0,OSM_Success
JAKARTA UTARA,KOJA,JL. PALEM,Tugu Utara,14260.0,OSM_Success
JAKARTA UTARA,KOJA,JL. PASAR KOJA,Tugu Utara,14260.0,OSM_Success
JAKARTA UTARA,KOJA,JL. B LAGOA TERUSAN,,,Not_Found
JAKARTA UTARA,KOJA,JL. A LAGOA TERUSAN,,,Not_Found
JAKARTA UTARA,KOJA,JL. LAGOA SINAR,Lagoa,14270.0,OSM_Success
JAKARTA UTARA,KOJA,JL. B RAYA,Rawa Badak Utara,14230.0,OSM_Success
JAKARTA UTARA,KOJA,JL. SOKA,Rawa Badak Utara,14230.0,OSM_Success
JAKARTA UTARA,KOJA,JL. SAMUDRA,Rawa Badak Selatan,14230.0,OSM_Success
JAKARTA UTARA,KOJA,JL. WALANG,Tugu Utara,14260.0,OSM_Success
JAKARTA UTARA,KOJA,JL. KO TUGU PERMAI,,,Not_Found
JAKARTA UTARA,KOJA,JL. DIGUL,Koja,14220.0,OSM_Success
JAKARTA UTARA,KELAPA GADING,JL. ACOR DION,,,Not_Found
JAKARTA UTARA,KELAPA GADING,JL. ARTERI KELAPA GADING,Pegangsaan Dua,14250.0,OSM_Success
JAKARTA UTARA,KELAPA GADING,JL. BANGUN CIPTA SARANA RAYA,,,Not_Found
JAKARTA UTARA,KELAPA GADING,JL. BIRU LAUT BARAT,,,Not_Found
JAKARTA UTARA,KELAPA GADING,JL. BIRU LAUT TIMUR,Kelapa Gading Timur,14240.0,OSM_Success
JAKARTA UTARA,KELAPA GADING,JL. BOULEVARD ARTHA GADING,Kelapa Gading Barat,14240.0,OSM_Success
JAKARTA UTARA,KELAPA GADING,JL. BOULEVARD BARAT RAYA,Kelapa Gading Barat,14240.0,OSM_Success
JAKARTA UTARA,KELAPA GADING,JL. BOULEVARD BUKIT GADING RAYA,Kelapa Gading Barat,14240.0,OSM_Success
JAKARTA UTARA,KELAPA GADING,JL. BOULEVARD KELAPA GADING,Kelapa Gading Timur,14240.0,OSM_Success
JAKARTA UTARA,KELAPA GADING,JL. BUKIT GADING MEDITERANIA,Kelapa Gading Barat,14240.0,OSM_Success
JAKARTA UTARA,KELAPA GADING,JL. FLAMBOYAN,Kelapa Gading Timur,14240.0,OSM_Success
JAKARTA UTARA,KELAPA GADING,JL. GADING,Pegangsaan Dua,14250.0,OSM_Success
JAKARTA UTARA,KELAPA GADING,JL. GADING BATAVIA RAYA,Pegangsaan Dua,14250.0,OSM_Success
JAKARTA UTARA,KELAPA GADING,JL. GADING ELOK UTARA,,,Not_Found
JAKARTA UTARA,KELAPA GADING,JL. GADING GRIYA LESTARI,Pegangsaan Dua,14250.0,OSM_Success
JAKARTA UTARA,KELAPA GADING,JL. GADING INDAH RAYA,Kelapa Gading Barat,14240.0,OSM_Success
JAKARTA UTARA,KELAPA GADING,JL. GADING KIRANA,Kelapa Gading Barat,14240.0,OSM_Success
JAKARTA UTARA,KELAPA GADING,JL. GADING KIRANA TJL. GADING KIRANA TIM,,,Not_Found
JAKARTA UTARA,KELAPA GADING,JL. GADING KIRANA UTARA,Kelapa Gading Barat,14240.0,OSM_Success
JAKARTA UTARA,KELAPA GADING,JL. GADING NIRWANA,Pegangsaan Dua,14250.0,OSM_Success
JAKARTA UTARA,KELAPA GADING,JL. GADING PUTIH,Kelapa Gading Timur,14240.0,OSM_Success
JAKARTA UTARA,KELAPA GADING,JL. GADING PUTIH ELOK,,,Not_Found
JAKARTA UTARA,KELAPA GADING,JL. GIRING-GIRING,Kelapa Gading Timur,14240.0,OSM_Success
JAKARTA UTARA,KELAPA GADING,"JL. IR. WIYOTO WIYONO, MSC",,,Not_Found
JAKARTA UTARA,KELAPA GADING,JL. JANUR ASRI,Kelapa Gading Barat,14240.0,OSM_Success
JAKARTA UTARA,KELAPA GADING,JL. JANUR ELOK,Pegangsaan Dua,14250.0,OSM_Success
JAKARTA UTARA,KELAPA GADING,JL. JANUR KUNING,Kelapa Gading Timur,14240.0,OSM_Success
JAKARTA UTARA,KELAPA GADING,JL. JINGGA RAYA,Kelapa Gading Timur,14240.0,OSM_Success
JAKARTA UTARA,KELAPA GADING,JL. KELAPA CENGKIR,Kelapa Gading Timur,14240.0,OSM_Success
JAKARTA UTARA,KELAPA GADING,JL. KELAPA CENGKIR BARAT,,,Not_Found
JAKARTA UTARA,KELAPA GADING,JL. KELAPA CENGKIR TIMUR,,,Not_Found
JAKARTA UTARA,KELAPA GADING,JL. KELAPA GADING PERMAI,,,Not_Found
JAKARTA UTARA,KELAPA GADING,JL. KELAPA GADING TIMUR,Kelapa Gading Timur,14240.0,OSM_Success
JAKARTA UTARA,KELAPA GADING,JL. KELAPA HIBRIDA,Kelapa Gading Barat,14240.0,OSM_Success
JAKARTA UTARA,KELAPA GADING,JL. KELAPA KOPYOR,Kelapa Gading Timur,14240.0,OSM_Success
JAKARTA UTARA,KELAPA GADING,JL. KELAPA LILIN RAYA,Kelapa Gading Timur,14240.0,OSM_Success
JAKARTA UTARA,KELAPA GADING,JL. KELAPA MOLEK,Kelapa Gading Timur,14240.0,OSM_Success
JAKARTA UTARA,KELAPA GADING,JL. KELAPA PUAN,Kelapa Gading Timur,14240.0,OSM_Success
JAKARTA UTARA,KELAPA GADING,JL. KELAPA PUYUH,Kelapa Gading Timur,14240.0,OSM_Success
JAKARTA UTARA,KELAPA GADING,JL. KELAPA SAWIT,Kelapa Gading Timur,14240.0,OSM_Success
JAKARTA UTARA,KELAPA GADING,JL. KOMP KUNING TUA,,,Not_Found
JAKARTA UTARA,KELAPA GADING,JL. KOMP. AXC KELAPA GADING,,,Not_Found
JAKARTA UTARA,KELAPA GADING,JL. KOMP. HARMONI MAS,,,Not_Found
JAKARTA UTARA,KELAPA GADING,JL. KOMP. KUNING LANGSAT,,,Not_Found
JAKARTA UTARA,KELAPA GADING,JL. MUSIK RAYA,Pegangsaan Dua,14250.0,OSM_Success
JAKARTA UTARA,KELAPA GADING,JL. PEGANGSAAN DUA,Pegangsaan Dua,14250.0,OSM_Success
JAKARTA UTARA,KELAPA GADING,JL. PELEPAH ASRI,Kelapa Gading Barat,14240.0,OSM_Success
JAKARTA UTARA,KELAPA GADING,JL. PELEPAH ELOK,Kelapa Gading Barat,14240.0,OSM_Success
JAKARTA UTARA,KELAPA GADING,JL. PELEPAH HIJAU,Kelapa Gading Timur,14240.0,OSM_Success
JAKARTA UTARA,KELAPA GADING,JL. PELEPAH INDAH,Kelapa Gading Timur,14240.0,OSM_Success
JAKARTA UTARA,KELAPA GADING,JL. PELEPAH KUNING,Kelapa Gading Timur,14240.0,OSM_Success
JAKARTA UTARA,KELAPA GADING,JL. PELEPAH RAYA,Kelapa Gading Timur,14240.0,OSM_Success
JAKARTA UTARA,KELAPA GADING,JL. PRINTIS KEMERDEKAAN,,,Not_Found
JAKARTA UTARA,KELAPA GADING,JL. PT HII,,,Not_Found
JAKARTA UTARA,KELAPA GADING,JL. RAYA BEKASI/SRI SULTAN H B IX,,,Not_Found
JAKARTA UTARA,KELAPA GADING,JL. RAYA GADING KIRANA,Kelapa Gading Barat,14240.0,OSM_Success
JAKARTA UTARA,KELAPA GADING,JL. RAYA KELAPA NIAS,,,Not_Found
JAKARTA UTARA,KELAPA GADING,JL. SUMANGGUNG II,,,Not_Found
JAKARTA UTARA,KELAPA GADING,JL. SUMANGUNG,,,Not_Found
JAKARTA UTARA,KELAPA GADING,JL. SUMANGUNG III,,,Not_Found
JAKARTA UTARA,KELAPA GADING,JL. TAMAN PEGANGSAAN INDAH,,,Not_Found
JAKARTA UTARA,KELAPA GADING,JL. TARIAN RAYA BARAT,,,Not_Found
JAKARTA UTARA,KELAPA GADING,JL. TARIAN TIMUR RAYA BARAT,,,Not_Found
JAKARTA UTARA,KELAPA GADING,JL. TARUMPET,,,Not_Found
JAKARTA UTARA,KELAPA GADING,JL. YOS SUDARSO,Kelapa Gading Barat,14240.0,OSM_Success
JAKARTA UTARA,KELAPA GADING,JL. BOULEVARD TIMUR,Pegangsaan Dua,14250.0,OSM_Success
JAKARTA UTARA,KELAPA GADING,JL. BOULEVARD RAYA,Kelapa Gading Timur,14240.0,OSM_Success
JAKARTA UTARA,KELAPA GADING,JL. BOULEVARD UTARA,Pegangsaan Dua,14250.0,OSM_Success
JAKARTA UTARA,KELAPA GADING,JL. PASAR MANDIRI,,,Not_Found
JAKARTA UTARA,KELAPA GADING,JL. MANDIRI TENGAH,,,Not_Found
JAKARTA UTARA,CILINCING,JL. AKSES MARUNDA/ARTERI MARUNDA,,,Not_Found
JAKARTA UTARA,CILINCING,JL. BAKTI,Cilincing,14120.0,OSM_Success
JAKARTA UTARA,CILINCING,JL. BELIMBING,Semper Barat,14130.0,OSM_Success
JAKARTA UTARA,CILINCING,JL. CAKUNG CILINCING RAYA,Rorotan,14140.0,OSM_Success
JAKARTA UTARA,CILINCING,JL. CILINCING BARU,Cilincing,14120.0,OSM_Success
JAKARTA UTARA,CILINCING,JL. CILINCING BESAR,,,Not_Found
JAKARTA UTARA,CILINCING,JL. CILINCING CILANDAK,,,Not_Found
JAKARTA UTARA,CILINCING,JL. CILINCING KSATRIA,,,Not_Found
JAKARTA UTARA,CILINCING,JL. CILINCING LAMA,Cilincing,14120.0,OSM_Success
JAKARTA UTARA,CILINCING,JL. CILINCING LANDAK MARINIR,,,Not_Found
JAKARTA UTARA,CILINCING,JL. CILINCING PAGI,Cilincing,14120.0,OSM_Success
JAKARTA UTARA,CILINCING,JL. CILINCING RAYA,Semper Timur,14130.0,OSM_Success
JAKARTA UTARA,CILINCING,JL. DUREN,Semper Barat,14130.0,OSM_Success
JAKARTA UTARA,CILINCING,JL. GADING GRIYA LESTARI,Sukapura,14140.0,OSM_Success
JAKARTA UTARA,CILINCING,JL. GAYA MOTOR,Semper Timur,14130.0,OSM_Success
JAKARTA UTARA,CILINCING,JL. KALI BARU,Kalibaru,14110.0,OSM_Success
JAKARTA UTARA,CILINCING,JL. KALI BARU BARAT II,Kalibaru,14110.0,OSM_Success
JAKARTA UTARA,CILINCING,JL. KALI BARU TIMUR,Kalibaru,14110.0,OSM_Success
JAKARTA UTARA,CILINCING,JL. KEBANTENAN,Semper Timur,14130.0,OSM_Success
JAKARTA UTARA,CILINCING,JL. KEBON BARU,Semper Barat,14130.0,OSM_Success
JAKARTA UTARA,CILINCING,JL. KELAPA HIBRIDA,,,Not_Found
JAKARTA UTARA,CILINCING,JL. KEPALA DUA,,,Not_Found
JAKARTA UTARA,CILINCING,JL. KESEMEK,Semper Barat,14130.0,OSM_Success
JAKARTA UTARA,CILINCING,JL. KRAMAT JAYA/TUNGGAK,,,Not_Found
JAKARTA UTARA,CILINCING,JL. MANUNGGAL JUANG,Sukapura,14140.0,OSM_Success
JAKARTA UTARA,CILINCING,JL. MARUNDA CILINCING,Marunda,14150.0,OSM_Success
JAKARTA UTARA,CILINCING,JL. PEDONGKELAN,Cilincing,14120.0,OSM_Success
JAKARTA UTARA,CILINCING,JL. PEMADAM,Semper Barat,14130.0,OSM_Success
JAKARTA UTARA,CILINCING,JL. PEPAYA,Semper Barat,14130.0,OSM_Success
JAKARTA UTARA,CILINCING,JL. ROROTAN,Rorotan,14140.0,OSM_Success
JAKARTA UTARA,CILINCING,JL. ROROTAN MALAKA,Rorotan,14140.0,OSM_Success
JAKARTA UTARA,CILINCING,JL. SUNGAI BARITO,Semper Barat,14130.0,OSM_Success
JAKARTA UTARA,CILINCING,JL. SUNGAI BRANTAS,Semper Barat,14130.0,OSM_Success
JAKARTA UTARA,CILINCING,JL. SUNGAI CITANDUI,,,Not_Found
JAKARTA UTARA,CILINCING,JL. SUNGAI LANDAK MARUNDA,,,Not_Found
JAKARTA UTARA,CILINCING,JL. TAMAN TIPAR,,,Not_Found
JAKARTA UTARA,CILINCING,JL. TANAH MERDEKA CILINCING,,,Not_Found
JAKARTA UTARA,CILINCING,JL. TIPAR CAKUNG,Sukapura,14140.0,OSM_Success
JAKARTA UTARA,CILINCING,JL. TUGU SEMPER,Semper Barat,14130.0,OSM_Success
JAKARTA UTARA,CILINCING,KBN CAKUNG,Sukapura,14140.0,OSM_Success
JAKARTA UTARA,CILINCING,KBN MARUNDA,Cilincing,14120.0,OSM_Success
JAKARTA UTARA,CILINCING,KO. BEA CUKAI SUKAPURA,,,Not_Found
JAKARTA UTARA,CILINCING,TOL AKSES TANJUNG PRIOK,Semper Timur,14130.0,OSM_Success
JAKARTA UTARA,CILINCING,JL. DUKUH,Semper Barat,14130.0,OSM_Success
JAKARTA UTARA,CILINCING,JL. CAMAR,Sukapura,14140.0,OSM_Success
JAKARTA UTARA,CILINCING,JL. BIDARA,Marunda,14150.0,OSM_Success
JAKARTA UTARA,CILINCING,JL. KELAPA DUA,Pegangsaan Dua,14250.0,OSM_Success
JAKARTA UTARA,CILINCING,JL. SARANG BANGO,Marunda,14150.0,OSM_Success
JAKARTA UTARA,CILINCING,JL. MARUNDA MAKMUR,Marunda,14150.0,OSM_Success
JAKARTA UTARA,CILINCING,JL. INSPEKSI CAKUNG DRAIN,,,Not_Found
JAKARTA UTARA,CILINCING,JL. SIAK,Sukapura,14140.0,OSM_Success
JAKARTA UTARA,KEPULAUAN SERIBU,PULAU AIR BESAR,,,Not_Found
JAKARTA UTARA,KEPULAUAN SERIBU,PULAU AIR KECIL / PULAU JUSI,,,Not_Found
JAKARTA UTARA,KEPULAUAN SERIBU,PULAU AYER,,,Not_Found
JAKARTA UTARA,KEPULAUAN SERIBU,PULAU BELANDA,,,Not_Found
JAKARTA UTARA,KEPULAUAN SERIBU,PULAU BIAWAK,,,Not_Found
JAKARTA UTARA,KEPULAUAN SERIBU,PULAU BIDADARI / PULAU PURMEREND,,,Not_Found
JAKARTA UTARA,KEPULAUAN SERIBU,PULAU BIRA BESAR,,,Not_Found
JAKARTA UTARA,KEPULAUAN SERIBU,PULAU BIRA KECIL,,,OSM_Success
JAKARTA UTARA,KEPULAUAN SERIBU,PULAU BOKOR,,,Not_Found
JAKARTA UTARA,KEPULAUAN SERIBU,PULAU BULAT,,,Not_Found
JAKARTA UTARA,KEPULAUAN SERIBU,PULAU BUNDAR,,,Not_Found
JAKARTA UTARA,KEPULAUAN SERIBU,PULAU BURUNG,,,Not_Found
JAKARTA UTARA,KEPULAUAN SERIBU,PULAU CINA,,,Not_Found
JAKARTA UTARA,KEPULAUAN SERIBU,PULAU CIPIR / PULAU KUIPER / PULAU KAHYANGAN,,,Not_Found
JAKARTA UTARA,KEPULAUAN SERIBU,PULAU DAMAR BESAR,,,Not_Found
JAKARTA UTARA,KEPULAUAN SERIBU,PULALJ DAMAR KECIL / PULAU WANARA,,,Not_Found
JAKARTA UTARA,KEPULAUAN SERIBU,PULAU DAPUR,,,Not_Found
JAKARTA UTARA,KEPULAUAN SERIBU,PULAU DUA BARAT,,,Not_Found
JAKARTA UTARA,KEPULAUAN SERIBU,PULAU DUA TIMUR,,,Not_Found
JAKARTA UTARA,KEPULAUAN SERIBU,PULAU GENTENG BESAR,,,OSM_Success
JAKARTA UTARA,KEPULAUAN SERIBU,PULAU GENTENG KECIL,,,OSM_Success
JAKARTA UTARA,KEPULAUAN SERIBU,PULAU GOSONG PABELOKAN,,,Not_Found
JAKARTA UTARA,KEPULAUAN SERIBU,PULAU GOSONG RENGAT,,,Not_Found
JAKARTA UTARA,KEPULAUAN SERIBU,PULAU GUDUS LEMPENG,,,Not_Found
JAKARTA UTARA,KEPULAUAN SERIBU,PULAU GUNDUL,,,Not_Found
JAKARTA UTARA,KEPULAUAN SERIBU,PULAU HANTU BARAT / PULAU PANTARA BARAT,,,Not_Found
JAKARTA UTARA,KEPULAUAN SERIBU,PULAU HANTU TIMUR / PULAU PANTARA TIMUR,,,Not_Found
JAKARTA UTARA,KEPULAUAN SERIBU,PULAU HARAPAN,Pulau Harapan,,OSM_Success
JAKARTA UTARA,KEPULAUAN SERIBU,PULAU JAGUNG,,,Not_Found
JAKARTA UTARA,KEPULAUAN SERIBU,PULAU JUKUNG,,,Not_Found
JAKARTA UTARA,KEPULAUAN SERIBU,PULAU KALANG KUDUS,,,Not_Found
JAKARTA UTARA,KEPULAUAN SERIBU,PULAU KALIAGE BESAR,,,OSM_Success
JAKARTA UTARA,KEPULAUAN SERIBU,PULAU KALIAGE KECIL,,,OSM_Success
JAKARTA UTARA,KEPULAUAN SERIBU,PULAU KARANG BERAS,,,Not_Found
JAKARTA UTARA,KEPULAUAN SERIBU,PULAU KARANG BONGKOK,,,Not_Found
JAKARTA UTARA,KEPULAUAN SERIBU,PULAU KARANG CONGKAK,,,Not_Found
JAKARTA UTARA,KEPULAUAN SERIBU,PULAU KARYA,Pulau Panggang,,OSM_Success
JAKARTA UTARA,KEPULAUAN SERIBU,PULAU KAYU ANGIN BIRA,,,Not_Found
JAKARTA UTARA,KEPULAUAN SERIBU,PULAU KAYU ANGIN GENTENG,,,OSM_Success
JAKARTA UTARA,KEPULAUAN SERIBU,PULAU KAYU ANGIN MELINTANG,,,Not_Found
JAKARTA UTARA,KEPULAUAN SERIBU,PULAU KAYU ANGIN PUTRI,,,Not_Found
JAKARTA UTARA,KEPULAUAN SERIBU,PULAU KELAPA,Pulau Kelapa,,OSM_Success
JAKARTA UTARA,KEPULAUAN SERIBU,PULAU KELOR BARAT DAHULU PULAU KHERKOF,,,Not_Found
JAKARTA UTARA,KEPULAUAN SERIBU,PULAU KELOR BESAR DAHULU PULAU KHERKOF,,,Not_Found
JAKARTA UTARA,KEPULAUAN SERIBU,PULAU KELOR TIMUR DAHULU PULAU KHERKOF,,,Not_Found
JAKARTA UTARA,KEPULAUAN SERIBU,PULAU KONGSI,,,Not_Found
JAKARTA UTARA,KEPULAUAN SERIBU,PULAU KOTOK BESAR / PULAU KOTOK BARAT,,,Not_Found
JAKARTA UTARA,KEPULAUAN SERIBU,PULAU KOTOK KECIL / PULAU KOTOK TIMUR,,,Not_Found
JAKARTA UTARA,KEPULAUAN SERIBU,PULAU KUBURAN CINA,,,Not_Found
JAKARTA UTARA,KEPULAUAN SERIBU,PULAU KUNGSI / PULAU KEPALA DUA,,,Not_Found
JAKARTA UTARA,KEPULAUAN SERIBU,PULAU LAGA,,,Not_Found
JAKARTA UTARA,KEPULAUAN SERIBU,PULAU LAKI,,,Not_Found
JAKARTA UTARA,KEPULAUAN SERIBU,PULAU LANCANG BESAR,,,Not_Found
JAKARTA UTARA,KEPULAUAN SERIBU,PULAU LANCANG KECIL,,,Not_Found
JAKARTA UTARA,KEPULAUAN SERIBU,PULAU LIPAN,,,Not_Found
JAKARTA UTARA,KEPULAUAN SERIBU,PULAU MACAN BESAR / PULAU MATAHARI,,,Not_Found
JAKARTA UTARA,KEPULAUAN SERIBU,PULAU MACAN KECIL,,,Not_Found
JAKARTA UTARA,KEPULAUAN SERIBU,PULAU MELINJO,,,Not_Found
JAKARTA UTARA,KEPULAUAN SERIBU,PULAU MELINTANG BESAR,,,Not_Found
JAKARTA UTARA,KEPULAUAN SERIBU,PULAU MELINTANG KECIL,,,Not_Found
JAKARTA UTARA,KEPULAUAN SERIBU,PULAU NYAMPLUNG,,,Not_Found
JAKARTA UTARA,KEPULAUAN SERIBU,PULAU NYAMUK BESAR / PULAU NIRWANA,,,Not_Found
JAKARTA UTARA,KEPULAUAN SERIBU,PULAU NYAMUK KECIL / PULAU TALAK,,,Not_Found
JAKARTA UTARA,KEPULAUAN SERIBU,PULAU ONRUST / PULAU KAPAL,,,Not_Found
JAKARTA UTARA,KEPULAUAN SERIBU,PULAU OPAK BESAR BARAT,,,Not_Found
JAKARTA UTARA,KEPULAUAN SERIBU,PULAU OPAK BESAR TIMUR,,,Not_Found
JAKARTA UTARA,KEPULAUAN SERIBU,PULAU OPAK KECIL,,,Not_Found
JAKARTA UTARA,KEPULAUAN SERIBU,PULAU PABELOKAN,,,Not_Found
JAKARTA UTARA,KEPULAUAN SERIBU,PULAU PANGGANG,Pulau Panggang,,OSM_Success
JAKARTA UTARA,KEPULAUAN SERIBU,PULAU PANIKI,,,Not_Found
JAKARTA UTARA,KEPULAUAN SERIBU,PULAU PANJANG BESAR,,,OSM_Success
JAKARTA UTARA,KEPULAUAN SERIBU,PULAU PANJANG KECIL,,,OSM_Success
JAKARTA UTARA,KEPULAUAN SERIBU,PULAU PARI,,,Not_Found
JAKARTA UTARA,KEPULAUAN SERIBU,PULAII PATELORAN BARAT / PULAU PATELORAN BESAR,,,Not_Found
JAKARTA UTARA,KEPULAUAN SERIBU,PULAU PATELORAN TIMUR / PULAU PATELORAN KECIL,,,Not_Found
JAKARTA UTARA,KEPULAUAN SERIBU,PULAU PAYUNG BESAR,,,Not_Found
JAKARTA UTARA,KEPULAUAN SERIBU,PULAU PAYUNG KECIL,,,Not_Found
JAKARTA UTARA,KEPULAUAN SERIBU,PULAU PEMAGARAN,,,Not_Found
JAKARTA UTARA,KEPULAUAN SERIBU,PULAU PENYALIRAN BARAT,,,Not_Found
JAKARTA UTARA,KEPULAUAN SERIBU,PULAU PENYALIRAN TIMUR,,,Not_Found
JAKARTA UTARA,KEPULAUAN SERIBU,PULAU PERAK,,,Not_Found
JAKARTA UTARA,KEPULAUAN SERIBU,PULAU PETONDAN BESAR / PULAU PELANGI,,,Not_Found
JAKARTA UTARA,KEPULAUAN SERIBU,PULAU PETONDAN KECIL /PULAU PETONDAN TIMUR,,,Not_Found
JAKARTA UTARA,KEPULAUAN SERIBU,PULAU PRAMUKA,Kepulauan Seribu Utara,,OSM_Success
JAKARTA UTARA,KEPULAUAN SERIBU,PULAU PUTRI BARAT / PULAU PUTRI BESAR,,,Not_Found
JAKARTA UTARA,KEPULAUAN SERIBU,PULAU PUTRI GUNDUL,,,Not_Found
JAKARTA UTARA,KEPULAUAN SERIBU,PULAU PUTRI TIMUR / PULAU PUTRI KECIL,,,Not_Found
JAKARTA UTARA,KEPULAUAN SERIBU,PULAU RAMBUT / PULAU MIDDBUR,,,Not_Found
JAKARTA UTARA,KEPULAUAN SERIBU,PULAU RENGIT,,,Not_Found
JAKARTA UTARA,KEPULAUAN SERIBU,PULAU SAKTU,,,Not_Found
JAKARTA UTARA,KEPULAUAN SERIBU,PULAU SEBARU BESAR,,,Not_Found
JAKARTA UTARA,KEPULAUAN SERIBU,PULAU SEBARU KECIL,,,Not_Found
JAKARTA UTARA,KEPULAUAN SERIBU,PULAU SEBIRA,,,Not_Found
JAKARTA UTARA,KEPULAUAN SERIBU,PULAU SEKATI,,,Not_Found
JAKARTA UTARA,KEPULAUAN SERIBU,PULAU SEMAK DAUN,,,Not_Found
JAKARTA UTARA,KEPULAUAN SERIBU,PULAU SEMUT,,,OSM_Success
JAKARTA UTARA,KEPULAUAN SERIBU,PULAU SEMUT BESAR,,,Not_Found
JAKARTA UTARA,KEPULAUAN SERIBU,PULAU SEMUT KECIL,,,OSM_Success
JAKARTA UTARA,KEPULAUAN SERIBU,PULAU SEPA BESAR / PULAU SEPA BARAT,,,Not_Found
JAKARTA UTARA,KEPULAUAN SERIBU,PULAU SEPA KECIL / PULAU SEPA TIMUR,,,Not_Found
JAKARTA UTARA,KEPULAUAN SERIBU,PULAU TENGAH,,,Not_Found
JAKARTA UTARA,KEPULAUAN SERIBU,PULAU TIDUNG BESAR,,,Not_Found
JAKARTA UTARA,KEPULAUAN SERIBU,PULAU TIDUNG KECIL,,,Not_Found
JAKARTA UTARA,KEPULAUAN SERIBU,PULAU TIKUS,,,Not_Found
JAKARTA UTARA,KEPULAUAN SERIBU,PULAU TONGKENG,,,Not_Found
JAKARTA UTARA,KEPULAUAN SERIBU,PULAU UBI BESAR / PULAU ROTTERDAM,,,Not_Found
JAKARTA UTARA,KEPULAUAN SERIBU,PULAU UBI KECIL / PULAU SEHIEDAM,,,Not_Found
JAKARTA UTARA,KEPULAUAN SERIBU,PULAU UNTUNG JAWA / PULAU AMITERDAM,,,Not_Found
JAKARTA UTARA,KEPULAUAN SERIBU,PULAU YU BESAR / PULAU YU BARAT,,,Not_Found
JAKARTA UTARA,KEPULAUAN SERIBU,PULAP YU KECIL / PULAUYU TIMUR,,,Not_Found
JAKARTA BARAT,KEBON JERUK,JL. ARJUNA RAYA,Duri Kepa,11430.0,OSM_Success
JAKARTA BARAT,KEBON JERUK,JL. ARJUNA SELATAN,Kebon Jeruk,11530.0,OSM_Success
JAKARTA BARAT,KEBON JERUK,JL. ARJUNA UTARA,Kedoya Selatan,11530.0,OSM_Success
JAKARTA BARAT,KEBON JERUK,JL. TOL JAKARTA-TANGERANG,,,Not_Found
JAKARTA BARAT,KEBON JERUK,JL. ARTERI KEDOYA,,,Not_Found
JAKARTA BARAT,KEBON JERUK,JL. KEBAYORAN LAMA,Sukabumi Utara,12210.0,OSM_Success
JAKARTA BARAT,KEBON JERUK,JL. KEDOYA AGAVE RAYA,,,Not_Found
JAKARTA BARAT,KEBON JERUK,JL. PERJUANGAN,Kebon Jeruk,11530.0,OSM_Success
JAKARTA BARAT,KEBON JERUK,JL. POS PENGUMBEN,Sukabumi Selatan,11550.0,OSM_Success
JAKARTA BARAT,KEBON JERUK,JL. RAYA PERJUANGAN,Kebon Jeruk,11530.0,OSM_Success
JAKARTA BARAT,KEBON JERUK,JL. BATU SARI,,,Not_Found
JAKARTA BARAT,KEBON JERUK,JL. BUDI RAYA KEMANGGISAN,,,Not_Found
JAKARTA BARAT,KEBON JERUK,JL. DAAN MOGOT II,,,Not_Found
JAKARTA BARAT,KEBON JERUK,JL. E KEBON JERUK,Kelapa Dua,11630.0,OSM_Success
JAKARTA BARAT,KEBON JERUK,JL. GREEN GARDEN RAYA,Kedoya Utara,,OSM_Success
JAKARTA BARAT,KEBON JERUK,JL. GREEN VILLE RAYA,,,Not_Found
JAKARTA BARAT,KEBON JERUK,JL. JERUK BALI,Duri Kepa,11510.0,OSM_Success
JAKARTA BARAT,KEBON JERUK,JL. KEBON JERUK,Kebon Jeruk,11530.0,OSM_Success
JAKARTA BARAT,KEBON JERUK,JL. KEBON RAYA,Kebon Jeruk,11530.0,OSM_Success
JAKARTA BARAT,KEBON JERUK,JL. KEDOYA,Kedoya Selatan,,OSM_Success
JAKARTA BARAT,KEBON JERUK,JL. KEDOYA DURI,Kebon Jeruk,11520.0,OSM_Success
JAKARTA BARAT,KEBON JERUK,JL. KEDOYA PESING,Kedoya Utara,11520.0,OSM_Success
JAKARTA BARAT,KEBON JERUK,JL. KEDOYA RAYA,Kedoya Selatan,11520.0,OSM_Success
JAKARTA BARAT,KEBON JERUK,JL. KELAPA DUA RAYA,Kelapa Dua,11550.0,OSM_Success
JAKARTA BARAT,KEBON JERUK,JL. KOMP. SUNRISE GARDEN,,,Not_Found
JAKARTA BARAT,KEBON JERUK,JL. LAPANGAN BOLA,Kebon Jeruk,11530.0,OSM_Success
JAKARTA BARAT,KEBON JERUK,JL. MANGGA RAYA KOMP. GREEN VILLE,,,Not_Found
JAKARTA BARAT,KEBON JERUK,JL. RATU KEMUNING,Duri Kepa,11510.0,OSM_Success
JAKARTA BARAT,KEBON JERUK,JL. RATU MAWAR,Kedoya Utara,11520.0,OSM_Success
JAKARTA BARAT,KEBON JERUK,JL. RATU MELATI,Duri Kepa,11510.0,OSM_Success
JAKARTA BARAT,KEBON JERUK,JL. RATU TERATAI,,,Not_Found
JAKARTA BARAT,KEBON JERUK,JL. RAYA PESING KONENG,,,Not_Found
JAKARTA BARAT,KEBON JERUK,JL. SURYA WIJAYA,Kedoya Utara,11520.0,OSM_Success
JAKARTA BARAT,KEBON JERUK,JL. TANJUNG DUREN BARAT,Duri Kepa,11470.0,OSM_Success
JAKARTA BARAT,KEBON JERUK,JL. KEDOYA PURI KEMBANGAN,,,Not_Found
JAKARTA BARAT,KEBON JERUK,JL. PILAR RAYA,Kedoya Selatan,11520.0,OSM_Success
JAKARTA BARAT,KEBON JERUK,JL. TAMAN RATU RAYA,,,Not_Found
JAKARTA BARAT,KEBON JERUK,JL. ANGSANA,Duri Kepa,11510.0,OSM_Success
JAKARTA BARAT,KEBON JERUK,JL. AS. SYIROD,,,Not_Found
JAKARTA BARAT,KEBON JERUK,JL. ASSURUR,,,Not_Found
JAKARTA BARAT,KEBON JERUK,JL. A,Kedoya Utara,11520.0,OSM_Success
JAKARTA BARAT,KEBON JERUK,JL. B,Duri Kepa,11510.0,OSM_Success
JAKARTA BARAT,KEBON JERUK,JL. C,Duri Kepa,11510.0,OSM_Success
JAKARTA BARAT,KEBON JERUK,JL. D,Duri Kepa,11510.0,OSM_Success
JAKARTA BARAT,KEBON JERUK,JL. DURI,Duri Kepa,11510.0,OSM_Success
JAKARTA BARAT,KEBON JERUK,JL. DURI SELATAN,Kedoya Selatan,11520.0,OSM_Success
JAKARTA BARAT,KEBON JERUK,JL. DURI UTAMA,Duri Kepa,11510.0,OSM_Success
JAKARTA BARAT,KEBON JERUK,JL. GANG MACAN,Kedoya Utara,11460.0,OSM_Success
JAKARTA BARAT,KEBON JERUK,,,,Not_Found
JAKARTA BARAT,KEBON JERUK,JL. H. DOMANG,,,Not_Found
JAKARTA BARAT,KEBON JERUK,JL. H. RAISAN,,,Not_Found
JAKARTA BARAT,KEBON JERUK,JL. H. RAUSIN,,,Not_Found
JAKARTA BARAT,KEBON JERUK,JL. KEDOYA UTARA,Kedoya Utara,11520.0,OSM_Success
JAKARTA BARAT,KEBON JERUK,JL. KELAPA DUA,Kelapa Dua,11550.0,OSM_Success
JAKARTA BARAT,KEBON JERUK,JL. KOMP. GREEN VILLE,,,Not_Found
JAKARTA BARAT,KEBON JERUK,JL. KOMP. KEDOYA CENTRE,,,Not_Found
JAKARTA BARAT,KEBON JERUK,JL. PALAPA RAYA,Kedoya Selatan,11520.0,OSM_Success
JAKARTA BARAT,KEBON JERUK,JL. PALEM SELATAN,,,Not_Found
JAKARTA BARAT,KEBON JERUK,JL. PALEM TIMUR,Duri Kepa,11510.0,OSM_Success
JAKARTA BARAT,KEBON JERUK,JL. PALEM UTAMA,Kebon Jeruk,11510.0,OSM_Success
JAKARTA BARAT,KEBON JERUK,JL. PATRA,Duri Kepa,11430.0,OSM_Success
JAKARTA BARAT,KEBON JERUK,JL. PESING KEDOYA,Kedoya Utara,11710.0,OSM_Success
JAKARTA BARAT,KEBON JERUK,JL. PRISMA RAYA KEDOYA,,,Not_Found
JAKARTA BARAT,KEBON JERUK,JL. SASAK,Kelapa Dua,11540.0,OSM_Success
JAKARTA BARAT,KEBON JERUK,JL. SASAK II,Kelapa Dua,11540.0,OSM_Success
JAKARTA BARAT,KEBON JERUK,JL. SULAEMAN,Kelapa Dua,11530.0,OSM_Success
JAKARTA BARAT,KEBON JERUK,JL. SUNRISE GARDEN,,,Not_Found
JAKARTA BARAT,KEBON JERUK,JL. TAMAN RATU INDAH,,,Not_Found
JAKARTA BARAT,KEBON JERUK,JL. PILAR MAS UTAMA,,,Not_Found
JAKARTA BARAT,KEBON JERUK,JL. AKASIA,Kedoya Selatan,11530.0,OSM_Success
JAKARTA BARAT,KEBON JERUK,JL. ALAMANDA,Kedoya Selatan,11510.0,OSM_Success
JAKARTA BARAT,KEBON JERUK,JL. ASEM II,Duri Kepa,11510.0,OSM_Success
JAKARTA BARAT,KEBON JERUK,JL. ASEM III,Duri Kepa,11510.0,OSM_Success
JAKARTA BARAT,KEBON JERUK,JL. ASIA BARU,Duri Kepa,11510.0,OSM_Success
JAKARTA BARAT,KEBON JERUK,JL. KEPA DURI,Duri Kepa,11510.0,OSM_Success
JAKARTA BARAT,KEBON JERUK,JL. QRISDOREN II,Sukabumi Utara,11550.0,OSM_Success
JAKARTA BARAT,KEBON JERUK,JL. SALAM,Sukabumi Utara,11540.0,OSM_Success
JAKARTA BARAT,KEBON JERUK,JL. SUKABUMI UDIK,,,Not_Found
JAKARTA BARAT,KEBON JERUK,JL. SURYA SARANA,Kedoya Utara,11520.0,OSM_Success
JAKARTA BARAT,KEBON JERUK,JL. AA,Sukabumi Selatan,11560.0,OSM_Success
JAKARTA BARAT,KEBON JERUK,JL. AGAVE,Kedoya Selatan,11530.0,OSM_Success
JAKARTA BARAT,KEBON JERUK,JL. AGAVE II,Kedoya Selatan,11530.0,OSM_Success
JAKARTA BARAT,KEBON JERUK,JL. AGAVE III,Kedoya Selatan,11530.0,OSM_Success
JAKARTA BARAT,KEBON JERUK,JL. AGAVE IV,Kedoya Selatan,11530.0,Imputed_Success
JAKARTA BARAT,KEBON JERUK,JL. AGAVE V,Kedoya Selatan,11530.0,OSM_Success
JAKARTA BARAT,KEBON JERUK,JL. AGAVE VI,Kedoya Selatan,11530.0,OSM_Success
JAKARTA BARAT,KEBON JERUK,JL. AGAVE VII,Kedoya Selatan,11530.0,OSM_Success
JAKARTA BARAT,KEBON JERUK,JL. ANGSANA,Duri Kepa,11510.0,OSM_Success
JAKARTA BARAT,KEBON JERUK,JL. ANGSANA II,Kedoya Selatan,11530.0,OSM_Success
JAKARTA BARAT,KEBON JERUK,JL. ANGSANA III,Kedoya Selatan,11530.0,OSM_Success
JAKARTA BARAT,KEBON JERUK,JL. ANGSANA IV,Kedoya Selatan,11530.0,OSM_Success
JAKARTA BARAT,KEBON JERUK,JL. ANGSANA V,Duri Kepa,11510.0,OSM_Success
JAKARTA BARAT,KEBON JERUK,JL. ANGSANA VI,Kebon Jeruk,11530.0,OSM_Success
JAKARTA BARAT,KEBON JERUK,JL. ANGSANA VII,Kedoya Selatan,11530.0,OSM_Success
JAKARTA BARAT,KEBON JERUK,JL. ASPARAGUS,Sukabumi Utara,11540.0,OSM_Success
JAKARTA BARAT,KEBON JERUK,JL. BB,Sukabumi Selatan,11560.0,OSM_Success
JAKARTA BARAT,KEBON JERUK,JL. BUDHI,Kebon Jeruk,11480.0,OSM_Success
JAKARTA BARAT,KEBON JERUK,JL. DAUD,Sukabumi Utara,11540.0,OSM_Success
JAKARTA BARAT,KEBON JERUK,JL. GILI SAMPENG,Kebon Jeruk,11530.0,OSM_Success
JAKARTA BARAT,KEBON JERUK,JL. H. MARZUKI,,,Not_Found
JAKARTA BARAT,KEBON JERUK,JL. H. MUHAJAR,,,Not_Found
JAKARTA BARAT,KEBON JERUK,JL. H. SALMAN,,,Not_Found
JAKARTA BARAT,KEBON JERUK,JL. JERUK NIPIS,Duri Kepa,11510.0,OSM_Success
JAKARTA BARAT,KEBON JERUK,JL. KARMEL,Kebon Jeruk,11530.0,OSM_Success
JAKARTA BARAT,KEBON JERUK,JL. KARMEL V,Kebon Jeruk,11530.0,OSM_Success
JAKARTA BARAT,KEBON JERUK,JL. KEBON RAYA VI,Kebon Jeruk,11530.0,Imputed_Success
JAKARTA BARAT,KEBON JERUK,JL. KEBUN JERUK BARU,,,Not_Found
JAKARTA BARAT,KEBON JERUK,JL. KEMUNING,Duri Kepa,11510.0,OSM_Success
JAKARTA BARAT,KEBON JERUK,JL. MANGGA,Duri Kepa,11510.0,OSM_Success
JAKARTA BARAT,KEBON JERUK,JL. PAHLAWAN,Sukabumi Selatan,11550.0,OSM_Success
JAKARTA BARAT,KEBON JERUK,JL. PALAPA,Kedoya Selatan,11520.0,OSM_Success
JAKARTA BARAT,KEBON JERUK,JL. PALAPA II,Kedoya Selatan,11520.0,OSM_Success
JAKARTA BARAT,KEBON JERUK,JL. PATRA TOMANG,Duri Kepa,11430.0,OSM_Success
JAKARTA BARAT,KEBON JERUK,JL. RATU MELATI II,Duri Kepa,11510.0,Imputed_Success
JAKARTA BARAT,KEBON JERUK,JL. RATU MELATI III,Duri Kepa,11510.0,Imputed_Success
JAKARTA BARAT,KEBON JERUK,JL. RATU MELATI IV,Duri Kepa,11510.0,Imputed_Success
JAKARTA BARAT,KEBON JERUK,JL. RATU MELATI V,Duri Kepa,11510.0,Imputed_Success
JAKARTA BARAT,KEBON JERUK,JL. SOLEH,Sukabumi Selatan,11560.0,OSM_Success
JAKARTA BARAT,KEBON JERUK,JL. SOLEH II,Sukabumi Selatan,11560.0,OSM_Success
JAKARTA BARAT,KEBON JERUK,JL. SUKABUMI SELATAN,Sukabumi Selatan,11560.0,OSM_Success
JAKARTA BARAT,KEBON JERUK,JL. SURYA BARAT,Kedoya Utara,11520.0,OSM_Success
JAKARTA BARAT,KEBON JERUK,JL. SURYA MULIA,Kedoya Utara,11520.0,OSM_Success
JAKARTA BARAT,KEBON JERUK,JL. SURYA NIRMALA,Kedoya Utara,11520.0,OSM_Success
JAKARTA BARAT,KEBON JERUK,JL. SURYA TIMUR,Kedoya Utara,11520.0,OSM_Success
JAKARTA BARAT,KEBON JERUK,JL. SURYA UTAMA,Kedoya Utara,11520.0,OSM_Success
JAKARTA BARAT,KEBON JERUK,JL. TAMAN COSMOS,Kedoya Utara,11520.0,OSM_Success
JAKARTA BARAT,KEBON JERUK,JL. COSMOS,Kedoya Utara,11520.0,OSM_Success
JAKARTA BARAT,KEBON JERUK,JL. TOSIGA,Kebon Jeruk,11530.0,OSM_Success
JAKARTA BARAT,KEBON JERUK,JL. DURI KENCANA BARAT,,,Not_Found
JAKARTA BARAT,KEBON JERUK,JL. DURI KENCANA TIMUR,,,Not_Found
JAKARTA BARAT,KEBON JERUK,JL. KEDOYA BARU,Kebon Jeruk,11520.0,OSM_Success
JAKARTA BARAT,KEBON JERUK,JL. KUBUR,,,Not_Found
JAKARTA BARAT,KEBON JERUK,JL. PALAPA III,Kedoya Selatan,11520.0,OSM_Success
JAKARTA BARAT,KEBON JERUK,JL. PALAPA IV,Kedoya Selatan,11520.0,OSM_Success
JAKARTA BARAT,KEBON JERUK,JL. PALAPA V,Kedoya Selatan,11520.0,OSM_Success
JAKARTA BARAT,KEBON JERUK,JL. PALAPA VI,Kedoya Selatan,11520.0,OSM_Success
JAKARTA BARAT,KEBON JERUK,JL. PALAPA VII,Kedoya Selatan,11520.0,OSM_Success
JAKARTA BARAT,KEBON JERUK,JL. PALAPA VIII,Kedoya Selatan,11520.0,Imputed_Success
JAKARTA BARAT,KEBON JERUK,JL. RATU ALAMANDA,Duri Kepa,11460.0,OSM_Success
JAKARTA BARAT,KEBON JERUK,JL. TAMAN KEDOYA PERMAI,,,Not_Found
JAKARTA BARAT,KEBON JERUK,JL. KEPA GUJI,,,Not_Found
JAKARTA BARAT,KEBON JERUK,JL. PALEM RAYA,Duri Kepa,11510.0,OSM_Success
JAKARTA BARAT,KEBON JERUK,JL. RATU KAMBOJA,Kedoya Utara,11520.0,OSM_Success
JAKARTA BARAT,KEBON JERUK,JL. PILAR,Kedoya Selatan,11520.0,OSM_Success
JAKARTA BARAT,KEBON JERUK,JL. RAWA BELONG,Sukabumi Utara,11540.0,OSM_Success
JAKARTA BARAT,KEBON JERUK,JL. ANGGREK CAKRA,Sukabumi Utara,11540.0,OSM_Success
JAKARTA BARAT,KEBON JERUK,JL. MUSYAWARAH,Kebon Jeruk,11540.0,OSM_Success
JAKARTA BARAT,KEBON JERUK,JL. HAJI KELIK,Kelapa Dua,11550.0,OSM_Success
JAKARTA BARAT,KEBON JERUK,JL. ANGGREK,Duri Kepa,11460.0,OSM_Success
JAKARTA BARAT,KEBON JERUK,JL. PANJANG CIDODOL/KP. BARU,,,Not_Found
JAKARTA BARAT,KEBON JERUK,JL. FF,Sukabumi Selatan,11550.0,OSM_Success
JAKARTA BARAT,KEBON JERUK,JL. MASJID AL ANWAR,Sukabumi Utara,11540.0,OSM_Success
JAKARTA BARAT,KEBON JERUK,JL. DAAN MOGOT RAYA,,,Not_Found
JAKARTA BARAT,KEBON JERUK,JL. DURI RAYA,Duri Kepa,11510.0,OSM_Success
JAKARTA BARAT,KEBON JERUK,JL. DURI UTAMA RAYA/ PALEM RAYA,,,Not_Found
JAKARTA BARAT,KEMBANGAN,JL. TOL JAKARTA-TANGERANG,Kembangan Selatan,15000.0,OSM_Success
JAKARTA BARAT,KEMBANGAN,JL. PURI KENCANA,Kembangan Selatan,11610.0,OSM_Success
JAKARTA BARAT,KEMBANGAN,JL. MERUYA ILIR RAYA,Meruya Utara,11630.0,OSM_Success
JAKARTA BARAT,KEMBANGAN,JL. LINGKAR LUAR BARAT,,,Not_Found
JAKARTA BARAT,KEMBANGAN,JL. RING ROAD,,,Not_Found
JAKARTA BARAT,KEMBANGAN,JL. H. KELIK,,,Not_Found
JAKARTA BARAT,KEMBANGAN,JL. JOGLO RAYA,Joglo,11650.0,OSM_Success
JAKARTA BARAT,KEMBANGAN,JL. KEMBANG KEREP,Meruya Utara,11620.0,OSM_Success
JAKARTA BARAT,KEMBANGAN,JL. SANGGRAHAN,Kembangan Selatan,11610.0,OSM_Success
JAKARTA BARAT,KEMBANGAN,JL. SRENGSENG RAYA,Srengseng,11630.0,OSM_Success
JAKARTA BARAT,KEMBANGAN,JL. PURI INDAH,Kembangan Selatan,11610.0,OSM_Success
JAKARTA BARAT,KEMBANGAN,JL. KOMP. TAMAN ARIES,,,Not_Found
JAKARTA BARAT,KEMBANGAN,JL. KOMP. TAMAN KOTA,,,Not_Found
JAKARTA BARAT,KEMBANGAN,JL. MERUYA INDAH,Meruya Selatan,11620.0,OSM_Success
JAKARTA BARAT,KEMBANGAN,JL. PURI KEMBANGAN BARAT,Meruya Selatan,,OSM_Success
JAKARTA BARAT,KEMBANGAN,JL. PURI KEMBANGAN RAYA,Meruya Selatan,,OSM_Success
JAKARTA BARAT,KEMBANGAN,JL. PURI KEMBANGAN TIMUR,,,Not_Found
JAKARTA BARAT,KEMBANGAN,JL. PURI KEMBANGAN UTARA,Kembangan Utara,,OSM_Success
JAKARTA BARAT,KEMBANGAN,JL. KOMP. RUKO PURI INDAH,,,Not_Found
JAKARTA BARAT,KEMBANGAN,JL. RAYA KEMBANGAN,Kembangan Selatan,11610.0,OSM_Success
JAKARTA BARAT,KEMBANGAN,JL. MERUYA SELATAN/UDIK,Meruya Selatan,11620.0,OSM_Success
JAKARTA BARAT,KEMBANGAN,JL. KEMBANG,Kembangan Selatan,11610.0,OSM_Success
JAKARTA BARAT,KEMBANGAN,JL. TAMAN KEBON JERUK,Srengseng,11620.0,OSM_Success
JAKARTA BARAT,KEMBANGAN,JL. BUANA BIRU BESAR,,,Not_Found
JAKARTA BARAT,KEMBANGAN,JL. H. LEBAR,,,Not_Found
JAKARTA BARAT,KEMBANGAN,JL. KEMBANG ABADI UTAMA,,,Not_Found
JAKARTA BARAT,KEMBANGAN,JL. KEMBANGAN,Kembangan Selatan,11610.0,OSM_Success
JAKARTA BARAT,KEMBANGAN,JL. KOMP. INTERCON PLAZA,,,Not_Found
JAKARTA BARAT,KEMBANGAN,JL. MERUYA UTARA RAYA,Meruya Utara,,OSM_Success
JAKARTA BARAT,KEMBANGAN,JL. PURI BIRA,,,Not_Found
JAKARTA BARAT,KEMBANGAN,JL. KEMBANGAN SAKTI BARAT,,,Not_Found
JAKARTA BARAT,KEMBANGAN,JL. KEMBANGAN SAKTI TIMUR,,,Not_Found
JAKARTA BARAT,KEMBANGAN,JL. KEMBANGAN UTARA,Kembangan Utara,,OSM_Success
JAKARTA BARAT,KEMBANGAN,JL. KARANG TENGAH RAYA,Meruya Utara,15000.0,OSM_Success
JAKARTA BARAT,KEMBANGAN,JL. KOMP. PERMATA,,,Not_Found
JAKARTA BARAT,KEMBANGAN,JL. KOMP.DPR,,,Not_Found
JAKARTA BARAT,KEMBANGAN,JL. KOMP.DPR II,,,Not_Found
JAKARTA BARAT,KEMBANGAN,JL. PESANGGRAHAN,Kembangan Selatan,11610.0,OSM_Success
JAKARTA BARAT,KEMBANGAN,JL. TAMAN ALFA INDAH,Joglo,11640.0,OSM_Success
JAKARTA BARAT,KEMBANGAN,JL. TAMAN ARIES,Meruya Utara,11620.0,OSM_Success
JAKARTA BARAT,KEMBANGAN,JL. BASMOL RAYA,Kembangan Utara,11740.0,OSM_Success
JAKARTA BARAT,KEMBANGAN,JL. KEMBANG ASRI,Kembangan Selatan,11610.0,OSM_Success
JAKARTA BARAT,KEMBANGAN,JL. KEMBANG AYU UTAMA,,,Not_Found
JAKARTA BARAT,KEMBANGAN,JL. KEMBANG HARUM UTAMA,,,Not_Found
JAKARTA BARAT,KEMBANGAN,JL. PENYELESAIAN TOMANG,Meruya Utara,15000.0,OSM_Success
JAKARTA BARAT,KEMBANGAN,JL. PENYELESAIAN TOMANG II,Meruya Utara,15000.0,OSM_Success
JAKARTA BARAT,KEMBANGAN,JL. PENYELESAIAN TOMANG III,Meruya Utara,11650.0,OSM_Success
JAKARTA BARAT,KEMBANGAN,JL. PENYELESAIAN TOMANG IV,Meruya Utara,15000.0,OSM_Success
JAKARTA BARAT,KEMBANGAN,JL. PENYELESAIAN TOMANG V,Meruya Selatan,11650.0,OSM_Success
JAKARTA BARAT,KEMBANGAN,JL. H. MUCHTAR/KAV.DKI,,,Not_Found
JAKARTA BARAT,KEMBANGAN,JL. KENANGA,Joglo,11650.0,OSM_Success
JAKARTA BARAT,KEMBANGAN,JL. BERLIAN SELATAN,Meruya Utara,11620.0,OSM_Success
JAKARTA BARAT,KEMBANGAN,JL. DIAMOND,Srengseng,11550.0,OSM_Success
JAKARTA BARAT,KEMBANGAN,JL. MURNI,Joglo,11650.0,OSM_Success
JAKARTA BARAT,KEMBANGAN,JL. MUTIARA KEDOYA UTAMA,,,Not_Found
JAKARTA BARAT,KEMBANGAN,JL. PULAU PUTRI,Kembangan Utara,11610.0,OSM_Success
JAKARTA BARAT,KEMBANGAN,JL. POS PENGUMBEN,Srengseng,11550.0,OSM_Success
JAKARTA BARAT,KEMBANGAN,JL. LAPANGAN BOLA,Srengseng,11630.0,OSM_Success
JAKARTA BARAT,KEMBANGAN,JL. KOMP. BATU MULIA,,,Not_Found
JAKARTA BARAT,KEMBANGAN,JL. KEMBANGAN UTAMA,Kembangan Utara,11610.0,OSM_Success
JAKARTA BARAT,KEMBANGAN,JL. KOMP. PERMATA BUANA,,,Not_Found
JAKARTA BARAT,KEMBANGAN,JL. KEMBANGAN SELATAN,Kembangan Selatan,11610.0,OSM_Success
JAKARTA BARAT,KEMBANGAN,JL. SWADARMA RAYA,Ulujami,12260.0,OSM_Success
JAKARTA BARAT,KEMBANGAN,JL. KAV DKI,,,Not_Found
JAKARTA BARAT,KEMBANGAN,JL. BATU MULIA,Meruya Utara,11620.0,OSM_Success
JAKARTA BARAT,KEMBANGAN,JL. JOGLO BARU,Joglo,11650.0,OSM_Success
JAKARTA BARAT,KEMBANGAN,JL. KEMBANGAN BARU,Kembangan Selatan,11610.0,OSM_Success
JAKARTA BARAT,KEMBANGAN,JL. PERMATA MERUYA,Meruya Utara,11620.0,OSM_Success
JAKARTA BARAT,CENGKARENG,JL. LINGKAR LUAR BARAT/KAMAL RAYA,,,Not_Found
JAKARTA BARAT,CENGKARENG,JL. KAMAL RAYA RING ROAD,,,Not_Found
JAKARTA BARAT,CENGKARENG,JL. DAAN MOGOT,Duri Kosambi,,OSM_Success
JAKARTA BARAT,CENGKARENG,JL. DAAN MOGOT RAYA,,,Not_Found
JAKARTA BARAT,CENGKARENG,JL. KAPUK RAYA,Kapuk,11720.0,OSM_Success
JAKARTA BARAT,CENGKARENG,JL. UTAMA RAYA,Cengkareng Barat,11739.0,OSM_Success
JAKARTA BARAT,CENGKARENG,JL. KAYU BESAR,Cengkareng Timur,11730.0,OSM_Success
JAKARTA BARAT,CENGKARENG,JL. KAMAL RAYA,Kapuk,11720.0,OSM_Success
JAKARTA BARAT,CENGKARENG,JL. UTAMA,Duri Kosambi,15211.0,OSM_Success
JAKARTA BARAT,CENGKARENG,JL. RAYA DURI KOSAMBI,Cengkareng,15211.0,OSM_Success
JAKARTA BARAT,CENGKARENG,JL. TAMAN SEMANAN INDAH,Duri Kosambi,11850.0,OSM_Success
JAKARTA BARAT,CENGKARENG,JL. TAMAN KENCANA,Cengkareng Barat,,OSM_Success
JAKARTA BARAT,CENGKARENG,JL. TAMAN PALEM MUTIARA,,,Not_Found
JAKARTA BARAT,CENGKARENG,JL. TAMAN PALEM LESTARI,Cengkareng Barat,11820.0,OSM_Success
JAKARTA BARAT,CENGKARENG,JL. UTAMA II,Duri Kosambi,15211.0,OSM_Success
JAKARTA BARAT,CENGKARENG,JL. RAYA PONDOK RANDU,,,Not_Found
JAKARTA BARAT,CENGKARENG,JL. SUMUR BOR,Kalideres,11840.0,OSM_Success
JAKARTA BARAT,CENGKARENG,JL. CENDRAWASIFI,,,Not_Found
JAKARTA BARAT,CENGKARENG,JL. KRESEK RAYA,Duri Kosambi,15211.0,OSM_Success
JAKARTA BARAT,CENGKARENG,JL. RAWA BUAYA,Rawa Buaya,,OSM_Success
JAKARTA BARAT,CENGKARENG,JL. JEMBATAN BARU,,,Not_Found
JAKARTA BARAT,CENGKARENG,JL. RAYA KOSAMBI BARU,Duri Kosambi,15211.0,OSM_Success
JAKARTA BARAT,CENGKARENG,JL. KOSAMBI BARU,Duri Kosambi,15211.0,OSM_Success
JAKARTA BARAT,CENGKARENG,JL. PONDOK RANDU,Duri Kosambi,11750.0,OSM_Success
JAKARTA BARAT,CENGKARENG,JL. TAMAN KOTA,Kedaung Kali Angke,11710.0,OSM_Success
JAKARTA BARAT,CENGKARENG,JL. PASAR CENGKARENG,Kapuk,11720.0,OSM_Success
JAKARTA BARAT,CENGKARENG,JL. KOMP. CASA JARDIN,,,Not_Found
JAKARTA BARAT,CENGKARENG,JL. BUMI CENGKARENG INDAH,,,Not_Found
JAKARTA BARAT,CENGKARENG,JL. POOL PPD,Kedaung Kali Angke,11710.0,OSM_Success
JAKARTA BARAT,CENGKARENG,JL. KAPUK PULO,Kedaung Kali Angke,11720.0,OSM_Success
JAKARTA BARAT,CENGKARENG,JL. MELATI RAYA,Cengkareng Barat,11840.0,OSM_Success
JAKARTA BARAT,CENGKARENG,JL. KAYU BESAR DALAM,,,Not_Found
JAKARTA BARAT,CENGKARENG,JL. FLAMBOYAN,Duri Kosambi,15211.0,OSM_Success
JAKARTA BARAT,CENGKARENG,JL. NUSA INDAH,Cengkareng,11740.0,OSM_Success
JAKARTA BARAT,CENGKARENG,JL. KOSAMBI BARAT,Duri Kosambi,15211.0,OSM_Success
JAKARTA BARAT,CENGKARENG,JL. BERINGIN,Cengkareng Barat,11840.0,OSM_Success
JAKARTA BARAT,CENGKARENG,JL. BERINGIN II,Cengkareng Barat,11840.0,OSM_Success
JAKARTA BARAT,CENGKARENG,JL. BERINGIN III,Cengkareng,11840.0,OSM_Success
JAKARTA BARAT,CENGKARENG,JL. BERINGIN IV,Cengkareng Barat,11840.0,OSM_Success
JAKARTA BARAT,CENGKARENG,JL. DURIAN,Rawa Buaya,11740.0,OSM_Success
JAKARTA BARAT,CENGKARENG,JL. DURIAN II,Rawa Buaya,11740.0,OSM_Success
JAKARTA BARAT,CENGKARENG,JL. DURIAN III,Rawa Buaya,11740.0,OSM_Success
JAKARTA BARAT,CENGKARENG,JL. DURIAN IV,Cengkareng,11740.0,OSM_Success
JAKARTA BARAT,CENGKARENG,JL. DURIAN V,Rawa Buaya,11740.0,OSM_Success
JAKARTA BARAT,CENGKARENG,JL. INTAN,Cengkareng,11720.0,OSM_Success
JAKARTA BARAT,CENGKARENG,JL. KEDELAI RAYA,Rawa Buaya,11740.0,OSM_Success
JAKARTA BARAT,CENGKARENG,JL. TERATAI,Cengkareng Barat,11840.0,OSM_Success
JAKARTA BARAT,CENGKARENG,JL. BOJONG RAYA,Rawa Buaya,11740.0,OSM_Success
JAKARTA BARAT,CENGKARENG,JL. BANGUN NUSA,Cengkareng,11739.0,OSM_Success
JAKARTA BARAT,CENGKARENG,JL. CABE RAWIT,Rawa Buaya,11740.0,OSM_Success
JAKARTA BARAT,CENGKARENG,JL. CABE RAWIT II,Rawa Buaya,11740.0,Imputed_Success
JAKARTA BARAT,CENGKARENG,JL. CABE RAWIT III,Rawa Buaya,11740.0,Imputed_Success
JAKARTA BARAT,CENGKARENG,JL. CABE RAWIT IV,Rawa Buaya,11740.0,Imputed_Success
JAKARTA BARAT,CENGKARENG,JL. ANGGREK,Duri Kosambi,11750.0,OSM_Success
JAKARTA BARAT,CENGKARENG,JL. PAKIS RAYA,Rawa Buaya,11740.0,OSM_Success
JAKARTA BARAT,CENGKARENG,JL. NIRMALA,Cengkareng Barat,11840.0,OSM_Success
JAKARTA BARAT,CENGKARENG,JL. SAKURA,Cengkareng Barat,11840.0,OSM_Success
JAKARTA BARAT,CENGKARENG,JL. CEMARA,Duri Kosambi,15211.0,OSM_Success
JAKARTA BARAT,CENGKARENG,JL. KOSAMBI TIMUR,Duri Kosambi,11750.0,OSM_Success
JAKARTA BARAT,CENGKARENG,JL. MANGGIS RAYA,Rawa Buaya,11740.0,OSM_Success
JAKARTA BARAT,CENGKARENG,JL. PEDONGKELAN,Kapuk,11720.0,OSM_Success
JAKARTA BARAT,CENGKARENG,JL. PESING POGLAR,Kapuk,11710.0,OSM_Success
JAKARTA BARAT,CENGKARENG,JL. PETERNAKAN,Kapuk,11710.0,OSM_Success
JAKARTA BARAT,CENGKARENG,JL. FAJAR BARU,Cengkareng Timur,11730.0,OSM_Success
JAKARTA BARAT,CENGKARENG,JL. KOMP. DEPAG,,,Not_Found
JAKARTA BARAT,CENGKARENG,JL. JAGUNG RAYA,Rawa Buaya,11740.0,OSM_Success
JAKARTA BARAT,CENGKARENG,JL. AKIK,Kedaung Kali Angke,11720.0,OSM_Success
JAKARTA BARAT,CENGKARENG,JL. BADAR,Kedaung Kali Angke,11720.0,OSM_Success
JAKARTA BARAT,CENGKARENG,JL. BAMBU BETUNG,Rawa Buaya,11740.0,OSM_Success
JAKARTA BARAT,CENGKARENG,JL. BAMBU BETUNG II,Rawa Buaya,11740.0,Imputed_Success
JAKARTA BARAT,CENGKARENG,JL. BAMBU BETUNG III,Rawa Buaya,11740.0,Imputed_Success
JAKARTA BARAT,CENGKARENG,JL. BAMBU BETUNG IV,Rawa Buaya,11740.0,Imputed_Success
JAKARTA BARAT,CENGKARENG,JL. BAMBU BETUNG V,Rawa Buaya,11740.0,Imputed_Success
JAKARTA BARAT,CENGKARENG,JL. BAMBU BETUNG VI,Rawa Buaya,11740.0,Imputed_Success
JAKARTA BARAT,CENGKARENG,JL. BAMBU BETUNG VII,Rawa Buaya,11740.0,Imputed_Success
JAKARTA BARAT,CENGKARENG,JL. BAMBU TALI,Rawa Buaya,11740.0,OSM_Success
JAKARTA BARAT,CENGKARENG,JL. BAMBU WULUNG,Rawa Buaya,11740.0,OSM_Success
JAKARTA BARAT,CENGKARENG,JL. DHARMA PRATAMA,Cengkareng,11850.0,OSM_Success
JAKARTA BARAT,CENGKARENG,JL. KEBON JAHE,Kapuk,11720.0,OSM_Success
JAKARTA BARAT,CENGKARENG,JL. SEROJA,Cengkareng Barat,11840.0,OSM_Success
JAKARTA BARAT,CENGKARENG,JL. CENGKARENG BARAT,Cengkareng Barat,,OSM_Success
JAKARTA BARAT,CENGKARENG,JL. CENGKARENG TIMUR,Cengkareng Timur,,OSM_Success
JAKARTA BARAT,CENGKARENG,JL. CENGKARENG,Cengkareng Timur,,OSM_Success
JAKARTA BARAT,CENGKARENG,JL. KOMP. APARTEMEN GREEN PARK VIEW,,,Not_Found
JAKARTA BARAT,CENGKARENG,JL. KOMP. DUTA INDAH KARYA,,,Not_Found
JAKARTA BARAT,CENGKARENG,JL. KOMP. DAAN MOGOT PRIMA,,,Not_Found
JAKARTA BARAT,CENGKARENG,JL. KOMP. GREEN LAKE RESIDENCE,,,Not_Found
JAKARTA BARAT,CENGKARENG,JL. KOMP. GREEN PALM,,,Not_Found
JAKARTA BARAT,KALIDERES,JL. TOL SEDYATMO,Kamal,11810.0,OSM_Success
JAKARTA BARAT,KALIDERES,JL. PETA SELATAN,Kalideres,11840.0,OSM_Success
JAKARTA BARAT,KALIDERES,JL. TAMPAK SIRING,Kalideres,11840.0,OSM_Success
JAKARTA BARAT,KALIDERES,JL. TANAH LOT,Kalideres,11840.0,OSM_Success
JAKARTA BARAT,KALIDERES,JL. GILIMANUK,Kalideres,11840.0,OSM_Success
JAKARTA BARAT,KALIDERES,JL. JIMBARAN,Kalideres,11840.0,OSM_Success
JAKARTA BARAT,KALIDERES,JL. BEDUGUL,Kalideres,11840.0,OSM_Success
JAKARTA BARAT,KALIDERES,JL. CITRA 1,Kalideres,15122.0,OSM_Success
JAKARTA BARAT,KALIDERES,JL. UTAN JATI,Kalideres,11840.0,OSM_Success
JAKARTA BARAT,KALIDERES,JL. TAMPAK SIRING BARAT,Kalideres,11840.0,OSM_Success
JAKARTA BARAT,KALIDERES,JL. CITRA 7,Kalideres,11830.0,OSM_Success
JAKARTA BARAT,KALIDERES,JL. CITRA 2,Pegadungan,11830.0,OSM_Success
JAKARTA BARAT,KALIDERES,JL. PETA UTARA,Pegadungan,11830.0,OSM_Success
JAKARTA BARAT,KALIDERES,JL. GARDENA UTAMA,Pegadungan,11830.0,OSM_Success
JAKARTA BARAT,KALIDERES,JL. CITRA 2 EXT,,,Not_Found
JAKARTA BARAT,KALIDERES,JL. CITRA 5,Kalideres,11810.0,OSM_Success
JAKARTA BARAT,KALIDERES,JL. CITRA 3,Kalideres,15122.0,Imputed_Success
JAKARTA BARAT,KALIDERES,JL. CITRA 6,Tegal Alur,11820.0,OSM_Success
JAKARTA BARAT,KALIDERES,JL. MENCENG RAYA,Tegal Alur,11820.0,OSM_Success
JAKARTA BARAT,KALIDERES,JL. KAMAL MUARA,Kamal Muara,14470.0,OSM_Success
JAKARTA BARAT,KALIDERES,JL. PETA BARAT,Kalideres,11830.0,OSM_Success
JAKARTA BARAT,KALIDERES,JL. KOMP. CITRA GARDEN,,,Not_Found
JAKARTA BARAT,KALIDERES,JL. KAMAL TEGAL ALUR,Tegal Alur,11810.0,OSM_Success
JAKARTA BARAT,KALIDERES,JL. SEMANAN RAYA,Kalideres,11850.0,OSM_Success
JAKARTA BARAT,KALIDERES,JL. DHARMA,Semanan,11850.0,OSM_Success
JAKARTA BARAT,KALIDERES,JL. SMA 94,Semanan,11850.0,OSM_Success
JAKARTA BARAT,KALIDERES,JL. GAGA UTAMA,Semanan,15122.0,OSM_Success
JAKARTA BARAT,KALIDERES,JL. PANGKALAN KRAMAT,,,Not_Found
JAKARTA BARAT,KALIDERES,JL. MOHAMMAD ASINIE,,,Not_Found
JAKARTA BARAT,KALIDERES,JL. WARUNG GANTUNG,Kalideres,15122.0,OSM_Success
JAKARTA BARAT,KALIDERES,JL. BENDA RAWA LELE,,,Not_Found
JAKARTA BARAT,KALIDERES,JL. BAMBU LARANGAN,Pegadungan,11840.0,OSM_Success
JAKARTA BARAT,KALIDERES,JL. TAMAN SURYA,Pegadungan,11820.0,OSM_Success
JAKARTA BARAT,KALIDERES,JL. DUA PULUH DESEMBER,,,Not_Found
JAKARTA BARAT,KALIDERES,JL. 22 DESEMBER,Pegadungan,11830.0,OSM_Success
JAKARTA BARAT,KALIDERES,JL. SATU MARET,Pegadungan,11830.0,OSM_Success
JAKARTA BARAT,KALIDERES,JL. TANJUNG PURA,Pegadungan,11830.0,OSM_Success
JAKARTA BARAT,KALIDERES,JL. PREPEDAN,Tegal Alur,11810.0,OSM_Success
JAKARTA BARAT,KALIDERES,JL. BENDA RAYA,Kamal,11810.0,OSM_Success
JAKARTA BARAT,KALIDERES,JL. KALI DERES RAYA,,,Not_Found
JAKARTA BARAT,KALIDERES,JL. PETA TIMUR,,,Not_Found
JAKARTA BARAT,KALIDERES,JL. LINGKUNGAN,Tegal Alur,11810.0,OSM_Success
JAKARTA BARAT,KALIDERES,JL. KAMAL BENDA,Tegal Alur,11810.0,OSM_Success
JAKARTA BARAT,KALIDERES,JL. RUKO PELANGI TAMAN PALEM,,,Not_Found
JAKARTA BARAT,KALIDERES,JL. SEBELAS MARET,,,Not_Found
JAKARTA BARAT,KALIDERES,JL. SUMUR BOR,Kalideres,11840.0,OSM_Success
JAKARTA BARAT,KALIDERES,JL. ALBASIAH,,,Not_Found
JAKARTA BARAT,KALIDERES,JL. AMD KALIDERES,,,Not_Found
JAKARTA BARAT,KALIDERES,JL. KEBON KELAPA,Kamal,11810.0,OSM_Success
JAKARTA BARAT,KALIDERES,JL. KEBON 200,Kamal,11810.0,OSM_Success
JAKARTA BARAT,KALIDERES,JL. SAHABAT,Kamal,11810.0,OSM_Success
JAKARTA BARAT,KALIDERES,JL. RAWA KOMPENI,Kamal,11810.0,OSM_Success
JAKARTA BARAT,KALIDERES,JL. KEBON MEDE,Kamal,11810.0,OSM_Success
JAKARTA BARAT,KALIDERES,JL. DAAN MOGOT,Semanan,,OSM_Success
JAKARTA BARAT,KALIDERES,JL. KAMAL RAYA,Kamal,11810.0,OSM_Success
JAKARTA BARAT,KALIDERES,JL. KEMUNING,Pegadungan,11840.0,OSM_Success
JAKARTA BARAT,KALIDERES,JL. TAMAN PALEM LESTARI,Tegal Alur,11820.0,OSM_Success
JAKARTA BARAT,KALIDERES,JL. KOMP. RUKO DAAN MOGOT,,,Not_Found
JAKARTA BARAT,KALIDERES,JL. CITRA 8,Pegadungan,,OSM_Success
JAKARTA BARAT,KALIDERES,JL. HUSEIN SASTRANEGARA,Kamal,15125.0,OSM_Success
JAKARTA BARAT,GROGOL PETAMBURAN,JL. PROF. DR. LATUMENTEN,,,Not_Found
JAKARTA BARAT,GROGOL PETAMBURAN,JL. LETJEN S. PARMAN,,,Not_Found
JAKARTA BARAT,GROGOL PETAMBURAN,JL. TOL JAKARTA-TANGERANG,,,Not_Found
JAKARTA BARAT,GROGOL PETAMBURAN,JL. SATRIA,Jelambar,11450.0,OSM_Success
JAKARTA BARAT,GROGOL PETAMBURAN,JL. TOMANG RAYA,Tomang,11440.0,OSM_Success
JAKARTA BARAT,GROGOL PETAMBURAN,JL. DAAN MOGOT RAYA,,,Not_Found
JAKARTA BARAT,GROGOL PETAMBURAN,JL. ARJUNA RAYA,,,Not_Found
JAKARTA BARAT,GROGOL PETAMBURAN,JL. KYAI TAPA,Tomang,11450.0,OSM_Success
JAKARTA BARAT,GROGOL PETAMBURAN,JL. TANJUNG DUREN UTARA,Tanjung Duren Utara,11470.0,OSM_Success
JAKARTA BARAT,GROGOL PETAMBURAN,JL. TANJUNG DUREN TIMUR II,,,Not_Found
JAKARTA BARAT,GROGOL PETAMBURAN,JL. SALAK MASIR,,,Not_Found
JAKARTA BARAT,GROGOL PETAMBURAN,JL. PANGERAN TUBAGUS ANGKE,Grogol Petamburan,11710.0,OSM_Success
JAKARTA BARAT,GROGOL PETAMBURAN,JL. JELAMBAR BARU,Jelambar Baru,11465.0,OSM_Success
JAKARTA BARAT,GROGOL PETAMBURAN,JL. TANJUNG DUREN RAYA,Tanjung Duren Utara,11470.0,OSM_Success
JAKARTA BARAT,GROGOL PETAMBURAN,JL. GELONG BARU,Tomang,11440.0,OSM_Success
JAKARTA BARAT,GROGOL PETAMBURAN,JL. TOMANG TINGGI,Tomang,11440.0,OSM_Success
JAKARTA BARAT,GROGOL PETAMBURAN,JL. GELONG BARU UTARA,,,Not_Found
JAKARTA BARAT,GROGOL PETAMBURAN,JL. MANDALA,Tomang,11440.0,OSM_Success
JAKARTA BARAT,GROGOL PETAMBURAN,JL. SUSILO RAYA,Grogol,11450.0,OSM_Success
JAKARTA BARAT,GROGOL PETAMBURAN,JL. DR. SUSILO,,,Not_Found
JAKARTA BARAT,GROGOL PETAMBURAN,JL. DR. SUSILO II,,,Not_Found
JAKARTA BARAT,GROGOL PETAMBURAN,JL. DR. SUSILO III,,,Not_Found
JAKARTA BARAT,GROGOL PETAMBURAN,JL. DR. SUSILO IV,,,Not_Found
JAKARTA BARAT,GROGOL PETAMBURAN,JL. DR. MUWARDI,,,Not_Found
JAKARTA BARAT,GROGOL PETAMBURAN,JL. DR. MUWARDI,,,Not_Found
JAKARTA BARAT,GROGOL PETAMBURAN,JL. DR. MUWARDI II,,,Not_Found
JAKARTA BARAT,GROGOL PETAMBURAN,JL. DR. MUWARDI III,,,Not_Found
JAKARTA BARAT,GROGOL PETAMBURAN,JL. DR. MAKALIWE,,,Not_Found
JAKARTA BARAT,GROGOL PETAMBURAN,JL. EMPANG BAHAGIA,Jelambar,11465.0,OSM_Success
JAKARTA BARAT,GROGOL PETAMBURAN,JL. GROGOL PERMAI,,,Not_Found
JAKARTA BARAT,GROGOL PETAMBURAN,JL. TANJUNG DUREN BARAT,Tanjung Duren Utara,11470.0,OSM_Success
JAKARTA BARAT,GROGOL PETAMBURAN,JL. TANJUNG DUREN UTARA IV,Tanjung Duren Utara,11470.0,Imputed_Success
JAKARTA BARAT,GROGOL PETAMBURAN,JL. TANJUNG DUREN BARAT,Tanjung Duren Utara,11470.0,OSM_Success
JAKARTA BARAT,GROGOL PETAMBURAN,JL. TANJUNG DUREN BARAT IV,Tanjung Duren Utara,11470.0,Imputed_Success
JAKARTA BARAT,GROGOL PETAMBURAN,JL. MUWARDI RAYA,Grogol,11450.0,OSM_Success
JAKARTA BARAT,GROGOL PETAMBURAN,JL. TANJUNG DUREN BARAT VI,Tanjung Duren Utara,11470.0,Imputed_Success
JAKARTA BARAT,GROGOL PETAMBURAN,JL. MUWARDI IV,,,Not_Found
JAKARTA BARAT,GROGOL PETAMBURAN,JL. JELAMBAR UTAMA,Jelambar Baru,11465.0,OSM_Success
JAKARTA BARAT,GROGOL PETAMBURAN,JL. TAMAN DUTA MAS,Grogol Petamburan,,OSM_Success
JAKARTA BARAT,GROGOL PETAMBURAN,JL. TAWAKAL RAYA,Tomang,11450.0,OSM_Success
JAKARTA BARAT,GROGOL PETAMBURAN,JL. TOMANG UTARA,Tomang,11440.0,OSM_Success
JAKARTA BARAT,GROGOL PETAMBURAN,JL. TOMANG UTARA,Tomang,11440.0,OSM_Success
JAKARTA BARAT,GROGOL PETAMBURAN,JL. TOMANG RAWA KEPA RAYA,,,Not_Found
JAKARTA BARAT,GROGOL PETAMBURAN,JL. PULO MACAN,Tomang,11440.0,OSM_Success
JAKARTA BARAT,GROGOL PETAMBURAN,JL. SEMERU,Grogol Petamburan,11465.0,OSM_Success
JAKARTA BARAT,GROGOL PETAMBURAN,JL. NURDIN,Grogol,11450.0,OSM_Success
JAKARTA BARAT,GROGOL PETAMBURAN,JL. HADIAH,Jelambar,11460.0,OSM_Success
JAKARTA BARAT,GROGOL PETAMBURAN,JL. DAAN MOGOT,Tanjung Duren Utara,11470.0,OSM_Success
JAKARTA BARAT,GROGOL PETAMBURAN,JL. JELAMBAR KAV. POLRI,,,Not_Found
JAKARTA BARAT,GROGOL PETAMBURAN,JL. JELAMBAR UTAMA SAKTI,,,Not_Found
JAKARTA BARAT,GROGOL PETAMBURAN,JL. SWADAYA RAYA,Grogol Petamburan,11460.0,OSM_Success
JAKARTA BARAT,GROGOL PETAMBURAN,JL. KARYA,Grogol Petamburan,11460.0,OSM_Success
JAKARTA BARAT,GROGOL PETAMBURAN,JL. MANDALA UTARA,Tomang,11440.0,OSM_Success
JAKARTA BARAT,GROGOL PETAMBURAN,JL. JELAMBAR BARAT,Jelambar,11460.0,OSM_Success
JAKARTA BARAT,GROGOL PETAMBURAN,JL. JELAMBAR ILIR,Jelambar Baru,11330.0,OSM_Success
JAKARTA BARAT,GROGOL PETAMBURAN,JL. JELAMBAR JAYA,Jelambar Baru,11465.0,OSM_Success
JAKARTA BARAT,GROGOL PETAMBURAN,JL. TAMAN HARAPAN INDAH,,,Not_Found
JAKARTA BARAT,GROGOL PETAMBURAN,JL. TANJUNG DUREN BARAT III,Tanjung Duren Utara,11470.0,Imputed_Success
JAKARTA BARAT,GROGOL PETAMBURAN,JL. TAMAN DAAN MOGOT,Tanjung Duren Utara,11470.0,OSM_Success
JAKARTA BARAT,GROGOL PETAMBURAN,JL. TANJUNG DUREN TIMUR,,,Not_Found
JAKARTA BARAT,GROGOL PETAMBURAN,JL. TANJUNG DUREN SELATAN,Grogol Petamburan,11430.0,OSM_Success
JAKARTA BARAT,GROGOL PETAMBURAN,JL. TOMANG UTARA II,Tomang,11440.0,Imputed_Success
JAKARTA BARAT,GROGOL PETAMBURAN,JL. TOMANG UTARA III,Tomang,11440.0,Imputed_Success
JAKARTA BARAT,GROGOL PETAMBURAN,JL. TOMANG UTARA IV,Tomang,11440.0,Imputed_Success
JAKARTA BARAT,GROGOL PETAMBURAN,JL. TOMANG BANJIR KANAL,,,Not_Found
JAKARTA BARAT,GROGOL PETAMBURAN,JL. RAWA KEPA,Grogol Petamburan,11440.0,OSM_Success
JAKARTA BARAT,GROGOL PETAMBURAN,JL. GELONG BARU BARAT,,,Not_Found
JAKARTA BARAT,GROGOL PETAMBURAN,JL. GELONG BARU BARAT II,,,Not_Found
JAKARTA BARAT,GROGOL PETAMBURAN,JL. GELONG BARU BARAT III,,,Not_Found
JAKARTA BARAT,GROGOL PETAMBURAN,JL. GELONG BARU BARAT IV,,,Not_Found
JAKARTA BARAT,GROGOL PETAMBURAN,JL. GELONG BARU BARAT V,,,Not_Found
JAKARTA BARAT,GROGOL PETAMBURAN,JL. GELONG BARU BARAT VI,,,Not_Found
JAKARTA BARAT,GROGOL PETAMBURAN,JL. GELONG BARU BARAT VII,,,Not_Found
JAKARTA BARAT,GROGOL PETAMBURAN,JL. GELONG BARU BARAT VIII,,,Not_Found
JAKARTA BARAT,GROGOL PETAMBURAN,JL. GELONG BARU BARAT IX,,,Not_Found
JAKARTA BARAT,GROGOL PETAMBURAN,JL. WIJAYA KUSUMA,Grogol Petamburan,11460.0,OSM_Success
JAKARTA BARAT,GROGOL PETAMBURAN,JL. KOMP. RASA SAYANG,,,Not_Found
JAKARTA BARAT,GROGOL PETAMBURAN,JL. JELAMBAR UTARA,Jelambar Baru,11330.0,OSM_Success
JAKARTA BARAT,GROGOL PETAMBURAN,JL. TANJUNG DUREN BARAT II,Tanjung Duren Utara,11470.0,Imputed_Success
JAKARTA BARAT,GROGOL PETAMBURAN,JL. TANJUNG DUREN BARAT V,Tanjung Duren Utara,11470.0,Imputed_Success
JAKARTA BARAT,GROGOL PETAMBURAN,JL. TANJUNG DUREN UTARA,Tanjung Duren Utara,11470.0,OSM_Success
JAKARTA BARAT,GROGOL PETAMBURAN,JL. TANJUNG DUREN UTARA II,Tanjung Duren Utara,11470.0,Imputed_Success
JAKARTA BARAT,GROGOL PETAMBURAN,JL. TANJUNG DUREN UTARA III,Tanjung Duren Utara,11470.0,Imputed_Success
JAKARTA BARAT,GROGOL PETAMBURAN,JL. TANJUNG DUREN UTARA V,Tanjung Duren Utara,11470.0,Imputed_Success
JAKARTA BARAT,GROGOL PETAMBURAN,JL. TANJUNG DUREN UTARA VI,Tanjung Duren Utara,11470.0,Imputed_Success
JAKARTA BARAT,GROGOL PETAMBURAN,JL. TANJUNG DUREN UTARA VII,Tanjung Duren Utara,11470.0,Imputed_Success
JAKARTA BARAT,GROGOL PETAMBURAN,JL. TANJUNG DUREN UTARA VIII,Tanjung Duren Utara,11470.0,Imputed_Success
JAKARTA BARAT,GROGOL PETAMBURAN,JL. TANJUNG DUREN UTARA IX,Tanjung Duren Utara,11470.0,Imputed_Success
JAKARTA BARAT,GROGOL PETAMBURAN,JL. TANJUNG DUREN TIMUR,,,Not_Found
JAKARTA BARAT,GROGOL PETAMBURAN,JL. TANJUNG DUREN TIMUR III,,,Not_Found
JAKARTA BARAT,GROGOL PETAMBURAN,JL. TANJUNG DUREN TIMUR IV,,,Not_Found
JAKARTA BARAT,GROGOL PETAMBURAN,JL. KOMP. TAMAN HARAPAN INDAH,,,Not_Found
JAKARTA BARAT,GROGOL PETAMBURAN,JL. KOMP. DUTA MAS,,,Not_Found
JAKARTA BARAT,GROGOL PETAMBURAN,JL. TANJUNG DUREN VI,,,Not_Found
JAKARTA BARAT,GROGOL PETAMBURAN,JL. ARANDA,,,Not_Found
JAKARTA BARAT,GROGOL PETAMBURAN,JL. HADIAH UJUNG,,,Not_Found
JAKARTA BARAT,GROGOL PETAMBURAN,JL. SENI BUDAYA RAYA,,,Not_Found
JAKARTA BARAT,GROGOL PETAMBURAN,JL. JELAMBAR BARAT III,Jelambar,11460.0,Imputed_Success
JAKARTA BARAT,GROGOL PETAMBURAN,JL. RAWA BAHAGIA,Grogol,11450.0,OSM_Success
JAKARTA BARAT,GROGOL PETAMBURAN,JL. INDRALOKA RAYA,Grogol Petamburan,11460.0,OSM_Success
JAKARTA BARAT,GROGOL PETAMBURAN,KO. GRAWISA,,,Not_Found
JAKARTA BARAT,GROGOL PETAMBURAN,JL. JELAMBAR BARAT II,Jelambar,11460.0,Imputed_Success
JAKARTA BARAT,GROGOL PETAMBURAN,JL. MAKALIWE,Grogol,11450.0,OSM_Success
JAKARTA BARAT,GROGOL PETAMBURAN,JL. KALI SEKRETARIS UTARA,Tanjung Duren Utara,11460.0,OSM_Success
JAKARTA BARAT,GROGOL PETAMBURAN,JL. TANJUNG DUREN UTARA X,Tanjung Duren Utara,11470.0,Imputed_Success
JAKARTA BARAT,GROGOL PETAMBURAN,JL. TANJUNG DUREN UTARA XI,Tanjung Duren Utara,11470.0,Imputed_Success
JAKARTA BARAT,GROGOL PETAMBURAN,JL. LONTAR RAYA,Tanjung Duren Utara,11430.0,OSM_Success
JAKARTA BARAT,GROGOL PETAMBURAN,JL. MEDITERANIA GARDEN,Grogol Petamburan,,OSM_Success
JAKARTA BARAT,GROGOL PETAMBURAN,JL. WAY BESAI,,,Not_Found
JAKARTA BARAT,GROGOL PETAMBURAN,JL. TANJUNG DUREN RAYA LAMA,,,Not_Found
JAKARTA BARAT,GROGOL PETAMBURAN,JL. TANJUNG DUREN TIMUR VI,,,Not_Found
JAKARTA BARAT,GROGOL PETAMBURAN,JL. SEKRETARIS,Tanjung Duren Utara,11470.0,OSM_Success
JAKARTA BARAT,GROGOL PETAMBURAN,JL. DELIMA RAYA,Tanjung Duren Selatan,11470.0,OSM_Success
JAKARTA BARAT,PALMERAH,JL. LETJEN S. PARMAN,,,Not_Found
JAKARTA BARAT,PALMERAH,JL. ARJUNA SELATAN,Kemanggisan,11420.0,OSM_Success
JAKARTA BARAT,PALMERAH,JL. TOMANG RAYA,Jati Pulo,11440.0,OSM_Success
JAKARTA BARAT,PALMERAH,JL. BATU SARI / KEBON JERUK RAYA,,,Not_Found
JAKARTA BARAT,PALMERAH,JL. BATU SARI 4,,,Not_Found
JAKARTA BARAT,PALMERAH,JL. BRIGJEN KATAMS0,,,Not_Found
JAKARTA BARAT,PALMERAH,JL. BUDI RAYA KEMANGGISAN,,,Not_Found
JAKARTA BARAT,PALMERAH,JL. KEMANGGISAN UTAMA RAYA,,,Not_Found
JAKARTA BARAT,PALMERAH,JL. KS TUBUN,Palmerah,10260.0,OSM_Success
JAKARTA BARAT,PALMERAH,JL. PALMERAH BARAT,Kemanggisan,11480.0,OSM_Success
JAKARTA BARAT,PALMERAH,JL. PALMERAH UTARA,Palmerah,11480.0,OSM_Success
JAKARTA BARAT,PALMERAH,JL. RAWA BELONG,Palmerah,11480.0,OSM_Success
JAKARTA BARAT,PALMERAH,JL. KAMBOJA,Kota Bambu Utara,11420.0,OSM_Success
JAKARTA BARAT,PALMERAH,JL. KEMANGGISAN,Kemanggisan,11480.0,OSM_Success
JAKARTA BARAT,PALMERAH,JL. KEMANGGISAN ILIR,Palmerah,11480.0,OSM_Success
JAKARTA BARAT,PALMERAH,JL. KH. SYAHDAN,Palmerah,11480.0,OSM_Success
JAKARTA BARAT,PALMERAH,JL. KH. TAISIR,,,Not_Found
JAKARTA BARAT,PALMERAH,JL. PALMA,Jati Pulo,11440.0,OSM_Success
JAKARTA BARAT,PALMERAH,JL. PONDOK BANDUNG,Kota Bambu Utara,10160.0,OSM_Success
JAKARTA BARAT,PALMERAH,JL. TOMANG ASLI,Jati Pulo,11440.0,OSM_Success
JAKARTA BARAT,PALMERAH,JL. KEMANDORAN RAYA,Grogol Utara,12210.0,OSM_Success
JAKARTA BARAT,PALMERAH,JL. KEMANGGISAN UTARA,,,Not_Found
JAKARTA BARAT,PALMERAH,JL. KOTA BAMBU RAYA,Kota Bambu Utara,11420.0,OSM_Success
JAKARTA BARAT,PALMERAH,JL. ANGGREK ROSLIANA,Kemanggisan,11480.0,OSM_Success
JAKARTA BARAT,PALMERAH,JL. ANGGREK ROSLIANA VII,Kemanggisan,11480.0,OSM_Success
JAKARTA BARAT,PALMERAH,JL. BIDARA RAYA,Jati Pulo,11440.0,OSM_Success
JAKARTA BARAT,PALMERAH,JL. CEMPAKA,Kota Bambu Utara,11420.0,OSM_Success
JAKARTA BARAT,PALMERAH,JL. DAHLIA,Jati Pulo,11420.0,OSM_Success
JAKARTA BARAT,PALMERAH,JL. DELIMA,Jati Pulo,11440.0,OSM_Success
JAKARTA BARAT,PALMERAH,JL. INSPEKSI KALI KEMANGGISAN,,,Not_Found
JAKARTA BARAT,PALMERAH,JL. INSPEKSI KALI PALMERAH,,,Not_Found
JAKARTA BARAT,PALMERAH,JL. KEMANGGISAN ILIR,Palmerah,11480.0,OSM_Success
JAKARTA BARAT,PALMERAH,JL. KEMANGGISAN ILIR II,Palmerah,11480.0,Imputed_Success
JAKARTA BARAT,PALMERAH,JL. KEMANGGISAN ILIR III,Palmerah,11480.0,Imputed_Success
JAKARTA BARAT,PALMERAH,JL. KEMANGGISAN ILIR IV,Palmerah,11480.0,Imputed_Success
JAKARTA BARAT,PALMERAH,JL. KEMANGGISAN ILIR IX,Palmerah,11480.0,Imputed_Success
JAKARTA BARAT,PALMERAH,JL. KEMANGGISAN ILIR V,Palmerah,11480.0,Imputed_Success
JAKARTA BARAT,PALMERAH,JL. KEMANGGISAN ILIR VI,Palmerah,11480.0,Imputed_Success
JAKARTA BARAT,PALMERAH,JL. KEMANGGISAN ILIR VII,Palmerah,11480.0,Imputed_Success
JAKARTA BARAT,PALMERAH,JL. KEMANGGISAN ILIR VIII,Palmerah,11480.0,Imputed_Success
JAKARTA BARAT,PALMERAH,JL. KEMANGGISAN RAYA / PALMERAH,Kemanggisan,11480.0,OSM_Success
JAKARTA BARAT,PALMERAH,JL. KOTA BAMBU SELATAN,Kota Bambu Selatan,,OSM_Success
JAKARTA BARAT,PALMERAH,JL. KOTA BAMBU SELATAN IV,Kota Bambu Selatan,,Imputed_Success
JAKARTA BARAT,PALMERAH,JL. KOTA BAMBU SELATAN V,Kota Bambu Selatan,,Imputed_Success
JAKARTA BARAT,PALMERAH,JL. KOTA BAMBU UTARA,Kota Bambu Utara,,OSM_Success
JAKARTA BARAT,PALMERAH,JL. KS TUBUN II DALAM,,,Not_Found
JAKARTA BARAT,PALMERAH,JL. KS TUBUN III DALAM,,,Not_Found
JAKARTA BARAT,PALMERAH,JL. PALMERAH BARAT,Kemanggisan,11480.0,OSM_Success
JAKARTA BARAT,PALMERAH,JL. PALMERAH BARAT II,Kemanggisan,11480.0,Imputed_Success
JAKARTA BARAT,PALMERAH,JL. PALMERAH BARAT III,Kemanggisan,11480.0,Imputed_Success
JAKARTA BARAT,PALMERAH,JL. PALMERAH BARAT IV,Kemanggisan,11480.0,Imputed_Success
JAKARTA BARAT,PALMERAH,JL. RASAMALA,Palmerah,11440.0,OSM_Success
JAKARTA BARAT,PALMERAH,JL. SAKTI,Kemanggisan,11430.0,OSM_Success
JAKARTA BARAT,PALMERAH,JL. SATYA RAYA,,,Not_Found
JAKARTA BARAT,PALMERAH,JL. SEMANGKA,Jati Pulo,10160.0,OSM_Success
JAKARTA BARAT,PALMERAH,JL. U. PALMERAH,Palmerah,11540.0,OSM_Success
JAKARTA BARAT,PALMERAH,JL. ANGGREK CENDRAWASIH,Kemanggisan,11480.0,OSM_Success
JAKARTA BARAT,PALMERAH,JL. ANGGREK GARUDA,Kemanggisan,10260.0,OSM_Success
JAKARTA BARAT,PALMERAH,JL. ANGGREK NELI MURNI,Kemanggisan,11480.0,OSM_Success
JAKARTA BARAT,PALMERAH,JL. HARLAND,,,Not_Found
JAKARTA BARAT,PALMERAH,JL. PAAL MERAH UTARA,,,Not_Found
JAKARTA BARAT,PALMERAH,JL. PAAL MERAH UTARA II,,,Not_Found
JAKARTA BARAT,PALMERAH,JL. PAAL MERAH UTARA III,,,Not_Found
JAKARTA BARAT,PALMERAH,JL. PAAL MERAH UTARA IV,,,Not_Found
JAKARTA BARAT,PALMERAH,JL. SAKTI,Kemanggisan,11430.0,OSM_Success
JAKARTA BARAT,PALMERAH,JL. SAKTI II,Kemanggisan,11430.0,OSM_Success
JAKARTA BARAT,PALMERAH,JL. SAKTI III,Kemanggisan,11430.0,OSM_Success
JAKARTA BARAT,PALMERAH,JL. SAKTI IV,Kemanggisan,11480.0,OSM_Success
JAKARTA BARAT,PALMERAH,JL. SAKTI V,Kemanggisan,11420.0,OSM_Success
JAKARTA BARAT,PALMERAH,JL. SAKTI VI,Kemanggisan,11430.0,OSM_Success
JAKARTA BARAT,PALMERAH,JL. SAKTI VII,Kemanggisan,11430.0,OSM_Success
JAKARTA BARAT,PALMERAH,JL. SEMANGKA,Jati Pulo,10160.0,OSM_Success
JAKARTA BARAT,PALMERAH,JL. SEMANGKA II,Jati Pulo,11440.0,OSM_Success
JAKARTA BARAT,PALMERAH,JL. SEMANGKA III,Jati Pulo,10160.0,OSM_Success
JAKARTA BARAT,PALMERAH,JL. SEMANGKA IV,Jati Pulo,11440.0,OSM_Success
JAKARTA BARAT,PALMERAH,JL. SEMANGKA V,Jati Pulo,11440.0,OSM_Success
JAKARTA BARAT,PALMERAH,JL. NANGKA,Palmerah,11440.0,OSM_Success
JAKARTA BARAT,PALMERAH,JL. BUNI,Jati Pulo,11440.0,OSM_Success
JAKARTA BARAT,PALMERAH,JL. TOMANG ANCAK,Jati Pulo,11440.0,OSM_Success
JAKARTA BARAT,PALMERAH,JL. WULUH,Palmerah,11260.0,OSM_Success
JAKARTA BARAT,PALMERAH,JL. KATALIA,Kota Bambu Utara,11420.0,OSM_Success
JAKARTA BARAT,PALMERAH,JL. KATALIA II,Kota Bambu Utara,11420.0,OSM_Success
JAKARTA BARAT,PALMERAH,JL. KATALIA III,Kota Bambu Utara,11420.0,OSM_Success
JAKARTA BARAT,PALMERAH,JL. KATALIA IV,Kota Bambu Utara,11420.0,Imputed_Success
JAKARTA BARAT,PALMERAH,JL. KEMANGGISAN UTAMA II,,,Not_Found
JAKARTA BARAT,PALMERAH,JL. KEMANGGISAN UTAMA III,,,Not_Found
JAKARTA BARAT,PALMERAH,JL. KEMANGGISAN UTAMA IV,,,Not_Found
JAKARTA BARAT,PALMERAH,JL. KEMANGGISAN UTAMA V,,,Not_Found
JAKARTA BARAT,PALMERAH,JL. OLAHRAGA,Kemanggisan,11420.0,OSM_Success
JAKARTA BARAT,PALMERAH,JL. OLAHRAGA II,Kemanggisan,11420.0,OSM_Success
JAKARTA BARAT,PALMERAH,JL. OLAHRAGA III,Kemanggisan,11420.0,OSM_Success
JAKARTA BARAT,PALMERAH,JL. OLAHRAGA IV,Kemanggisan,11420.0,OSM_Success
JAKARTA BARAT,PALMERAH,JL. OLAHRAGA V,Kemanggisan,11420.0,OSM_Success
JAKARTA BARAT,PALMERAH,JL. BIMA,Kemanggisan,11430.0,OSM_Success
JAKARTA BARAT,PALMERAH,JL. H DJUNAEDI,,,Not_Found
JAKARTA BARAT,PALMERAH,JL. H SENIN,,,Not_Found
JAKARTA BARAT,PALMERAH,JL. SANDANG,,,Not_Found
JAKARTA BARAT,PALMERAH,JL. KS TUBUN III,Palmerah,10260.0,Imputed_Success
JAKARTA BARAT,PALMERAH,JL. KS TUBUN IV,Palmerah,10260.0,Imputed_Success
JAKARTA BARAT,PALMERAH,JL. KS TUBUN IIA,,,Not_Found
JAKARTA BARAT,PALMERAH,JL. KS TUBUN IIC,Palmerah,10260.0,Imputed_Success
JAKARTA BARAT,PALMERAH,JL. WIJAYA KUSUMA,Kota Bambu Utara,11420.0,OSM_Success
JAKARTA BARAT,PALMERAH,JL. KS TUBUN I DALAM,,,Not_Found
JAKARTA BARAT,PALMERAH,JL. H. MARZUKI,,,Not_Found
JAKARTA BARAT,PALMERAH,JL. MANGGA,Jati Pulo,11440.0,OSM_Success
JAKARTA BARAT,TAMBORA,JL. PROF. DR. LATUMENTEN,Jembatan Besi,11320.0,OSM_Success
JAKARTA BARAT,TAMBORA,JL. JEMBATAN LIMA,Jembatan Lima,11250.0,OSM_Success
JAKARTA BARAT,TAMBORA,JL. KH. MOH. MANSYUR,,,Not_Found
JAKARTA BARAT,TAMBORA,JL. JEMBATAN DUA,Angke,11330.0,OSM_Success
JAKARTA BARAT,TAMBORA,JL. KALI BESAR BARAT,Roa Malaka,11110.0,OSM_Success
JAKARTA BARAT,TAMBORA,JL. ROA MALAKA UTARA,,,Not_Found
JAKARTA BARAT,TAMBORA,JL. BANDENGAN SELT/UTARA,,,Not_Found
JAKARTA BARAT,TAMBORA,JL. GEDONG PANJANG,Pekojan,11240.0,OSM_Success
JAKARTA BARAT,TAMBORA,JL. KH. ZAINUL ARIFIN,,,Not_Found
JAKARTA BARAT,TAMBORA,JL. KOPI,Pekojan,11240.0,OSM_Success
JAKARTA BARAT,TAMBORA,JL. PANGERAN TUBAGUS ANGKE,Jembatan Lima,11250.0,OSM_Success
JAKARTA BARAT,TAMBORA,JL. TUBAGUS ANGKE/PETONGKANGAN,,,Not_Found
JAKARTA BARAT,TAMBORA,JL. KRENDANG UTARA,Krendang,11250.0,OSM_Success
JAKARTA BARAT,TAMBORA,JL. MALAKA,Roa Malaka,,OSM_Success
JAKARTA BARAT,TAMBORA,JL. ORPA,,,Not_Found
JAKARTA BARAT,TAMBORA,JL. PASAR PAGI,Roa Malaka,11110.0,OSM_Success
JAKARTA BARAT,TAMBORA,JL. . PERNIAGAAN BARAT,Roa Malaka,11120.0,OSM_Success
JAKARTA BARAT,TAMBORA,JL. PERNIAGAAN TIMUR,Roa Malaka,11120.0,OSM_Success
JAKARTA BARAT,TAMBORA,JL. PETAK BARU,Roa Malaka,11120.0,OSM_Success
JAKARTA BARAT,TAMBORA,JL. TELEPON KOTA,Roa Malaka,11110.0,OSM_Success
JAKARTA BARAT,TAMBORA,JL. TIANG BENDERA,Roa Malaka,11110.0,OSM_Success
JAKARTA BARAT,TAMBORA,JL. TIANG BENDERA II,Roa Malaka,11110.0,Imputed_Success
JAKARTA BARAT,TAMBORA,JL. TIANG BENDERA III,Roa Malaka,11110.0,Imputed_Success
JAKARTA BARAT,TAMBORA,JL. TIANG BENDERA SELATAN,,,Not_Found
JAKARTA BARAT,TAMBORA,JL. TSS,Duri Selatan,11270.0,OSM_Success
JAKARTA BARAT,TAMBORA,JL. ASEMKA/PINTU KECIL,,,Not_Found
JAKARTA BARAT,TAMBORA,JL. BETET RAYA,,,Not_Found
JAKARTA BARAT,TAMBORA,JL. DURI,Duri Utara,,OSM_Success
JAKARTA BARAT,TAMBORA,JL. DURI UTAMA,,,Not_Found
JAKARTA BARAT,TAMBORA,JL. JEMBATAN BESI RAYA,Jembatan Besi,11320.0,OSM_Success
JAKARTA BARAT,TAMBORA,JL. KRENDANG RAYA,Krendang,,OSM_Success
JAKARTA BARAT,TAMBORA,JL. PEJAGALAN,Pekojan,11240.0,OSM_Success
JAKARTA BARAT,TAMBORA,JL. PERNIAGAAN/TOKO TIGA,,,Not_Found
JAKARTA BARAT,TAMBORA,JL. ROA MALAKA SELATAN,,,Not_Found
JAKARTA BARAT,TAMBORA,JL. TIANG BENDERA BARAT,Roa Malaka,11110.0,OSM_Success
JAKARTA BARAT,TAMBORA,JL. TOKO TIGA,Roa Malaka,11120.0,OSM_Success
JAKARTA BARAT,TAMBORA,JL. PETONGKANGAN,Roa Malaka,11110.0,OSM_Success
JAKARTA BARAT,TAMBORA,JL. LAKSA,Jembatan Lima,11250.0,OSM_Success
JAKARTA BARAT,TAMBORA,JL. KRENDANG BARAT,Krendang,11260.0,OSM_Success
JAKARTA BARAT,TAMBORA,JL. JEMBATAN BESI VIII,Jembatan Besi,11320.0,Imputed_Success
JAKARTA BARAT,TAMBORA,JL. BANDENGAN UTARA,Pekojan,11240.0,OSM_Success
JAKARTA BARAT,TAMBORA,JL. PEJAGALAN,Pekojan,11240.0,OSM_Success
JAKARTA BARAT,TAMBORA,JL. KALIANYAR DURI BANGKIT,,,Not_Found
JAKARTA BARAT,TAMBORA,JL. LIBERIA,Pekojan,11240.0,OSM_Success
JAKARTA BARAT,TAMBORA,JL. MESJID PEKOJAN,,,Not_Found
JAKARTA BARAT,TAMBORA,JL. PEKOJAN,Pekojan,11240.0,OSM_Success
JAKARTA BARAT,TAMBORA,JL. PENGUKIRAN,Pekojan,11240.0,OSM_Success
JAKARTA BARAT,TAMBORA,JL. PENGUKIRAN,Pekojan,11240.0,OSM_Success
JAKARTA BARAT,TAMBORA,JL. PENGUKIRAN II,Pekojan,11240.0,OSM_Success
JAKARTA BARAT,TAMBORA,JL. PENGUKIRAN III,Pekojan,11240.0,OSM_Success
JAKARTA BARAT,TAMBORA,JL. PENGUKIRAN IV,Pekojan,11240.0,OSM_Success
JAKARTA BARAT,TAMBORA,JL. PERSIMA,,,Not_Found
JAKARTA BARAT,TAMBORA,JL. RAYA TANAH SEREAL,Tanah Sereal,11210.0,OSM_Success
JAKARTA BARAT,TAMBORA,JL. BLANDONGAN,Tambora,11120.0,OSM_Success
JAKARTA BARAT,TAMBORA,JL. DURI SELATAN,Duri Selatan,,OSM_Success
JAKARTA BARAT,TAMBORA,JL. GARUDA,,,Not_Found
JAKARTA BARAT,TAMBORA,JL. JEMBATAN BESI,Jembatan Besi,11320.0,OSM_Success
JAKARTA BARAT,TAMBORA,JL. JEMBATAN BESI II,Jembatan Besi,11320.0,Imputed_Success
JAKARTA BARAT,TAMBORA,JL. KRENDANG TENGAH,Krendang,11250.0,OSM_Success
JAKARTA BARAT,TAMBORA,JL. KRENDANG TIMUR,Krendang,11270.0,OSM_Success
JAKARTA BARAT,TAMBORA,JL. MESJID AL JIHAD,,,Not_Found
JAKARTA BARAT,TAMBORA,JL. PEKAPURAN,Tanah Sereal,11210.0,OSM_Success
JAKARTA BARAT,TAMBORA,JL. PEKOJAN,Pekojan,11240.0,OSM_Success
JAKARTA BARAT,TAMBORA,JL. POS DURI,,,Not_Found
JAKARTA BARAT,TAMBORA,JL. SAWAH LIO,Jembatan Lima,11250.0,OSM_Success
JAKARTA BARAT,TAMBORA,JL. STASIUN ANGKE,Jembatan Lima,11250.0,OSM_Success
JAKARTA BARAT,TAMBORA,JL. ANGKE INDAH RAYA,,,Not_Found
JAKARTA BARAT,TAMBORA,JL. ANGKE JAYA,Angke,11320.0,OSM_Success
JAKARTA BARAT,TAMBORA,JL. PADA MULYA,Angke,11330.0,OSM_Success
JAKARTA BARAT,TAMBORA,JL. LAKSA,Jembatan Lima,11250.0,OSM_Success
JAKARTA BARAT,TAMBORA,JL. KRENDANG SELATAN,Krendang,11260.0,OSM_Success
JAKARTA BARAT,TAMBORA,JL. DURI SELATAN I/JL. JAMBLANG RAYA,,,Not_Found
JAKARTA BARAT,TAMBORA,JL. PEKAPURAN VIII,Krendang,11250.0,OSM_Success
JAKARTA BARAT,TAMBORA,JL. TAMBORA IV,Tambora,11120.0,OSM_Success
JAKARTA BARAT,TAMBORA,JL. TANAH SEREAL X,,,Not_Found
JAKARTA BARAT,TAMBORA,JL. DURI BARU,Jembatan Besi,11320.0,OSM_Success
JAKARTA BARAT,TAMBORA,JL. KAMPUNG TAMBORA,Duri Utara,11270.0,OSM_Success
JAKARTA BARAT,TAMBORA,JL. JEMBATAN ITEM,,,Not_Found
JAKARTA BARAT,TAMBORA,JL. DURI BANGKIT,,,Not_Found
JAKARTA BARAT,TAMBORA,JL. JAMBLANG RAYA,Duri Selatan,11270.0,OSM_Success
JAKARTA BARAT,TAMBORA,JL. KALI ANYAR RAYA,Kalianyar,11260.0,OSM_Success
JAKARTA BARAT,TAMBORA,JL. KOMPLEK BELAKANG SEASONS CITY,,,Not_Found
JAKARTA BARAT,TAMBORA,JL. TIANG BENDERA V,Roa Malaka,11110.0,Imputed_Success
JAKARTA BARAT,TAMBORA,JL. STASIUN ANGKE,Jembatan Lima,11250.0,OSM_Success
JAKARTA BARAT,TAMBORA,JL. ANGKE BARAT,Angke,11250.0,OSM_Success
JAKARTA BARAT,TAMBORA,JL. DURI UTARA II,,,Not_Found
JAKARTA BARAT,TAMBORA,JL. DURI UTARA / JL STASIUN DURI,,,Not_Found
JAKARTA BARAT,TAMBORA,JL. HANURA RAYA,Tanah Sereal,11210.0,OSM_Success
JAKARTA BARAT,TAMBORA,JL. PEKAPURAN,Tanah Sereal,11210.0,OSM_Success
JAKARTA BARAT,TAMAN SARI,JL. GAJAH MADA,Keagungan,,OSM_Success
JAKARTA BARAT,TAMAN SARI,JL. GLODOK LINDETEVES,,,Not_Found
JAKARTA BARAT,TAMAN SARI,JL. HAYAM WURUK,Taman Sari,11120.0,OSM_Success
JAKARTA BARAT,TAMAN SARI,JL. JEMBATAN BATU,Pinangsia,11110.0,OSM_Success
JAKARTA BARAT,TAMAN SARI,JL. MANGGA DUA,Pinangsia,11110.0,OSM_Success
JAKARTA BARAT,TAMAN SARI,JL. KALI BESAR TIMUR,Pinangsia,11110.0,OSM_Success
JAKARTA BARAT,TAMAN SARI,JL. KETAPANG,Krukut,11140.0,OSM_Success
JAKARTA BARAT,TAMAN SARI,JL. MANGGA BESAR RAYA,Mangga Besar,11180.0,OSM_Success
JAKARTA BARAT,TAMAN SARI,JL. PANGERAN JAYAKARTA,Pinangsia,11110.0,OSM_Success
JAKARTA BARAT,TAMAN SARI,JL. PINANGSIA RAYA,Pinangsia,11120.0,OSM_Success
JAKARTA BARAT,TAMAN SARI,JL. PINTU BESAR SEL / UTR,,,Not_Found
JAKARTA BARAT,TAMAN SARI,JL. STASIUN KOTA,,,Not_Found
JAKARTA BARAT,TAMAN SARI,JL. SUKARDJO WIRYOPRANOTO,,,Not_Found
JAKARTA BARAT,TAMAN SARI,JL. TAMAN SARI RAYA,Glodok,11120.0,OSM_Success
JAKARTA BARAT,TAMAN SARI,JL. ASEM,Pinangsia,11110.0,OSM_Success
JAKARTA BARAT,TAMAN SARI,JL. ASEMKA/PINTU KECIL,,,Not_Found
JAKARTA BARAT,TAMAN SARI,JL. BLUSTRU,Mangga Besar,11180.0,OSM_Success
JAKARTA BARAT,TAMAN SARI,JL. CENGKEH,Pinangsia,11110.0,OSM_Success
JAKARTA BARAT,TAMAN SARI,JL. GAJAH MADA MEDITERANIA APARTEMEN,,,Not_Found
JAKARTA BARAT,TAMAN SARI,JL. GLODOK JAYA,Mangga Besar,11180.0,OSM_Success
JAKARTA BARAT,TAMAN SARI,JL. GLODOK MAKMUR,,,Not_Found
JAKARTA BARAT,TAMAN SARI,JL. GLODOK SELATAN,Glodok,11120.0,OSM_Success
JAKARTA BARAT,TAMAN SARI,JL. KEMUKUS,Pinangsia,11110.0,OSM_Success
JAKARTA BARAT,TAMAN SARI,JL. KETAPANG UTARA,Krukut,11140.0,OSM_Success
JAKARTA BARAT,TAMAN SARI,JL. KOMP. THR / LOKASARI,,,Not_Found
JAKARTA BARAT,TAMAN SARI,JL. KUNIR,Pinangsia,11110.0,OSM_Success
JAKARTA BARAT,TAMAN SARI,JL. LABU,Mangga Besar,11180.0,OSM_Success
JAKARTA BARAT,TAMAN SARI,JL. LADA/POS KOTA,,,Not_Found
JAKARTA BARAT,TAMAN SARI,JL. LAPANGAN STASIUN,,,Not_Found
JAKARTA BARAT,TAMAN SARI,JL. MANGGA BESAR,Mangga Besar,11180.0,OSM_Success
JAKARTA BARAT,TAMAN SARI,JL. MANGGA BESAR II,Mangga Besar,11180.0,Imputed_Success
JAKARTA BARAT,TAMAN SARI,JL. MANGGA BESAR III,Mangga Besar,11180.0,Imputed_Success
JAKARTA BARAT,TAMAN SARI,JL. MANGGA BESAR IV,Mangga Besar,11180.0,Imputed_Success
JAKARTA BARAT,TAMAN SARI,JL. MANGGA BESAR V,Mangga Besar,11180.0,Imputed_Success
JAKARTA BARAT,TAMAN SARI,JL. MANGGA BESAR VI,Mangga Besar,11180.0,Imputed_Success
JAKARTA BARAT,TAMAN SARI,JL. MANGGA BESAR VII,Mangga Besar,11180.0,Imputed_Success
JAKARTA BARAT,TAMAN SARI,JL. MANGGA BESAR VIII,Mangga Besar,11180.0,Imputed_Success
JAKARTA BARAT,TAMAN SARI,JL. MANGGA BESAR XII/ASEM REGES,,,Not_Found
JAKARTA BARAT,TAMAN SARI,JL. MANGGIS,Mangga Besar,11110.0,OSM_Success
JAKARTA BARAT,TAMAN SARI,JL. PERTOKOAN GLODOK PLAZA,,,Not_Found
JAKARTA BARAT,TAMAN SARI,JL. PETAK SEMBILAN,,,Not_Found
JAKARTA BARAT,TAMAN SARI,JL. PINANGSIA,Pinangsia,11110.0,OSM_Success
JAKARTA BARAT,TAMAN SARI,JL. PINANGSIA II,Pinangsia,11110.0,OSM_Success
JAKARTA BARAT,TAMAN SARI,JL. PINANGSIA III,Pinangsia,11110.0,OSM_Success
JAKARTA BARAT,TAMAN SARI,JL. PINANGSIA TIMUR,Pinangsia,11110.0,OSM_Success
JAKARTA BARAT,TAMAN SARI,JL. TAMAN SARI,Glodok,11120.0,OSM_Success
JAKARTA BARAT,TAMAN SARI,JL. TAMAN SARI II,Glodok,11120.0,OSM_Success
JAKARTA BARAT,TAMAN SARI,JL. TAMAN SARI III,Glodok,11120.0,Imputed_Success
JAKARTA BARAT,TAMAN SARI,JL. TAMAN SARI IV,Glodok,11120.0,OSM_Success
JAKARTA BARAT,TAMAN SARI,JL. TOKO TIGA,Glodok,11120.0,OSM_Success
JAKARTA BARAT,TAMAN SARI,JL. KEMENANGAN,Taman Sari,11120.0,OSM_Success
JAKARTA BARAT,TAMAN SARI,JL. KEMURNIAN,Glodok,11120.0,OSM_Success
JAKARTA BARAT,TAMAN SARI,JL. KEMENANGAN,Taman Sari,11120.0,OSM_Success
JAKARTA BARAT,TAMAN SARI,JL. KEMENANGAN II,Glodok,11120.0,OSM_Success
JAKARTA BARAT,TAMAN SARI,JL. KEMENANGAN III,Glodok,11120.0,OSM_Success
JAKARTA BARAT,TAMAN SARI,JL. KEADILAN,Glodok,11120.0,OSM_Success
JAKARTA BARAT,TAMAN SARI,JL. KEAGUNGAN,Keagungan,11130.0,OSM_Success
JAKARTA BARAT,TAMAN SARI,JL. PANCORAN,Pinangsia,11120.0,OSM_Success
JAKARTA BARAT,TAMAN SARI,JL. GLODOK HARCO,,,Not_Found
JAKARTA BARAT,TAMAN SARI,JL. GLODOK,Taman Sari,11120.0,OSM_Success
JAKARTA BARAT,TAMAN SARI,JL. GLODOK II,Glodok,11120.0,OSM_Success
JAKARTA BARAT,TAMAN SARI,JL. GLODOK III,Taman Sari,11120.0,Imputed_Success
JAKARTA BARAT,TAMAN SARI,,,,Not_Found
JAKARTA BARAT,TAMAN SARI,JL. KEBAHAGIAAN,Krukut,11130.0,OSM_Success
JAKARTA BARAT,TAMAN SARI,JL. KEBON SAYUR,,,Not_Found
JAKARTA BARAT,TAMAN SARI,JL. KEBUN JERUK,,,Not_Found
JAKARTA BARAT,TAMAN SARI,JL. KEBUN JERUK II,,,Not_Found
JAKARTA BARAT,TAMAN SARI,JL. KEBUN JERUK III,,,Not_Found
JAKARTA BARAT,TAMAN SARI,JL. KEBUN JERUK IV,,,Not_Found
JAKARTA BARAT,TAMAN SARI,JL. KEBUN JERUK IX,,,Not_Found
JAKARTA BARAT,TAMAN SARI,JL. KEBUN JERUK V,,,Not_Found
JAKARTA BARAT,TAMAN SARI,JL. KEBUN JERUK VI,,,Not_Found
JAKARTA BARAT,TAMAN SARI,JL. KEBUN JERUK VII,,,Not_Found
JAKARTA BARAT,TAMAN SARI,JL. KEBUN JERUK VIII,,,Not_Found
JAKARTA BARAT,TAMAN SARI,JL. KEBUN JERUK X,,,Not_Found
JAKARTA BARAT,TAMAN SARI,JL. KEBUN JERUK XI,,,Not_Found
JAKARTA BARAT,TAMAN SARI,JL. KEBUN JERUK XII,,,Not_Found
JAKARTA BARAT,TAMAN SARI,JL. KEBUN JERUK XIII,,,Not_Found
JAKARTA BARAT,TAMAN SARI,JL. KEBUN JERUK XIV,,,Not_Found
JAKARTA BARAT,TAMAN SARI,JL. KEBUN JERUK XIX,,,Not_Found
JAKARTA BARAT,TAMAN SARI,JL. KEBUN JERUK XV,,,Not_Found
JAKARTA BARAT,TAMAN SARI,JL. KEBUN JERUK XVI,,,Not_Found
JAKARTA BARAT,TAMAN SARI,JL. KEBUN JERUK XVII,,,Not_Found
JAKARTA BARAT,TAMAN SARI,JL. KEBUN JERUK XVIII,,,Not_Found
JAKARTA BARAT,TAMAN SARI,JL. KEJAYAAN,Krukut,11140.0,OSM_Success
JAKARTA BARAT,TAMAN SARI,JL. KERAJINAN,Keagungan,11130.0,OSM_Success
JAKARTA BARAT,TAMAN SARI,JL. KESEDERHANAAN,Keagungan,11130.0,OSM_Success
JAKARTA BARAT,TAMAN SARI,JL. KESELAMATAN,Krukut,11140.0,OSM_Success
JAKARTA BARAT,TAMAN SARI,JL. KETENTRAMAN,Keagungan,11130.0,OSM_Success
JAKARTA BARAT,TAMAN SARI,JL. KEUTAMAAN,Krukut,11140.0,OSM_Success
JAKARTA BARAT,TAMAN SARI,JL. KOMP. JAYAKARTA,,,Not_Found
JAKARTA BARAT,TAMAN SARI,JL. KOMP. KOTA INDAH,,,Not_Found
JAKARTA BARAT,TAMAN SARI,JL. KUNIR II,Pinangsia,11110.0,Imputed_Success
JAKARTA BARAT,TAMAN SARI,JL. MANGGA BESAR IX,Mangga Besar,11180.0,Imputed_Success
JAKARTA BARAT,TAMAN SARI,JL. MANGGA BESAR X,Mangga Besar,11180.0,Imputed_Success
JAKARTA BARAT,TAMAN SARI,JL. MANGGA BESAR XI,Mangga Besar,11180.0,Imputed_Success
JAKARTA BARAT,TAMAN SARI,JL. PASAR ASEM REGES,,,Not_Found
JAKARTA BARAT,TAMAN SARI,JL. PERTOKOAN GLODOK SKY,,,Not_Found
JAKARTA BARAT,TAMAN SARI,JL. SAWAH BESAR,Maphar,11160.0,OSM_Success
JAKARTA BARAT,TAMAN SARI,JL. TAMAN SARI IX,Glodok,11120.0,OSM_Success
JAKARTA BARAT,TAMAN SARI,JL. TAMAN SARI X,Glodok,11120.0,OSM_Success
JAKARTA BARAT,TAMAN SARI,JL. TAMAN SARI XI,Glodok,11120.0,OSM_Success
JAKARTA BARAT,TAMAN SARI,JL. BELIMBING,Mangga Besar,11180.0,OSM_Success
JAKARTA BARAT,TAMAN SARI,JL. KH. ZAINUL ARIFIN,,,Not_Found
