name,wilayah,category,KELURAHAN_REF,KECAMATAN_REF,KODEPOS_REF,STATUS
Green Pramuka City,Jakarta Pusat,apartemen,Rawasari,,,OSM_Success
Sudirman Park,Jakarta Pusat,apartemen,Karet Tengsin,,10220.0,OSM_Success
Semanggi,Jakarta Selatan,apartemen,Karet Semanggi,,12930.0,OSM_Success
Batavia,Jakarta Pusat,apartemen,Karet Tengsin,,10240.0,OSM_Success
Menteng Park,Jakarta Pusat,apartemen,Cikini,,10330.0,OSM_Success
Elpis Residence,Jakarta Pusat,apartemen,Gunung Sahari Utara,,10720.0,OSM_Success
1 @ Cik Ditiro,Jakarta Pusat,apartemen,Gondangdia,,10350.0,OSM_Success
Kusuma Atmadja Residence,Jakarta Pusat,apartemen,,,,Not_Found
Kimara Residence,Jakarta Pusat,apartemen,,,,Not_Found
The Boulevard,Jakarta Pusat,apartemen,Cakung Timur,,,OSM_Success_Recovered
The Royale Springhill Residences,Jakarta Pusat,apartemen,Pademangan Timur,,14410,OSM_Success_Recovered
Cik Ditiro Residence,Jakarta Pusat,apartemen,Menteng,,10310.0,OSM_Success
Bandar Kemayoran,Jakarta Pusat,apartemen,Kemayoran,,,OSM_Success
Pasar Baru Mansion,Jakarta Pusat,apartemen,Pasar Baru,,10120.0,OSM_Success
Istana Sahid,Jakarta Pusat,apartemen,Karet Tengsin,,10220.0,OSM_Success
Mitra Oasis,Jakarta Pusat,apartemen,Senen,,,OSM_Success
Executive Menteng,Jakarta Pusat,apartemen,,,,Not_Found
Mediterania Lagoon Residences,Jakarta Pusat,apartemen,Kebon Kosong,,,OSM_Success
Springhill Terrace,Jakarta Pusat,apartemen,Pademangan Timur,,14410,OSM_Success_Recovered
Cityloft,Jakarta Selatan,apartemen,,,,Not_Found
Cempaka Mas,Jakarta Pusat,apartemen,Cempaka Putih Timur,,10540.0,OSM_Success
Taman Kemayoran Condominium,Jakarta Pusat,apartemen,Kebon Kosong,,,OSM_Success
Mediterania Palace Kemayoran,Jakarta Pusat,apartemen,Kebon Kosong,,10630.0,OSM_Success
The Boutique,Jakarta Pusat,apartemen,Kemayoran,,,OSM_Success
Cosmo Terrace,Jakarta Pusat,apartemen,Kebon Melati,,10230.0,OSM_Success
Thamrin Nine,Jakarta Pusat,apartemen,Kebon Melati,,10230.0,OSM_Success
Jakarta Residence,Jakarta Pusat,apartemen,Cempaka Putih Timur,,10510.0,OSM_Success
Menara Jakarta,Jakarta Pusat,apartemen,Karet Tengsin,,10250.0,OSM_Success
Sudirman Tower Condo,Jakarta Selatan,apartemen,,,,Not_Found
Thamrin Residence,Jakarta Pusat,apartemen,Kebon Melati,,10230.0,OSM_Success
Best Western Mangga Dua,Jakarta Pusat,apartemen,Mangga Dua Selatan,,10730.0,OSM_Success
Cosmo Park,Jakarta Pusat,apartemen,,,,Not_Found
Sahid Sudirman,Jakarta Selatan,apartemen,Karet Tengsin,,10220,OSM_Success_Recovered
Keraton At The Plaza,Jakarta Pusat,apartemen,Kebon Kacang,,10350.0,OSM_Success
Salemba Residence,Jakarta Pusat,apartemen,Paseban,,10440.0,OSM_Success
Puri Kemayoran,Jakarta Pusat,apartemen,Kebon Kosong,,,OSM_Success
The Mansion at Dukuh Golf Kemayoran,Jakarta Pusat,apartemen,,,,Not_Found
Mangga Dua Court,Jakarta Pusat,apartemen,Mangga Dua Selatan,,,OSM_Success
Capitol Suites,Jakarta Pusat,apartemen,Senen,,,OSM_Success
Grand Kartini,Jakarta Pusat,apartemen,Sawah Besar,,10720.0,OSM_Success
Da Vinci Penthouse,Jakarta Pusat,apartemen,,,,Not_Found
Holland Village,Jakarta Pusat,apartemen,Cempaka Putih Timur,,10640.0,OSM_Success
Capitol Park,Jakarta Pusat,apartemen,Kenari,,10430.0,OSM_Success
57 Promenade,Jakarta Pusat,apartemen,Kebon Melati,,10230.0,OSM_Success
Kempinski Grand Indonesia,Jakarta Pusat,apartemen,,,,Not_Found
Menteng Square,Jakarta Pusat,apartemen,Kenari,,10430.0,OSM_Success
Pavilion,Jakarta Pusat,apartemen,Karet Tengsin,,10220.0,OSM_Success
T Residence,Jakarta Pusat,apartemen,,,,Not_Found
Le Parc,Jakarta Selatan,apartemen,Kebon Melati,,10230,OSM_Success_Recovered
Amethyst Tower Kemayoran,Jakarta Pusat,apartemen,,,,Not_Found
Senayan City Residence,Jakarta Pusat,apartemen,Gelora,,10270.0,OSM_Success
Thamrin Executive Residence,Jakarta Pusat,apartemen,Kebon Melati,,10230.0,OSM_Success
Casa Domaine,Jakarta Pusat,apartemen,Karet Tengsin,,10220.0,OSM_Success
Arandra Residence,Jakarta Pusat,apartemen,Cempaka Putih Timur,,10510.0,OSM_Success
Rajawali Condominium,Jakarta Pusat,apartemen,,,,Not_Found
Grand Palace Kemayoran,Jakarta Pusat,apartemen,Kebon Kosong,,,OSM_Success
Sudirman Hill,Jakarta Selatan,apartemen,Karet Tengsin,,10240,OSM_Success_Recovered
Springhill Royale Suites,Jakarta Pusat,apartemen,Pademangan Timur,,14410,OSM_Success_Recovered
H Residence Kemayoran,Jakarta Pusat,apartemen,Pademangan Timur,,14410,OSM_Success_Recovered
Istana Harmoni,Jakarta Pusat,apartemen,Petojo Utara,,10160.0,OSM_Success
Plaza Residence Intercontinental,Jakarta Pusat,apartemen,,,,Not_Found
Sudirman Residences,Jakarta Selatan,apartemen,Setiabudi,,,OSM_Success
Sentosa Residences,Jakarta Pusat,apartemen,,,,Not_Found
Sudirman Suites,Jakarta Pusat,apartemen,Bendungan Hilir,,10210.0,OSM_Success
Ascott Jakarta,Jakarta Pusat,apartemen,Kebon Melati,,10230.0,OSM_Success
Shangri-La Residence,Jakarta Pusat,apartemen,,,,Not_Found
Park Royale,Jakarta Selatan,apartemen,,,,Not_Found
Mediterania Boulevard Kemayoran,Jakarta Pusat,apartemen,Kebon Kosong,,,OSM_Success
Palazzo,Jakarta Pusat,apartemen,,,,Not_Found
1Park Avenue,Jakarta Selatan,apartemen,,,,Not_Found
Casablanca Mansion,Jakarta Selatan,apartemen,Menteng Dalam,,12860.0,OSM_Success
Ambassade Residences,Jakarta Selatan,apartemen,Karet Kuningan,,12940.0,OSM_Success
Permata Hijau Suites,Jakarta Selatan,apartemen,Grogol Utara,,12210.0,OSM_Success
Pakubuwono Town House,Jakarta Selatan,apartemen,,,,Not_Found
The Foresque Apartment,Jakarta Selatan,apartemen,,,,Not_Found
Pakubuwono Signature,Jakarta Selatan,apartemen,Gunung,,12120.0,OSM_Success
Abode,Jakarta Selatan,apartemen,,,,Not_Found
Cilandak 88 Condominium,Jakarta Selatan,apartemen,,,,Not_Found
The Wave,Jakarta Selatan,apartemen,Menteng Atas,,,OSM_Success
Sudirman Mansion,Jakarta Selatan,apartemen,Senayan,,12190.0,OSM_Success
Bellagio,Jakarta Selatan,apartemen,Kuningan Timur,,,OSM_Success
Four Winds of Senayan,Jakarta Selatan,apartemen,,,,Not_Found
Kusuma Chandra,Jakarta Selatan,apartemen,Kapuk Muara,,14460.0,OSM_Success
Grand Dhika Mansion,Jakarta Selatan,apartemen,,,,Not_Found
Bellagio Mansion,Jakarta Selatan,apartemen,Kuningan Timur,,12950.0,OSM_Success
Kalibata City,Jakarta Selatan,apartemen,Rawajati,,,OSM_Success
Anandamaya Residences,Jakarta Selatan,apartemen,,,,Not_Found
The Grove Suites,Jakarta Selatan,apartemen,Karet Kuningan,,,OSM_Success
45 Antasari,Jakarta Selatan,apartemen,Cilandak Barat,,,OSM_Success
Botanica Apartment,Jakarta Selatan,apartemen,,,,Not_Found
Kemang Mansion,Jakarta Selatan,apartemen,,,,Not_Found
The Elements,Jakarta Selatan,apartemen,Karet Kuningan,,12940.0,OSM_Success
Antasari Heights,Jakarta Selatan,apartemen,Cipete Selatan,,12410.0,OSM_Success
The H Tower,Jakarta Selatan,apartemen,Karet Kuningan,,12940.0,OSM_Success
Casablanca,Jakarta Selatan,apartemen,Menteng Dalam,,12960.0,OSM_Success
Taman Rasuna,Jakarta Selatan,apartemen,Menteng Atas,,12960.0,OSM_Success
Taman Sari Sudirman,Jakarta Selatan,apartemen,Karet,,12910.0,OSM_Success
The Empyreal & The Masterpiece,Jakarta Selatan,apartemen,,,,Not_Found
Setiabudi Residences,Jakarta Selatan,apartemen,Karet Kuningan,,12940.0,OSM_Success
Taman Sari Semanggi,Jakarta Selatan,apartemen,,,,Not_Found
Mahata Tanjung Barat,Jakarta Selatan,apartemen,Lenteng Agung,,,OSM_Success
Kemang Jaya,Jakarta Selatan,apartemen,Bangka,,,OSM_Success
Griya Pancoran,Jakarta Selatan,apartemen,,,,Not_Found
Pancoran Riverside,Jakarta Selatan,apartemen,Pengadegan,,13630.0,OSM_Success
Beverly Tower,Jakarta Selatan,apartemen,Cilandak Barat,,12430.0,OSM_Success
Pejaten Park Residence,Jakarta Selatan,apartemen,Ragunan,,,OSM_Success
Kebagusan City,Jakarta Selatan,apartemen,Kebagusan,,,OSM_Success
Casa Grande,Jakarta Selatan,apartemen,Menteng Dalam,,,OSM_Success
Permata Hijau Residences,Jakarta Selatan,apartemen,,,,Not_Found
Pearl Garden,Jakarta Selatan,apartemen,Karet Semanggi,,12930.0,OSM_Success
Linea Haus,Jakarta Selatan,apartemen,,,,Not_Found
Kintamani,Jakarta Selatan,apartemen,Kuningan Timur,,12950.0,OSM_Success
Puri Casablanca,Jakarta Selatan,apartemen,Menteng Atas,,15920.0,OSM_Success
Grand Permata,Jakarta Selatan,apartemen,Grogol Utara,,,OSM_Success
The Mayflower,Jakarta Selatan,apartemen,Setiabudi,,12920.0,OSM_Success
Senopati Suites 2,Jakarta Selatan,apartemen,,,,Not_Found
Senopati Suites 3,Jakarta Selatan,apartemen,,,,Not_Found
Lavande,Jakarta Selatan,apartemen,Menteng Dalam,,12780.0,OSM_Success
Senopati Penthouse,Jakarta Selatan,apartemen,,,,Not_Found
Eminence Darmawangsa,Jakarta Selatan,apartemen,,,,Not_Found
The Batik @ Pejaten,Jakarta Selatan,apartemen,,,,Not_Found
Denpasar Residence,Jakarta Selatan,apartemen,,,,Not_Found
Bumimas,Jakarta Selatan,apartemen,Cilandak Barat,,12420.0,OSM_Success
South Hills,Jakarta Selatan,apartemen,Karet Kuningan,,,OSM_Success
AVANIA,Jakarta Selatan,apartemen,,,,Not_Found
Cervino Village,Jakarta Selatan,apartemen,Tebet Barat,,12860.0,OSM_Success
BonaVista,Jakarta Selatan,apartemen,Lebak Bulus,,12450.0,OSM_Success
La Vie All Suites,Jakarta Selatan,apartemen,,,,Not_Found
Kuningan Place,Jakarta Selatan,apartemen,Menteng Atas,,12970.0,OSM_Success
Cilandak Residence,Jakarta Selatan,apartemen,,,,Not_Found
The Bellevue Suites,Jakarta Selatan,apartemen,,,,Not_Found
One Casablanca,Jakarta Selatan,apartemen,Menteng Dalam,,12870.0,OSM_Success
Gardenia Boulevard,Jakarta Selatan,apartemen,Jati Padang,,12540.0,OSM_Success
Rusun Benhil,Jakarta Pusat,apartemen,Petamburan,,10260.0,OSM_Success
Permata Hijau,Jakarta Selatan,apartemen,Grogol Utara,,12210.0,OSM_Success
Pondok Klub Villa,Jakarta Selatan,apartemen,,,,Not_Found
Kebayoran Icon,Jakarta Selatan,apartemen,Cipulir,,12220.0,OSM_Success
Nifarro Park,Jakarta Selatan,apartemen,Pejaten Timur,,,OSM_Success
Sinabung Executive,Jakarta Selatan,apartemen,,,,Not_Found
Woodland Park Residence,Jakarta Selatan,apartemen,Rawajati,,,OSM_Success
Mangkuluhur City,Jakarta Selatan,apartemen,Karet Semanggi,,12930.0,OSM_Success
The Alana Pejaten,Jakarta Selatan,apartemen,,,,Not_Found
Lebak Lestari Garden,Jakarta Selatan,apartemen,,,,Not_Found
Daksa Residence,Jakarta Selatan,apartemen,,,,Not_Found
Peruri 88,Jakarta Selatan,apartemen,Melawai,,,OSM_Success
LA City,Jakarta Selatan,apartemen,,Tanggamus,35384,OSM_Success_Recovered
Synthesis Residence Kemang,Jakarta Selatan,apartemen,Cilandak Timur,,12550.0,OSM_Success
Marbella Kemang,Jakarta Selatan,apartemen,Pela Mampang,,12720.0,OSM_Success
Vasaka Solterra,Jakarta Selatan,apartemen,Pejaten Barat,,,OSM_Success
Lexington Residence,Jakarta Selatan,apartemen,,,,Not_Found
The Royal Olive Residence,Jakarta Selatan,apartemen,Pejaten Barat,,,OSM_Success
Poins Square,Jakarta Selatan,apartemen,Lebak Bulus,,12440.0,OSM_Success
The 18th Residence Rasuna,Jakarta Selatan,apartemen,,,,Not_Found
The Residence @ Synthesis Square,Jakarta Selatan,apartemen,,,,Not_Found
Gandaria Heights,Jakarta Selatan,apartemen,Kebayoran Lama Utara,,12120.0,OSM_Success
Kemang Village,Jakarta Selatan,apartemen,Bangka,,,OSM_Success
Providence Park,Jakarta Selatan,apartemen,,,,Not_Found
Gayanti City,Jakarta Selatan,apartemen,,,,Not_Found
Pakubuwono Terrace,Jakarta Selatan,apartemen,Cipulir,,12230.0,OSM_Success
Grand Pancoran,Jakarta Selatan,apartemen,,,,Not_Found
Hamptons Park,Jakarta Selatan,apartemen,,,,Not_Found
The Hundred,Jakarta Selatan,apartemen,,,,Not_Found
Apartemen Senopati,Jakarta Selatan,apartemen,Senayan,,12110,OSM_Success_Recovered
Langham Residence,Jakarta Selatan,apartemen,Senayan,,12190.0,OSM_Success
Raffles Residence,Jakarta Selatan,apartemen,,,,Not_Found
Nirvana Residence Kemang,Jakarta Selatan,apartemen,,,,Not_Found
Sahid Metropolitan,Jakarta Selatan,apartemen,Karet,,12920.0,OSM_Success
SCBD Suites,Jakarta Selatan,apartemen,Senayan,,,OSM_Success
Branz Simatupang,Jakarta Selatan,apartemen,Cilandak Barat,,,OSM_Success
The Peak,Jakarta Selatan,apartemen,Setiabudi,,,OSM_Success
Pakubuwono View,Jakarta Selatan,apartemen,Kebayoran Lama Utara,,,OSM_Success
Simprug Indah,Jakarta Selatan,apartemen,Grogol Selatan,,12220.0,OSM_Success
Simprug Terrace,Jakarta Selatan,apartemen,,,,Not_Found
Airlangga Ritz Carlton,Jakarta Selatan,apartemen,,,,Not_Found
Senayan Residence,Jakarta Selatan,apartemen,Grogol Utara,,,OSM_Success
Pakubuwono Spring,Jakarta Selatan,apartemen,Grogol Selatan,,,OSM_Success
Plaza Senayan,Jakarta Pusat,apartemen,Gelora,,10270.0,OSM_Success
Somerset Berlian,Jakarta Selatan,apartemen,,,,Not_Found
Pondok Indah Residences,Jakarta Selatan,apartemen,,,,Not_Found
1Park Residences,Jakarta Selatan,apartemen,,,,Not_Found
Capital Residence,Jakarta Selatan,apartemen,Kebayoran Baru,,12190.0,OSM_Success
Gateway Pesanggrahan,Jakarta Selatan,apartemen,Petukangan Selatan,,,OSM_Success
Oakwood,Jakarta Selatan,apartemen,Kuningan Timur,,12950.0,OSM_Success
Pondok Indah Golf Apartment,Jakarta Selatan,apartemen,,,,Not_Found
Setiabudi Sky Garden,Jakarta Selatan,apartemen,Karet,,,OSM_Success
Verde,Jakarta Selatan,apartemen,Karet,,12910.0,OSM_Success
Verde 2,Jakarta Selatan,apartemen,Karet,,,OSM_Success
Golfhill Terraces,Jakarta Selatan,apartemen,,,,Not_Found
Senopati Suites,Jakarta Selatan,apartemen,Senayan,,12110.0,OSM_Success
Apple Residence,Jakarta Selatan,apartemen,Kampung Bali,,10250,OSM_Success_Recovered
Residence 8 Senopati,Jakarta Selatan,apartemen,Senayan,,12190.0,OSM_Success
Essence on Darmawangsa,Jakarta Selatan,apartemen,,,,Not_Found
L'Avenue,Jakarta Selatan,apartemen,Pancoran,,12780.0,OSM_Success
SOHO Pancoran,Jakarta Selatan,apartemen,Tebet Barat,,,OSM_Success
Arzuria,Jakarta Selatan,apartemen,,,,Not_Found
fX Residence,Jakarta Pusat,apartemen,,,,Not_Found
Fatmawati City Center,Jakarta Selatan,apartemen,Cilandak Barat,,,OSM_Success
Apartemen Ambassador,Jakarta Selatan,apartemen,Kuningan Timur,,17431,OSM_Success_Recovered
Signature Park Apartment,Jakarta Selatan,apartemen,,,,Not_Found
Somerset Grand Citra Kuningan,Jakarta Selatan,apartemen,Karet Kuningan,,12950.0,OSM_Success
Somerset Kencana,Jakarta Selatan,apartemen,,,,Not_Found
Puri Imperium,Jakarta Selatan,apartemen,Guntur,,,OSM_Success
The Kencana Residence,Jakarta Selatan,apartemen,,,,Not_Found
Bellezza,Jakarta Selatan,apartemen,Grogol Utara,,12210.0,OSM_Success
Pakubuwono Residence,Jakarta Selatan,apartemen,Gunung,,12140.0,OSM_Success
Permata Gandaria,Jakarta Selatan,apartemen,Kramat Pela,,12130.0,OSM_Success
Sailendra,Jakarta Selatan,apartemen,Kuningan Timur,,12950.0,OSM_Success
Izzara,Jakarta Selatan,apartemen,Cilandak Barat,,,OSM_Success
Selatan 8,Jakarta Selatan,apartemen,Kuningan Timur,,12950.0,OSM_Success
Southgate Residence,Jakarta Selatan,apartemen,,,,Not_Found
Dharmawangsa Residence,Jakarta Selatan,apartemen,,,,Not_Found
District 8,Jakarta Selatan,apartemen,Senayan,,12110.0,OSM_Success
Pacific Place,Jakarta Selatan,apartemen,Senayan,,12190.0,OSM_Success
South Quarter,Jakarta Selatan,apartemen,Cilandak Barat,,,OSM_Success
The Stay Antasari 27,Jakarta Selatan,apartemen,,,,Not_Found
Brawijaya,Jakarta Selatan,apartemen,Pulo,,,OSM_Success
The Aspen Residence,Jakarta Selatan,apartemen,,,,Not_Found
Newton Ciputra World,Jakarta Selatan,apartemen,Karet Semanggi,,12930.0,OSM_Success
La Maison,Jakarta Selatan,apartemen,Kramat Pela,,12130.0,OSM_Success
Nine Residence,Jakarta Selatan,apartemen,Duren Tiga,,12790.0,OSM_Success
Havenwood Residence,Jakarta Selatan,apartemen,,,,Not_Found
Lavish Kemang Residence,Jakarta Selatan,apartemen,Bangka,,,OSM_Success
Ciputra World,Jakarta Selatan,apartemen,Karet Semanggi,,,OSM_Success
Purnawarman Executive Mansion,Jakarta Selatan,apartemen,,,,Not_Found
Regent Residences,Jakarta Selatan,apartemen,,,,Not_Found
The St. Regis Residences,Jakarta Selatan,apartemen,,,,Not_Found
Permata Senayan,Jakarta Selatan,apartemen,Grogol Utara,,,OSM_Success
Galleria Court Condominium,Jakarta Selatan,apartemen,,,,Not_Found
Bellevue Place,Jakarta Selatan,apartemen,Tebet Timur,,12820.0,OSM_Success
Aston Rasuna,Jakarta Selatan,apartemen,Karet Kuningan,,12920.0,OSM_Success
Podomoro Park,Jakarta Timur,apartemen,,,,Not_Found
Urban Signature,Jakarta Timur,apartemen,,,,Not_Found
Menara Cawang,Jakarta Timur,apartemen,Cawang,,13520.0,OSM_Success
Casablanca East Residence,Jakarta Timur,apartemen,,,,Not_Found
Bassura City,Jakarta Timur,apartemen,Cipinang Besar Selatan,,13240.0,OSM_Success
TheHive Taman Sari,Jakarta Timur,apartemen,,,,Not_Found
Pondok Kelapa Village,Jakarta Timur,apartemen,Pondok Kelapa,,13440.0,OSM_Success
Tamansari Skyhive Apartment,Jakarta Timur,apartemen,,,,Not_Found
MT Haryono Square,Jakarta Timur,apartemen,Cipinang Cempedak,,13340.0,OSM_Success
Citralandmark,Jakarta Timur,apartemen,,,,Not_Found
Taman Pasadenia,Jakarta Timur,apartemen,,,,Not_Found
East Park,Jakarta Timur,apartemen,Jatinegara,,13910.0,OSM_Success
Titanium Square,Jakarta Timur,apartemen,Pekayon,,13730.0,OSM_Success
The Sahid Asena,Jakarta Timur,apartemen,,,,Not_Found
Cibubur Comfort,Jakarta Timur,apartemen,,,,Not_Found
Patria Park,Jakarta Timur,apartemen,Cipinang Cempedak,,13930.0,OSM_Success
Signature Park Grande,Jakarta Timur,apartemen,Cawang,,13340.0,OSM_Success
MT Haryono Residence,Jakarta Timur,apartemen,Bidara Cina,,13340.0,OSM_Success
Delta Cakung,Jakarta Timur,apartemen,,,,Not_Found
The Hive Cawang,Jakarta Timur,apartemen,,,,Not_Found
Core Sky Residence,Jakarta Timur,apartemen,,,,Not_Found
Callia,Jakarta Timur,apartemen,Kayu Putih,,13210.0,OSM_Success
Prajawangsa City,Jakarta Timur,apartemen,,,,Not_Found
Sentra Timur Residence,Jakarta Timur,apartemen,Pulo Gebang,,13940.0,OSM_Success
Cibubur Village,Jakarta Timur,apartemen,Cibubur,,16458.0,OSM_Success
Oak Tower,Jakarta Timur,apartemen,Pulo Gadung,,13260.0,OSM_Success
The H Residence,Jakarta Timur,apartemen,Kelapa Gading Barat,,14240,OSM_Success_Recovered
Bintara Residence,Jakarta Timur,apartemen,,,,Not_Found
East 8,Jakarta Timur,apartemen,Munjul,,13850.0,OSM_Success
Jakarta Living Star,Jakarta Timur,apartemen,,,,Not_Found
Tifolia,Jakarta Utara,apartemen,Kayu Putih,,13210,OSM_Success_Recovered
Citra Living,Jakarta Barat,apartemen,,,,Not_Found
Puri Orchard,Jakarta Barat,apartemen,Rawa Buaya,,,OSM_Success
Aerium Residence,Jakarta Barat,apartemen,,,,Not_Found
Wang Residence,Jakarta Barat,apartemen,,,,Not_Found
Wesling Kedoya,Jakarta Barat,apartemen,Kedoya Selatan,,11610.0,OSM_Success
Vittoria Residence,Jakarta Barat,apartemen,Rawa Buaya,,11749.0,OSM_Success
Rusun Tanah Abang,Jakarta Pusat,apartemen,Kebon Kacang,,10240.0,OSM_Success
Paradise Mansion,Jakarta Barat,apartemen,Pegadungan,,11830.0,OSM_Success
Gianetti,Jakarta Barat,apartemen,,,,Not_Found
Veranda Residence @Puri,Jakarta Barat,apartemen,,,,Not_Found
Metro Park Residence,Jakarta Barat,apartemen,Kedoya Selatan,,,OSM_Success
Grand Tropic,Jakarta Barat,apartemen,Tanjung Duren Utara,,11470.0,OSM_Success
Kedoya Elok,Jakarta Barat,apartemen,Kedoya Selatan,,11530.0,OSM_Success
Centro City Residence,Jakarta Barat,apartemen,Kedoya Utara,,11460.0,OSM_Success
19 Avenue,Jakarta Barat,apartemen,Pegadungan,,,OSM_Success
Ciputra International Puri,Jakarta Barat,apartemen,,,,Not_Found
Maqna Residence,Jakarta Barat,apartemen,Kebon Jeruk,,11630.0,OSM_Success
Mediterania Gajah Mada,Jakarta Barat,apartemen,Keagungan,,,OSM_Success
Green Parkview,Jakarta Barat,apartemen,Cengkareng,,,OSM_Success
Grand Palm Residence,Jakarta Barat,apartemen,,,,Not_Found
City Park,Jakarta Barat,apartemen,Cengkareng Timur,,,OSM_Success
Stars Residence,Jakarta Barat,apartemen,,,,Not_Found
Gallery West Residence,Jakarta Barat,apartemen,,,,Not_Found
Permata Eksekutif,Jakarta Barat,apartemen,Kelapa Dua,,11550.0,OSM_Success
Puri Mansion,Jakarta Barat,apartemen,Kembangan Selatan,,,OSM_Success
D'Lofts,Jakarta Barat,apartemen,Palmerah,,11480.0,OSM_Success
Mediterania Tanjung Duren,Jakarta Barat,apartemen,Tanjung Duren Selatan,,,OSM_Success
Taman Anggrek,Jakarta Barat,apartemen,Tanjung Duren Selatan,,11440.0,OSM_Success
St Moritz,Jakarta Barat,apartemen,Kembangan Selatan,,11610.0,OSM_Success
Menara Latumenten,Jakarta Barat,apartemen,Jelambar Baru,,11410.0,OSM_Success
Central Park,Jakarta Barat,apartemen,Tanjung Duren Selatan,,11450.0,OSM_Success
Royal Mediterania Garden,Jakarta Barat,apartemen,Tanjung Duren Selatan,,11470.0,OSM_Success
GP Plaza,Jakarta Barat,apartemen,Gelora,,10270,OSM_Success_Recovered
Slipi,Jakarta Barat,apartemen,Palmerah,,10260.0,OSM_Success
Taman Anggrek Residences,Jakarta Barat,apartemen,Tanjung Duren Selatan,,,OSM_Success
Grand Madison,Jakarta Barat,apartemen,Tanjung Duren Selatan,,11470.0,OSM_Success
Satu8 Residence,Jakarta Barat,apartemen,Kedoya Selatan,,,OSM_Success
Citra Garden City,Jakarta Barat,apartemen,Tegal Alur,,,OSM_Success
Seasons City,Jakarta Barat,apartemen,Jembatan Besi,,11320.0,OSM_Success
Green Sedayu,Jakarta Barat,apartemen,Kalideres,,,OSM_Success
Belmont Residence,Jakarta Barat,apartemen,Srengseng,,11630.0,OSM_Success
Metro Park Residences,Jakarta Barat,apartemen,,,,Not_Found
Madison Park,Jakarta Barat,apartemen,Tanjung Duren Selatan,,11430.0,OSM_Success
Puri Park Residence,Jakarta Barat,apartemen,Jatiwarna,,17415,OSM_Success_Recovered
Puri Garden,Jakarta Barat,apartemen,Semanan,,,OSM_Success
Daan Mogot City,Jakarta Barat,apartemen,Kalideres,,,OSM_Success
Puri Park View,Jakarta Barat,apartemen,Meruya Utara,,11630.0,OSM_Success
City Resort,Jakarta Barat,apartemen,Cengkareng Timur,,11730.0,OSM_Success
Sky Terrace Lagoon Condominium,Jakarta Barat,apartemen,,,,Not_Found
Point 8 Terrace Mansion,Jakarta Barat,apartemen,,,,Not_Found
Green Central City,Jakarta Pusat,apartemen,Rawasari,,10570.0,OSM_Success
Westmark Apartment,Jakarta Barat,apartemen,Tanjung Duren Selatan,,11470.0,OSM_Success
City Garden,Jakarta Barat,apartemen,Tegal Alur,,,OSM_Success
Windsor,Jakarta Barat,apartemen,,,,Not_Found
Menara Kebon Jeruk,Jakarta Barat,apartemen,Duri Kepa,,11430.0,OSM_Success
Tomang Park,Jakarta Barat,apartemen,Tomang,,,OSM_Success
West Vista,Jakarta Barat,apartemen,Duri Kosambi,,,OSM_Success
SOHO @ Podomoro City,Jakarta Barat,apartemen,Grogol Petamburan,,11470.0,OSM_Success
Gading Nias,Jakarta Utara,apartemen,Pegangsaan Dua,,14250.0,OSM_Success
Oceana Residence,Jakarta Utara,apartemen,,,,Not_Found
Summerville,Jakarta Utara,apartemen,Kelapa Gading Timur,,14240.0,OSM_Success
Menara Marina Condominium,Jakarta Utara,apartemen,,,,Not_Found
Metro Sunter,Jakarta Utara,apartemen,Papanggo,,14340.0,OSM_Success
Summit,Jakarta Utara,apartemen,Kelapa Gading Timur,,14240.0,OSM_Success
The LINQ Kemayoran,Jakarta Pusat,apartemen,Pademangan Timur,,14410,OSM_Success_Recovered
Aston Pluit,Jakarta Utara,apartemen,Pluit,,14440.0,OSM_Success
Aston Marina Residence,Jakarta Utara,apartemen,,,,Not_Found
Marina Mediterania Ancol,Jakarta Utara,apartemen,Ancol,,14430.0,OSM_Success
Kelapa Gading Square,Jakarta Utara,apartemen,,,,Not_Found
Sedayu City,Jakarta Utara,apartemen,Rawa Terate,,14250.0,OSM_Success
Green Bay Pluit,Jakarta Utara,apartemen,Pluit,,14440.0,OSM_Success
Green Lake Sunter,Jakarta Utara,apartemen,Sunter Agung,,14350.0,OSM_Success
De Ploeit Centrale,Jakarta Utara,apartemen,Pluit,,14440.0,OSM_Success
Sunter Park View,Jakarta Utara,apartemen,Sunter Jaya,,14350.0,OSM_Success
Sunter Icon,Jakarta Utara,apartemen,Sunter Agung,,14350.0,OSM_Success
Royal Tower Riverside,Jakarta Utara,apartemen,,,,Not_Found
Oyama Plaza,Jakarta Utara,apartemen,,,,Not_Found
Regatta,Jakarta Utara,apartemen,Penjaringan,,14430.0,OSM_Success
Gold Coast,Jakarta Utara,apartemen,Kamal Muara,,14470.0,OSM_Success
Pluit Sea View,Jakarta Utara,apartemen,Penjaringan,,14430.0,OSM_Success
Tokyo Riverside Apartment,Jakarta Utara,apartemen,,,,Not_Found
The Park Residence,Jakarta Utara,apartemen,Kelapa Gading Barat,,14240.0,OSM_Success
Maple Park,Jakarta Utara,apartemen,Sunter Agung,,14350.0,OSM_Success
City Home Apartment,Jakarta Utara,apartemen,,,,Not_Found
Gading Mediterania Residence,Jakarta Utara,apartemen,,,,Not_Found
Ancol Mansion,Jakarta Utara,apartemen,Ancol,,14430.0,OSM_Success
Northland Ancol Residence,Jakarta Utara,apartemen,Pademangan Barat,,14420.0,OSM_Success
Wisma Gading Permai,Jakarta Utara,apartemen,Kelapa Gading Timur,,14250.0,OSM_Success
French Walk,Jakarta Utara,apartemen,Kelapa Gading Barat,,14240.0,OSM_Success
Gading Green Hill,Jakarta Utara,apartemen,,,,Not_Found
Gading Resort Residences,Jakarta Utara,apartemen,Kelapa Gading Barat,,14240.0,OSM_Success
Gading Icon,Jakarta Utara,apartemen,Pulo Gadung,,13260,OSM_Success_Recovered
Sherwood Residence,Jakarta Utara,apartemen,Kelapa Gading Barat,,14240.0,OSM_Success
The Kensington Royal Suites,Jakarta Utara,apartemen,Kelapa Gading Timur,,14240.0,OSM_Success
Robinson,Jakarta Utara,apartemen,Pejagalan,,14450.0,OSM_Success
Apartemen Pantai Mutiara,Jakarta Utara,apartemen,Pluit,,14440,OSM_Success_Recovered
Laguna Pluit,Jakarta Utara,apartemen,Pluit,,14440.0,OSM_Success
Aston Marina,Jakarta Utara,apartemen,,,,Not_Found
Paladian Park,Jakarta Utara,apartemen,Kelapa Gading Barat,,14240.0,OSM_Success
Teluk Intan,Jakarta Utara,apartemen,Pejagalan,,14450.0,OSM_Success
CBD Pluit,Jakarta Utara,apartemen,Penjaringan,,14430.0,OSM_Success
Osaka Riverview,Jakarta Utara,apartemen,,,,Not_Found
Monumen Selamat Datang,Jakarta Pusat,bangunan_dan_struktur,Menteng,,10310.0,OSM_Success
Hotel Indonesia,Jakarta Pusat,bangunan_dan_struktur,Menteng,,10310.0,OSM_Success
The Westin,Jakarta Selatan,bangunan_dan_struktur,Karet Kuningan,,12940.0,OSM_Success
Wisma Arthaloka,Jakarta Pusat,bangunan_dan_struktur,Karet Tengsin,,10220.0,OSM_Success
Wisma Kyoei Prince,Jakarta Pusat,bangunan_dan_struktur,,,,Not_Found
Wisma Prince Center,Jakarta Pusat,bangunan_dan_struktur,,,,Not_Found
Wisma Nugraha Santana,Jakarta Pusat,bangunan_dan_struktur,,,,Not_Found
Mid Plaza,Jakarta Selatan,bangunan_dan_struktur,,,,Not_Found
Da Vinci Tower,Jakarta Pusat,bangunan_dan_struktur,,,,Not_Found
Hotel Sahid Jakarta,Jakarta Selatan,bangunan_dan_struktur,Karet Tengsin,,10220,OSM_Success_Recovered
Le Meridien Hotel,Jakarta Selatan,bangunan_dan_struktur,Karet,,10220.0,OSM_Success
Wisma Dharmala Sakti,Jakarta Selatan,bangunan_dan_struktur,,,,Not_Found
Wisma Sudirman,Jakarta Selatan,bangunan_dan_struktur,Karet,,10220.0,OSM_Success
Gedung BRI I,Jakarta Pusat,bangunan_dan_struktur,Bendungan Hilir,,10210.0,OSM_Success
Gedung BRI II,Jakarta Pusat,bangunan_dan_struktur,Bendungan Hilir,,10210.0,OSM_Success
Wisma GKBI,Jakarta Pusat,bangunan_dan_struktur,Bendungan Hilir,,10210.0,OSM_Success
Hotel Sultan,Jakarta Pusat,bangunan_dan_struktur,Gelora,,10270.0,OSM_Success
Gelora Bung Karno,Jakarta Pusat,bangunan_dan_struktur,Tanah Abang,,10270.0,OSM_Success
Sudirman Palace,Jakarta Selatan,bangunan_dan_struktur,,,,Not_Found
Depdiknas (Kemendikbud),Jakarta Selatan,bangunan_dan_struktur,,,,Not_Found
Ratu Plaza,Jakarta Selatan,bangunan_dan_struktur,Gelora,,10270,OSM_Success_Recovered
Panin Bank Center,Jakarta Selatan,bangunan_dan_struktur,Gelora,,10270,OSM_Success_Recovered
Thamrin City,Jakarta Pusat,bangunan_dan_struktur,Kebon Melati,,10230.0,OSM_Success
Thamrin Executive Residences,Jakarta Pusat,bangunan_dan_struktur,,,,Not_Found
Thamrin Residences,Jakarta Pusat,bangunan_dan_struktur,Kebon Melati,,10230.0,OSM_Success
Cosmo Mansion,Jakarta Pusat,bangunan_dan_struktur,,,,Not_Found
Jakarta Residences,Jakarta Pusat,bangunan_dan_struktur,Kebon Kosong,,10630,OSM_Success_Recovered
Cosmo Terrace,Jakarta Pusat,bangunan_dan_struktur,Kebon Melati,,10230.0,OSM_Success
Hotel Mandarin Oriental,Jakarta Pusat,bangunan_dan_struktur,Menteng,,10310.0,OSM_Success
BBD Plaza,Jakarta Pusat,bangunan_dan_struktur,,,,Not_Found
Stasiun Dukuh Atas,Jakarta Selatan,bangunan_dan_struktur,Setiabudi,,10310.0,OSM_Success
Landmark Towers,Jakarta Selatan,bangunan_dan_struktur,,,,Not_Found
Wisma Indocement,Jakarta Selatan,bangunan_dan_struktur,Setiabudi,,10220.0,OSM_Success
Wisma Bumiputera,Jakarta Selatan,bangunan_dan_struktur,Setiabudi,,10220.0,OSM_Success
Chase Plaza,Jakarta Selatan,bangunan_dan_struktur,Setiabudi,,12910.0,OSM_Success
Wisma Tamara,Jakarta Selatan,bangunan_dan_struktur,Karet,,10220.0,OSM_Success
Wisma BCA,Jakarta Pusat,bangunan_dan_struktur,Pondok Pinang,,12310,OSM_Success_Recovered
Plaza Lippo,Jakarta Selatan,bangunan_dan_struktur,Kramat Jati,,13510,OSM_Success_Recovered
Plaza DM,Jakarta Selatan,bangunan_dan_struktur,,,,Not_Found
Sona Topas Tower,Jakarta Selatan,bangunan_dan_struktur,,,,Not_Found
Mayapada Tower,Jakarta Selatan,bangunan_dan_struktur,Karet,,12920.0,OSM_Success
Wisma Metropolitan 1,Jakarta Pusat,bangunan_dan_struktur,Rawa Badak Utara,,14230,OSM_Success_Recovered
Wisma Metropolitan 2,Jakarta Pusat,bangunan_dan_struktur,Quilicura,Provincia de Santiago,8320000,OSM_Success_Recovered
World Trade Center Jakarta,Jakarta Selatan,bangunan_dan_struktur,Karet,,12920.0,OSM_Success
Sampoerna Strategic Square,Jakarta Selatan,bangunan_dan_struktur,Karet Semanggi,,,OSM_Success
Plaza Sentral,Jakarta Selatan,bangunan_dan_struktur,Karet Semanggi,,12930.0,OSM_Success
Rumah Sakit Jakarta,Jakarta Pusat,bangunan_dan_struktur,Cempaka Putih Timur,,10540.0,OSM_Success
Universitas Kristen Atma Jaya,Jakarta Selatan,bangunan_dan_struktur,,,,Not_Found
Plaza Semanggi,Jakarta Selatan,bangunan_dan_struktur,Karet Semanggi,,12930.0,OSM_Success
Balai Sarbini,Jakarta Selatan,bangunan_dan_struktur,,,,Not_Found
Jembatan Semanggi,Jakarta Selatan,bangunan_dan_struktur,Senayan,,12930.0,OSM_Success
Polda Metro Jaya,Jakarta Selatan,bangunan_dan_struktur,Senayan,,12190.0,OSM_Success
Jakarta Stock Exchange,Jakarta Selatan,bangunan_dan_struktur,Senayan,,12190,OSM_Success_Recovered
Plaza Bapindo,Jakarta Selatan,bangunan_dan_struktur,,,,Not_Found
Graha Niaga,Jakarta Selatan,bangunan_dan_struktur,Senayan,,12190.0,OSM_Success
Plaza ABDA,Jakarta Selatan,bangunan_dan_struktur,,,,Not_Found
Menara Sudirman,Jakarta Selatan,bangunan_dan_struktur,Senayan,,12190.0,OSM_Success
Summitmas,Jakarta Selatan,bangunan_dan_struktur,Senayan,,12190.0,OSM_Success
Sudirman Plaza,Jakarta Selatan,bangunan_dan_struktur,Setiabudi,,10220.0,OSM_Success
Bank Indonesia,Jakarta Pusat,bangunan_dan_struktur,Gambir,,10110.0,OSM_Success
Departemen Energi dan Sumber Daya Mineral(ESDM),Jakarta Pusat,bangunan_dan_struktur,,,,Not_Found
Departemen Agama Republik Indonesia,Jakarta Pusat,bangunan_dan_struktur,,,,Not_Found
Bank Rama,Jakarta Pusat,bangunan_dan_struktur,,,,Not_Found
Badan Perencanaan dan Penerapan Teknologi(BPPT),Jakarta Pusat,bangunan_dan_struktur,,,,Not_Found
Bank Bangkok,Jakarta Pusat,bangunan_dan_struktur,,,,Not_Found
Menara Thamrin Bank Mandiri Syariah,Jakarta Pusat,bangunan_dan_struktur,,,,Not_Found
Gedung Jaya,Jakarta Pusat,bangunan_dan_struktur,Kampung Bali,,10250.0,OSM_Success
Hotel Sari Pan Pacific,Jakarta Pusat,bangunan_dan_struktur,,,,Not_Found
Badan Pengawas Pemilihan Umum(Bawaslu),Jakarta Pusat,bangunan_dan_struktur,,,,Not_Found
Menara Cakrawala,Jakarta Pusat,bangunan_dan_struktur,Kampung Bali,,10340.0,OSM_Success
Menara Eksekutif,Jakarta Pusat,bangunan_dan_struktur,,,,Not_Found
Gedung Sarinah,Jakarta Pusat,bangunan_dan_struktur,Gondangdia,,10310,OSM_Success_Recovered
Thamrin Office Park,Jakarta Pusat,bangunan_dan_struktur,,,,Not_Found
Kedutaan besar Prancis,Jakarta Pusat,bangunan_dan_struktur,,,,Not_Found
EX Plaza,Jakarta Pusat,bangunan_dan_struktur,Gelora,,10270.0,OSM_Success
Plaza BII,Jakarta Pusat,bangunan_dan_struktur,Gondangdia,,10310.0,OSM_Success
Kedutaan besar Jepang,Jakarta Pusat,bangunan_dan_struktur,Gondangdia,,10350.0,OSM_Success
Kedutaan besar Korea Selatan,Jakarta Pusat,bangunan_dan_struktur,Kuningan Timur,,12950,OSM_Success_Recovered
Wisma Kosgoro,Jakarta Pusat,bangunan_dan_struktur,Gondangdia,,10310.0,OSM_Success
The Kraton Tower,Jakarta Pusat,bangunan_dan_struktur,,,,Not_Found
Oil Center Jakarta,Jakarta Pusat,bangunan_dan_struktur,Gondangdia,,10310.0,OSM_Success
The Plaza Tower,Jakarta Pusat,bangunan_dan_struktur,,,,Not_Found
Plaza Permata,Jakarta Pusat,bangunan_dan_struktur,Gondangdia,,10310.0,OSM_Success
Plaza Indonesia,Jakarta Pusat,bangunan_dan_struktur,Gondangdia,,10350.0,OSM_Success
Grand Hyatt Jakarta,Jakarta Pusat,bangunan_dan_struktur,Gondangdia,,10350.0,OSM_Success
Hotel Nikko,Jakarta Pusat,bangunan_dan_struktur,,,,Not_Found
Grand Indonesia Shopping Town,Jakarta Pusat,bangunan_dan_struktur,Menteng,,10350.0,OSM_Success
Kempinski Residence,Jakarta Pusat,bangunan_dan_struktur,,,,Not_Found
Wisma Nusantara,Jakarta Pusat,bangunan_dan_struktur,Gondangdia,,10310.0,OSM_Success
Menara BCA,Jakarta Pusat,bangunan_dan_struktur,Menteng,,10310.0,OSM_Success
Kedutaan besar Inggris,Jakarta Pusat,bangunan_dan_struktur,,,,Not_Found
UOB Plaza,Jakarta Pusat,bangunan_dan_struktur,Kebon Melati,,10510.0,OSM_Success
Deutsche Bank,Jakarta Pusat,bangunan_dan_struktur,Menteng,,10310.0,OSM_Success
The Thamrin Nine,Jakarta Pusat,bangunan_dan_struktur,,,,Not_Found
Kedutaan besar Jerman,Jakarta Pusat,bangunan_dan_struktur,Menteng,,10350.0,OSM_Success
The City Tower,Jakarta Pusat,bangunan_dan_struktur,Menteng,,10310.0,OSM_Success
Gedung Manggala Wanabakti,Jakarta Pusat,bangunan_dan_struktur,Gelora,,10270.0,OSM_Success
Kementerian Kehutanan Republik Indonesia,Jakarta Pusat,bangunan_dan_struktur,,,,Not_Found
DPR/MPR,Jakarta Pusat,bangunan_dan_struktur,Gelora,,10270.0,OSM_Success
Jakarta Convention Center,Jakarta Pusat,bangunan_dan_struktur,Bendungan Hilir,,10270.0,OSM_Success
Plaza Mandiri,Jakarta Selatan,bangunan_dan_struktur,Senayan,,,OSM_Success
Direktorat Jenderal Pajak,Jakarta Pusat,bangunan_dan_struktur,Senayan,,12930,OSM_Success_Recovered
Autograph Tower,Jakarta Pusat,gedung_tinggi,Kebon Melati,,10230.0,OSM_Success
Luminary Tower,Jakarta Pusat,gedung_tinggi,Kebon Melati,,10230.0,OSM_Success
Gama Tower,Jakarta Selatan,gedung_tinggi,Karet Kuningan,,15920.0,OSM_Success
Azure Tower,Jakarta Selatan,gedung_tinggi,Pademangan Timur,,14410,OSM_Success_Recovered
Treasury Tower,Jakarta Selatan,gedung_tinggi,Senayan,,12190.0,OSM_Success
Trinity Tower,Jakarta Selatan,gedung_tinggi,Karet Kuningan,,15920.0,OSM_Success
Gedung Mori,Jakarta Pusat,gedung_tinggi,Ragunan,,,OSM_Success_Recovered
Wisma 46,Jakarta Pusat,gedung_tinggi,Karet Tengsin,,10220.0,OSM_Success
Menara Astra,Jakarta Pusat,gedung_tinggi,Karet Tengsin,,10220.0,OSM_Success
Millenium Office Tower,Jakarta Pusat,gedung_tinggi,,,,Not_Found
Equinox Tower,Jakarta Selatan,gedung_tinggi,Pademangan Timur,,14410,OSM_Success_Recovered
Revenue Tower,Jakarta Selatan,gedung_tinggi,Senayan,,12190.0,OSM_Success
Raffles Jakarta,Jakarta Selatan,gedung_tinggi,Karet Kuningan,,12940.0,OSM_Success
The Pakubuwono Signature,Jakarta Selatan,gedung_tinggi,Gunung,,12120.0,OSM_Success
World Capital Tower,Jakarta Selatan,gedung_tinggi,Setiabudi,,12950.0,OSM_Success
St Regis Hotel and Residence,Jakarta Selatan,gedung_tinggi,,,,Not_Found
Sahid Sudirman Center,Jakarta Pusat,gedung_tinggi,Karet Tengsin,,10220.0,OSM_Success
Sinarmas MSIG Tower,Jakarta Selatan,gedung_tinggi,Setiabudi,,10220.0,OSM_Success
Menara BCA,Jakarta Pusat,gedung_tinggi,Menteng,,10310.0,OSM_Success
Casa Domaine Tower 1,Jakarta Selatan,gedung_tinggi,Karet Tengsin,,10220,OSM_Success_Recovered
Menara Kompas III,Jakarta Barat,gedung_tinggi,,,,Not_Found
Keraton at The Plaza,Jakarta Pusat,gedung_tinggi,Kebon Kacang,,10350.0,OSM_Success
Mangkuluhur City Apartment Tower A,Jakarta Selatan,gedung_tinggi,Karet Semanggi,,12930.0,OSM_Success
Menara BTPN,Jakarta Selatan,gedung_tinggi,Setiabudi,,12950.0,OSM_Success
Telkom Landmark Tower 2,Jakarta Selatan,gedung_tinggi,,,,Not_Found
Equity Tower,Jakarta Selatan,gedung_tinggi,Senayan,,12190.0,OSM_Success
The Peak 1,Jakarta Selatan,gedung_tinggi,Setiabudi,,,OSM_Success
The Peak 2,Jakarta Selatan,gedung_tinggi,Setiabudi,,,OSM_Success
Denpasar Residence 1,Jakarta Selatan,gedung_tinggi,,,,Not_Found
Denpasar Residence 2,Jakarta Selatan,gedung_tinggi,,,,Not_Found
Capital Place Office Tower,Jakarta Selatan,gedung_tinggi,,,,Not_Found
The Energy Tower,Jakarta Selatan,gedung_tinggi,,,,Not_Found
Kempinski Residences,Jakarta Pusat,gedung_tinggi,,,,Not_Found
Bakrie Tower,Jakarta Selatan,gedung_tinggi,Karet Kuningan,,12940.0,OSM_Success
International Financial Centre Tower 2,Jakarta Selatan,gedung_tinggi,,,,Not_Found
The Pinnacle,Jakarta Pusat,gedung_tinggi,,,,Not_Found
Ritz-Carlton Jakarta Tower A,Jakarta Selatan,gedung_tinggi,,,,Not_Found
Ritz-Carlton Jakarta Tower B,Jakarta Selatan,gedung_tinggi,,,,Not_Found
The Tower,Jakarta Selatan,gedung_tinggi,Karet Semanggi,,12930.0,OSM_Success
PCPD Tower,Jakarta Pusat,gedung_tinggi,,,,Not_Found
My Home & Ascott Apartment,Jakarta Pusat,gedung_tinggi,,,,Not_Found
Sequis Centre Tower,Jakarta Selatan,gedung_tinggi,,,,Not_Found
Casa Domaine Tower 2,Jakarta Selatan,gedung_tinggi,Karet Tengsin,,10220,OSM_Success_Recovered
WTC 3,Jakarta Selatan,gedung_tinggi,,,,Not_Found
SeaView Condominium Tower J,Jakarta Utara,gedung_tinggi,,,,Not_Found
SeaView Condominium Tower K,Jakarta Utara,gedung_tinggi,,,,Not_Found
SeaView Condominium Tower L,Jakarta Utara,gedung_tinggi,,,,Not_Found
SeaView Condominium Tower M,Jakarta Utara,gedung_tinggi,,,,Not_Found
The City Center Batavia,Jakarta Pusat,gedung_tinggi,Cilandak Barat,,12430,OSM_Success_Recovered
The Plaza Office Tower,Jakarta Pusat,gedung_tinggi,,,,Not_Found
Residence 8 @ Senopati Tower A,Jakarta Selatan,gedung_tinggi,Senayan,,12190.0,OSM_Success
Tokopedia Tower,Jakarta Selatan,gedung_tinggi,Karet Semanggi,,12950.0,OSM_Success
Residence 8 @ Senopati Tower B,Jakarta Selatan,gedung_tinggi,Senayan,,12110.0,OSM_Success
Eternity Tower,Jakarta Selatan,gedung_tinggi,,,,Not_Found
Infinity Tower,Jakarta Selatan,gedung_tinggi,,,,Not_Found
Axa Tower Jakarta,Jakarta Selatan,gedung_tinggi,Karet Kuningan,,12940.0,OSM_Success
Neo SOHO,Jakarta Barat,gedung_tinggi,Tanjung Duren Selatan,,11430.0,OSM_Success
SOHO Capital,Jakarta Barat,gedung_tinggi,Tanjung Duren Selatan,,11470.0,OSM_Success
West Vista Puri,Jakarta Barat,gedung_tinggi,,,,Not_Found
Chitaland Tower,Jakarta Barat,gedung_tinggi,,,,Not_Found
Wisma Mulia,Jakarta Selatan,gedung_tinggi,Kuningan Barat,,12710.0,OSM_Success
UOB Plaza,Jakarta Pusat,gedung_tinggi,Kebon Melati,,10510.0,OSM_Success
DBS Tower,Jakarta Pusat,gedung_tinggi,Karet Kuningan,,12940,OSM_Success_Recovered
Anandamaya Residences 1,Jakarta Pusat,gedung_tinggi,,,,Not_Found
One Pacific Place,Jakarta Selatan,gedung_tinggi,Senayan,,12190.0,OSM_Success
MNC Media Tower,Jakarta Pusat,gedung_tinggi,Kebon Sirih,,10340.0,OSM_Success
Central Park Apartment Tower 1,Jakarta Barat,gedung_tinggi,,,,Not_Found
Thamrin Executive Residence,Jakarta Pusat,gedung_tinggi,Kebon Melati,,10230.0,OSM_Success
Menara Palma 2,Jakarta Selatan,gedung_tinggi,Kuningan Timur,,15920.0,OSM_Success
Pacific Place Residences East Tower,Jakarta Selatan,gedung_tinggi,,,,Not_Found
Pacific Place Residences West Tower,Jakarta Selatan,gedung_tinggi,,,,Not_Found
The St Moritz Presidential Suite Tower 1,Jakarta Barat,gedung_tinggi,,,,Not_Found
Anandamaya Residences 2,Jakarta Pusat,gedung_tinggi,,,,Not_Found
Anandamaya Residences 3,Jakarta Pusat,gedung_tinggi,,,,Not_Found
The Orchard Satrio,Jakarta Selatan,gedung_tinggi,,,,Not_Found
The Residence Satrio,Jakarta Selatan,gedung_tinggi,,,,Not_Found
Menara Kadin Indonesia,Jakarta Selatan,gedung_tinggi,,,,Not_Found
Central Park Office Tower,Jakarta Barat,gedung_tinggi,,,,Not_Found
Botanica Apartment II & III,Jakarta Selatan,gedung_tinggi,,,,Not_Found
The St Moritz Presidential Suite Tower 2,Jakarta Barat,gedung_tinggi,,,,Not_Found
The Cosmopolitan Tower,Jakarta Selatan,gedung_tinggi,,,,Not_Found
The Bloomington,Jakarta Selatan,gedung_tinggi,Bangka,,12730.0,OSM_Success
The Tiffany,Jakarta Selatan,gedung_tinggi,Bangka,,12150.0,OSM_Success
Sky Tower,Jakarta Selatan,gedung_tinggi,Karet Kuningan,,12910.0,OSM_Success
Aston Hotel Jakarta 1,Jakarta Pusat,gedung_tinggi,Gandaria Selatan,,12420,OSM_Success_Recovered
Ancol Mansion 1,Jakarta Utara,gedung_tinggi,Ancol,,14430.0,OSM_Success
Ancol Mansion 2,Jakarta Utara,gedung_tinggi,Ancol,,14430.0,OSM_Success
Sopo Del Tower A,Jakarta Selatan,gedung_tinggi,Kuningan Timur,,12950.0,OSM_Success
Centennial Tower,Jakarta Selatan,gedung_tinggi,Karet Semanggi,,12950.0,OSM_Success
City Lofts,Jakarta Pusat,gedung_tinggi,,,,Not_Found
AIA Central,Jakarta Pusat,gedung_tinggi,Karet Semanggi,,12930,OSM_Success_Recovered
The Grove Tower 1,Jakarta Selatan,gedung_tinggi,Karet Kuningan,,,OSM_Success
Office 8,Jakarta Selatan,gedung_tinggi,Senayan,,12110.0,OSM_Success
Plaza BII Tower II,Jakarta Pusat,gedung_tinggi,,,,Not_Found
World Trade Center Tower II,Jakarta Selatan,gedung_tinggi,,,,Not_Found
Botanica Apartment Tower I,Jakarta Selatan,gedung_tinggi,,,,Not_Found
Lacewood Tower,Jakarta Selatan,gedung_tinggi,Kebayoran Lama Utara,,12220.0,OSM_Success
The St Moritz Office Tower 1,Jakarta Barat,gedung_tinggi,,,,Not_Found
Sudirman Square Tower A,Jakarta Selatan,gedung_tinggi,,,,Not_Found
Cyber 2 Tower,Jakarta Selatan,gedung_tinggi,Kuningan Timur,,12950.0,OSM_Success
Indofood Tower,Jakarta Pusat,gedung_tinggi,Setiabudi,,12910,OSM_Success_Recovered
Mid Plaza Hotel Tower,Jakarta Pusat,gedung_tinggi,,,,Not_Found
Menara BRI Gatot Subroto,Jakarta Selatan,gedung_tinggi,,,,Not_Found
Mangkuluhur City Office Tower One,Jakarta Selatan,gedung_tinggi,,,,Not_Found
Taman Anggrek (I–VIII),Jakarta Barat,gedung_tinggi,,,,Not_Found
Menara BNI,Jakarta Pusat,gedung_tinggi,Bendungan Hilir,,10210.0,OSM_Success
Dukuh Golf Apartment Tower (1–4),Jakarta Timur,gedung_tinggi,,,,Not_Found
Kemayoran Office Tower (1–3),Jakarta Pusat,gedung_tinggi,,,,Not_Found
Royal Springfield Residence (5–6),Jakarta Barat,gedung_tinggi,,,,Not_Found
Lotus,Jakarta Barat,gedung_tinggi,Duri Kosambi,,11750.0,OSM_Success
Lavender,Jakarta Barat,gedung_tinggi,Tanjung Duren Selatan,,11470.0,OSM_Success
Magnolia,Jakarta Barat,gedung_tinggi,Joglo,,11640.0,OSM_Success
Marygold,Jakarta Barat,gedung_tinggi,Pademangan Timur,,14410,OSM_Success_Recovered
Aston Hotel Jakarta II,Jakarta Pusat,gedung_tinggi,,,,Not_Found
ITC Kuningan,Jakarta Selatan,gedung_tinggi,Karet Kuningan,,12940.0,OSM_Success
The City Tower,Jakarta Pusat,gedung_tinggi,Menteng,,10310.0,OSM_Success
Fairmont Hotel,Jakarta Pusat,gedung_tinggi,Gelora,,10270.0,OSM_Success
Multivision Tower,Jakarta Selatan,gedung_tinggi,Guntur,,12970.0,OSM_Success
Alam Lestari,Jakarta Pusat,kompleks,,,,Not_Found
Asrama Brimob Jatinegara Kaum,Jakarta Timur,kompleks,Jatinegara Kaum,,10710.0,OSM_Success
Asrama Polisi Pesing,Jakarta Barat,kompleks,Kedoya Utara,,11710.0,OSM_Success
Asrama Zeni TNI AD Lubang Buaya,Jakarta Timur,kompleks,,,,Not_Found
B21 Jl. Vila,Jakarta Selatan,kompleks,,,,Not_Found
Bali Village,Jakarta Selatan,kompleks,Cipete Selatan,,12410.0,OSM_Success
Billy & Moon,Jakarta Timur,kompleks,Pondok Kelapa,,13440.0,OSM_Success
Buaran Regency,Jakarta Timur,kompleks,Pondok Kelapa,,13450.0,OSM_Success
Buaran Regensi,Jakarta Timur,kompleks,,,,Not_Found
Bukit Duri Permai,Jakarta Timur,kompleks,Kampung Melayu,,,OSM_Success
Bukit Gading Mediterania,Jakarta Utara,kompleks,Kelapa Gading Barat,,14240.0,OSM_Success
Bukit Gading Villa,Jakarta Utara,kompleks,Kelapa Gading Barat,,14240.0,OSM_Success
Bukit Golf,Jakarta Utara,kompleks,Pondok Pinang,,12420,OSM_Success_Recovered
Bukit Golf Mediterania PIK,Jakarta Utara,kompleks,,,,Not_Found
Bukit Golf Pondok Indah,Jakarta Selatan,kompleks,Pondok Pinang,,12420.0,OSM_Success
Bukit Inkai,Jakarta Selatan,kompleks,,,,Not_Found
Bukit Pratama,Jakarta Selatan,kompleks,Lebak Bulus,,15419.0,OSM_Success
Bumi Cengkareng Permai,Jakarta Barat,kompleks,,,,Not_Found
Bumi Harapan Permai,Jakarta Timur,kompleks,Dukuh,,13550.0,OSM_Success
Bumi Harum Manis,Jakarta Selatan,kompleks,,,,Not_Found
Bumi Kemanggisan Indah,Jakarta Barat,kompleks,,,,Not_Found
Bumi Malaka Asri,Jakarta Timur,kompleks,Duren Sawit,,,OSM_Success
Bumi Pesanggrahan Mas,Jakarta Selatan,kompleks,,,,Not_Found
Buncit Town House,Jakarta Selatan,kompleks,,,,Not_Found
Casamora,Jakarta Selatan,kompleks,Ciganjur,,12620.0,OSM_Success
Cengkareng Residence,Jakarta Barat,kompleks,Cengkareng,,11730.0,OSM_Success
Cilandak Permai,Jakarta Selatan,kompleks,Cilandak Barat,,12430.0,OSM_Success
Cilandak Town House,Jakarta Selatan,kompleks,,,,Not_Found
Cipinang Indah,Jakarta Timur,kompleks,Duren Sawit,,13420.0,OSM_Success
Cipinang Indah 2,Jakarta Timur,kompleks,Cipinang Muara,,,OSM_Success
Citra Garden 1,Jakarta Barat,kompleks,Tegal Alur,,,OSM_Success
Citra Garden 2,Jakarta Barat,kompleks,Tegal Alur,,,OSM_Success
Citra Garden 3,Jakarta Barat,kompleks,Tegal Alur,,,OSM_Success
Citra Garden 5,Jakarta Barat,kompleks,Tegal Alur,,,OSM_Success
Daan Mogot Estate,Jakarta Barat,kompleks,Kapuk,,11720.0,OSM_Success
Damai Town House,Jakarta Timur,kompleks,,,,Not_Found
De Oaze Tomang Residence,Jakarta Barat,kompleks,,,,Not_Found
Duri Besar,Jakarta Barat,kompleks,,,,Not_Found
Duta Harapan Indah,Jakarta Utara,kompleks,Kapuk Muara,,14460.0,OSM_Success
Flat Rumah Dinas Bank Indonesia,Jakarta Selatan,kompleks,,,,Not_Found
Gading Eight Residence,Jakarta Utara,kompleks,Kelapa Gading Barat,,14240.0,OSM_Success
Gading Grande Residences,Jakarta Utara,kompleks,,,,Not_Found
Gading Griya Lestari,Jakarta Utara,kompleks,Sukapura,,14140.0,OSM_Success
Gading Kusuma,Jakarta Utara,kompleks,Kelapa Gading Timur,,14240.0,OSM_Success
Gading Nirwana,Jakarta Utara,kompleks,Pegangsaan Dua,,14250.0,OSM_Success
Gading Park View,Jakarta Utara,kompleks,Pegangsaan Dua,,14250.0,OSM_Success
Gading Riviera,Jakarta Utara,kompleks,Pegangsaan Dua,,14250.0,OSM_Success
Gedong Asri,Jakarta Timur,kompleks,Gedong,,13760.0,OSM_Success
Grand Matoa,Jakarta Selatan,kompleks,Cipedak,,16512.0,OSM_Success
Green Garden,Jakarta Barat,kompleks,Kedoya Utara,,,OSM_Success
Green Garden Rorotan,Jakarta Utara,kompleks,Rorotan,,14140.0,OSM_Success
Green Garden Town House,Jakarta Barat,kompleks,,,,Not_Found
Green Park,Jakarta Timur,kompleks,Cakung Timur,,,OSM_Success
Griya Aquila,Jakarta Selatan,kompleks,,,,Not_Found
Griya Sunter Pratama,Jakarta Utara,kompleks,,,,Not_Found
Griya Sutra Jatipadang,Jakarta Selatan,kompleks,,,,Not_Found
Harris Residence,Jakarta Timur,kompleks,,,,Not_Found
IKIP Komplek Duren Sawit,Jakarta Timur,kompleks,,,,Not_Found
Intan Town House,Jakarta Selatan,kompleks,,,,Not_Found
Jamrud Town House,Jakarta Timur,kompleks,,,,Not_Found
Janur Elok (Kelapa Gading Permai),Jakarta Utara,kompleks,,,,Not_Found
Jati Indah Resort,Jakarta Selatan,kompleks,,,,Not_Found
Jati Padang Residence,Jakarta Selatan,kompleks,,,,Not_Found
Jatinegara Baru,Jakarta Timur,kompleks,Penggilingan,,,OSM_Success
Jatipadang Estate,Jakarta Selatan,kompleks,,,,Not_Found
Kalideres Permai,Jakarta Barat,kompleks,Kalideres,,11840.0,OSM_Success
Karang Indah,Jakarta Utara,kompleks,Pluit,,14440.0,OSM_Success
Karang Molek,Jakarta Utara,kompleks,Pluit,,14440.0,OSM_Success
Kavling DPRD,Jakarta Selatan,kompleks,Cibubur,,13720,OSM_Success_Recovered
Kavling Jatipadang,Jakarta Selatan,kompleks,,,,Not_Found
Kavling Semper,Jakarta Utara,kompleks,,,,Not_Found
Kawasan Departemen Kesehatan,Jakarta Pusat,kompleks,,,,Not_Found
Kebon Jeruk Baru,Jakarta Barat,kompleks,Kebon Jeruk,,11530.0,OSM_Success
Kebon Jeruk Indah,Jakarta Barat,kompleks,Duri Kepa,,11510.0,OSM_Success
Kebon Jeruk Permai,Jakarta Barat,kompleks,,,,Not_Found
Kedoya Garden,Jakarta Barat,kompleks,Kedoya Selatan,,11610.0,OSM_Success
Kedoya Permai,Jakarta Barat,kompleks,,,,Not_Found
Kelapa Gading Griya,Jakarta Utara,kompleks,,,,Not_Found
Kelapa Gading Pratama,Jakarta Utara,kompleks,Tugu Utara,,14260.0,OSM_Success
Kemang Indah,Jakarta Selatan,kompleks,,,,Not_Found
Kemang Village,Jakarta Selatan,kompleks,Bangka,,,OSM_Success
Kemanggisan Indah,Jakarta Barat,kompleks,,,,Not_Found
Kemayoran Villa,Jakarta Pusat,kompleks,,,,Not_Found
Kesatrian Marinir Cilandak,Jakarta Selatan,kompleks,,,,Not_Found
Klingkit Permai,Jakarta Barat,kompleks,Rawa Buaya,,11740.0,OSM_Success
Komplek Depkeu,Jakarta Timur,kompleks,,,,Not_Found
Komplek Rindam Jaya,Jakarta Timur,kompleks,,,,Not_Found
Komplek Perwira Mabad,Jakarta Barat,kompleks,,,,Not_Found
Komplek Agraria,Jakarta Selatan,kompleks,Kebayoran Lama Selatan,,12240.0,OSM_Success
Komplek Airud,Jakarta Utara,kompleks,,,,Not_Found
Komplek Akabri,Jakarta Selatan,kompleks,,,,Not_Found
Komplek Alamanda,Jakarta Selatan,kompleks,,,,Not_Found
Komplek Ambon,Jakarta Barat,kompleks,,,,Not_Found
Komplek Anggaran,Jakarta Selatan,kompleks,Duren Sawit,,13470,OSM_Success_Recovered
Komplek Anggota PWI,Jakarta Timur,kompleks,,,,Not_Found
Komplek Angkasa Pura,Jakarta Pusat,kompleks,Kebon Kosong,,,OSM_Success
KOMPLEK ANGKATAN LAUT,Jakarta Pusat,kompleks,,,,Not_Found
KOMPLEK BABEK TNI AD,Jakarta Utara,kompleks,,,,Not_Found
KOMPLEK BAKN,Jakarta Pusat,kompleks,,,,Not_Found
KOMPLEK BANGUN CIPTASARANA,Jakarta Timur,kompleks,,,,Not_Found
KOMPLEK BANK INDONESIA (JATIPADANG),Jakarta Selatan,kompleks,,,,Not_Found
KOMPLEK BANK INDONESIA (KEMANGGISAN),Jakarta Barat,kompleks,,,,Not_Found
KOMPLEK BANK INDONESIA (MENTENG ATAS),Jakarta Selatan,kompleks,,,,Not_Found
KOMPLEK BANK INDONESIA (MENTENG DALAM),Jakarta Selatan,kompleks,,,,Not_Found
KOMPLEK BANK INDONESIA (PASAR MINGGU),Jakarta Selatan,kompleks,,,,Not_Found
KOMPLEK BANK MANDIRI,Jakarta Selatan,kompleks,Mampang Prapatan,,17431.0,OSM_Success
KOMPLEK BAPPENAS,Jakarta Selatan,kompleks,,,,Not_Found
KOMPLEK BAPPENAS 1,Jakarta Selatan,kompleks,,,,Not_Found
KOMPLEK BATAN,Jakarta Selatan,kompleks,,,,Not_Found
KOMPLEK BATU KRAMAT,Jakarta Timur,kompleks,Batu Ampar,,13540.0,OSM_Success
KOMPLEK BATU SARI,Jakarta Barat,kompleks,,,,Not_Found
KOMPLEK BBD,Jakarta Selatan,kompleks,,,,Not_Found
KOMPLEK BBD (CIGANJUR),Jakarta Selatan,kompleks,,,,Not_Found
KOMPLEK BDN,Jakarta Barat,kompleks,Grogol Petamburan,,11460.0,OSM_Success
KOMPLEK BEA CUKAI,Jakarta Timur,kompleks,Sukapura,,14140,OSM_Success_Recovered
KOMPLEK BEA CUKAI (PASAR MINGGU),Jakarta Selatan,kompleks,,,,Not_Found
KOMPLEK BEA CUKAI (SUKAPURA),Jakarta Utara,kompleks,,,,Not_Found
KOMPLEK BERMIS,Jakarta Utara,kompleks,Pluit,,14440.0,OSM_Success
KOMPLEK BIN,Jakarta Selatan,kompleks,Bintaro,,12330.0,OSM_Success
KOMPLEK BINAMARGA (CIPAYUNG),Jakarta Timur,kompleks,,,,Not_Found
KOMPLEK BINAMARGA (KEBAYORAN LAMA SELATAN),Jakarta Selatan,kompleks,,,,Not_Found
KOMPLEK BINAMARGA (PONDOK KELAPA),Jakarta Timur,kompleks,,,,Not_Found
KOMPLEK BINAMARGA (PONDOK PINANG),Jakarta Selatan,kompleks,,,,Not_Found
KOMPLEK BINAMARGA (RAWAJATI),Jakarta Selatan,kompleks,,,,Not_Found
KOMPLEK BNI 46,Jakarta Barat,kompleks,Kemanggisan,,11420.0,OSM_Success
KOMPLEK BNI 46 (CILANDAK BARAT),Jakarta Selatan,kompleks,,,,Not_Found
KOMPLEK BPP TEKNOLOGI,Jakarta Barat,kompleks,,,,Not_Found
KOMPLEK BRI (JATIPADANG),Jakarta Selatan,kompleks,,,,Not_Found
KOMPLEK BRI (RAWASARI),Jakarta Pusat,kompleks,,,,Not_Found
KOMPLEK BRIMOB (CILINCING),Jakarta Utara,kompleks,,,,Not_Found
KOMPLEK BRIMOB (SLIPI),Jakarta Barat,kompleks,,,,Not_Found
KOMPLEK BTN,Jakarta Barat,kompleks,Kembangan Utara,,11740.0,OSM_Success
KOMPLEK BTN (KEMBANGAN UTARA),Jakarta Barat,kompleks,Kembangan Utara,,11740.0,OSM_Success
KOMPLEK BUARAN BARU,Jakarta Timur,kompleks,,,,Not_Found
KOMPLEK BULOG (KAYU PUTIH),Jakarta Timur,kompleks,Kayu Putih,,10570.0,OSM_Success
KOMPLEK BULOG (SUKABUMI SELATAN),Jakarta Barat,kompleks,Sukabumi Selatan,,,OSM_Success
KOMPLEK BULUH PERINDU,Jakarta Timur,kompleks,,,,Not_Found
KOMPLEK BUNGUR 3,Jakarta Selatan,kompleks,,,,Not_Found
KOMPLEK CAKRAWALA,Jakarta Utara,kompleks,,,,Not_Found
KOMPLEK CALTEX,Jakarta Selatan,kompleks,,,,Not_Found
KOMPLEK CARINA SAYANG 1,Jakarta Utara,kompleks,,,,Not_Found
KOMPLEK CPM,Jakarta Selatan,kompleks,,,,Not_Found
KOMPLEK DEN ZIPUR 3,Jakarta Timur,kompleks,,,,Not_Found
KOMPLEK DEPARTEMEN AGAMA,Jakarta Barat,kompleks,Kedaung Kali Angke,,11710.0,OSM_Success
KOMPLEK DEPARTEMEN DALAM NEGERI,Jakarta Selatan,kompleks,,,,Not_Found
KOMPLEK DEPARTEMEN KESEHATAN (JOGLO),Jakarta Barat,kompleks,,,,Not_Found
KOMPLEK DEPARTEMEN KESEHATAN (SUNTER JAYA),Jakarta Utara,kompleks,,,,Not_Found
KOMPLEK DEPARTEMEN KEUANGAN (DUREN SAWIT),Jakarta Timur,kompleks,Duren Sawit,,13440.0,OSM_Success
KOMPLEK DEPARTEMEN KEUANGAN (MERUYA SELATAN),Jakarta Barat,kompleks,,,,Not_Found
KOMPLEK DEPARTEMEN LUAR NEGERI (CIPETE),Jakarta Selatan,kompleks,,,,Not_Found
KOMPLEK DEPARTEMEN LUAR NEGERI (GROGOL SELATAN),Jakarta Selatan,kompleks,,,,Not_Found
KOMPLEK DEPARTEMEN PENERANGAN,Jakarta Barat,kompleks,,,,Not_Found
KOMPLEK DEPARTEMEN PERDAGANGAN,Jakarta Timur,kompleks,,,,Not_Found
KOMPLEK DEPARTEMEN PERHUBUNGAN,Jakarta Timur,kompleks,Tugu Utara,,14260,OSM_Success_Recovered
KOMPLEK DEPARTEMEN PERTANIAN,Jakarta Selatan,kompleks,,,,Not_Found
KOMPLEK DEPARTEMEN SOSIAL,Jakarta Timur,kompleks,,,,Not_Found
KOMPLEK DEPARTEMEN SOSIAL MARGAGUNA,Jakarta Selatan,kompleks,,,,Not_Found
KOMPLEK DEPDAGRI,Jakarta Timur,kompleks,,,,Not_Found
KOMPLEK DEPDAGRI,Jakarta Selatan,kompleks,,,,Not_Found
KOMPLEK DEPDIKBUD,Jakarta Selatan,kompleks,,,,Not_Found
KOMPLEK DEPERINDAH,Jakarta Utara,kompleks,,,,Not_Found
KOMPLEK DEPLU 25,Jakarta Selatan,kompleks,Grogol Selatan,,12230.0,OSM_Success
KOMPLEK DIRGANTARA 1,Jakarta Timur,kompleks,,,,Not_Found
KOMPLEK DIRGANTARA 2,Jakarta Timur,kompleks,,,,Not_Found
KOMPLEK DIRGANTARA 3,Jakarta Timur,kompleks,,,,Not_Found
KOMPLEK DIRJEN ANGGARAN,Jakarta Timur,kompleks,,,,Not_Found
KOMPLEK DISKUM AD,Jakarta Timur,kompleks,,,,Not_Found
KOMPLEK DIT ZENI TNI AD,Jakarta Timur,kompleks,,,,Not_Found
KOMPLEK DITJEN KETENAGAAN,Jakarta Barat,kompleks,,,,Not_Found
KOMPLEK DITTOP TNI AD,Jakarta Pusat,kompleks,,,,Not_Found
KOMPLEK DKI,Jakarta Barat,kompleks,Meruya Utara,,,OSM_Success
KOMPLEK DOKTER,Jakarta Timur,kompleks,Menteng Dalam,,12870,OSM_Success_Recovered
KOMPLEK DOLOG JAYA,Jakarta Timur,kompleks,Duren Sawit,,13440.0,OSM_Success
KOMPLEK DOSEN TRISAKTI,Jakarta Barat,kompleks,,,,Not_Found
KOMPLEK DPA (MERUYA SELATAN),Jakarta Barat,kompleks,,,,Not_Found
KOMPLEK DPA (PALMERAH),Jakarta Barat,kompleks,Palmerah,,11480.0,OSM_Success
KOMPLEK DPK SEMPER BARU,Jakarta Utara,kompleks,,,,Not_Found
KOMPLEK DPR JOGLO,Jakarta Barat,kompleks,Joglo,,11640.0,OSM_Success
KOMPLEK DPR KEMANGGISAN,Jakarta Barat,kompleks,Palmerah,,11480.0,OSM_Success
KOMPLEK DUREN SAWIT BARU,Jakarta Timur,kompleks,,,,Not_Found
KOMPLEK GADING ARCADIA,Jakarta Utara,kompleks,,,,Not_Found
KOMPLEK GRIYA AGUNG PERMAI,Jakarta Pusat,kompleks,,,,Not_Found
KOMPLEK GUDANG PELURU,Jakarta Selatan,kompleks,,,,Not_Found
KOMPLEK HARLAP,Jakarta Selatan,kompleks,,,,Not_Found
JANUR ELOK,Jakarta Utara,kompleks,Kelapa Gading Barat,,14240.0,OSM_Success
KESATRIAAN MARINIR CILANDAK,Jakarta Selatan,kompleks,,,,Not_Found
KOMPLEK DEPARTEMEN KEUANGAN,Jakarta Timur,kompleks,Duren Sawit,,13440.0,OSM_Success
KOMP.RINDAM JAYA,Jakarta Timur,kompleks,,,,Not_Found
KOMPLE PERWIRA MABAD,Jakarta Barat,kompleks,,,,Not_Found
MAWAR TOWNHOUSE,Jakarta Selatan,kompleks,,,,Not_Found
MENTENG METROPOLITAN,Jakarta Timur,kompleks,Menteng,,10310,OSM_Success_Recovered
METRO MARINA,Jakarta Utara,kompleks,Ancol,,14430.0,OSM_Success
MUTIARA BRAWIJAYA,Jakarta Selatan,kompleks,,,,Not_Found
ORANGE GLEN (TAMAN JERUK PURUT),Jakarta Selatan,kompleks,,,,Not_Found
PANORAMA INDAH,Jakarta Timur,kompleks,Gedong,,13760.0,OSM_Success
PERMATA KEMANG TOWN HOUSE,Jakarta Selatan,kompleks,,,,Not_Found
PERMATA REGENCY,Jakarta Barat,kompleks,Srengseng,,,OSM_Success
PERUM INTERKOTA INDAH,Jakarta Barat,kompleks,,,,Not_Found
PERUM JASA TIRTA 2,Jakarta Timur,kompleks,,,,Not_Found
PERUM YASMIN,Jakarta Selatan,kompleks,,,,Not_Found
PERUMAHAN BANK EKONOMI,Jakarta Barat,kompleks,,,,Not_Found
PERUMAHAN BATALYON KAVALERI 1,Jakarta Timur,kompleks,,,,Not_Found
PERUMAHAN BEA CUKAI,Jakarta Barat,kompleks,,,,Not_Found
PERUMAHAN BI,Jakarta Barat,kompleks,Duri Kosambi,,15211.0,OSM_Success
PERUMAHAN BNI,Jakarta Barat,kompleks,,,,Not_Found
PERUMAHAN BUMI INDAH,Jakarta Barat,kompleks,Lebak Bulus,,12440,OSM_Success_Recovered
PERUMAHAN BUMI KARANG INDAH,Jakarta Selatan,kompleks,Lebak Bulus,,12440.0,OSM_Success
PERUMAHAN BUMI MALAKA SARI,Jakarta Timur,kompleks,,,,Not_Found
PERUMAHAN BUMI SARINAH,Jakarta Selatan,kompleks,,,,Not_Found
PERUMAHAN BUNCIT RAYA PERMAI,Jakarta Selatan,kompleks,,,,Not_Found
PERUMAHAN CENGKARENG INDAH,Jakarta Barat,kompleks,,,,Not_Found
PERUMAHAN CIPULIR PERMAI,Jakarta Selatan,kompleks,,,,Not_Found
PERUMAHAN DAAN MOGOT BARU,Jakarta Barat,kompleks,,,,Not_Found
PERUMAHAN DUREN SAWIT,Jakarta Timur,kompleks,Duren Sawit,,,OSM_Success
PERUMAHAN GOLKAR,Jakarta Barat,kompleks,,,,Not_Found
PERUMAHAN JAYA,Jakarta Barat,kompleks,Kalideres,,11840.0,OSM_Success
PERUMAHAN KARYAWAN FILM DAN TELEVISI,Jakarta Barat,kompleks,,,,Not_Found
PERUMAHAN LEMIGAS,Jakarta Barat,kompleks,,,,Not_Found
PERUMAHAN MIGAS 44,Jakarta Barat,kompleks,,,,Not_Found
PERUMAHAN PAJAK,Jakarta Barat,kompleks,Jati Padang,,,OSM_Success_Recovered
PERUMAHAN PERMATA MEDITERANIA,Jakarta Barat,kompleks,,,,Not_Found
PERUMAHAN PERTAMINA,Jakarta Barat,kompleks,,,,Not_Found
PERUMAHAN SEKNEG,Jakarta Barat,kompleks,,,,Not_Found
PERUMAHAN SENAYAN RESIDENCES,Jakarta Selatan,kompleks,,,,Not_Found
PERUMNAS BUMI SANGGRAHA,Jakarta Timur,kompleks,,,,Not_Found
PONDOK ARLIN INDAH,Jakarta Timur,kompleks,,,,Not_Found
PONDOK KUWERO,Jakarta Timur,kompleks,,,,Not_Found
PULOMAS RESIDENCE,Jakarta Timur,kompleks,Pulo Gadung,,,OSM_Success
PURI BOTANICAL RESIDENCE,Jakarta Barat,kompleks,Meruya Selatan,,,OSM_Success
PURI KENCANA,Jakarta Barat,kompleks,Kembangan Selatan,,11610.0,OSM_Success
RESIDENCE 28 KEDOYA,Jakarta Barat,kompleks,Kedoya Selatan,,,OSM_Success
RUKO KELAPA GADING PERMAI,Jakarta Utara,kompleks,,,,Not_Found
RUMAH KEDUTAAN,Jakarta Selatan,kompleks,Kuningan Timur,,12950.0,OSM_Success
RUMAH SUSUN BENDUNGAN HILIR,Jakarta Pusat,kompleks,Bendungan Hilir,,10210.0,OSM_Success
RUMAH SUSUN KEMAYORAN,Jakarta Pusat,kompleks,Kebon Kosong,,,OSM_Success
RUSUN KOMPLEK DKI PENJARINGAN,Jakarta Utara,kompleks,,,,Not_Found
SIMPRUG DIPORIS,Jakarta Utara,kompleks,,,,Not_Found
SUNRISE GARDEN,Jakarta Barat,kompleks,,,,Not_Found
TAMAN ALFA INDAH BLK C 2,Jakarta Barat,kompleks,,,,Not_Found
TAMAN ALFA INDAH BLOCK B9,Jakarta Barat,kompleks,,,,Not_Found
TAMAN BUKIT,Jakarta Selatan,kompleks,Pondok Pinang,,12310.0,OSM_Success
TAMAN GANDARIA,Jakarta Selatan,kompleks,Kramat Pela,,12310.0,OSM_Success
TAMAN GANDARIA BLOK E,Jakarta Selatan,kompleks,,,,Not_Found
TAMAN GRISENDA,Jakarta Utara,kompleks,Kapuk Muara,,14460.0,OSM_Success
TAMAN JATINEGARA,Jakarta Timur,kompleks,Penggilingan,,,OSM_Success
TAMAN KEBON JERUK,Jakarta Barat,kompleks,Srengseng,,11620.0,OSM_Success
TAMAN KEDOYA BARU,Jakarta Barat,kompleks,Kedoya Selatan,,11510.0,OSM_Success
TAMAN MERUYA ILIR,Jakarta Barat,kompleks,Meruya Utara,,11620.0,OSM_Success
TAMAN PALEM LESTARI,Jakarta Barat,kompleks,Cengkareng Barat,,11730.0,OSM_Success
TAMAN PERMATA BUANA,Jakarta Barat,kompleks,,,,Not_Found
TAMAN PERMATA INDAH,Jakarta Barat,kompleks,Jelambar Baru,,11330.0,OSM_Success
TAMAN PERMATA INDAH II,Jakarta Utara,kompleks,Pejagalan,,14450.0,OSM_Success
TAMAN RATU INDAH,Jakarta Barat,kompleks,Kedoya Selatan,,11510.0,OSM_Success
TAMAN RATU INDAH BLOK B4,Jakarta Barat,kompleks,,,,Not_Found
TAMAN TAMAN PERMATA INDAH II (—),Jakarta Utara,kompleks,,,,Not_Found
TAMAN RATU INDAH BLOK BB1,Jakarta Barat,kompleks,,,,Not_Found
TAMAN TIRTA GOLF,Jakarta Selatan,kompleks,,,,Not_Found
TANJUNG MAS RAYA,Jakarta Selatan,kompleks,Tanjung Barat,,,OSM_Success
THE GREEN MANSION,Jakarta Barat,kompleks,,,,Not_Found
THE KEW GARDEN RESIDENCE,Jakarta Utara,kompleks,,,,Not_Found
THE NIRWANA GARDEN,Jakarta Utara,kompleks,,,,Not_Found
THE ST. MORITZ,Jakarta Barat,kompleks,,,,Not_Found
THE VILLAS - KELAPA GADING SQUARE,Jakarta Utara,kompleks,,,,Not_Found
TOWN HOUSE KEMANG,Jakarta Selatan,kompleks,,,,Not_Found
TOWN HOUSE PURI BUNDA,Jakarta Timur,kompleks,,,,Not_Found
VILLA ARTHA GADING,Jakarta Utara,kompleks,Kelapa Gading Barat,,14240.0,OSM_Success
Agora Mall,Jakarta Pusat,mall,Kebon Melati,,10230.0,OSM_Success
Citra Xperience Kemayoran,Jakarta Pusat,mall,Kebon Kosong,,10630.0,OSM_Success
Citywalk Sudirman,Jakarta Pusat,mall,Karet Tengsin,,10220.0,OSM_Success
FX Sudirman,Jakarta Pusat,mall,Gelora,,10270.0,OSM_Success
Gajah Mada Plaza,Jakarta Pusat,mall,Petojo Utara,,10130.0,OSM_Success
Grand Indonesia,Jakarta Pusat,mall,Menteng,,10350.0,OSM_Success
Green Pramuka Square,Jakarta Pusat,mall,Rawasari,,10570.0,OSM_Success
ITC Cempaka Mas,Jakarta Pusat,mall,Sumur Batu,,10640.0,OSM_Success
ITC Roxy Mas,Jakarta Pusat,mall,Cideng,,10150.0,OSM_Success
Mal Atrium Senen,Jakarta Pusat,mall,,,,Not_Found
Mal Mangga Dua,Jakarta Pusat,mall,Mangga Dua Selatan,,10730.0,OSM_Success
Menteng Central,Jakarta Pusat,mall,Menteng,,10330.0,OSM_Success
MGK Kemayoran,Jakarta Pusat,mall,,,,Not_Found
Plaza Indonesia,Jakarta Pusat,mall,Gondangdia,,10350.0,OSM_Success
Plaza Senayan,Jakarta Pusat,mall,Gelora,,10270.0,OSM_Success
Ratu Plaza,Jakarta Pusat,mall,Gelora,,10270.0,OSM_Success
Sarinah,Jakarta Pusat,mall,Gondangdia,,10310.0,OSM_Success
Senayan City,Jakarta Pusat,mall,Gelora,,10270.0,OSM_Success
Senayan Park,Jakarta Pusat,mall,Gelora,,10270.0,OSM_Success
Senayan Trade Center,Jakarta Pusat,mall,,,,Not_Found
Thamrin City,Jakarta Pusat,mall,Kebon Melati,,10230.0,OSM_Success
Baywalk Mall,Jakarta Utara,mall,Pluit,,14450.0,OSM_Success
Bella Terra Lifestyle Center,Jakarta Utara,mall,Kelapa Gading Timur,,14240.0,OSM_Success
By The Sea Shopping District at Golf Island PIK,Jakarta Utara,mall,,,,Not_Found
Emporium Pluit Mall,Jakarta Utara,mall,Penjaringan,,14430.0,OSM_Success
Food Centrum,Jakarta Utara,mall,Sunter Agung,,14350.0,OSM_Success
ITC Mangga Dua,Jakarta Utara,mall,Ancol,,14430.0,OSM_Success
K Mall at Menara Jakarta,Jakarta Utara,mall,Pademangan Timur,,10610.0,OSM_Success
Koja Trade Mall,Jakarta Utara,mall,Tugu Utara,,14260.0,OSM_Success
La Piazza,Jakarta Utara,mall,Kelapa Gading Timur,,14240.0,OSM_Success
Mahaka Square,Jakarta Utara,mall,Kelapa Gading Barat,,14240.0,OSM_Success
Mal Artha Gading,Jakarta Utara,mall,,,,Not_Found
Mall of Indonesia,Jakarta Utara,mall,Kelapa Gading Barat,,14240.0,OSM_Success
Mangga Dua Square,Jakarta Utara,mall,Gunung Sahari Utara,,14420.0,OSM_Success
Metro Sunter Plaza,Jakarta Utara,mall,Papanggo,,14340.0,OSM_Success
PIK Avenue,Jakarta Utara,mall,Kamal Muara,,14470.0,OSM_Success
Pluit Village,Jakarta Utara,mall,Pluit,,14450.0,OSM_Success
Summarecon Mall Kelapa Gading,Jakarta Utara,mall,Kelapa Gading Timur,,14240.0,OSM_Success
Sunter Mall,Jakarta Utara,mall,Sunter Agung,,14350.0,OSM_Success
WTC Mangga Dua,Jakarta Utara,mall,Pademangan Barat,,14420.0,OSM_Success
Central Park Mall,Jakarta Barat,mall,Tanjung Duren Selatan,,11470.0,OSM_Success
Ciplaz Cengkareng,Jakarta Barat,mall,Cengkareng Timur,,11739.0,OSM_Success
CityWalk Gajah Mada,Jakarta Barat,mall,Glodok,,11120.0,OSM_Success
Glodok Plaza,Jakarta Barat,mall,Mangga Besar,,11180.0,OSM_Success
Grand Paragon Mall,Jakarta Barat,mall,Keagungan,,11130.0,OSM_Success
Green Sedayu Mall,Jakarta Barat,mall,Cengkareng Barat,,11730.0,OSM_Success
Lindeteves Trade Centre,Jakarta Barat,mall,,,,Not_Found
Lokasari Square,Jakarta Barat,mall,Tangki,,11170.0,OSM_Success
Lippo Mall Puri,Jakarta Barat,mall,Kembangan Selatan,,11610.0,OSM_Success
Mal Ciputra Jakarta,Jakarta Barat,mall,Tanjung Duren Utara,,11470.0,OSM_Success
Mal Matahari Daan Mogot,Jakarta Barat,mall,,,,Not_Found
Mal Taman Anggrek,Jakarta Barat,mall,Tanjung Duren Selatan,,11440.0,OSM_Success
Mal Taman Palem,Jakarta Barat,mall,,,,Not_Found
Puri Indah Mall,Jakarta Barat,mall,Kembangan Selatan,,11610.0,OSM_Success
Slipi Jaya Plaza,Jakarta Barat,mall,Kemanggisan,,11480.0,OSM_Success
Srengseng Junction,Jakarta Barat,mall,Srengseng,,11630.0,OSM_Success
Roxy Square,Jakarta Barat,mall,Grogol Petamburan,,11450.0,OSM_Success
TM Seasons City,Jakarta Barat,mall,,,,Not_Found
Wang Plaza,Jakarta Barat,mall,Kedoya Utara,,11520.0,OSM_Success
╞ON Mall Tanjung Barat,Jakarta Selatan,mall,,,,Not_Found
Ashta District 8,Jakarta Selatan,mall,Senayan,,12110.0,OSM_Success
Bellagio Boutique Mall,Jakarta Selatan,mall,Kuningan Timur,,12950.0,OSM_Success
Blok M Plaza,Jakarta Selatan,mall,Kramat Pela,,12130.0,OSM_Success
Blok M Square,Jakarta Selatan,mall,Melawai,,12130.0,OSM_Success
Cilandak Town Square,Jakarta Selatan,mall,Cilandak Barat,,12430.0,OSM_Success
Lotte Mall Jakarta,Jakarta Selatan,mall,Karet Kuningan,,12940.0,OSM_Success
Epiwalk,Jakarta Selatan,mall,Karet Kuningan,,12960.0,OSM_Success
Gandaria City,Jakarta Selatan,mall,Kebayoran Lama Utara,,,OSM_Success
Grand ITC Permata Hijau,Jakarta Selatan,mall,Grogol Utara,,12210.0,OSM_Success
ITC Cipulir,Jakarta Selatan,mall,Cipulir,,12230.0,OSM_Success
ITC Fatmawati,Jakarta Selatan,mall,Cipete Utara,,12150.0,OSM_Success
ITC Kuningan,Jakarta Selatan,mall,Karet Kuningan,,12940.0,OSM_Success
Kalibata City Square,Jakarta Selatan,mall,Rawajati,,12750.0,OSM_Success
Kemang Square,Jakarta Selatan,mall,,,,Not_Found
Kota Kasablanka,Jakarta Selatan,mall,Menteng Dalam,,,OSM_Success
Kuningan City,Jakarta Selatan,mall,Karet Kuningan,,12920.0,OSM_Success
Lippo Mall Kemang,Jakarta Selatan,mall,Bangka,,12730.0,OSM_Success
Lippo Mall Nusantara,Jakarta Selatan,mall,,,,Not_Found
Mal Ambasador,Jakarta Selatan,mall,,,,Not_Found
Blok M Hub (dulu Mal Blok M),Jakarta Selatan,mall,,,,Not_Found
Melawai Plaza,Jakarta Selatan,mall,Melawai,,12160.0,OSM_Success
One Belpark Mall,Jakarta Selatan,mall,Pondok Labu,,12450.0,OSM_Success
Pacific Place,Jakarta Selatan,mall,Senayan,,12190.0,OSM_Success
Pasaraya Grande,Jakarta Selatan,mall,Melawai,,12160.0,OSM_Success
Plaza Festival,Jakarta Selatan,mall,Karet Kuningan,,12920.0,OSM_Success
Plaza Kalibata,Jakarta Selatan,mall,Rawajati,,12750.0,OSM_Success
Poins Square,Jakarta Selatan,mall,Lebak Bulus,,12440.0,OSM_Success
Pondok Indah Mall,Jakarta Selatan,mall,Pondok Pinang,,12310.0,OSM_Success
Setiabudi One,Jakarta Selatan,mall,Karet,,12910.0,OSM_Success
The Darmawangsa Square,Jakarta Selatan,mall,Pulo,,12160.0,OSM_Success
The Park Pejaten,Jakarta Selatan,mall,Ragunan,,12510.0,OSM_Success
╞ON Mall Jakarta Garden City,Jakarta Timur,mall,,,,Not_Found
Arion Mall,Jakarta Timur,mall,Rawamangun,,13220.0,OSM_Success
Buaran Plaza,Jakarta Timur,mall,Klender,,13470.0,OSM_Success
Cibubur Junction,Jakarta Timur,mall,Cibubur,,13720.0,OSM_Success
Ciplaz Klender,Jakarta Timur,mall,,,,Not_Found
Cityplaza Jatinegara,Jakarta Timur,mall,Bali Mester,,13110.0,OSM_Success
Green Terrace TMII,Jakarta Timur,mall,Cipayung,,,OSM_Success
Lippo Plaza Kramat Jati,Jakarta Timur,mall,Kramat Jati,,13510.0,OSM_Success
Mall Grand Cakung,Jakarta Timur,mall,,,,Not_Found
Mal Cijantung,Jakarta Timur,mall,,,,Not_Found
Mall@Bassura,Jakarta Timur,mall,Cipinang Besar Utara,,13410.0,OSM_Success
Mall Cipinang Indah,Jakarta Timur,mall,Duren Sawit,,13420.0,OSM_Success
Pondok Kelapa Town Square,Jakarta Timur,mall,Pondok Kelapa,,13440.0,OSM_Success
PGC Cililitan,Jakarta Timur,mall,Cililitan,,13640.0,OSM_Success
Tamini Square,Jakarta Timur,mall,Pinang Ranti,,13650.0,OSM_Success
The Amboja,Jakarta Timur,mall,Bambu Apus,,13890.0,OSM_Success
Art: 1 New Museum,Jakarta Pusat,museum,,,,Not_Found
Bayt Al-Qurâ€™an dan Museum Istiqlal,Jakarta Timur,museum,,,,Not_Found
Galeri Foto Jurnalistik Antara,Jakarta Pusat,museum,,,,Not_Found
Galeri Nasional Indonesia,Jakarta Pusat,museum,,,,Not_Found
Monumen Nasional dan Museum Sejarah Nasional,Jakarta Pusat,museum,,,,Not_Found
Monumen Pancasila Sakti,Jakarta Timur,museum,Lubang Buaya,,13810.0,OSM_Success
Museum Alkitab,Jakarta Pusat,museum,,,,Not_Found
Museum Al-Qurâ€™an,Jakarta Selatan,museum,,,,Not_Found
Museum Anatomi Universitas Katolik Atmajaya,Jakarta Utara,museum,,,,Not_Found
Museum Arkeologi Onrust,Kepulauan Seribu,museum,,,,Not_Found
Museum Asmat,Jakarta Timur,museum,Ceger,,13890.0,OSM_Success
Museum Bahari,Jakarta Utara,museum,Penjaringan,,14470.0,OSM_Success
Museum Bank Indonesia,Jakarta Barat,museum,Pinangsia,,11110.0,OSM_Success
Museum Bank Tabungan Negara,Jakarta Barat,museum,,,,Not_Found
Museum Basoeki Abdullah,Jakarta Selatan,museum,,,,Not_Found
Museum Batik Indonesia,Jakarta Timur,museum,Ceger,,13890.0,OSM_Success
Museum Benda-Benda Alkitab Yerushalayim,Jakarta Utara,museum,,,,Not_Found
Museum Betawi,Jakarta Selatan,museum,Srengseng Sawah,,12640.0,OSM_Success
Museum BNI 1946,Jakarta Barat,museum,Pinangsia,,11110.0,OSM_Success
Museum Ciputra Artpreneur,Jakarta Selatan,museum,,,,Not_Found
Museum Dharma Bhakti Kostrad,Jakarta Pusat,museum,,,,Not_Found
Museum di Tengah Kebun,Jakarta Selatan,museum,Bangka,,12730.0,OSM_Success
Museum DPR RI,Jakarta Pusat,museum,,,,Not_Found
Museum Fauna Indonesia â€œKomodoâ€ dan Taman Reptilia,Jakarta Timur,museum,,,,Not_Found
Museum FKUI-Indonesia Museum of Health and Medicine,Jakarta Pusat,museum,,,,Not_Found
Museum Graha Widya Patra (Minyak dan Gas Bumi),Jakarta Timur,museum,,,,Not_Found
Museum Hakka Indonesia,Jakarta Timur,museum,Cipayung,,13890.0,OSM_Success
Museum Harry Darsono,Jakarta Selatan,museum,Cilandak Barat,,12710.0,OSM_Success
Museum Indonesia,Jakarta Timur,museum,Cipayung,,13560.0,OSM_Success
Museum Jenderal Besar Dr. A.H. Nasution,Jakarta Pusat,museum,Gondangdia,,10350.0,OSM_Success
Museum Joang â€˜45,Jakarta Pusat,museum,,,,Not_Found
Museum Katedral,Jakarta Pusat,museum,,,,Not_Found
Museum Kebangkitan Nasional,Jakarta Pusat,museum,Senen,,10410.0,OSM_Success
Museum Kehutanan â€œIr. Djamaludin Suryohadikusumoâ€,Jakarta Pusat,museum,,,,Not_Found
Museum Keprajuritan,Jakarta Timur,museum,Ceger,,13890.0,OSM_Success
Museum Korps Marinir Jakarta,Jakarta Pusat,museum,,,,Not_Found
Museum Layang-Layang,Jakarta Selatan,museum,Pondok Labu,,12450.0,OSM_Success
Museum Listrik dan Energi Baru,Jakarta Timur,museum,Cipayung,,13890.0,OSM_Success
Museum MACAN (Modern and Contemporary Art in Nusantara),Jakarta Barat,museum,,,,Not_Found
Museum Mandiri,Jakarta Barat,museum,Pinangsia,,11110.0,OSM_Success
Museum Maritim Indonesia,Jakarta Utara,museum,,,,Not_Found
Museum M.H. Thamrin,Jakarta Pusat,museum,,,,Not_Found
Museum Nasional Indonesia,Jakarta Pusat,museum,,,,Not_Found
Museum Olahraga Nasional,Jakarta Timur,museum,,,,Not_Found
Museum Pemadam Kebakaran,Jakarta Timur,museum,,,,Not_Found
Museum Penerangan,Jakarta Timur,museum,Cipayung,,13810.0,OSM_Success
Museum Perumusan Naskah Proklamasi,Jakarta Pusat,museum,Menteng,,10310.0,OSM_Success
Museum POLRI,Jakarta Selatan,museum,Selong,,12130.0,OSM_Success
Museum Prangko,Jakarta Timur,museum,,,,Not_Found
Museum Prasasti,Jakarta Pusat,museum,Petojo Selatan,,10320.0,OSM_Success
Museum Purna Bhakti Pertiwi,Jakarta Timur,museum,Cipayung,,13240.0,OSM_Success
Museum Pusaka,Jakarta Timur,museum,Ceger,,13890.0,OSM_Success
Museum Santa Maria Juanda,Jakarta Pusat,museum,,,,Not_Found
Museum Sasmitaloka Pahlawan Revolusi Jenderal TNI A. Yani,Jakarta Pusat,museum,,,,Not_Found
Museum Satria Mandala,Jakarta Selatan,museum,Kuningan Barat,,,OSM_Success
Museum Sejarah Jakarta (Museum Fatahillah),Jakarta Barat,museum,Pinangsia,,11110.0,OSM_Success
Museum Seni Rupa dan Keramik,Jakarta Barat,museum,Pinangsia,,11110.0,OSM_Success
Museum Serangga,Jakarta Timur,museum,Ceger,,13890.0,OSM_Success
Museum Sumpah Pemuda,Jakarta Pusat,museum,Kwitang,,10420.0,OSM_Success
Museum Tekstil,Jakarta Barat,museum,Kota Bambu Selatan,,10230.0,OSM_Success
Museum Timor Timur,Jakarta Timur,museum,,,,Not_Found
Museum Tragedi 12 Mei â€™98 Universitas Trisakti,Jakarta Barat,museum,,,,Not_Found
Museum Transportasi,Jakarta Timur,museum,Cipayung,,13890.0,OSM_Success
Museum Wayang,Jakarta Barat,museum,Pinangsia,,11110.0,OSM_Success
Pusat Peragaan IPTEK,Jakarta Timur,museum,,,,Not_Found
Museum Benyamin Suaeb,Jakarta Timur,museum,,,,Not_Found
Museum Pencak Silat,Jakarta Timur,museum,,,,Not_Found
Museum Reksa Artha,Jakarta Selatan,museum,,,,Not_Found
Diorama Sejarah Perjalanan Bangsa,Jakarta Selatan,museum,,,,Not_Found
Museum Waspada Purbawisesa,Jakarta Selatan,museum,Kuningan Barat,,12710.0,OSM_Success
Museum Anti Narkotika Pranidha Ranajaya Ghanavara,Jakarta Timur,museum,,,,Not_Found
Toeti Heraty Museum (Cemara 6 Galeri),Jakarta Pusat,museum,,,,Not_Found
Roemah Toegoe,Jakarta Utara,museum,,,,Not_Found
Magic Art 3D Museum Jakarta,Jakarta Barat,museum,,,,Not_Found
Galeria Sophilia Fine Art Center,Jakarta Utara,museum,,,,Not_Found
RSUD Cengkareng,Jakarta Barat,rumah_sakit,Cengkareng Timur,,11730.0,OSM_Success
RSUD Kembangan,Jakarta Barat,rumah_sakit,Meruya Utara,,11630,OSM_Success_Recovered
RSUD Kalideres,Jakarta Barat,rumah_sakit,Kalideres,,11840.0,OSM_Success
RSUD Taman Sari,Jakarta Barat,rumah_sakit,Mangga Besar,,11180.0,OSM_Success
RS Cendana,Jakarta Barat,rumah_sakit,Kamal Muara,,14470,OSM_Success_Recovered
RS Ciputra Citragarden,Jakarta Barat,rumah_sakit,Pegadungan,,11810.0,OSM_Success
RS Dharmais,Jakarta Barat,rumah_sakit,Kota Bambu Selatan,,11420,OSM_Success_Recovered
RS dr. Soeharto Heerjan,Jakarta Barat,rumah_sakit,,,,Not_Found
RS Hermina Daan Mogot,Jakarta Barat,rumah_sakit,Kalideres,,11840.0,OSM_Success
RS Jakarta Eye Center Kedoya,Jakarta Barat,rumah_sakit,Kedoya Selatan,,11520,OSM_Success_Recovered
RS Mitra Keluarga Kalideres,Jakarta Barat,rumah_sakit,Kalideres,,11840.0,OSM_Success
RS Pelni Petamburan,Jakarta Barat,rumah_sakit,Palmerah,,10260.0,OSM_Success
RS Pendidikan Ukrida,Jakarta Barat,rumah_sakit,,,,Not_Found
RS Siloam Kebon Jeruk,Jakarta Barat,rumah_sakit,Kebon Jeruk,,11530.0,OSM_Success
RS Anggrek Mas,Jakarta Barat,rumah_sakit,Kelapa Dua,,11530.0,OSM_Success
RSIA Aries,Jakarta Barat,rumah_sakit,Tanah Sereal,,11210.0,OSM_Success
RSIA Harapan Kita,Jakarta Barat,rumah_sakit,,,,Not_Found
RSIA Ibnu Sina,Jakarta Barat,rumah_sakit,,,,Not_Found
RSIA Metro Hospitals Kebon Jeruk,Jakarta Barat,rumah_sakit,,,,Not_Found
RSU Bhakti Mulia,Jakarta Barat,rumah_sakit,Bintaro,,12320,OSM_Success_Recovered
RSU Graha Kedoya,Jakarta Barat,rumah_sakit,,,,Not_Found
RSU Manuela,Jakarta Barat,rumah_sakit,,,,Not_Found
RSU Medika Permata Hijau,Jakarta Barat,rumah_sakit,,,,Not_Found
RSU Patria Jakarta,Jakarta Barat,rumah_sakit,Palmerah,,11480.0,OSM_Success
RSU Pondok Indah â€“ Puri Indah,Jakarta Barat,rumah_sakit,,,,Not_Found
RSU Puri Mandiri Kedoya,Jakarta Barat,rumah_sakit,,,,Not_Found
RSU Royal Taruma,Jakarta Barat,rumah_sakit,Tanjung Duren Utara,,11450.0,OSM_Success
RSU Sumber Waras,Jakarta Barat,rumah_sakit,Tomang,,11440.0,OSM_Success
RSUD Cempakaputih,Jakarta Pusat,rumah_sakit,,,,Not_Found
RSUD Joharbaru,Jakarta Pusat,rumah_sakit,,,,Not_Found
RSUD Kemayoran,Jakarta Pusat,rumah_sakit,Serdang,,10640.0,OSM_Success
RSUD Sawahbesar,Jakarta Pusat,rumah_sakit,,,,Not_Found
RSUD Tanahabang,Jakarta Pusat,rumah_sakit,,,,Not_Found
RSUD Tarakan Jakarta,Jakarta Pusat,rumah_sakit,Cideng,,10150.0,OSM_Success
RSAL dr. Mintohardjo,Jakarta Pusat,rumah_sakit,Bendungan Hilir,,10210.0,OSM_Success
RS Abdi Waluyo,Jakarta Pusat,rumah_sakit,Gondangdia,,10350.0,OSM_Success
RS Bina Estetika,Jakarta Pusat,rumah_sakit,Menteng,,10310,OSM_Success_Recovered
RS Dharma Jaya,Jakarta Pusat,rumah_sakit,Gunung Sahari Utara,,,OSM_Success_Recovered
RS Dharma Sakti,Jakarta Pusat,rumah_sakit,Glodok,,11120,OSM_Success_Recovered
RS FKG Universitas Indonesia,Jakarta Pusat,rumah_sakit,,,,Not_Found
RS Hermina Kemayoran,Jakarta Pusat,rumah_sakit,Gunung Sahari Selatan,,10620.0,OSM_Success
RS Husada,Jakarta Pusat,rumah_sakit,Mangga Dua Selatan,,10740.0,OSM_Success
RS Islam Jakarta,Jakarta Pusat,rumah_sakit,Cempaka Putih Timur,,10510.0,OSM_Success
RS Jakarta Eye Center Menteng,Jakarta Pusat,rumah_sakit,,,,Not_Found
RS Kramat Lima,Jakarta Pusat,rumah_sakit,,,,Not_Found
RS Kramat 128,Jakarta Pusat,rumah_sakit,Kenari,,10420.0,OSM_Success
RS Menteng Mitra Afia,Jakarta Pusat,rumah_sakit,Kebon Sirih,,10340.0,OSM_Success
RS Mitra Keluarga Kemayoran,Jakarta Pusat,rumah_sakit,Kebon Kosong,,10630.0,OSM_Success
RS Murni Teguh Sudirman,Jakarta Pusat,rumah_sakit,Karet Tengsin,,10220,OSM_Success_Recovered
RS Panti Raharja,Jakarta Pusat,rumah_sakit,,,,Not_Found
RS Pertamina Jaya,Jakarta Pusat,rumah_sakit,Cempaka Putih Timur,,10540.0,OSM_Success
RS Primaya PGI Cikini,Jakarta Pusat,rumah_sakit,Cikini,,10330.0,OSM_Success
RS Primaya Evasari,Jakarta Pusat,rumah_sakit,Rawasari,,10440.0,OSM_Success
RS Prof. dr. Nizar,Jakarta Pusat,rumah_sakit,,,,Not_Found
RS Proklamasi,Jakarta Pusat,rumah_sakit,Pegangsaan,,10320.0,OSM_Success
RS Radjak Salemba,Jakarta Pusat,rumah_sakit,Paseban,,10440.0,OSM_Success
RS RE. Martadinata,Jakarta Pusat,rumah_sakit,Merdeka,,40114,OSM_Success_Recovered
RS Sahid Sahirman,Jakarta Pusat,rumah_sakit,,,,Not_Found
RS Salemba Satu,Jakarta Pusat,rumah_sakit,,,,Not_Found
RS Sint Carolus,Jakarta Pusat,rumah_sakit,Paseban,,10440,OSM_Success_Recovered
RS Yarsi Jakarta,Jakarta Pusat,rumah_sakit,Cempaka Putih Timur,,10640.0,OSM_Success
RSIA Angkasa,Jakarta Pusat,rumah_sakit,Kebon Kosong,,,OSM_Success_Recovered
RSIA Berkat Ibu,Jakarta Pusat,rumah_sakit,,,,Not_Found
RSIA Budi Kemuliaan,Jakarta Pusat,rumah_sakit,Gambir,,10110,OSM_Success_Recovered
RSIA Bunda Jakarta,Jakarta Pusat,rumah_sakit,Menteng,,10350.0,OSM_Success
RSIA Tambak,Jakarta Pusat,rumah_sakit,Pegangsaan,,10320.0,OSM_Success
RSIA YPK Mandiri,Jakarta Pusat,rumah_sakit,,,,Not_Found
RSPAD Gatot Soebroto,Jakarta Pusat,rumah_sakit,Senen,,10410.0,OSM_Success
RSUPN dr. Cipto Mangunkusumo,Jakarta Pusat,rumah_sakit,,,,Not_Found
RSUD Jagakarsa,Jakarta Selatan,rumah_sakit,Jagakarsa,,12620.0,OSM_Success
RSUD Jati Padang,Jakarta Selatan,rumah_sakit,Pasar Minggu,,13530.0,OSM_Success
RSUD Kebayoran Baru,Jakarta Selatan,rumah_sakit,Cipete Utara,,12150.0,OSM_Success
RSUD Kebayoran Lama,Jakarta Selatan,rumah_sakit,Kebayoran Lama Selatan,,12240.0,OSM_Success
RSUD Mampang Prapatan,Jakarta Selatan,rumah_sakit,Mampang Prapatan,,17431.0,OSM_Success
RSUD Pasar Minggu,Jakarta Selatan,rumah_sakit,Ragunan,,12560.0,OSM_Success
RSUD Pesanggrahan,Jakarta Selatan,rumah_sakit,Pesanggrahan,,12320.0,OSM_Success
RSUD Tebet,Jakarta Selatan,rumah_sakit,Tebet Barat,,12810.0,OSM_Success
RS Agung,Jakarta Selatan,rumah_sakit,Pasar Manggis,,12850.0,OSM_Success
RS Ali Sibroh Malisi,Jakarta Selatan,rumah_sakit,Ciganjur,,16431.0,OSM_Success
RS Aulia Jakarta,Jakarta Selatan,rumah_sakit,Jagakarsa,,12620.0,OSM_Success
RS Avisena,Jakarta Selatan,rumah_sakit,Ulujami,,12250,OSM_Success_Recovered
RS Bhayangkara Sespimma,Jakarta Selatan,rumah_sakit,,,,Not_Found
RS Brawijaya Duren Tiga,Jakarta Selatan,rumah_sakit,Pancoran,,12760,OSM_Success_Recovered
RS Brawijaya Jakarta,Jakarta Selatan,rumah_sakit,Tebet Barat,,12860.0,OSM_Success
RS Dharmawangsa,Jakarta Selatan,rumah_sakit,Pulo,,12150.0,OSM_Success
RS dr. Suyoto Pusrehab Kemhan,Jakarta Selatan,rumah_sakit,,,,Not_Found
RS Gandaria,Jakarta Selatan,rumah_sakit,Kramat Pela,,12120.0,OSM_Success
RS Halimun,Jakarta Selatan,rumah_sakit,Guntur,,12980,OSM_Success_Recovered
RS Harapan Kartini,Jakarta Selatan,rumah_sakit,Cilandak Timur,,12610.0,OSM_Success
RS Indah Medika,Jakarta Selatan,rumah_sakit,,,,Not_Found
RS Jakarta,Jakarta Selatan,rumah_sakit,Kalibata,,12510.0,OSM_Success
RS Jakarta Medical Center,Jakarta Selatan,rumah_sakit,Kalibata,,12510.0,OSM_Success
RS Marinir Cilandak,Jakarta Selatan,rumah_sakit,Cilandak Timur,,12610.0,OSM_Success
RS Mayapada Jakarta,Jakarta Selatan,rumah_sakit,Karet Kuningan,,12940.0,OSM_Success
RS Mayapada Kuningan,Jakarta Selatan,rumah_sakit,Karet Kuningan,,12940.0,OSM_Success
RS Medistra,Jakarta Selatan,rumah_sakit,Kuningan Timur,,17431.0,OSM_Success
RS MMC Jakarta,Jakarta Selatan,rumah_sakit,Karet Kuningan,,12960.0,OSM_Success
RS Muhammadiyah Taman Puring,Jakarta Selatan,rumah_sakit,Kramat Pela,,12120.0,OSM_Success
RS Petukangan,Jakarta Selatan,rumah_sakit,Petukangan Selatan,,12260.0,OSM_Success
RS Pondok Indah,Jakarta Selatan,rumah_sakit,Pondok Pinang,,12310.0,OSM_Success
RS Prikasih,Jakarta Selatan,rumah_sakit,Pondok Labu,,12450.0,OSM_Success
RS Prof. dr. Moestopo,Jakarta Selatan,rumah_sakit,Gelora,,10270,OSM_Success_Recovered
RS Pusat Pertamina,Jakarta Selatan,rumah_sakit,Gunung,,12120.0,OSM_Success
RS Setia Mitra,Jakarta Selatan,rumah_sakit,Cilandak Barat,,12430.0,OSM_Success
RS Siaga Raya,Jakarta Selatan,rumah_sakit,Pejaten Barat,,12510.0,OSM_Success
RS Siloam Asri,Jakarta Selatan,rumah_sakit,Duren Tiga,,12760.0,OSM_Success
RS Siloam Semanggi,Jakarta Selatan,rumah_sakit,Karet Semanggi,,12930,OSM_Success_Recovered
RS Siloam TB Simatupang,Jakarta Selatan,rumah_sakit,Cilandak Barat,,12430.0,OSM_Success
RS Tebet,Jakarta Selatan,rumah_sakit,Tebet Barat,,12770.0,OSM_Success
RS Tria Dipa,Jakarta Selatan,rumah_sakit,Pancoran,,12780.0,OSM_Success
RS Yadika Kebayoran Lama,Jakarta Selatan,rumah_sakit,Kebayoran Lama Selatan,,12240.0,OSM_Success
RSIA Andhika,Jakarta Selatan,rumah_sakit,,,,Not_Found
RSIA Asih,Jakarta Selatan,rumah_sakit,Melawai,,12160.0,OSM_Success
RSIA Budhi Jaya,Jakarta Selatan,rumah_sakit,,,,Not_Found
RSIA Kartini,Jakarta Selatan,rumah_sakit,Kartini,,,OSM_Success_Recovered
RSIA Kemang Medical Care,Jakarta Selatan,rumah_sakit,,,,Not_Found
RSIA Panti Nugeraha,Jakarta Selatan,rumah_sakit,,,,Not_Found
RSU Zahirah,Jakarta Selatan,rumah_sakit,,,,Not_Found
RSUP Fatmawati,Jakarta Selatan,rumah_sakit,Cilandak Barat,,12430.0,OSM_Success
RSUD Budhi Asih,Jakarta Timur,rumah_sakit,Cawang,,13640.0,OSM_Success
RSUD Cipayung,Jakarta Timur,rumah_sakit,Bambu Apus,,13890.0,OSM_Success
RSUD Ciracas,Jakarta Timur,rumah_sakit,Cibubur,,13730.0,OSM_Success
RSUD Kramatjati,Jakarta Timur,rumah_sakit,,,,Not_Found
RSUD Matraman,Jakarta Timur,rumah_sakit,Matraman,,13130.0,OSM_Success
RSUD Pasar Rebo,Jakarta Timur,rumah_sakit,Gedong,,13670.0,OSM_Success
RS Adhyaksa,Jakarta Timur,rumah_sakit,Ceger,,13820.0,OSM_Success
RS Admira,Jakarta Timur,rumah_sakit,,,,Not_Found
RS Al-Fauzan,Jakarta Timur,rumah_sakit,Tanjung Barat,,13770,OSM_Success_Recovered
RS Antam Medika,Jakarta Timur,rumah_sakit,Jati,,13210.0,OSM_Success
RS Bedah Rawamangun,Jakarta Timur,rumah_sakit,,,,Not_Found
RS Bhayangkara Raden Said Sukanto,Jakarta Timur,rumah_sakit,Kramat Jati,,13510.0,OSM_Success
RS Bina Waluya,Jakarta Timur,rumah_sakit,,,,Not_Found
RS Columbia Asia Pulomas,Jakarta Timur,rumah_sakit,Pulo Gadung,,13210,OSM_Success_Recovered
RS Dharma Nugraha,Jakarta Timur,rumah_sakit,Pulo Gadung,,13220.0,OSM_Success
RS dr. Esnawan Antariksa,Jakarta Timur,rumah_sakit,Halim Perdana Kusuma,,13620.0,OSM_Success
RS dr. Euis,Jakarta Timur,rumah_sakit,Pondok Kelapa,,17412,OSM_Success_Recovered
RS Duren Sawit,Jakarta Timur,rumah_sakit,Malaka Jaya,,13460.0,OSM_Success
RS Haji Jakarta,Jakarta Timur,rumah_sakit,Pinang Ranti,,13560.0,OSM_Success
RS Harapan Bunda,Jakarta Timur,rumah_sakit,Gedong,,13670.0,OSM_Success
RS Harapan Jayakarta,Jakarta Timur,rumah_sakit,Jatinegara,,10710.0,OSM_Success
RS Harum Sisma Medika,Jakarta Timur,rumah_sakit,Cipinang Melayu,,13430.0,OSM_Success
RS Hermina Jatinegara,Jakarta Timur,rumah_sakit,Kampung Melayu,,13320.0,OSM_Success
RS Islam Jakarta Pondokkopi,Jakarta Timur,rumah_sakit,,,,Not_Found
RS Islam Klender,Jakarta Timur,rumah_sakit,Klender,,13470,OSM_Success_Recovered
RS Jantung Jakarta,Jakarta Timur,rumah_sakit,Palmeriam,,13140.0,OSM_Success
RS Kartika Pulomas,Jakarta Timur,rumah_sakit,Kayu Putih,,13210.0,OSM_Success
RS Kesdam Jaya,Jakarta Timur,rumah_sakit,Gedong,,13770.0,OSM_Success
RS Ketergantungan Obat,Jakarta Timur,rumah_sakit,Cibubur,,13730,OSM_Success_Recovered
RS Mediros,Jakarta Timur,rumah_sakit,Pulo Gadung,,13260.0,OSM_Success
RS Ridwan Meuraksa,Jakarta Timur,rumah_sakit,Pinang Ranti,,13550.0,OSM_Success
RS Olahraga Nasional,Jakarta Timur,rumah_sakit,Gelora,,10270,OSM_Success_Recovered
RS Omni Pulomas,Jakarta Timur,rumah_sakit,,,,Not_Found
RS Pengayoman Cipinang,Jakarta Timur,rumah_sakit,Cipinang Besar Utara,,13230.0,OSM_Success
RS Premier Jatinegara,Jakarta Timur,rumah_sakit,Bali Mester,,13310.0,OSM_Success
RSPON dr. Mahar Mardjono,Jakarta Timur,rumah_sakit,Cawang,,13340.0,OSM_Success
RS Pusdikkes,Jakarta Timur,rumah_sakit,Kramat Jati,,13510.0,OSM_Success
RS SMEC Jakarta,Jakarta Timur,rumah_sakit,Menteng Dalam,,12870,OSM_Success_Recovered
RS Universitas Kristen Indonesia,Jakarta Timur,rumah_sakit,Cawang,,13630,OSM_Success_Recovered
RS Yadika Pondokbambu,Jakarta Timur,rumah_sakit,,,,Not_Found
RSIA Alvernia Agusta,Jakarta Timur,rumah_sakit,,,,Not_Found
RSIA Bunda Aliyah Pondokbambu,Jakarta Timur,rumah_sakit,,,,Not_Found
RSIA El-Shama,Jakarta Timur,rumah_sakit,,,,Not_Found
RSIA Restu Kasih,Jakarta Timur,rumah_sakit,Kramat Jati,,13640.0,OSM_Success
RSIA Sammrie Basra,Jakarta Timur,rumah_sakit,,,,Not_Found
RSIA Sayyida,Jakarta Timur,rumah_sakit,,,,Not_Found
RSUP Persahabatan,Jakarta Timur,rumah_sakit,Pisangan Timur,,13230.0,OSM_Success
RSUD Cilincing,Jakarta Utara,rumah_sakit,Semper Timur,,14130.0,OSM_Success
RSUD Koja,Jakarta Utara,rumah_sakit,Koja,,14220.0,OSM_Success
RSUD Pademangan,Jakarta Utara,rumah_sakit,Pademangan Barat,,14420.0,OSM_Success
RSUD Tanjungpriok,Jakarta Utara,rumah_sakit,,,,Not_Found
RSUD Tugu Koja,Jakarta Utara,rumah_sakit,Tugu Utara,,14260.0,OSM_Success
RS Atma Jaya,Jakarta Utara,rumah_sakit,Penjaringan,,14430.0,OSM_Success
RS Darurat Wisma Atlet,Jakarta Utara,rumah_sakit,,,,Not_Found
RS Duta Indah,Jakarta Utara,rumah_sakit,Pejagalan,,14450.0,OSM_Success
RS Hermina Podomoro,Jakarta Utara,rumah_sakit,Sunter Agung,,14350.0,OSM_Success
RS Islam Jakarta Sukapura,Jakarta Utara,rumah_sakit,Sukapura,,14140.0,OSM_Success
RS Mitra Keluarga Kelapagading,Jakarta Utara,rumah_sakit,,,,Not_Found
RS Primasana,Jakarta Utara,rumah_sakit,Kebon Bawang,,14320,OSM_Success_Recovered
RS dr. Sulianti Saroso,Jakarta Utara,rumah_sakit,Papanggo,,14340.0,OSM_Success
RS Royal Progress,Jakarta Utara,rumah_sakit,Sunter Agung,,14350.0,OSM_Success
RSIA Family,Jakarta Utara,rumah_sakit,Pejagalan,,14450.0,OSM_Success
RSIA Grand Family,Jakarta Utara,rumah_sakit,Kamal Muara,,14470.0,OSM_Success
RSIA Santo Yusuf,Jakarta Utara,rumah_sakit,Sungai Bambu,,14330.0,OSM_Success
RSU Firdaus,Jakarta Utara,rumah_sakit,,,,Not_Found
RSU Gading Pluit,Jakarta Utara,rumah_sakit,Pegangsaan Dua,,14250.0,OSM_Success
RSU Mulyasari,Jakarta Utara,rumah_sakit,Tugu Utara,,14260.0,OSM_Success
RSU Pantai Indah Kapuk,Jakarta Utara,rumah_sakit,Kapuk Muara,,14460.0,OSM_Success
RSU Pekerja,Jakarta Utara,rumah_sakit,Sukapura,,14140.0,OSM_Success
RSU Pelabuhan Jakarta,Jakarta Utara,rumah_sakit,Tanjung Priok,,14310,OSM_Success_Recovered
RSU Pluit,Jakarta Utara,rumah_sakit,Pegangsaan Dua,,14250.0,OSM_Success
RSU Port Medical Center,Jakarta Utara,rumah_sakit,Tanjung Priok,,14310.0,OSM_Success
RSU Puri Medika,Jakarta Utara,rumah_sakit,,,,Not_Found
RSU Satya Negara,Jakarta Utara,rumah_sakit,,,,Not_Found
RSU Sukmul Sisma Medika,Kepulauan Seribu,rumah_sakit,,,,Not_Found
RSUD Kepulauan Seribu,Kepulauan Seribu,rumah_sakit,Pulau Panggang,Kepulauan Seribu,,OSM_Success
RS Darurat Pulau Sebaru,Kepulauan Seribu,rumah_sakit,,,,Not_Found
SMA Negeri 1,Jakarta Pusat,sma_smk,Pasar Baru,,10460.0,OSM_Success
SMA Negeri 2,Jakarta Pusat,sma_smk,Keagungan,,11130,OSM_Success_Recovered
SMA Negeri 3,Jakarta Selatan,sma_smk,Setiabudi,,12910.0,OSM_Success
SMA Negeri 4,Jakarta Pusat,sma_smk,Gambir,,10110.0,OSM_Success
SMA Negeri 5,Jakarta Pusat,sma_smk,Sumur Batu,,10640.0,OSM_Success
SMA Negeri 6,Jakarta Selatan,sma_smk,Kramat Pela,,12130.0,OSM_Success
SMA Negeri 7,Jakarta Selatan,sma_smk,Semper Barat,,14130.0,OSM_Success
SMA Negeri 8,Jakarta Selatan,sma_smk,Semper Barat,,14130.0,OSM_Success
SMA Negeri 9,Jakarta Timur,sma_smk,Kramat Jati,,13540.0,OSM_Success
SMA Negeri 10,Jakarta Pusat,sma_smk,Mangga Dua Selatan,,10730.0,OSM_Success
SMA Negeri 11,Jakarta Timur,sma_smk,Penggilingan,,13940.0,OSM_Success
SMA Negeri 12,Jakarta Timur,sma_smk,Klender,,13470.0,OSM_Success
SMA Negeri 13,Jakarta Utara,sma_smk,Rawa Badak Utara,,14230.0,OSM_Success
SMA Negeri 14,Jakarta Timur,sma_smk,Cililitan,,13640.0,OSM_Success
SMA Negeri 15,Jakarta Utara,sma_smk,Semper Barat,,14130.0,OSM_Success
SMA Negeri 16,Jakarta Barat,sma_smk,Semper Barat,,14130.0,OSM_Success
SMA Negeri 17,Jakarta Barat,sma_smk,Taman Sari,,11150.0,OSM_Success
SMA Negeri 18,Jakarta Utara,sma_smk,Warakas,,14340.0,OSM_Success
SMA Negeri 19,Jakarta Barat,sma_smk,Semper Barat,,14130.0,OSM_Success
SMA Negeri 20,Jakarta Pusat,sma_smk,Pasar Baru,,10740.0,OSM_Success
SMA Negeri 21,Jakarta Timur,sma_smk,Kramat Jati,,13540.0,OSM_Success
SMA Negeri 22,Jakarta Timur,sma_smk,Kramat Jati,,13540.0,OSM_Success
SMA Negeri 23,Jakarta Barat,sma_smk,Semper Barat,,14130.0,OSM_Success
SMA Negeri 24,Jakarta Pusat,sma_smk,Gelora,,10270.0,OSM_Success
SMA Negeri 25,Jakarta Pusat,sma_smk,Petojo Utara,,10160.0,OSM_Success
SMA Negeri 26,Jakarta Selatan,sma_smk,Semper Barat,,14130.0,OSM_Success
SMA Negeri 27,Jakarta Pusat,sma_smk,Johar Baru,,10520.0,OSM_Success
SMA Negeri 28,Jakarta Selatan,sma_smk,Semper Barat,,14130.0,OSM_Success
SMA Negeri 29,Jakarta Selatan,sma_smk,Semper Barat,,14130.0,OSM_Success
SMA Negeri 30,Jakarta Pusat,sma_smk,Cempaka Putih Timur,,10570.0,OSM_Success
SMA Negeri 31,Jakarta Timur,sma_smk,Kramat Jati,,13540.0,OSM_Success
SMA Negeri 32,Jakarta Selatan,sma_smk,Semper Barat,,14130.0,OSM_Success
SMA Negeri 33,Jakarta Barat,sma_smk,Semper Barat,,14130.0,OSM_Success
SMA Negeri 34,Jakarta Selatan,sma_smk,Semper Barat,,14130.0,OSM_Success
SMA Negeri 35,Jakarta Pusat,sma_smk,Karet Tengsin,,10220.0,OSM_Success
SMA Negeri 36,Jakarta Timur,sma_smk,Kramat Jati,,13540.0,OSM_Success
SMA Negeri 37,Jakarta Selatan,sma_smk,Semper Barat,,14130.0,OSM_Success
SMA Negeri 38,Jakarta Selatan,sma_smk,Semper Barat,,14130.0,OSM_Success
SMA Negeri 39,Jakarta Timur,sma_smk,Kramat Jati,,13540.0,OSM_Success
SMA Negeri 40,Jakarta Utara,sma_smk,Semper Barat,,14130.0,OSM_Success
SMA Negeri 41,Jakarta Utara,sma_smk,Semper Barat,,14130.0,OSM_Success
SMA Negeri 42,Jakarta Timur,sma_smk,Halim Perdana Kusuma,,13610.0,OSM_Success
SMA Negeri 43,Jakarta Selatan,sma_smk,Semper Barat,,14130.0,OSM_Success
SMA Negeri 44,Jakarta Timur,sma_smk,Pinang Ranti,,13560.0,OSM_Success
SMA Negeri 45,Jakarta Utara,sma_smk,Semper Barat,,14130.0,OSM_Success
SMA Negeri 46,Jakarta Selatan,sma_smk,Semper Barat,,14130.0,OSM_Success
SMA Negeri 47,Jakarta Selatan,sma_smk,Semper Barat,,14130.0,OSM_Success
SMA Negeri 48,Jakarta Timur,sma_smk,Pinang Ranti,,13560.0,OSM_Success
SMA Negeri 49,Jakarta Selatan,sma_smk,Semper Barat,,14130.0,OSM_Success
SMA Negeri 50,Jakarta Timur,sma_smk,Kramat Jati,,13540.0,OSM_Success
SMA Negeri 51,Jakarta Timur,sma_smk,Kramat Jati,,13540.0,OSM_Success
SMA Negeri 52,Jakarta Utara,sma_smk,Semper Barat,,14130.0,OSM_Success
SMA Negeri 53,Jakarta Timur,sma_smk,Kramat Jati,,13540.0,OSM_Success
SMA Negeri 54,Jakarta Timur,sma_smk,Kramat Jati,,13540.0,OSM_Success
SMA Negeri 55,Jakarta Selatan,sma_smk,Semper Barat,,14130.0,OSM_Success
SMA Negeri 56,Jakarta Barat,sma_smk,Semper Barat,,14130.0,OSM_Success
SMA Negeri 57,Jakarta Barat,sma_smk,Semper Barat,,14130.0,OSM_Success
SMA Negeri 58,Jakarta Timur,sma_smk,Pinang Ranti,,13560.0,OSM_Success
SMA Negeri 59,Jakarta Timur,sma_smk,Kramat Jati,,13540.0,OSM_Success
SMA Negeri 60,Jakarta Selatan,sma_smk,Semper Barat,,14130.0,OSM_Success
SMA Negeri 61,Jakarta Timur,sma_smk,Kramat Jati,,13540.0,OSM_Success
SMA Negeri 62,Jakarta Timur,sma_smk,Kramat Jati,,13540.0,OSM_Success
SMA Negeri 63,Jakarta Selatan,sma_smk,Semper Barat,,14130.0,OSM_Success
SMA Negeri 64,Jakarta Timur,sma_smk,Kramat Jati,,13540.0,OSM_Success
SMA Negeri 65,Jakarta Barat,sma_smk,Semper Barat,,14130.0,OSM_Success
SMA Negeri 66,Jakarta Selatan,sma_smk,Semper Barat,,14130.0,OSM_Success
SMA Negeri 67,Jakarta Timur,sma_smk,Kramat Jati,,13540.0,OSM_Success
SMA Negeri 68,Jakarta Pusat,sma_smk,Kenari,,10430.0,OSM_Success
SMA Negeri 69,Kepulauan Seribu,sma_smk,Pulau Panggang,Kepulauan Seribu,,OSM_Success
SMA Negeri 70,Jakarta Selatan,sma_smk,Semper Barat,,14130.0,OSM_Success
SMA Negeri 71,Jakarta Timur,sma_smk,Kramat Jati,,13540.0,OSM_Success
SMA Negeri 72,Jakarta Utara,sma_smk,Semper Barat,,14130.0,OSM_Success
SMA Negeri 73,Jakarta Utara,sma_smk,Semper Barat,,14130.0,OSM_Success
SMA Negeri 74,Jakarta Selatan,sma_smk,Semper Barat,,14130.0,OSM_Success
SMA Negeri 75,Jakarta Utara,sma_smk,Semper Barat,,14130.0,OSM_Success
SMA Negeri 76,Jakarta Timur,sma_smk,Kramat Jati,,13540.0,OSM_Success
SMA Negeri 77,Jakarta Pusat,sma_smk,Cempaka Putih Timur,,10540.0,OSM_Success
SMA Negeri 78,Jakarta Barat,sma_smk,Semper Barat,,14130.0,OSM_Success
SMA Negeri 79,Jakarta Selatan,sma_smk,Semper Barat,,14130.0,OSM_Success
SMA Negeri 80,Jakarta Utara,sma_smk,Semper Barat,,14130.0,OSM_Success
SMA Negeri 81,Jakarta Timur,sma_smk,Kramat Jati,,13540.0,OSM_Success
SMA Negeri 82,Jakarta Selatan,sma_smk,Semper Barat,,14130.0,OSM_Success
SMA Negeri 83,Jakarta Utara,sma_smk,Semper Barat,,14130.0,OSM_Success
SMA Negeri 84,Jakarta Barat,sma_smk,Semper Barat,,14130.0,OSM_Success
SMA Negeri 85,Jakarta Barat,sma_smk,Semper Barat,,14130.0,OSM_Success
SMA Negeri 86,Jakarta Selatan,sma_smk,Semper Barat,,14130.0,OSM_Success
SMA Negeri 87,Jakarta Selatan,sma_smk,Semper Barat,,14130.0,OSM_Success
SMA Negeri 88,Jakarta Timur,sma_smk,Pinang Ranti,,13560.0,OSM_Success
SMA Negeri 89,Jakarta Timur,sma_smk,Pinang Ranti,,13560.0,OSM_Success
SMA Negeri 90,Jakarta Selatan,sma_smk,Semper Barat,,14130.0,OSM_Success
SMA Negeri 91,Jakarta Timur,sma_smk,Kramat Jati,,13540.0,OSM_Success
SMA Negeri 92,Jakarta Utara,sma_smk,Semper Barat,,14130.0,OSM_Success
SMA Negeri 93,Jakarta Timur,sma_smk,Kramat Jati,,13540.0,OSM_Success
SMA Negeri 94,Jakarta Barat,sma_smk,Semper Barat,,14130.0,OSM_Success
SMA Negeri 95,Jakarta Barat,sma_smk,Semper Barat,,14130.0,OSM_Success
SMA Negeri 96,Jakarta Barat,sma_smk,Semper Barat,,14130.0,OSM_Success
SMA Negeri 97,Jakarta Selatan,sma_smk,Semper Barat,,14130.0,OSM_Success
SMA Negeri 98,Jakarta Timur,sma_smk,Pinang Ranti,,13560.0,OSM_Success
SMA Negeri 99,Jakarta Timur,sma_smk,Kramat Jati,,13540.0,OSM_Success
SMA Negeri 100,Jakarta Timur,sma_smk,Kramat Jati,,13540.0,OSM_Success
SMA Negeri 101,Jakarta Barat,sma_smk,Semper Barat,,14130.0,OSM_Success
SMA Negeri 102,Jakarta Timur,sma_smk,Kramat Jati,,13540.0,OSM_Success
SMA Negeri 103,Jakarta Timur,sma_smk,Kramat Jati,,13540.0,OSM_Success
SMA Negeri 104,Jakarta Timur,sma_smk,Kramat Jati,,13540.0,OSM_Success
SMA Negeri 105,Jakarta Timur,sma_smk,Kramat Jati,,13540.0,OSM_Success
SMA Negeri 106,Jakarta Timur,sma_smk,Kramat Jati,,13540.0,OSM_Success
SMA Negeri 107,Jakarta Timur,sma_smk,Kramat Jati,,13540.0,OSM_Success
SMA Negeri 108,Jakarta Selatan,sma_smk,Semper Barat,,14130.0,OSM_Success
SMA Negeri 109,Jakarta Selatan,sma_smk,Semper Barat,,14130.0,OSM_Success
SMA Negeri 110,Jakarta Utara,sma_smk,Semper Barat,,14130.0,OSM_Success
SMA Negeri 111,Jakarta Utara,sma_smk,Semper Barat,,14130.0,OSM_Success
SMA Negeri 112,Jakarta Barat,sma_smk,Meruya Utara,,11620.0,OSM_Success
SMA Negeri 113,Jakarta Timur,sma_smk,Kramat Jati,,13540.0,OSM_Success
SMA Negeri 114,Jakarta Utara,sma_smk,Semper Barat,,14130.0,OSM_Success
SMA Negeri 115,Jakarta Utara,sma_smk,Semper Barat,,14130.0,OSM_Success
SMA Negeri 116,Jakarta Selatan,sma_smk,Semper Barat,,14130.0,OSM_Success
SMA Negeri 117,Jakarta Pusat,sma_smk,Petojo Utara,,10160.0,OSM_Success
SMA Negeri Ragunan,Jakarta Selatan,sma_smk,Ragunan,,12520.0,OSM_Success
SRMA 9 Jakarta Timur,Jakarta Timur,sma_smk,,,,Not_Found
SRMA 10 Jakarta Selatan,Jakarta Selatan,sma_smk,,,,Not_Found
SMA Negeri Unggulan M.H. Thamrin,Jakarta Timur,sma_smk,,,,Not_Found
SMA Advent 1 Jakarta,Jakarta Pusat,sma_smk,,,,Not_Found
SMA Advent Salemba,Jakarta Pusat,sma_smk,Kenari,,10430.0,OSM_Success
Sma At Taqwa Jakarta,Jakarta Pusat,sma_smk,,,,Not_Found
SMA Budi Mulia,Jakarta Pusat,sma_smk,Mangga Dua Selatan,,10730.0,OSM_Success
SMA Bunda Mulia Jakarta,Jakarta Pusat,sma_smk,,,,Not_Found
SMA Dwi Saka Jakarta,Jakarta Pusat,sma_smk,,,,Not_Found
SMA Fransiskus 1 Jakarta,Jakarta Pusat,sma_smk,,,,Not_Found
SMA Hati Suci,Jakarta Pusat,sma_smk,,,,Not_Found
SMA Islam Al Jihad Jakarta,Jakarta Pusat,sma_smk,,,,Not_Found
SMA Islam Said Na'um Jakarta,Jakarta Pusat,sma_smk,,,,Not_Found
SMA Kanisius Jakarta,Jakarta Pusat,sma_smk,,,,Not_Found
SMA Kartini 1 Jakarta,Jakarta Pusat,sma_smk,,,,Not_Found
SMA Kristen 2 BPK Penabur,Jakarta Pusat,sma_smk,,,,Not_Found
SMA Kristen 3 Penabur,Jakarta Pusat,sma_smk,,,,Not_Found
SMA Kristen Bethel,Jakarta Pusat,sma_smk,,,,Not_Found
SMA Kristen Kanaan Jakarta,Jakarta Pusat,sma_smk,,,,Not_Found
SMA Kristen Karunia Jakarta,Jakarta Pusat,sma_smk,Pasar Baru,,10610,OSM_Success_Recovered
SMA Kristen Ketapang 1 Jakarta,Jakarta Pusat,sma_smk,,,,Not_Found
SMA Kristen Saint John,Jakarta Pusat,sma_smk,,,,Not_Found
SMA Muhammadiyah 1 Jakarta,Jakarta Pusat,sma_smk,,,,Not_Found
SMA Muhammadiyah 2 Jakarta,Jakarta Pusat,sma_smk,,,,Not_Found
SMA Muhammadiyah 14 Jakarta,Jakarta Pusat,sma_smk,,,,Not_Found
SMA Muhammadiyah 16 Jakarta,Jakarta Pusat,sma_smk,,,,Not_Found
SMA Paskalis,Jakarta Pusat,sma_smk,Kemayoran,,10640.0,OSM_Success
SMA Perguruan Ksatrya,Jakarta Pusat,sma_smk,Cempaka Putih Barat,,10520.0,OSM_Success
SMA Perguruan Nasional Jakarta,Jakarta Pusat,sma_smk,,,,Not_Found
SMA PSKD 1 Jakarta,Jakarta Pusat,sma_smk,Senen,,10410.0,OSM_Success
SMA PSKD 3 Jakarta,Jakarta Pusat,sma_smk,Senen,,10410.0,OSM_Success
SMA Santa Theresia,Jakarta Pusat,sma_smk,,,,Not_Found
SMA Santa Ursula,Jakarta Pusat,sma_smk,Pasar Baru,,10730.0,OSM_Success
SMA Santo Bellarminus,Jakarta Pusat,sma_smk,,,,Not_Found
SMA Santo Paulus Jakarta,Jakarta Pusat,sma_smk,,,,Not_Found
SMA Sunda Kelapa Jakarta,Jakarta Pusat,sma_smk,Menteng,,10310.0,OSM_Success
SMA Taman Madya 5 Jakarta,Jakarta Pusat,sma_smk,,,,Not_Found
SMA Taman Madya I Jakarta,Jakarta Pusat,sma_smk,Serdang,,10630.0,OSM_Success
SMA Tarsisius 1 Jakarta,Jakarta Pusat,sma_smk,,,,Not_Found
SMA Triwibawa Jakarta,Jakarta Pusat,sma_smk,Gunung Sahari Utara,,10720.0,OSM_Success
SMA Yapermas Jakarta,Jakarta Pusat,sma_smk,Menteng,,10310.0,OSM_Success
Smas YP IPPI Petojo Jakarta,Jakarta Pusat,sma_smk,,,,Not_Found
SMA Al Jihad Jakarta,Jakarta Utara,sma_smk,Papanggo,,14340,OSM_Success_Recovered
SMA Al Khairiyah Jakarta,Jakarta Utara,sma_smk,Lagoa,,14270.0,OSM_Success
SMA Al Muhajirin Jakarta,Jakarta Utara,sma_smk,Rawa Badak Selatan,,14230,OSM_Success_Recovered
SMA Bina Maju Bangsa,Jakarta Utara,sma_smk,,,,Not_Found
SMA Buana Siswa,Jakarta Utara,sma_smk,,,,Not_Found
SMA Budi Agung,Jakarta Utara,sma_smk,Pejagalan,,14450.0,OSM_Success
SMA Bukit Mulia,Jakarta Utara,sma_smk,,,,Not_Found
SMA Bunga Hati Bangsa,Jakarta Utara,sma_smk,Kapuk Muara,,14460.0,OSM_Success
SMA Cahaya Kudus Jakarta,Jakarta Utara,sma_smk,,,,Not_Found
SMA Chandra Kusuma Jakarta,Jakarta Utara,sma_smk,,,,Not_Found
SMA Darma Satria Persada,Jakarta Utara,sma_smk,,,,Not_Found
SMA Dharma Budhi Bhakti Jakarta,Jakarta Utara,sma_smk,Sunter Agung,,14350,OSM_Success_Recovered
SMA Dharma Putra Jakarta,Jakarta Utara,sma_smk,Kebon Bawang,,14320,OSM_Success_Recovered
SMA Dharma Suci Jakarta,Jakarta Utara,sma_smk,Pejagalan,,14450,OSM_Success_Recovered
SMA Don Bosco 1 Jakarta,Jakarta Utara,sma_smk,,,,Not_Found
SMA Fons Vitae 2 Jakarta,Jakarta Utara,sma_smk,,,,Not_Found
SMA Gideon Jakarta,Jakarta Utara,sma_smk,Sungai Bambu,,14330.0,OSM_Success
SMA Gita Kirti 2,Jakarta Utara,sma_smk,,,,Not_Found
SMA Harapan Kasih Jakarta,Jakarta Utara,sma_smk,,,,Not_Found
SMA Islam Al Azhar Kelapa Gading,Jakarta Utara,sma_smk,,,,Not_Found
SMA Jac,Jakarta Utara,sma_smk,Pegangsaan Dua,,14250.0,OSM_Success
SMA Jubilee,Jakarta Utara,sma_smk,,,,Not_Found
SMA Katolik Diakonia Jakarta,Jakarta Utara,sma_smk,,,,Not_Found
SMA Kristen 5 Penabur,Jakarta Utara,sma_smk,,,,Not_Found
SMA Kristen 6 Penabur,Jakarta Utara,sma_smk,,,,Not_Found
SMA Kristen Calvin,Jakarta Utara,sma_smk,Gunung Sahari Selatan,,10750.0,OSM_Success
SMA Kristen Ipeka Pluit,Jakarta Utara,sma_smk,,,,Not_Found
SMA Kristen Ipeka Sunter,Jakarta Utara,sma_smk,,,,Not_Found
SMA Kristen Tunas Bangsa,Jakarta Utara,sma_smk,,,,Not_Found
SMA Kristen Yusuf,Jakarta Utara,sma_smk,Pejagalan,,14450.0,OSM_Success
SMA Laphat Plus,Jakarta Utara,sma_smk,Tugu Utara,,14260.0,OSM_Success
SMA Lilin Bangsa Intercultural School,Jakarta Utara,sma_smk,,,,Not_Found
SMA Mahatma Gading,Jakarta Utara,sma_smk,Kelapa Gading Barat,,14240.0,OSM_Success
SMA Mandala Cendekia,Jakarta Utara,sma_smk,,,,Not_Found
SMA Marie Joseph,Jakarta Utara,sma_smk,Pegangsaan Dua,,14250.0,OSM_Success
SMA Methodist Jakarta,Jakarta Utara,sma_smk,Pejagalan,,14450.0,OSM_Success
SMA Mutiara 1 Jakarta,Jakarta Utara,sma_smk,,,,Not_Found
SMA Nurul Falah Jakarta,Jakarta Utara,sma_smk,Semper Timur,,14130.0,OSM_Success
SMA Nusantara Jakarta,Jakarta Utara,sma_smk,Semper Barat,,14260.0,OSM_Success
SMA Nusantara Permai,Jakarta Utara,sma_smk,,,,Not_Found
SMA Pelangi Kasih,Jakarta Utara,sma_smk,,,,Not_Found
SMA Permai Jakarta,Jakarta Utara,sma_smk,Pluit,,14440.0,OSM_Success
SMA Permata Indah Jakarta,Jakarta Utara,sma_smk,,,,Not_Found
SMA PGRI 12 Jakarta,Jakarta Utara,sma_smk,Kelapa Gading Barat,,14240.0,OSM_Success
SMA Pusaka Abadi Jakarta,Jakarta Utara,sma_smk,Pejagalan,,14450,OSM_Success_Recovered
SMA Saint Peter,Jakarta Utara,sma_smk,,,,Not_Found
SMA Santo Lukas 1 Jakarta,Jakarta Utara,sma_smk,Sunter Agung,,14350.0,OSM_Success
SMA Santo Yakobus Jakarta,Jakarta Utara,sma_smk,,,,Not_Found
SMA St Maria Della Strada,Jakarta Utara,sma_smk,,,,Not_Found
SMA Stella Maris Jakarta,Jakarta Utara,sma_smk,Pejagalan,,14450,OSM_Success_Recovered
SMA Sukses Abadi,Jakarta Utara,sma_smk,Pejagalan,,14450.0,OSM_Success
SMA Tanjung Priok Jakarta,Jakarta Utara,sma_smk,Sunter Jaya,,14350.0,OSM_Success
SMA Tarakanita 2,Jakarta Utara,sma_smk,Pluit,,14440.0,OSM_Success
SMA Tunas Gading,Jakarta Utara,sma_smk,Kelapa Gading Timur,,14240.0,OSM_Success
SMA Tunas Karya Jakarta,Jakarta Utara,sma_smk,Kelapa Gading Timur,,14240,OSM_Success_Recovered
SMA Westin,Jakarta Utara,sma_smk,Pejagalan,,14450.0,OSM_Success
SMA Wijaya Jakarta,Jakarta Utara,sma_smk,Kapuk,,11710.0,OSM_Success
SMA Wijaya Kusuma Jakarta,Jakarta Utara,sma_smk,Grogol Petamburan,,11460.0,OSM_Success
SMA Yaniic Jakarta,Jakarta Utara,sma_smk,,,,Not_Found
SMA Yappenda,Jakarta Utara,sma_smk,Kebon Bawang,,14320.0,OSM_Success
SMA Yaspi Jakarta,Jakarta Utara,sma_smk,,,,Not_Found
SMA Yusha Jakarta,Jakarta Utara,sma_smk,Tugu Utara,,14260.0,OSM_Success
SMA 1 Barunawati,Jakarta Barat,sma_smk,,,,Not_Found
SMA 1 Yadika,Jakarta Barat,sma_smk,Duri Kepa,,11510.0,OSM_Success
SMA 3 Kalam Kudus,Jakarta Barat,sma_smk,,,,Not_Found
SMA Al Chasanah,Jakarta Barat,sma_smk,,,,Not_Found
SMA Al Huda Cengkareng,Jakarta Barat,sma_smk,Cengkareng Barat,,11739.0,OSM_Success
SMA Al Kamal,Jakarta Barat,sma_smk,,,,Not_Found
SMA Baptis Cengkareng Indah,Jakarta Barat,sma_smk,Kapuk,,11720.0,OSM_Success
SMA Bhakti Utama,Jakarta Barat,sma_smk,,,,Not_Found
SMA Bhineka Tunggal Ika,Jakarta Barat,sma_smk,,,,Not_Found
SMA Bina Kusuma Mulia,Jakarta Barat,sma_smk,,,,Not_Found
SMA Blossom School,Jakarta Barat,sma_smk,,,,Not_Found
SMA Budaya,Jakarta Barat,sma_smk,,,,Not_Found
SMA Budi Murni 2,Jakarta Barat,sma_smk,,,,Not_Found
SMA Bunda Hati Kudus,Jakarta Barat,sma_smk,Rawa Buaya,,11740.0,OSM_Success
SMA Bunda Mulia,Jakarta Barat,sma_smk,,,,Not_Found
SMA Cahaya Fadilah,Jakarta Barat,sma_smk,Duri Kosambi,,11749.0,OSM_Success
SMA Cakra Buana,Jakarta Barat,sma_smk,Tegal Alur,,11820.0,OSM_Success
SMA Candra Naya,Jakarta Barat,sma_smk,Jembatan Besi,,11320.0,OSM_Success
SMA Cengkareng 1,Jakarta Barat,sma_smk,Rawa Buaya,,11740.0,OSM_Success
SMA Cinta Kasih Tzu Chi,Jakarta Barat,sma_smk,,,,Not_Found
SMA Cinta Mulia Chong Mian,Jakarta Barat,sma_smk,,,,Not_Found
SMA Citra Kasih,Jakarta Barat,sma_smk,,,,Not_Found
SMA Damai,Jakarta Barat,sma_smk,Duri Selatan,,11270.0,OSM_Success
SMA Dhammasavana,Jakarta Barat,sma_smk,Angke,,11330.0,OSM_Success
SMA Dharma Jaya,Jakarta Barat,sma_smk,,,,Not_Found
SMA Dian Harapan,Jakarta Barat,sma_smk,,,,Not_Found
SMA Dian Kasih,Jakarta Barat,sma_smk,,,,Not_Found
SMA Fajrul Islam,Jakarta Barat,sma_smk,Pegadungan,,11830.0,OSM_Success
SMA Fatahillah,Jakarta Barat,sma_smk,,,,Not_Found
SMA Galatia 3,Jakarta Barat,sma_smk,Pegadungan,,11840.0,OSM_Success
SMA Global Nusantara School,Jakarta Barat,sma_smk,,,,Not_Found
SMA Harapan Jaya,Jakarta Barat,sma_smk,Cengkareng Timur,,11749.0,OSM_Success
SMA Ichthus Jakarta Barat,Jakarta Barat,sma_smk,,,,Not_Found
SMA Impian Bunda,Jakarta Barat,sma_smk,Duri Kosambi,,15211.0,OSM_Success
SMA IP Yakin,Jakarta Barat,sma_smk,Cengkareng Timur,,11739.0,OSM_Success
SMA Islam Al Azhar 20 Kembangan,Jakarta Barat,sma_smk,,,,Not_Found
SMA Islam Tambora,Jakarta Barat,sma_smk,Tambora,,11120.0,OSM_Success
SMA Islam Terpadu Almaka,Jakarta Barat,sma_smk,,,,Not_Found
SMA Josua,Jakarta Barat,sma_smk,,,,Not_Found
SMA Kairos Gracia,Jakarta Barat,sma_smk,,,,Not_Found
SMA Kanaan Global School,Jakarta Barat,sma_smk,,,,Not_Found
SMA Kasih Bagi Bangsa,Jakarta Barat,sma_smk,Cengkareng Timur,,11739.0,OSM_Success
SMA Kasih Immanuel,Jakarta Barat,sma_smk,,,,Not_Found
SMA Kasih Karunia,Jakarta Barat,sma_smk,Cengkareng Barat,,11730.0,OSM_Success
SMA Katholik Bintang Kejora,Jakarta Barat,sma_smk,,,,Not_Found
SMA Katolik Abdi Siswa,Jakarta Barat,sma_smk,Duri Kepa,,11430.0,OSM_Success
SMA Katolik Lia Stephanie,Jakarta Barat,sma_smk,,,,Not_Found
SMA Katolik Ricci,Jakarta Barat,sma_smk,,,,Not_Found
SMA Katolik Sang Timur,Jakarta Barat,sma_smk,,,,Not_Found
SMA Kemurnian II,Jakarta Barat,sma_smk,Duri Kepa,,11460.0,OSM_Success
SMA Kristen 1 BPK Penabur,Jakarta Barat,sma_smk,,,,Not_Found
SMA Kristen 4 Penabur,Jakarta Barat,sma_smk,,,,Not_Found
SMA Kristen Almasih,Jakarta Barat,sma_smk,,,,Not_Found
SMA Kristen Immanuel,Jakarta Barat,sma_smk,,,,Not_Found
SMA Kristen Ipeka Puri Indah,Jakarta Barat,sma_smk,,,,Not_Found
SMA Kristen Ipeka Tomang,Jakarta Barat,sma_smk,,,,Not_Found
SMA Kristen Kalam Kudus II,Jakarta Barat,sma_smk,Cengkareng,,15211.0,OSM_Success
SMA Kristen Kasih Kemuliaan,Jakarta Barat,sma_smk,Pegadungan,,11840.0,OSM_Success
SMA Kristen Pancaran Berkat,Jakarta Barat,sma_smk,,,,Not_Found
SMA Kristen Samaria Kudus,Jakarta Barat,sma_smk,,,,Not_Found
SMA Kristen Tiara Kasih,Jakarta Barat,sma_smk,Semanan,,11850.0,OSM_Success
SMA Kristen Tunas Bangsa,Jakarta Barat,sma_smk,,,,Not_Found
SMA Lamaholot,Jakarta Barat,sma_smk,Rawa Buaya,,11740.0,OSM_Success
SMA Mahabodhi Vidya,Jakarta Barat,sma_smk,,,,Not_Found
SMA Maitreyawira Jakarta,Jakarta Barat,sma_smk,,,,Not_Found
SMA Makarios,Jakarta Barat,sma_smk,,,,Not_Found
SMA Mentari Grand Surya,Jakarta Barat,sma_smk,,,,Not_Found
SMA Muhammadiyah 13 Jakarta,Jakarta Barat,sma_smk,Tomang,,11440.0,OSM_Success
SMA Muhammadiyah 15,Jakarta Barat,sma_smk,Rawamangun,,13220.0,OSM_Success
SMA Muhammadiyah 24,Jakarta Barat,sma_smk,,,,Not_Found
SMA Mutiara Bangsa 3,Jakarta Barat,sma_smk,,,,Not_Found
SMA Nasional Nusantara,Jakarta Barat,sma_smk,Cengkareng,,11730.0,OSM_Success
SMA Notre Dame,Jakarta Barat,sma_smk,,,,Not_Found
SMA Padindi,Jakarta Barat,sma_smk,Kamal,,11810.0,OSM_Success
SMA Pah Tsung,Jakarta Barat,sma_smk,,,,Not_Found
SMA Pelita 2,Jakarta Barat,sma_smk,,,,Not_Found
SMA Pelita Anugerah,Jakarta Barat,sma_smk,,,,Not_Found
SMA Pelita IV,Jakarta Barat,sma_smk,,,,Not_Found
SMA Pelita Kasih,Jakarta Barat,sma_smk,Cengkareng Barat,,11730.0,OSM_Success
SMA Petra,Jakarta Barat,sma_smk,,,,Not_Found
SMA Providentia,Jakarta Barat,sma_smk,Kedoya Utara,,11520.0,OSM_Success
SMA Regina Pacis,Jakarta Barat,sma_smk,Palmerah,,11480.0,OSM_Success
SMA Saint Johns School,Jakarta Barat,sma_smk,,,,Not_Found
SMA San Marino,Jakarta Barat,sma_smk,Kalideres,,15122.0,OSM_Success
SMA Santo Kristoforus 1,Jakarta Barat,sma_smk,,,,Not_Found
SMA Santo Kristoforus 2,Jakarta Barat,sma_smk,,,,Not_Found
SMA Santo Leo,Jakarta Barat,sma_smk,Tangki,,11150.0,OSM_Success
SMA Santo Leo II,Jakarta Barat,sma_smk,,,,Not_Found
SMA Sentosa,Jakarta Barat,sma_smk,,,,Not_Found
SMA Sinar Dharma,Jakarta Barat,sma_smk,Tambora,,11270.0,OSM_Success
SMA Sumpah Pemuda,Jakarta Barat,sma_smk,,,,Not_Found
SMA Tarsisius II,Jakarta Barat,sma_smk,,,,Not_Found
SMA Tri Ratna,Jakarta Barat,sma_smk,,,,Not_Found
SMA Tunas Harapan,Jakarta Barat,sma_smk,,,,Not_Found
SMA Tunas Indonesia,Jakarta Barat,sma_smk,Semanan,,11850.0,OSM_Success
SMA Vianney,Jakarta Barat,sma_smk,Rawa Buaya,,11740.0,OSM_Success
SMA Wardaya,Jakarta Barat,sma_smk,,,,Not_Found
SMA Yadika 2,Jakarta Barat,sma_smk,Tegal Alur,,11820.0,OSM_Success
SMA Yadika 5,Jakarta Barat,sma_smk,Joglo,,15151.0,OSM_Success
SMA YP BDN,Jakarta Barat,sma_smk,,,,Not_Found
SMA 17 Agustus 45 Jakarta,Jakarta Selatan,sma_smk,,,,Not_Found
SMA 2 Perguruan Cikini,Jakarta Selatan,sma_smk,,,,Not_Found
SMA 28 Oktober 1928,Jakarta Selatan,sma_smk,,,,Not_Found
SMA Al Azhar Syifa Budi,Jakarta Selatan,sma_smk,,,,Not_Found
SMA Al Kautsar,Jakarta Selatan,sma_smk,Pulo,,12160.0,OSM_Success
SMA Al Wildan 4 Islamic School Jakarta,Jakarta Selatan,sma_smk,,,,Not_Found
SMA Asisi Jakarta,Jakarta Selatan,sma_smk,Menteng Dalam,,12870.0,OSM_Success
SMA Avicenna Jagakarsa,Jakarta Selatan,sma_smk,,,,Not_Found
SMA Bakti Idhata Jakarta,Jakarta Selatan,sma_smk,,,,Not_Found
SMA Bakti Mulya 400,Jakarta Selatan,sma_smk,,,,Not_Found
SMA Bunda Kandung Jakarta,Jakarta Selatan,sma_smk,Pejaten Timur,,12530,OSM_Success_Recovered
SMA Cenderawasih 1,Jakarta Selatan,sma_smk,,,,Not_Found
SMA Charitas,Jakarta Selatan,sma_smk,Lebak Bulus,,15419.0,OSM_Success
SMA Cikal,Jakarta Selatan,sma_smk,,,,Not_Found
SMA Citra Kasih Don Bosco Pondok Indah,Jakarta Selatan,sma_smk,,,,Not_Found
SMA Darul Maarif Jakarta,Jakarta Selatan,sma_smk,,,,Not_Found
SMA Darunnajah,Jakarta Selatan,sma_smk,,,,Not_Found
SMA Dewi Sartika,Jakarta Selatan,sma_smk,Tebet Barat,,12810.0,OSM_Success
SMA Dharma Karya Jakarta,Jakarta Selatan,sma_smk,Melawai,,12160,OSM_Success_Recovered
SMA Eunoia Intercultural School,Jakarta Selatan,sma_smk,,,,Not_Found
SMA Fatahillah Jakarta,Jakarta Selatan,sma_smk,,,,Not_Found
SMA Garuda Cendekia,Jakarta Selatan,sma_smk,Pela Mampang,,12170.0,OSM_Success
SMA Gita Kirtti 3 Jakarta,Jakarta Selatan,sma_smk,Gandaria Utara,,12140,OSM_Success_Recovered
SMA Gonzaga Jakarta,Jakarta Selatan,sma_smk,Ragunan,,12550.0,OSM_Success
SMA Hang Tuah 1 Jakarta,Jakarta Selatan,sma_smk,Cipulir,,12230.0,OSM_Success
SMA International Islamic High School (IIHS),Jakarta Selatan,sma_smk,,,,Not_Found
SMA Islam Al Azhar 1 Jakarta,Jakarta Selatan,sma_smk,,,,Not_Found
SMA Islam Al Azhar 2 Jakarta,Jakarta Selatan,sma_smk,,,,Not_Found
SMA Islam Al Azhar 3 Jakarta,Jakarta Selatan,sma_smk,Selong,,12180.0,OSM_Success
SMA Islam Al Izhar Pondok Labu,Jakarta Selatan,sma_smk,,,,Not_Found
SMA Islam Al Kholidin Jakarta,Jakarta Selatan,sma_smk,,,,Not_Found
SMA Islam Annajah,Jakarta Selatan,sma_smk,,,,Not_Found
SMA Islam As Syafiiyah 01,Jakarta Selatan,sma_smk,,,,Not_Found
SMA Islam Harapan Ibu,Jakarta Selatan,sma_smk,,,,Not_Found
SMA Jagakarsa,Jakarta Selatan,sma_smk,Jagakarsa,,12620.0,OSM_Success
SMA Jakarta Montessori,Jakarta Selatan,sma_smk,,,,Not_Found
SMA Kartika VIII-1 Jakarta,Jakarta Selatan,sma_smk,Srengseng Sawah,,12640.0,OSM_Success
SMA Kartika X-1,Jakarta Selatan,sma_smk,Pesanggrahan,,12320.0,OSM_Success
SMA Keluarga Widuri Jakarta,Jakarta Selatan,sma_smk,Lebak Bulus,,12450.0,OSM_Success
SMA Kemala Bhayangkari 1,Jakarta Selatan,sma_smk,,,,Not_Found
SMA Kharismawita Jakarta,Jakarta Selatan,sma_smk,Tanjung Barat,,12530.0,OSM_Success
SMA Labschool Bintaro,Jakarta Selatan,sma_smk,,,,Not_Found
SMA Labschool Kebayoran,Jakarta Selatan,sma_smk,Kramat Pela,,12120.0,OSM_Success
SMA Muhammadiyah 3 Jakarta,Jakarta Selatan,sma_smk,Kramat Pela,,12140.0,OSM_Success
SMA Muhammadiyah 5 Jakarta,Jakarta Selatan,sma_smk,,,,Not_Found
SMA Muhammadiyah 18 Jakarta,Jakarta Selatan,sma_smk,,,,Not_Found
SMA Muttaqien Jakarta,Jakarta Selatan,sma_smk,,,,Not_Found
SMA Pangudi Luhur Jakarta,Jakarta Selatan,sma_smk,Pulo,,12160.0,OSM_Success
SMA Pattimura Jakarta,Jakarta Selatan,sma_smk,Jagakarsa,,12620.0,OSM_Success
SMA Perguruan Cikini Jakarta,Jakarta Selatan,sma_smk,Duren Tiga,,12760.0,OSM_Success
SMA Perguruan Rakyat 1 Jakarta,Jakarta Selatan,sma_smk,,,,Not_Found
SMA Perkumpulan Mandiri,Jakarta Selatan,sma_smk,,,,Not_Found
SMA PGRI 3 Jakarta,Jakarta Selatan,sma_smk,Pondok Labu,,12450.0,OSM_Success
SMA Plus Khadijah Islamic School,Jakarta Selatan,sma_smk,,,,Not_Found
SMA PSKD 4 Jakarta,Jakarta Selatan,sma_smk,,,,Not_Found
SMA Purnama Jakarta,Jakarta Selatan,sma_smk,,,,Not_Found
SMA Suluh Jakarta,Jakarta Selatan,sma_smk,Pasar Minggu,,12510.0,OSM_Success
SMA Sumbangsih Jakarta,Jakarta Selatan,sma_smk,Cilandak Timur,,12560.0,OSM_Success
SMA Tarakanita 1 Jakarta,Jakarta Selatan,sma_smk,Pluit,,14440,OSM_Success_Recovered
SMA Tirtamarta BPK Penabur,Jakarta Selatan,sma_smk,,,,Not_Found
SMA Triguna Jakarta,Jakarta Selatan,sma_smk,Gunung,,12120.0,OSM_Success
SMA Yasporbi 1 Jakarta,Jakarta Selatan,sma_smk,,,,Not_Found
SMA YMIK 2 Jakarta,Jakarta Selatan,sma_smk,Manggarai,,12850.0,OSM_Success
SMA 1 Cawang Baru,Jakarta Timur,sma_smk,,,,Not_Found
SMA Adi Luhur Jakarta,Jakarta Timur,sma_smk,,,,Not_Found
SMA Al Falah,Jakarta Timur,sma_smk,Munjul,,13850.0,OSM_Success
SMA Al Ghurabaa Jakarta,Jakarta Timur,sma_smk,Jati,,13250,OSM_Success_Recovered
SMA Al Hikmah Jakarta,Jakarta Timur,sma_smk,,,,Not_Found
SMA Al Wildan Islamic School 10 Jakarta,Jakarta Timur,sma_smk,,,,Not_Found
SMA Angkasa 1 H Perdanakusuma,Jakarta Timur,sma_smk,,,,Not_Found
SMA Angkasa 2 H Perdanakusuma,Jakarta Timur,sma_smk,,,,Not_Found
SMA Bina Dharma Jakarta,Jakarta Timur,sma_smk,Ciracas,,13740,OSM_Success_Recovered
SMA Bina Pangudi Luhur Jakarta,Jakarta Timur,sma_smk,,,,Not_Found
SMA BPS&K I,Jakarta Timur,sma_smk,,,,Not_Found
SMA Budaya Jakarta,Jakarta Timur,sma_smk,,,,Not_Found
SMA Budhaya 2 St Agustinus,Jakarta Timur,sma_smk,,,,Not_Found
SMA Budhi Warman 1,Jakarta Timur,sma_smk,,,,Not_Found
SMA Budhi Warman 2,Jakarta Timur,sma_smk,,,,Not_Found
SMA Budi Mulia Utama Jakarta,Jakarta Timur,sma_smk,,,,Not_Found
SMA Cahaya Sakti Jakarta,Jakarta Timur,sma_smk,Bali Mester,,13930,OSM_Success_Recovered
SMA Chartar Buana,Jakarta Timur,sma_smk,Kelapa Dua Wetan,,13850.0,OSM_Success
SMA Cikal Amri,Jakarta Timur,sma_smk,,,,Not_Found
SMA Corpatarin Jakarta,Jakarta Timur,sma_smk,,,,Not_Found
SMA Dewi Sartika YBW Jakarta,Jakarta Timur,sma_smk,,,,Not_Found
SMA Dian Persada Jakarta,Jakarta Timur,sma_smk,Cipinang,,13250.0,OSM_Success
SMA Diponegoro 1 Jakarta,Jakarta Timur,sma_smk,Rawamangun,,13220,OSM_Success_Recovered
SMA Diponegoro 2 Jakarta,Jakarta Timur,sma_smk,Cakung Timur,,13910,OSM_Success_Recovered
SMA Don Bosco II,Jakarta Timur,sma_smk,,,,Not_Found
SMA Embun Pagi Islamic School,Jakarta Timur,sma_smk,,,,Not_Found
SMA EMIISc Jakarta,Jakarta Timur,sma_smk,,,,Not_Found
SMA Fons Vitae 1 Jakarta,Jakarta Timur,sma_smk,,,,Not_Found
SMA Fransiskus 2 Jakarta,Jakarta Timur,sma_smk,Kayu Putih,,13210.0,OSM_Success
SMA Global Islamic School,Jakarta Timur,sma_smk,Bale Kambang,,13530.0,OSM_Success
SMA Global Mandiri,Jakarta Timur,sma_smk,,,,Not_Found
SMA Highfield,Jakarta Timur,sma_smk,,,,Not_Found
SMA IGN Slamet Riyadi,Jakarta Timur,sma_smk,,,,Not_Found
SMA Islam Al Azhar 19,Jakarta Timur,sma_smk,,,,Not_Found
SMA Islam Al Maruf,Jakarta Timur,sma_smk,Kelapa Dua Wetan,,13730.0,OSM_Success
SMA Islam PB Soedirman,Jakarta Timur,sma_smk,Cijantung,,13770.0,OSM_Success
SMA IT Al Halimiyah Jakarta,Jakarta Timur,sma_smk,,,,Not_Found
SMA IT Buahati Islamic School,Jakarta Timur,sma_smk,,,,Not_Found
SMA Jakarta Islamic School,Jakarta Timur,sma_smk,Bale Kambang,,13530,OSM_Success_Recovered
SMA Kapin,Jakarta Timur,sma_smk,Pondok Kelapa,,13440.0,OSM_Success
SMA Katolik Nusa Melati,Jakarta Timur,sma_smk,,,,Not_Found
SMA Kristen 7 Penabur,Jakarta Timur,sma_smk,,,,Not_Found
SMA Kristen Berkat Jakarta,Jakarta Timur,sma_smk,Duren Sawit,,13470,OSM_Success_Recovered
SMA Kristen Tunas Bangsa,Jakarta Timur,sma_smk,,,,Not_Found
SMA Labschool Ciracas,Jakarta Timur,sma_smk,,,,Not_Found
SMA Labschool Jakarta,Jakarta Timur,sma_smk,Kramat Pela,,12120,OSM_Success_Recovered
SMA Malahayati,Jakarta Timur,sma_smk,Cijantung,,13770.0,OSM_Success
Sma Mardani Leadership School,Jakarta Timur,sma_smk,,,,Not_Found
SMA Minhaajurrosyidiin,Jakarta Timur,sma_smk,,,,Not_Found
SMA Muhammadiyah 11 Jakarta,Jakarta Timur,sma_smk,Rawamangun,,13220.0,OSM_Success
SMA Muhammadiyah 12 Jakarta,Jakarta Timur,sma_smk,Rawamangun,,13220.0,OSM_Success
SMA Muhammadiyah 23 Jakarta,Jakarta Timur,sma_smk,,,,Not_Found
SMA Muhammadiyah 4 Jakarta,Jakarta Timur,sma_smk,,,,Not_Found
SMA Nabawi Islamic School,Jakarta Timur,sma_smk,,,,Not_Found
SMA Nahdlatul Wathan,Jakarta Timur,sma_smk,,,,Not_Found
SMA Nizamia Andalusia,Jakarta Timur,sma_smk,,,,Not_Found
SMA Nurul Huda Jakarta,Jakarta Timur,sma_smk,Cengkareng Timur,,11749.0,OSM_Success
SMA Pangudi Rahayu,Jakarta Timur,sma_smk,Cijantung,,13770.0,OSM_Success
SMA Pelita Tiga No 3 Jakarta,Jakarta Timur,sma_smk,,,,Not_Found
SMA Pembangunan III YPI,Jakarta Timur,sma_smk,,,,Not_Found
SMA Perguruan Advent XV,Jakarta Timur,sma_smk,Ciracas,,13840.0,OSM_Success
SMA Perguruan Rakyat 2 Jakarta,Jakarta Timur,sma_smk,Pondok Kelapa,,17412,OSM_Success_Recovered
SMA Perguruan Rakyat 3 Jakarta,Jakarta Timur,sma_smk,Duren Sawit,,13470,OSM_Success_Recovered
SMA PGRI 1 Jakarta,Jakarta Timur,sma_smk,,,,Not_Found
SMA PGRI 24 Jakarta,Jakarta Timur,sma_smk,,,,Not_Found
SMA PGRI 4 Jakarta,Jakarta Timur,sma_smk,Cipayung,,13870.0,OSM_Success
SMA PKP,Jakarta Timur,sma_smk,Kelapa Dua Wetan,,13730.0,OSM_Success
SMA Pratama,Jakarta Timur,sma_smk,Kelapa Dua Wetan,,13840.0,OSM_Success
SMA Prestasi Prima,Jakarta Timur,sma_smk,,,,Not_Found
SMA PSKD II Jakarta,Jakarta Timur,sma_smk,,,,Not_Found
SMA Pusaka 1 Jakarta,Jakarta Timur,sma_smk,,,,Not_Found
SMA Putra 1,Jakarta Timur,sma_smk,Kebon Bawang,,14320,OSM_Success_Recovered
SMA Santika,Jakarta Timur,sma_smk,Bambu Apus,,13890.0,OSM_Success
SMA Santo Yoseph Jakarta,Jakarta Timur,sma_smk,Ujung Menteng,,17132.0,OSM_Success
SMA Sapta Kharisma Jakarta,Jakarta Timur,sma_smk,Pulo Gebang,,41581.0,OSM_Success
SMA ST Alexius Jakarta,Jakarta Timur,sma_smk,Duren Sawit,,13470,OSM_Success_Recovered
SMA ST Antonius Jakarta,Jakarta Timur,sma_smk,,,,Not_Found
SMA Taruna Persada,Jakarta Timur,sma_smk,Gedong,,13760.0,OSM_Success
SMA Teladan 1 Jakarta,Jakarta Timur,sma_smk,,,,Not_Found
SMA Trampil 2 Jakarta,Jakarta Timur,sma_smk,,,,Not_Found
SMA Trisoko Jakarta,Jakarta Timur,sma_smk,,,,Not_Found
SMA Tunas Markatin Jakarta,Jakarta Timur,sma_smk,Rawamangun,,13220.0,OSM_Success
SMA Uswatun Hasanah Jakarta,Jakarta Timur,sma_smk,Pinang Ranti,,13560,OSM_Success_Recovered
SMA Villa Mas Jakarta,Jakarta Timur,sma_smk,Pulo Gadung,,13260,OSM_Success_Recovered
SMA Widya Manggala Jakarta,Jakarta Timur,sma_smk,Ciracas,,13830,OSM_Success_Recovered
SMA Wijaya Kusuma,Jakarta Timur,sma_smk,Rambutan,,13830.0,OSM_Success
SMA Yake Jakarta,Jakarta Timur,sma_smk,Bali Mester,,13310.0,OSM_Success
SMA YP IPPI Jakarta,Jakarta Timur,sma_smk,,,,Not_Found
SMK Negeri 1,Jakarta Pusat,sma_smk,Pasar Baru,,10460.0,OSM_Success
SMK Negeri 2,Jakarta Pusat,sma_smk,Gambir,,10110.0,OSM_Success
SMK Negeri 3,Jakarta Pusat,sma_smk,Gunung Sahari Selatan,,10620.0,OSM_Success
SMK Negeri 4,Jakarta Utara,sma_smk,Rorotan,,14140.0,OSM_Success
SMK Negeri 5,Jakarta Timur,sma_smk,Pisangan Baru,,13350.0,OSM_Success
SMK Negeri 6,Jakarta Selatan,sma_smk,Cawang,,13630,OSM_Success_Recovered
SMK Negeri 7,Jakarta Timur,sma_smk,Jati,,13250.0,OSM_Success
SMK Negeri 8,Jakarta Selatan,sma_smk,,,,Not_Found
SMK Negeri 9,Jakarta Barat,sma_smk,Cempaka Baru,,10640,OSM_Success_Recovered
SMK Negeri 10,Jakarta Timur,sma_smk,Bambu Apus,,13890.0,OSM_Success
SMK Negeri 11,Jakarta Barat,sma_smk,Pinangsia,,11110.0,OSM_Success
SMK Negeri 12,Jakarta Utara,sma_smk,Cipinang Besar Utara,,13410.0,OSM_Success
SMK Negeri 13,Jakarta Barat,sma_smk,Palmerah,,11540.0,OSM_Success
SMK Negeri 14,Jakarta Pusat,sma_smk,Jatinegara,,13410,OSM_Success_Recovered
SMK Negeri 15,Jakarta Selatan,sma_smk,Pisangan Baru,,13350,OSM_Success_Recovered
SMK Negeri 16,Jakarta Pusat,sma_smk,,,,Not_Found
SMK Negeri 17,Jakarta Barat,sma_smk,Pekojan,,11240.0,OSM_Success
SMK Negeri 18,Jakarta Selatan,sma_smk,,,,Not_Found
SMK Negeri 19,Jakarta Pusat,sma_smk,,,,Not_Found
SMK Negeri 20,Jakarta Selatan,sma_smk,Cilandak Barat,,12430.0,OSM_Success
SMK Negeri 21,Jakarta Pusat,sma_smk,,,,Not_Found
SMK Negeri 22,Jakarta Timur,sma_smk,Klender,,13450.0,OSM_Success
SMK Negeri 23,Jakarta Utara,sma_smk,,,,Not_Found
SMK Negeri 24,Jakarta Timur,sma_smk,,,,Not_Found
SMK Negeri 25,Jakarta Selatan,sma_smk,,,,Not_Found
SMK Negeri 26,Jakarta Timur,sma_smk,,,,Not_Found
SMK Negeri 27,Jakarta Pusat,sma_smk,,,,Not_Found
SMK Negeri 28,Jakarta Selatan,sma_smk,,,,Not_Found
SMK Negeri 29,Jakarta Selatan,sma_smk,,,,Not_Found
SMK Negeri 30,Jakarta Selatan,sma_smk,,,,Not_Found
SMK Negeri 31,Jakarta Pusat,sma_smk,Bendungan Hilir,,10210.0,OSM_Success
SMK Negeri 32,Jakarta Selatan,sma_smk,Gedong,,13530,OSM_Success_Recovered
SMK Negeri 33,Jakarta Utara,sma_smk,Bambu Apus,,13890,OSM_Success_Recovered
SMK Negeri 34,Jakarta Pusat,sma_smk,,,,Not_Found
SMK Negeri 35,Jakarta Barat,sma_smk,,,,Not_Found
SMK Negeri 36,Jakarta Utara,sma_smk,Gedong,,13530,OSM_Success_Recovered
SMK Negeri 37,Jakarta Selatan,sma_smk,,,,Not_Found
SMK Negeri 38,Jakarta Pusat,sma_smk,,,,Not_Found
SMK Negeri 39,Jakarta Pusat,sma_smk,,,,Not_Found
SMK Negeri 40,Jakarta Timur,sma_smk,,,,Not_Found
SMK Negeri 41,Jakarta Selatan,sma_smk,,,,Not_Found
SMK Negeri 42,Jakarta Barat,sma_smk,,,,Not_Found
SMK Negeri 43,Jakarta Selatan,sma_smk,,,,Not_Found
SMK Negeri 44,Jakarta Pusat,sma_smk,,,,Not_Found
SMK Negeri 45,Jakarta Barat,sma_smk,,,,Not_Found
SMK Negeri 46,Jakarta Timur,sma_smk,,,,Not_Found
SMK Negeri 47,Jakarta Selatan,sma_smk,,,,Not_Found
SMK Negeri 48,Jakarta Timur,sma_smk,,,,Not_Found
SMK Negeri 49,Jakarta Utara,sma_smk,,,,Not_Found
SMK Negeri 50,Jakarta Timur,sma_smk,,,,Not_Found
SMK Negeri 51,Jakarta Timur,sma_smk,,,,Not_Found
SMK Negeri 52,Jakarta Timur,sma_smk,,,,Not_Found
SMK Negeri 53,Jakarta Barat,sma_smk,,,,Not_Found
SMK Negeri 54,Jakarta Pusat,sma_smk,,,,Not_Found
SMK Negeri 55,Jakarta Utara,sma_smk,,,,Not_Found
SMK Negeri 56,Jakarta Utara,sma_smk,,,,Not_Found
SMK Negeri 57,Jakarta Selatan,sma_smk,,,,Not_Found
SMK Negeri 58,Jakarta Timur,sma_smk,,,,Not_Found
SMK Negeri 59,Jakarta Selatan,sma_smk,,,,Not_Found
SMK Negeri 60,Jakarta Barat,sma_smk,Duri Kepa,,11510.0,OSM_Success
SMK Negeri 61,Kepulauan Seribu,sma_smk,,,,Not_Found
SMK Negeri 62,Jakarta Selatan,sma_smk,,,,Not_Found
SMK Negeri 63,Jakarta Selatan,sma_smk,,,,Not_Found
SMK Negeri 64,Jakarta Timur,sma_smk,,,,Not_Found
SMK Negeri 65,Jakarta Timur,sma_smk,,,,Not_Found
SMK Negeri 66,Jakarta Timur,sma_smk,,,,Not_Found
SMK Negeri 67,Jakarta Timur,sma_smk,,,,Not_Found
SMK Negeri 68,Jakarta Timur,sma_smk,,,,Not_Found
SMK Negeri 69,Jakarta Timur,sma_smk,,,,Not_Found
SMK Negeri 70,Jakarta Timur,sma_smk,,,,Not_Found
SMK Negeri 71,Jakarta Timur,sma_smk,Cempaka Putih Timur,,10540.0,OSM_Success
SMK Negeri 72,Jakarta Barat,sma_smk,Pluit,,14440,OSM_Success_Recovered
SMK Negeri 73,Jakarta Barat,sma_smk,Palmerah,,11540.0,OSM_Success
SMK Negeri 74,Jakarta Selatan,sma_smk,Jati Padang,,12510.0,OSM_Success
SMK Al Ihsan,Jakarta Pusat,sma_smk,Kebon Kacang,,10240.0,OSM_Success
SMK Al Irsyad,Jakarta Pusat,sma_smk,Lagoa,,14270,OSM_Success_Recovered
SMK Al Ma'mur,Jakarta Pusat,sma_smk,,,,Not_Found
SMK At Taqwa,Jakarta Pusat,sma_smk,Gunung Sahari Utara,,10720.0,OSM_Success
SMK Bunda Mulia 1,Jakarta Pusat,sma_smk,,,,Not_Found
SMK Cempaka,Jakarta Pusat,sma_smk,Cempaka Putih Barat,,10520.0,OSM_Success
SMK Dental Asisten Sekesal Jakarta,Jakarta Pusat,sma_smk,,,,Not_Found
SMK Farmasi BPK Penabur,Jakarta Pusat,sma_smk,,,,Not_Found
SMK Farmasi Ditkesad,Jakarta Pusat,sma_smk,Senen,,10410.0,OSM_Success
SMK Farmasi Tunas Bangsa,Jakarta Pusat,sma_smk,Senen,,10440.0,OSM_Success
SMK Franciskus 2,Jakarta Pusat,sma_smk,,,,Not_Found
SMK Global Multimedia,Jakarta Pusat,sma_smk,,,,Not_Found
SMK Jakarta Dua,Jakarta Pusat,sma_smk,Kelapa Dua Wetan,,13850,OSM_Success_Recovered
SMK Jakarta Pusat 1,Jakarta Pusat,sma_smk,Pasar Baru,,10460,OSM_Success_Recovered
SMK Jayawisata 1,Jakarta Pusat,sma_smk,,,,Not_Found
SMK Kampung Jawa Jakarta,Jakarta Pusat,sma_smk,Johar Baru,,10560.0,OSM_Success
SMK Kartini,Jakarta Pusat,sma_smk,Kartini,,10720.0,OSM_Success
SMK Katolik Saint Joseph,Jakarta Pusat,sma_smk,,,,Not_Found
SMK Kristen Bethel,Jakarta Pusat,sma_smk,Petamburan,,10260.0,OSM_Success
SMK Kristen Kanaan,Jakarta Pusat,sma_smk,,,,Not_Found
SMK Ksatrya,Jakarta Pusat,sma_smk,Cempaka Putih Barat,,10520.0,OSM_Success
SMK Muhammadiyah 1 Jakarta,Jakarta Pusat,sma_smk,,,,Not_Found
SMK Muhammadiyah 2 Jakarta,Jakarta Pusat,sma_smk,,,,Not_Found
SMK Muhammadiyah 5 Jakarta,Jakarta Pusat,sma_smk,Bendungan Hilir,,10210.0,OSM_Success
SMK Muhammadiyah 10 Jakarta,Jakarta Pusat,sma_smk,Paseban,,10440.0,OSM_Success
SMK Muhammadiyah 11 Jakarta,Jakarta Pusat,sma_smk,,,,Not_Found
SMK PGRI 31 Jakarta,Jakarta Pusat,sma_smk,Cideng,,10150.0,OSM_Success
SMK PGRI 4 Jakarta,Jakarta Pusat,sma_smk,,,,Not_Found
SMK Poncol,Jakarta Pusat,sma_smk,Sumur Batu,,10640.0,OSM_Success
SMK PSKD 1 Jakarta,Jakarta Pusat,sma_smk,Senen,,10410.0,OSM_Success
SMK Rex Mundi,Jakarta Pusat,sma_smk,Petojo Utara,,10130.0,OSM_Success
SMK Said Naum,Jakarta Pusat,sma_smk,Kebon Kacang,,10240.0,OSM_Success
SMK Santa Maria,Jakarta Pusat,sma_smk,Kebon Kelapa,,10120.0,OSM_Success
SMK Santa Theresia,Jakarta Pusat,sma_smk,,,,Not_Found
SMK Santo Paulus,Jakarta Pusat,sma_smk,,,,Not_Found
SMK Strada 1 Jakarta,Jakarta Pusat,sma_smk,,,,Not_Found
SMK Strada Jakarta,Jakarta Pusat,sma_smk,Gunung Sahari Utara,,10720.0,OSM_Success
SMK Taman Siswa 1 Jakarta,Jakarta Pusat,sma_smk,,,,Not_Found
SMK Taman Siswa 2 Jakarta,Jakarta Pusat,sma_smk,Kemayoran,,10620.0,OSM_Success
SMK Taman Siswa 3 Jakarta,Jakarta Pusat,sma_smk,,,,Not_Found
SMK Tunas Harapan,Jakarta Pusat,sma_smk,Cempaka Putih Barat,,10520.0,OSM_Success
SMK Yapermas Jakarta,Jakarta Pusat,sma_smk,Menteng,,10310.0,OSM_Success
SMK YP IPPI Petojo,Jakarta Pusat,sma_smk,,,,Not_Found
SMK 11 Maret,Jakarta Utara,sma_smk,Pegangsaan Dua,,14250.0,OSM_Success
SMK Al Irsyad Jakarta,Jakarta Utara,sma_smk,Lagoa,,14270,OSM_Success_Recovered
SMK Al Jihad Jakarta,Jakarta Utara,sma_smk,Papanggo,,14340,OSM_Success_Recovered
SMK Al Khairiyah 1 Jakarta,Jakarta Utara,sma_smk,Lagoa,,14270,OSM_Success_Recovered
SMK Al Khairiyah 2 Jakarta,Jakarta Utara,sma_smk,Lagoa,,14270,OSM_Success_Recovered
SMK Al Khairiyah Bahari,Jakarta Utara,sma_smk,Tanjung Priok,,14310.0,OSM_Success
SMK Al Miftahiyyah,Jakarta Utara,sma_smk,,,,Not_Found
SMK Al Muttaqin,Jakarta Utara,sma_smk,,,,Not_Found
SMK Ar Raudhah Jakarta,Jakarta Utara,sma_smk,Lagoa,,14270.0,OSM_Success
SMK Az Zahrah,Jakarta Utara,sma_smk,,,,Not_Found
SMK Barunawati,Jakarta Utara,sma_smk,Palmerah,,10260,OSM_Success_Recovered
SMK Bintang Nusantara,Jakarta Utara,sma_smk,Rorotan,,14140.0,OSM_Success
SMK Budi Agung,Jakarta Utara,sma_smk,,,,Not_Found
SMK Cilincing 1 Jakarta,Jakarta Utara,sma_smk,,,,Not_Found
SMK Cilincing 3 Jakarta,Jakarta Utara,sma_smk,Semper Timur,,14130.0,OSM_Success
SMK Citra Bangsa,Jakarta Utara,sma_smk,,,,Not_Found
SMK Darul Maarif,Jakarta Utara,sma_smk,,,,Not_Found
SMK Dharma Putra 1,Jakarta Utara,sma_smk,,,,Not_Found
SMK Fajar Indah,Jakarta Utara,sma_smk,Pademangan Barat,,14420.0,OSM_Success
SMK Genesaret,Jakarta Utara,sma_smk,Penjaringan,,14430.0,OSM_Success
SMK Gita Kirtti 2 Jakarta,Jakarta Utara,sma_smk,Sunter Jaya,,14350,OSM_Success_Recovered
SMK Global 21 Jakarta,Jakarta Utara,sma_smk,,,,Not_Found
SMK Gunung Jati Jakarta,Jakarta Utara,sma_smk,Sungai Bambu,,14330,OSM_Success_Recovered
SMK Hang Tuah 1 Jakarta,Jakarta Utara,sma_smk,Kelapa Gading Barat,,14240.0,OSM_Success
SMK Hang Tuah 2,Jakarta Utara,sma_smk,,,,Not_Found
SMK Jaya Jakarta,Jakarta Utara,sma_smk,Kelapa Gading Timur,,14240.0,OSM_Success
SMK Kasih Ananda,Jakarta Utara,sma_smk,,,,Not_Found
SMK Kencana 1 Jakarta,Jakarta Utara,sma_smk,,,,Not_Found
SMK Kesehatan Global Cendekia,Jakarta Utara,sma_smk,Sungai Bambu,,14330.0,OSM_Success
SMK Kristen Harapan Mulia,Jakarta Utara,sma_smk,,,,Not_Found
SMK Lagoa,Jakarta Utara,sma_smk,Lagoa,,14270.0,OSM_Success
SMK Media Karya,Jakarta Utara,sma_smk,,,,Not_Found
SMK Muhammadiyah 12,Jakarta Utara,sma_smk,Tugu Utara,,14260.0,OSM_Success
SMK Mutiara 1 Jakarta,Jakarta Utara,sma_smk,,,,Not_Found
SMK Nusantara 1 Jakarta,Jakarta Utara,sma_smk,,,,Not_Found
SMK Nusantara 2 Jakarta,Jakarta Utara,sma_smk,,,,Not_Found
SMK Pangeran Wijayakusuma,Jakarta Utara,sma_smk,,,,Not_Found
SMK Pelayaran Djadajat Jakarta,Jakarta Utara,sma_smk,,,,Not_Found
SMK Pelayaran Jakarta,Jakarta Utara,sma_smk,Papanggo,,14340.0,OSM_Success
SMK Pelayaran Jakarta Raya,Jakarta Utara,sma_smk,Papanggo,,14340.0,OSM_Success
SMK Pelayaran Jalasena,Jakarta Utara,sma_smk,Marunda,,14150.0,OSM_Success
SMK Pelayaran Malahayati Jakarta,Jakarta Utara,sma_smk,Marunda,,14150.0,OSM_Success
SMK Perguruan Cikini Jakarta,Jakarta Utara,sma_smk,Rawa Badak Utara,,14230,OSM_Success_Recovered
SMK Perintis Nasional Jakarta,Jakarta Utara,sma_smk,Kebon Bawang,,14320,OSM_Success_Recovered
SMK Permata Indah,Jakarta Utara,sma_smk,Pejagalan,,14450.0,OSM_Success
SMK PGRI 3 Jakarta,Jakarta Utara,sma_smk,Marunda,,14150.0,OSM_Success
SMK PGRI 11 Jakarta,Jakarta Utara,sma_smk,Rorotan,,14140.0,OSM_Success
SMK PGRI 38 Jakarta,Jakarta Utara,sma_smk,,,,Not_Found
SMK Pluit Raya,Jakarta Utara,sma_smk,Pluit,,14440.0,OSM_Success
SMK PSKD 3 Jakarta,Jakarta Utara,sma_smk,,,,Not_Found
SMK Raudhatul Jannatunnaim,Jakarta Utara,sma_smk,,,,Not_Found
SMK Remaja Pluit,Jakarta Utara,sma_smk,Pluit,,14440.0,OSM_Success
SMK Sari Putra,Jakarta Utara,sma_smk,Semper Barat,,14130.0,OSM_Success
SMK Sejahtera Jakarta,Jakarta Utara,sma_smk,Tugu Utara,,14260.0,OSM_Success
SMK Siliwangi Jakarta,Jakarta Utara,sma_smk,,,,Not_Found
SMK Sismadi,Jakarta Utara,sma_smk,Warakas,,14340.0,OSM_Success
SMK SPES Patriae,Jakarta Utara,sma_smk,,,,Not_Found
SMK Strada 3 Jakarta,Jakarta Utara,sma_smk,,,,Not_Found
SMK Syahid,Jakarta Utara,sma_smk,Cilincing,,14120.0,OSM_Success
SMK Tanjung Priok 1 Jakarta,Jakarta Utara,sma_smk,Lagoa,,14260.0,OSM_Success
SMK Tanjung Priok 2 Jakarta,Jakarta Utara,sma_smk,Lagoa,,14270.0,OSM_Success
SMK Tridharma Budhidaya,Jakarta Utara,sma_smk,,,,Not_Found
SMK Walang Jaya,Jakarta Utara,sma_smk,Koja,,14260.0,OSM_Success
SMK Wiyatamandala Bakti Jakarta,Jakarta Utara,sma_smk,,,,Not_Found
SMK Wiyatamandala Jakarta,Jakarta Utara,sma_smk,Kebon Bawang,,14320.0,OSM_Success
SMK Yanindo Jakarta,Jakarta Utara,sma_smk,Tanjung Priok,,14310.0,OSM_Success
SMK Yappenda Jakarta,Jakarta Utara,sma_smk,,,,Not_Found
SMK Yaspi Jaya,Jakarta Utara,sma_smk,,,,Not_Found
SMK Yusha Jakarta,Jakarta Utara,sma_smk,Tugu Utara,,14260.0,OSM_Success
SMK 1 Barunawati,Jakarta Barat,sma_smk,,,,Not_Found
SMK 1 Citra Adhi Pratama,Jakarta Barat,sma_smk,,,,Not_Found
SMK Ad Dawah,Jakarta Barat,sma_smk,,,,Not_Found
SMK Al Chasanah Jakarta,Jakarta Barat,sma_smk,,,,Not_Found
SMK Al Firdaus,Jakarta Barat,sma_smk,Kalideres,,11830.0,OSM_Success
SMK Al Hamidiyah,Jakarta Barat,sma_smk,,,,Not_Found
SMK Al Huda Kebon Jeruk,Jakarta Barat,sma_smk,,,,Not_Found
SMK Al Ihsan Jakarta,Jakarta Barat,sma_smk,Kebon Kacang,,10240,OSM_Success_Recovered
SMK Al Mafatih Jakarta,Jakarta Barat,sma_smk,Palmerah,,11480.0,OSM_Success
SMK Al Washilah 1 Jakarta,Jakarta Barat,sma_smk,,,,Not_Found
SMK Benteng Gading Jakarta,Jakarta Barat,sma_smk,,,,Not_Found
SMK Bhakti,Jakarta Barat,sma_smk,Grogol Petamburan,,11460.0,OSM_Success
SMK Bhara Trikora 1 Jakarta,Jakarta Barat,sma_smk,,,,Not_Found
SMK Bina Bangsa,Jakarta Barat,sma_smk,,,,Not_Found
SMK Bina Husada Mandiri,Jakarta Barat,sma_smk,,,,Not_Found
SMK Bina Insan Mandiri,Jakarta Barat,sma_smk,,,,Not_Found
SMK Bina Insan Nusantara,Jakarta Barat,sma_smk,,,,Not_Found
SMK Bina Karya Jakarta,Jakarta Barat,sma_smk,Ujung Menteng,,13960,OSM_Success_Recovered
SMK Budi Murni 2,Jakarta Barat,sma_smk,,,,Not_Found
SMK Bunda Mulia,Jakarta Barat,sma_smk,,,,Not_Found
SMK Cahaya Prima,Jakarta Barat,sma_smk,Tegal Alur,,11820.0,OSM_Success
SMK Candra Naya,Jakarta Barat,sma_smk,Jembatan Besi,,11320.0,OSM_Success
SMK Cengkareng 1,Jakarta Barat,sma_smk,Cengkareng,,11740.0,OSM_Success
SMK Cengkareng 2,Jakarta Barat,sma_smk,,,,Not_Found
SMK Cengkareng Jakarta,Jakarta Barat,sma_smk,Kalideres,,11840.0,OSM_Success
SMK Cindera Mata Indah Jakarta,Jakarta Barat,sma_smk,Duri Utara,,11270,OSM_Success_Recovered
SMK Cinta Kasih Tzu Chi,Jakarta Barat,sma_smk,,,,Not_Found
SMK Citra Utama,Jakarta Barat,sma_smk,Tegal Alur,,11810.0,OSM_Success
SMK Dewi Sartika,Jakarta Barat,sma_smk,Duri Kepa,,11420.0,OSM_Success
SMK Dhamma Savana Jakarta,Jakarta Barat,sma_smk,,,,Not_Found
SMK Dian Jakarta,Jakarta Barat,sma_smk,Kapuk,,11720.0,OSM_Success
SMK Didaktika,Jakarta Barat,sma_smk,Cengkareng Barat,,11730.0,OSM_Success
SMK Duta Bangsa Jakarta,Jakarta Barat,sma_smk,,,,Not_Found
SMK Duta Mas Jakarta,Jakarta Barat,sma_smk,Grogol Petamburan,,11460.0,OSM_Success
SMK Eka Sakti,Jakarta Barat,sma_smk,Cengkareng Timur,,11730.0,OSM_Success
SMK Era Pembangunan 3,Jakarta Barat,sma_smk,,,,Not_Found
SMK Global Persada,Jakarta Barat,sma_smk,,,,Not_Found
SMK Harapan Jaya,Jakarta Barat,sma_smk,Jelambar Baru,,11330.0,OSM_Success
SMK Harapan Raya,Jakarta Barat,sma_smk,Kapuk,,11710.0,OSM_Success
SMK Harvard Jakarta,Jakarta Barat,sma_smk,,,,Not_Found
SMK Ibu Pertiwi 1 Jakarta,Jakarta Barat,sma_smk,,,,Not_Found
SMK Ibu Pertiwi 2 Jakarta,Jakarta Barat,sma_smk,,,,Not_Found
SMK Insan Aqilah 4,Jakarta Barat,sma_smk,,,,Not_Found
SMK Insan Cendikia,Jakarta Barat,sma_smk,,,,Not_Found
SMK Insan Cita,Jakarta Barat,sma_smk,Kalideres,,15122.0,OSM_Success
SMK Insan Global,Jakarta Barat,sma_smk,,,,Not_Found
SMK IP Yakin,Jakarta Barat,sma_smk,Cengkareng Timur,,11739.0,OSM_Success
SMK Islam Assaadatul Abadiyah Jakarta,Jakarta Barat,sma_smk,,,,Not_Found
SMK Islam Bahagia,Jakarta Barat,sma_smk,Kalianyar,,11260.0,OSM_Success
SMK Islam Fatahillah Jakarta,Jakarta Barat,sma_smk,,,,Not_Found
SMK Islam Perti Jakarta,Jakarta Barat,sma_smk,Tomang,,11440,OSM_Success_Recovered
SMK Jakarta 1,Jakarta Barat,sma_smk,Kalideres,,11830.0,OSM_Success
SMK Jakarta Barat 1,Jakarta Barat,sma_smk,Rawa Buaya,,11740.0,OSM_Success
SMK Jakarta III,Jakarta Barat,sma_smk,Tegal Alur,,11810.0,OSM_Success
SMK Jakarta IV,Jakarta Barat,sma_smk,Cengkareng Barat,,11840.0,OSM_Success
SMK Josua Jakarta,Jakarta Barat,sma_smk,Kota Bambu Utara,,11420.0,OSM_Success
SMK Kartika X 1,Jakarta Barat,sma_smk,,,,Not_Found
SMK Kasih Anugerah,Jakarta Barat,sma_smk,,,,Not_Found
SMK Kebon Jeruk Jakarta,Jakarta Barat,sma_smk,Duri Kepa,,11510.0,OSM_Success
SMK Kebudayaan,Jakarta Barat,sma_smk,Semanan,,11850.0,OSM_Success
SMK Kesatuan,Jakarta Barat,sma_smk,Rawa Buaya,,11740.0,OSM_Success
SMK Kristen Cendrawasih,Jakarta Barat,sma_smk,Cengkareng Barat,,11730.0,OSM_Success
SMK Kristen Pancaran Berkat,Jakarta Barat,sma_smk,,,,Not_Found
SMK Kristen Rahmani,Jakarta Barat,sma_smk,,,,Not_Found
SMK Lamaholot Jakarta,Jakarta Barat,sma_smk,Cengkareng,,11740.0,OSM_Success
SMK Maarif Jakarta,Jakarta Barat,sma_smk,,,,Not_Found
SMK Muhammadiyah 3 Jakarta,Jakarta Barat,sma_smk,,,,Not_Found
SMK Muhammadiyah 4 Jakarta,Jakarta Barat,sma_smk,,,,Not_Found
SMK Muhammadiyah 13 Jakarta,Jakarta Barat,sma_smk,,,,Not_Found
SMK Multimedia Mandiri,Jakarta Barat,sma_smk,,,,Not_Found
SMK Mutiara Bangsa,Jakarta Barat,sma_smk,Cengkareng Barat,,11739.0,OSM_Success
SMK Mutiara Bangsa 3,Jakarta Barat,sma_smk,,,,Not_Found
SMK Nusantara,Jakarta Barat,sma_smk,Pegadungan,,11840.0,OSM_Success
SMK Padindi,Jakarta Barat,sma_smk,Kamal,,11810.0,OSM_Success
SMK Pariwisata Sumbangsih,Jakarta Barat,sma_smk,,,,Not_Found
SMK Patmos,Jakarta Barat,sma_smk,Meruya Utara,,11620.0,OSM_Success
SMK Patriot Nusantara,Jakarta Barat,sma_smk,Kamal,,11810.0,OSM_Success
SMK Pelita IV,Jakarta Barat,sma_smk,,,,Not_Found
SMK Pembangun Generasi Emas,Jakarta Barat,sma_smk,,,,Not_Found
SMK Permata Bunda I Jakarta,Jakarta Barat,sma_smk,,,,Not_Found
SMK Permata Dunia,Jakarta Barat,sma_smk,Kapuk,,11720.0,OSM_Success
SMK PGRI 2 Jakarta,Jakarta Barat,sma_smk,Kembangan Utara,,11740.0,OSM_Success
SMK PGRI 5 Jakarta,Jakarta Barat,sma_smk,Pegadungan,,11830.0,OSM_Success
SMK PGRI 24 Jakarta,Jakarta Barat,sma_smk,Pegadungan,,11830.0,OSM_Success
SMK PGRI 29 Jakarta,Jakarta Barat,sma_smk,,,,Not_Found
SMK PGRI 35 Jakarta,Jakarta Barat,sma_smk,Cengkareng Timur,,11720.0,OSM_Success
SMK PGRI 36 Jakarta,Jakarta Barat,sma_smk,Pegadungan,,11830.0,OSM_Success
SMK  Prima Wisata,Jakarta Barat,sma_smk,Kembangan Utara,,11610.0,OSM_Success
SMK  Putra Mandiri,Jakarta Barat,sma_smk,,,,Not_Found
SMK Putra Nusantara,Jakarta Barat,sma_smk,Pegadungan,,11840.0,OSM_Success
SMK Reformasi,Jakarta Barat,sma_smk,,,,Not_Found
SMK Santo Leo,Jakarta Barat,sma_smk,Tangki,,11150.0,OSM_Success
SMK Satria Jakarta,Jakarta Barat,sma_smk,Srengseng,,11630.0,OSM_Success
SMK Sentosa,Jakarta Barat,sma_smk,,,,Not_Found
SMK Setia Gama,Jakarta Barat,sma_smk,Semanan,,15211.0,OSM_Success
SMK Strada II Jakarta,Jakarta Barat,sma_smk,Taman Sari,,11160.0,OSM_Success
SMK Sumpah Pemuda,Jakarta Barat,sma_smk,,,,Not_Found
SMK Taman Sakti Jakarta,Jakarta Barat,sma_smk,,,,Not_Found
SMK Tanjung Jakarta,Jakarta Barat,sma_smk,Tanjung Duren Utara,,11430.0,OSM_Success
SMK Teladan Jakarta,Jakarta Barat,sma_smk,Palmerah,,11480.0,OSM_Success
SMK Telkom Sandhy Putra Jakarta,Jakarta Barat,sma_smk,,,,Not_Found
SMK Tomang Raya,Jakarta Barat,sma_smk,Tomang,,11440.0,OSM_Success
SMK Tri Arga 2,Jakarta Barat,sma_smk,,,,Not_Found
SMK Tri Ratna Jakarta,Jakarta Barat,sma_smk,,,,Not_Found
SMK Tunas Harapan,Jakarta Barat,sma_smk,Grogol Petamburan,,11710.0,OSM_Success
SMK Widya Patria 2,Jakarta Barat,sma_smk,Meruya Selatan,,11650.0,OSM_Success
SMK Wiyata Satya,Jakarta Barat,sma_smk,Kebon Jeruk,,11530.0,OSM_Success
SMK Yadika 1 Jakarta,Jakarta Barat,sma_smk,Tegal Alur,,11820.0,OSM_Success
SMK Yadika 2 Jakarta,Jakarta Barat,sma_smk,,,,Not_Found
SMK Yadika 3 Jakarta,Jakarta Barat,sma_smk,Kalideres,,11820.0,OSM_Success
SMK Yandika,Jakarta Barat,sma_smk,,,,Not_Found
SMK YMIK Jakarta,Jakarta Barat,sma_smk,Joglo,,11640.0,OSM_Success
SMK 10 Nopember,Jakarta Selatan,sma_smk,Kramat Jati,,13640,OSM_Success_Recovered
SMK 17 Agustus 1945 2 Jakarta,Jakarta Selatan,sma_smk,,,,Not_Found
SMK 28 Oktober 1928 1,Jakarta Selatan,sma_smk,,,,Not_Found
SMK 28 Oktober 1928 2,Jakarta Selatan,sma_smk,,,,Not_Found
SMK 3 Perguruan Cikini,Jakarta Selatan,sma_smk,Srengseng Sawah,,12640.0,OSM_Success
SMK Al Fajar Jakarta,Jakarta Selatan,sma_smk,Kebayoran Lama Utara,,12240,OSM_Success_Recovered
SMK Al Falah,Jakarta Selatan,sma_smk,Mampang Prapatan,,12790.0,OSM_Success
SMK Al Hidayah 1 Jakarta,Jakarta Selatan,sma_smk,Cilandak Timur,,12450.0,OSM_Success
SMK Al Hidayah 2 Jakarta,Jakarta Selatan,sma_smk,Srengseng Sawah,,12640.0,OSM_Success
SMK Al Hidayah Lestari,Jakarta Selatan,sma_smk,Lebak Bulus,,12310.0,OSM_Success
SMK Al Kautsar,Jakarta Selatan,sma_smk,Pulo,,12160.0,OSM_Success
SMK Al Makmur Jakarta,Jakarta Selatan,sma_smk,,,,Not_Found
SMK Amaliyah,Jakarta Selatan,sma_smk,Srengseng Sawah,,12640.0,OSM_Success
SMK An Nuriyah,Jakarta Selatan,sma_smk,Cipedak,,16431.0,OSM_Success
SMK As Sa`adah,Jakarta Selatan,sma_smk,,,,Not_Found
SMK As Syafi`iyah Jakarta,Jakarta Selatan,sma_smk,Bukit Duri,,12860.0,OSM_Success
SMK Asisi,Jakarta Selatan,sma_smk,Menteng Dalam,,12870.0,OSM_Success
SMK Averus,Jakarta Selatan,sma_smk,Pondok Pinang,,12310.0,OSM_Success
SMK Bakti 17,Jakarta Selatan,sma_smk,,,,Not_Found
SMK Bakti Idhata,Jakarta Selatan,sma_smk,,,,Not_Found
SMK Bina Putra Jakarta,Jakarta Selatan,sma_smk,Bangka,,12730.0,OSM_Success
SMK Budi Asih,Jakarta Selatan,sma_smk,Pasar Manggis,,12850.0,OSM_Success
SMK Bunda Kandung Jakarta,Jakarta Selatan,sma_smk,Pasar Minggu,,12510.0,OSM_Success
SMK Cyber Media,Jakarta Selatan,sma_smk,Pancoran,,12780.0,OSM_Success
SMK Daarul Uluum,Jakarta Selatan,sma_smk,,,,Not_Found
SMK Daarussalaam Jakarta,Jakarta Selatan,sma_smk,,,,Not_Found
SMK Dharma Karya,Jakarta Selatan,sma_smk,Melawai,,12160.0,OSM_Success
SMK Fatahillah,Jakarta Selatan,sma_smk,Pondok Pinang,,12310.0,OSM_Success
SMK Gapura Merah Putih,Jakarta Selatan,sma_smk,,,,Not_Found
SMK Gita Kirtti 1 Jakarta,Jakarta Selatan,sma_smk,Gandaria Utara,,12140,OSM_Success_Recovered
SMK Grafika Desa Putera Jakarta,Jakarta Selatan,sma_smk,,,,Not_Found
SMK Grafika Yayasan Lektur,Jakarta Selatan,sma_smk,,,,Not_Found
SMK Harnasto Institut Jakarta,Jakarta Selatan,sma_smk,,,,Not_Found
SMK Hidatha Jakarta,Jakarta Selatan,sma_smk,,,,Not_Found
SMK Islam Al Hikmah,Jakarta Selatan,sma_smk,,,,Not_Found
SMK Islam Andalus,Jakarta Selatan,sma_smk,,,,Not_Found
SMK Islam Wijaya Kusuma,Jakarta Selatan,sma_smk,Lenteng Agung,,12620.0,OSM_Success
SMK Islam YPS,Jakarta Selatan,sma_smk,Lenteng Agung,,12530.0,OSM_Success
SMK IT Aisyiyah,Jakarta Selatan,sma_smk,Cipedak,,16512.0,OSM_Success
SMK Jagakarsa,Jakarta Selatan,sma_smk,Srengseng Sawah,,12640.0,OSM_Success
SMK Jakarta Manajemen,Jakarta Selatan,sma_smk,Rawa Terate,,13920,OSM_Success_Recovered
SMK Jakarta Wisata 1,Jakarta Selatan,sma_smk,,,,Not_Found
SMK Kahuripan 1 Jakarta,Jakarta Selatan,sma_smk,,,,Not_Found
SMK Kartika X 2,Jakarta Selatan,sma_smk,Pesanggrahan,,12320.0,OSM_Success
SMK Karya Guna Jakarta,Jakarta Selatan,sma_smk,Manggarai,,12850.0,OSM_Success
SMK Karya Teladan,Jakarta Selatan,sma_smk,Duren Tiga,,12740.0,OSM_Success
SMK Keluarga Widuri,Jakarta Selatan,sma_smk,Lebak Bulus,,12450.0,OSM_Success
SMK Kemala Bhayangkari Delog,Jakarta Selatan,sma_smk,Ragunan,,12550.0,OSM_Success
SMK Kesehatan Mulia Karya Husada,Jakarta Selatan,sma_smk,,,,Not_Found
SMK Kesehatan Sekawan,Jakarta Selatan,sma_smk,Grogol Utara,,12210.0,OSM_Success
SMK Kharismawita 1 Jakarta,Jakarta Selatan,sma_smk,,,,Not_Found
SMK Kharismawita 2 Jakarta,Jakarta Selatan,sma_smk,,,,Not_Found
SMK Krisanti,Jakarta Selatan,sma_smk,Bukit Duri,,12840.0,OSM_Success
SMK LP3 Istana,Jakarta Selatan,sma_smk,Pondok Labu,,12450.0,OSM_Success
SMK Makarya 1 Jakarta,Jakarta Selatan,sma_smk,Pondok Pinang,,12240.0,OSM_Success
SMK Makarya 2 Jakarta,Jakarta Selatan,sma_smk,,,,Not_Found
SMK Media Informatika,Jakarta Selatan,sma_smk,,,,Not_Found
SMK Miftahul Falah Jakarta,Jakarta Selatan,sma_smk,Cipulir,,12230,OSM_Success_Recovered
SMK Mitra Pembangunan,Jakarta Selatan,sma_smk,Cilandak Timur,,12610.0,OSM_Success
SMK Muhammadiyah 7 Jakarta,Jakarta Selatan,sma_smk,,,,Not_Found
SMK Muhammadiyah 9 Jakarta,Jakarta Selatan,sma_smk,Cipulir,,12230.0,OSM_Success
SMK Muhammadiyah 15 Jakarta,Jakarta Selatan,sma_smk,Karet Kuningan,,12940.0,OSM_Success
SMK Musik Perguruan Cikini,Jakarta Selatan,sma_smk,,,,Not_Found
SMK Pandawa Budi Luhur Jakarta,Jakarta Selatan,sma_smk,Grogol Selatan,,12220,OSM_Success_Recovered
SMK Pasar Minggu Jakarta,Jakarta Selatan,sma_smk,Pejaten Timur,,12530.0,OSM_Success
SMK Patria Wisata Jakarta,Jakarta Selatan,sma_smk,Pejaten Barat,,12550.0,OSM_Success
SMK Pembangunan Jaya Yakapi,Jakarta Selatan,sma_smk,,,,Not_Found
SMK Perguruan Rakyat,Jakarta Selatan,sma_smk,Srengseng Sawah,,12640.0,OSM_Success
SMK Perwira Jakarta,Jakarta Selatan,sma_smk,,,,Not_Found
SMK PGRI 15 Jakarta,Jakarta Selatan,sma_smk,Petukangan Utara,,12260.0,OSM_Success
SMK PGRI 23 Jakarta,Jakarta Selatan,sma_smk,,,,Not_Found
SMK PGRI 37 Jakarta,Jakarta Selatan,sma_smk,,,,Not_Found
SMK Plus Al Musyarrofah,Jakarta Selatan,sma_smk,,,,Not_Found
SMK Pondok Indah,Jakarta Selatan,sma_smk,Pondok Pinang,,12310.0,OSM_Success
SMK Purnama 1 Jakarta,Jakarta Selatan,sma_smk,,,,Not_Found
SMK Purnama 2 Jakarta,Jakarta Selatan,sma_smk,,,,Not_Found
SMK Purnama 3 Jakarta,Jakarta Selatan,sma_smk,,,,Not_Found
SMK Puspita Persada,Jakarta Selatan,sma_smk,Petukangan Utara,,12260.0,OSM_Success
SMK Putra Satria,Jakarta Selatan,sma_smk,Petukangan Utara,,12250.0,OSM_Success
SMK RPI Jakarta,Jakarta Selatan,sma_smk,,,,Not_Found
SMK Selagan Jaya,Jakarta Selatan,sma_smk,,,,Not_Found
SMK Sumbangsih,Jakarta Selatan,sma_smk,,,,Not_Found
SMK Tanjung Barat,Jakarta Selatan,sma_smk,Tanjung Barat,,12530.0,OSM_Success
SMK Tarakanita Jakarta,Jakarta Selatan,sma_smk,Petogogan,,12170.0,OSM_Success
SMK Teladan,Jakarta Selatan,sma_smk,Srengseng Sawah,,12640.0,OSM_Success
SMK Teladan Utama,Jakarta Selatan,sma_smk,,,,Not_Found
SMK Tri Mulia Jakarta,Jakarta Selatan,sma_smk,,,,Not_Found
SMK Triguna 1956,Jakarta Selatan,sma_smk,Gunung,,12120.0,OSM_Success
SMK Trikarya,Jakarta Selatan,sma_smk,Kebayoran Lama Selatan,,12240.0,OSM_Success
SMK Tunas Grafika Informatika,Jakarta Selatan,sma_smk,Petukangan Utara,,12260.0,OSM_Success
SMK Tunas Pembangunan,Jakarta Selatan,sma_smk,Cipete Utara,,12150.0,OSM_Success
SMK Walisongo Jakarta,Jakarta Selatan,sma_smk,Kalibata,,12740.0,OSM_Success
SMK Wisata Indonesia,Jakarta Selatan,sma_smk,Kebagusan,,12530.0,OSM_Success
SMK Yanusa Jakarta,Jakarta Selatan,sma_smk,Pondok Pinang,,12310.0,OSM_Success
SMK Yapenap Jakarta,Jakarta Selatan,sma_smk,,,,Not_Found
SMK Yapimda,Jakarta Selatan,sma_smk,Pejaten Timur,,12530.0,OSM_Success
SMK Yapri Jakarta,Jakarta Selatan,sma_smk,,,,Not_Found
SMK Yasda,Jakarta Selatan,sma_smk,Menteng Dalam,,15920.0,OSM_Success
SMK Yaspen,Jakarta Selatan,sma_smk,Pasar Manggis,,12970.0,OSM_Success
SMK Yaspia,Jakarta Selatan,sma_smk,Ciganjur,,16431.0,OSM_Success
SMK YP Mulia,Jakarta Selatan,sma_smk,Kebayoran Lama Selatan,,12240.0,OSM_Success
SMK YPK Kesatuan Jakarta,Jakarta Selatan,sma_smk,,,,Not_Found
SMK YPUI Jakarta,Jakarta Selatan,sma_smk,,,,Not_Found
SMK Adi Luhur Jakarta,Jakarta Timur,sma_smk,,,,Not_Found
SMK Al Akhyar 1 Jakarta,Jakarta Timur,sma_smk,,,,Not_Found
SMK Al Akhyar 2 Jakarta,Jakarta Timur,sma_smk,,,,Not_Found
SMK Al Fathiyah Jakarta,Jakarta Timur,sma_smk,Bale Kambang,,13530,OSM_Success_Recovered
SMK Al Hadiriyah,Jakarta Timur,sma_smk,,,,Not_Found
SMK Al Wahyu Jakarta,Jakarta Timur,sma_smk,Cibubur,,13720,OSM_Success_Recovered
SMK Al Washliyah Jakarta,Jakarta Timur,sma_smk,Jati,,10710.0,OSM_Success
SMK Al Wathoniyah Jakarta,Jakarta Timur,sma_smk,Jatinegara,,13940,OSM_Success_Recovered
SMK Analis Kesehatan Ditkesad,Jakarta Timur,sma_smk,,,,Not_Found
SMK Analis Kesehatan Tunas Medika,Jakarta Timur,sma_smk,Cipayung,,13870.0,OSM_Success
SMK Angkasa 1 Jakarta,Jakarta Timur,sma_smk,,,,Not_Found
SMK Ankes Tunas Harapan,Jakarta Timur,sma_smk,,,,Not_Found
SMK Ar Raisiyah Husada,Jakarta Timur,sma_smk,,,,Not_Found
SMK As Saadah,Jakarta Timur,sma_smk,,,,Not_Found
SMK As Syafiiyah 2,Jakarta Timur,sma_smk,,,,Not_Found
SMK Atlantica Wisata Jakarta,Jakarta Timur,sma_smk,,,,Not_Found
SMK Bhakti 1 Jakarta,Jakarta Timur,sma_smk,,,,Not_Found
SMK Bhakti Pertiwi Jakarta,Jakarta Timur,sma_smk,Cipinang Besar Utara,,13410,OSM_Success_Recovered
SMK Bhumi Husada,Jakarta Timur,sma_smk,Ciracas,,13740.0,OSM_Success
SMK Bina Citra Asia,Jakarta Timur,sma_smk,Kramat Jati,,13510.0,OSM_Success
SMK Bina Dharma,Jakarta Timur,sma_smk,Ciracas,,13740.0,OSM_Success
SMK Bina Karya Utama Jakarta,Jakarta Timur,sma_smk,Ujung Menteng,,13960.0,OSM_Success
SMK Bina Manajemen Jakarta,Jakarta Timur,sma_smk,Rawa Terate,,13920,OSM_Success_Recovered
SMK Bina Medika Jakarta,Jakarta Timur,sma_smk,Cilangkap,,13870.0,OSM_Success
SMK Bina Nusa Mandiri,Jakarta Timur,sma_smk,Kelapa Dua Wetan,,13840.0,OSM_Success
SMK Bina Pangudi Luhur Jakarta,Jakarta Timur,sma_smk,,,,Not_Found
SMK Bina Pembangunan 1,Jakarta Timur,sma_smk,,,,Not_Found
SMK Bina Prestasi,Jakarta Timur,sma_smk,,,,Not_Found
SMK Bisnis Indonesia Jakarta,Jakarta Timur,sma_smk,Ujung Menteng,,13960.0,OSM_Success
SMK BPS&K 1 Jakarta,Jakarta Timur,sma_smk,,,,Not_Found
SMK BPS&K 2 Jakarta,Jakarta Timur,sma_smk,,,,Not_Found
SMK Budaya Jakarta,Jakarta Timur,sma_smk,Klender,,13470.0,OSM_Success
SMK Budhi Warman 1 Jakarta,Jakarta Timur,sma_smk,,,,Not_Found
SMK Budhi Warman 2 Jakarta,Jakarta Timur,sma_smk,,,,Not_Found
SMK Budi Mulia Utama,Jakarta Timur,sma_smk,,,,Not_Found
SMK Budi Murni 1 Jakarta,Jakarta Timur,sma_smk,,,,Not_Found
SMK Budi Murni 3 Jakarta,Jakarta Timur,sma_smk,,,,Not_Found
SMK Budi Murni 4 Jakarta,Jakarta Timur,sma_smk,,,,Not_Found
SMK Budi Murni 5 Jakarta,Jakarta Timur,sma_smk,Cipayung,,13870.0,OSM_Success
SMK Cahaya Sakti Jakarta,Jakarta Timur,sma_smk,Bali Mester,,13930,OSM_Success_Recovered
SMK Caraka Nusantara,Jakarta Timur,sma_smk,Pulo Gebang,,13960.0,OSM_Success
SMK Cipta Karya Jakarta,Jakarta Timur,sma_smk,Kayu Manis,,13130.0,OSM_Success
SMK Citra Dharma Jakarta,Jakarta Timur,sma_smk,,,,Not_Found
SMK Citra Mandiri Jakarta,Jakarta Timur,sma_smk,,,,Not_Found
SMK Corpatarin 1 Jakarta,Jakarta Timur,sma_smk,,,,Not_Found
SMK Corpatarin 2 Jakarta,Jakarta Timur,sma_smk,,,,Not_Found
SMK Dewi Sartika,Jakarta Timur,sma_smk,Cipinang Cempedak,,13930.0,OSM_Success
SMK Dharma Paramitha,Jakarta Timur,sma_smk,,,,Not_Found
SMK Dharma Surya,Jakarta Timur,sma_smk,Cipinang Melayu,,17416.0,OSM_Success
SMK Dinamika Pembangunan 1 Jakarta,Jakarta Timur,sma_smk,Penggilingan,,13910.0,OSM_Success
SMK Dinamika Pembangunan 2 Jakarta,Jakarta Timur,sma_smk,Penggilingan,,13910.0,OSM_Success
SMK Diponegoro 1 Jakarta,Jakarta Timur,sma_smk,Rawamangun,,13220,OSM_Success_Recovered
SMK Era Pembangunan Umat Jakarta,Jakarta Timur,sma_smk,Kelapa Dua Wetan,,13840.0,OSM_Success
SMK Farmasi Ikifa,Jakarta Timur,sma_smk,Klender,,13450.0,OSM_Success
SMK Fensensius Jakarta,Jakarta Timur,sma_smk,Jati,,13260.0,OSM_Success
SMK Fransiskus 1 Jakarta,Jakarta Timur,sma_smk,Kayu Putih,,13210.0,OSM_Success
SMK Garuda Jakarta,Jakarta Timur,sma_smk,Jatinegara Kaum,,13250.0,OSM_Success
SMK Gita Wisata,Jakarta Timur,sma_smk,Ujung Menteng,,13960.0,OSM_Success
SMK Global Cendekia,Jakarta Timur,sma_smk,Sungai Bambu,,14330,OSM_Success_Recovered
SMK Gutama Jakarta,Jakarta Timur,sma_smk,Kebon Pala,,13240.0,OSM_Success
SMK Harapan 1 Jakarta,Jakarta Timur,sma_smk,,,,Not_Found
SMK Hatawana,Jakarta Timur,sma_smk,Cipinang Besar Selatan,,13410.0,OSM_Success
SMK IMTAQ Darurrahim Jakarta,Jakarta Timur,sma_smk,,,,Not_Found
SMK Insan Mulia Informatika,Jakarta Timur,sma_smk,,,,Not_Found
SMK Insan Teknologi Jakarta,Jakarta Timur,sma_smk,Cibubur,,13730.0,OSM_Success
SMK IPTEK Jakarta,Jakarta Timur,sma_smk,Pulo Gebang,,41581.0,OSM_Success
SMK Islam Al Makiyah,Jakarta Timur,sma_smk,Lubang Buaya,,13810.0,OSM_Success
SMK Islam Malahayati,Jakarta Timur,sma_smk,Cijantung,,13770.0,OSM_Success
SMK Islam PB Soedirman 1 Jakarta,Jakarta Timur,sma_smk,,,,Not_Found
SMK Islam PB Soedirman 2 Jakarta,Jakarta Timur,sma_smk,,,,Not_Found
SMK IT Assalaamah,Jakarta Timur,sma_smk,,,,Not_Found
SMK Jakarta 1,Jakarta Timur,sma_smk,Pondok Kopi,,13460.0,OSM_Success
SMK Jakarta Raya 1,Jakarta Timur,sma_smk,Kramat Jati,,13640.0,OSM_Success
SMK Jakarta Raya 2,Jakarta Timur,sma_smk,Lubang Buaya,,13810.0,OSM_Success
SMK Jakarta Timur 1,Jakarta Timur,sma_smk,Cipinang Cempedak,,13340.0,OSM_Success
SMK Jakarta Timur 2,Jakarta Timur,sma_smk,Cakung Timur,,13910.0,OSM_Success
SMK Jayawisata 2 Jakarta,Jakarta Timur,sma_smk,Cipinang Melayu,,13430.0,OSM_Success
SMK Kalpataru Cakung Jakarta,Jakarta Timur,sma_smk,,,,Not_Found
SMK Karya Dharma 2 Jakarta,Jakarta Timur,sma_smk,,,,Not_Found
SMK Karya Ekopin,Jakarta Timur,sma_smk,,,,Not_Found
SMK Karya Wijaya Kusuma Jakarta,Jakarta Timur,sma_smk,Grogol Petamburan,,11460,OSM_Success_Recovered
SMK Kawula Indonesia,Jakarta Timur,sma_smk,Pondok Kelapa,,13440.0,OSM_Success
SMK Kawula Jakarta,Jakarta Timur,sma_smk,Rambutan,,13740.0,OSM_Success
SMK Kemala Bhayangkari 1 Jakarta,Jakarta Timur,sma_smk,,,,Not_Found
SMK Kesdam Jaya,Jakarta Timur,sma_smk,,,,Not_Found
SMK L`pina Jakarta,Jakarta Timur,sma_smk,Jatinegara Kaum,,13470,OSM_Success_Recovered
SMK Laboratorium Jakarta,Jakarta Timur,sma_smk,,,,Not_Found
SMK Mahadhika 1 Jakarta,Jakarta Timur,sma_smk,Ciracas,,13840.0,OSM_Success
SMK Mahadhika 2 Jakarta,Jakarta Timur,sma_smk,Dukuh,,13830.0,OSM_Success
SMK Mahadhika 3 Jakarta,Jakarta Timur,sma_smk,Rambutan,,13830.0,OSM_Success
SMK Mahadhika 4 Jakarta,Jakarta Timur,sma_smk,Ceger,,13820.0,OSM_Success
SMK Malaka Jakarta,Jakarta Timur,sma_smk,Malaka Jaya,,13460.0,OSM_Success
SMK Mandala Tiara Bangsa,Jakarta Timur,sma_smk,,,,Not_Found
SMK Mardhika,Jakarta Timur,sma_smk,Kramat Jati,,13640.0,OSM_Success
SMK Mardi Bakti Jakarta,Jakarta Timur,sma_smk,Cijantung,,13770.0,OSM_Success
SMK Medical High School,Jakarta Timur,sma_smk,,,,Not_Found
SMK Mercusuar,Jakarta Timur,sma_smk,Ujung Menteng,,13960.0,OSM_Success
SMK Mitra Kencana Jakarta,Jakarta Timur,sma_smk,,,,Not_Found
SMK Muara Indonesia Jakarta,Jakarta Timur,sma_smk,Cipinang Muara,,13470,OSM_Success_Recovered
SMK Muhammadiyah 6 Jakarta,Jakarta Timur,sma_smk,Kayu Manis,,13130.0,OSM_Success
SMK Multimedia Nusantara,Jakarta Timur,sma_smk,,,,Not_Found
SMK Nasional Alfan,Jakarta Timur,sma_smk,,,,Not_Found
SMK Nurul Huda,Jakarta Timur,sma_smk,Cakung Barat,,13910.0,OSM_Success
SMK Nurul Iman Jakarta,Jakarta Timur,sma_smk,Pisangan Baru,,13350.0,OSM_Success
SMK Nurul Islam Jakarta,Jakarta Timur,sma_smk,Duren Sawit,,13460,OSM_Success_Recovered
SMK Nusantara Wisata Respati,Jakarta Timur,sma_smk,,,,Not_Found
SMK Otomindo,Jakarta Timur,sma_smk,Kelapa Dua Wetan,,13850.0,OSM_Success
SMK Pancasila Jakarta,Jakarta Timur,sma_smk,,,,Not_Found
SMK Pandawa,Jakarta Timur,sma_smk,Cipinang Muara,,13420.0,OSM_Success
SMK Pangudi Rahayu I Jakarta,Jakarta Timur,sma_smk,,,,Not_Found
SMK Pangudi Rahayu II Jakarta,Jakarta Timur,sma_smk,,,,Not_Found
SMK Paramitha 2 Jakarta,Jakarta Timur,sma_smk,Taman Sari,,11160,OSM_Success_Recovered
SMK Paramitha Jakarta,Jakarta Timur,sma_smk,Taman Sari,,11160,OSM_Success_Recovered
SMK Paskita Global,Jakarta Timur,sma_smk,Cijantung,,13770.0,OSM_Success
SMK Pelayaran Bimasakti Jakarta,Jakarta Timur,sma_smk,Cipinang Besar Selatan,,13410.0,OSM_Success
SMK Pelayaran Dewaruci,Jakarta Timur,sma_smk,,,,Not_Found
SMK Pelayaran Pembangunan Jakarta,Jakarta Timur,sma_smk,Rambutan,,13830.0,OSM_Success
SMK Pelita Tiga No 1 Jakarta,Jakarta Timur,sma_smk,,,,Not_Found
SMK Pembangunan,Jakarta Timur,sma_smk,Utan Kayu Utara,,13120.0,OSM_Success
SMK Perbankan Nasional Jakarta,Jakarta Timur,sma_smk,Ujung Menteng,,13960,OSM_Success_Recovered
SMK Perdana Kusuma,Jakarta Timur,sma_smk,Halim Perdana Kusuma,,13620.0,OSM_Success
SMK Perguruan Rakyat 2,Jakarta Timur,sma_smk,Pondok Kelapa,,17412.0,OSM_Success
SMK Pertiwi Jakarta,Jakarta Timur,sma_smk,Gedong,,13760.0,OSM_Success
SMK Petri Jaya,Jakarta Timur,sma_smk,Pondok Kelapa,,17416.0,OSM_Success
SMK PGRI 1 Jakarta,Jakarta Timur,sma_smk,Makasar,,13650.0,OSM_Success
SMK PGRI 16 Jakarta,Jakarta Timur,sma_smk,,,,Not_Found
SMK PGRI 20 Jakarta,Jakarta Timur,sma_smk,Cibubur,,13720.0,OSM_Success
SMK PGRI 28 Jakarta,Jakarta Timur,sma_smk,Gedong,,13760.0,OSM_Success
SMK PGRI 39 Jakarta,Jakarta Timur,sma_smk,Penggilingan,,13940.0,OSM_Success
SMK PGRI 8 Jakarta,Jakarta Timur,sma_smk,,,,Not_Found
SMK PKP 1 Jakarta,Jakarta Timur,sma_smk,Kelapa Dua Wetan,,13730,OSM_Success_Recovered
SMK Prestasi Agung,Jakarta Timur,sma_smk,,,,Not_Found
SMK Prestasi Prima,Jakarta Timur,sma_smk,Cipayung,,13870.0,OSM_Success
SMK Pusaka 1 Jakarta,Jakarta Timur,sma_smk,,,,Not_Found
SMK Rahayu Mulyo,Jakarta Timur,sma_smk,Batu Ampar,,13540.0,OSM_Success
SMK Respati 1,Jakarta Timur,sma_smk,Tengah,,13540.0,OSM_Success
SMK Respati 2 Jakarta,Jakarta Timur,sma_smk,Tengah,,13540,OSM_Success_Recovered
SMK Ristek Jaya Jakarta,Jakarta Timur,sma_smk,Ujung Menteng,,13960.0,OSM_Success
SMK Ristek Kikin Jakarta,Jakarta Timur,sma_smk,Penggilingan,,13940.0,OSM_Success
SMK Sahid Jakarta,Jakarta Timur,sma_smk,Susukan,,13740.0,OSM_Success
SMK Santa Lucia,Jakarta Timur,sma_smk,Rawamangun,,13220.0,OSM_Success
SMK Satya Bhakti 1 Jakarta,Jakarta Timur,sma_smk,,,,Not_Found
SMK Satya Bhakti 2 Jakarta,Jakarta Timur,sma_smk,,,,Not_Found
SMK Sriwijaya Jakarta,Jakarta Timur,sma_smk,Jatinegara,,13940.0,OSM_Success
SMK St Bonaventura Jakarta,Jakarta Timur,sma_smk,Duren Sawit,,13470,OSM_Success_Recovered
SMK Swadaya Global School,Jakarta Timur,sma_smk,Duren Sawit,,13440.0,OSM_Success
SMK T Kapin Jakarta,Jakarta Timur,sma_smk,,,,Not_Found
SMK Teknik 10 Nopember,Jakarta Timur,sma_smk,Kramat Jati,,13640.0,OSM_Success
SMK Teratai Putih Jakarta,Jakarta Timur,sma_smk,Malaka Jaya,,13940.0,OSM_Success
SMK Tirta Sari Surya,Jakarta Timur,sma_smk,Utan Kayu Utara,,13120.0,OSM_Success
SMK Trampil Jakarta,Jakarta Timur,sma_smk,,,,Not_Found
SMK Tri Sastra 1 Jakarta,Jakarta Timur,sma_smk,,,,Not_Found
SMK Tri Sastra 2 Jakarta,Jakarta Timur,sma_smk,,,,Not_Found
SMK Tunas Markatin,Jakarta Timur,sma_smk,Rawamangun,,13220.0,OSM_Success
SMK Uswatun Hasanah,Jakarta Timur,sma_smk,Pinang Ranti,,13560.0,OSM_Success
SMK Wawasan Nusantara Jakarta,Jakarta Timur,sma_smk,Penggilingan,,13940.0,OSM_Success
SMK Widya Manggala Jakarta,Jakarta Timur,sma_smk,Rambutan,,13830,OSM_Success_Recovered
SMK Yamas Jakarta,Jakarta Timur,sma_smk,,,,Not_Found
SMK Yaspia 17,Jakarta Timur,sma_smk,,,,Not_Found
SMK YP Darul Mukminin,Jakarta Timur,sma_smk,,,,Not_Found
SMK YP IPPI Jakarta,Jakarta Timur,sma_smk,,,,Not_Found
SMK YPIA Al Falah Jakarta,Jakarta Timur,sma_smk,,,,Not_Found
MAK Unggulan Informatika,Jakarta Selatan,sma_smk,,,,Not_Found
Taman Suropati,Jakarta Pusat,taman,Menteng,,10310.0,OSM_Success
Taman Jalan Layang Non Tol Tanah Abang,Jakarta Pusat,taman,,,,Not_Found
Taman Menteng,Jakarta Pusat,taman,Menteng,,10310.0,OSM_Success
Taman Mangrove Muara Angke,Jakarta Utara,taman,,,,Not_Found
Taman Waduk Pluit,Jakarta Utara,taman,Pluit,,14350.0,OSM_Success
Taman Waduk Ria Rio,Jakarta Timur,taman,Kayu Putih,,,OSM_Success
Taman Sunter,Jakarta Utara,taman,Sunter Agung,,14350.0,OSM_Success
Taman Aheme,Jakarta Selatan,taman,Duren Sawit,,13450,OSM_Success_Recovered
Taman Bendera Pusaka,Jakarta Selatan,taman,Kramat Pela,,,OSM_Success
Taman Mahakam,Jakarta Selatan,taman,Kramat Pela,,,OSM_Success
Taman Mataram,Jakarta Selatan,taman,Selong,,,OSM_Success
Taman Jagakarsa,Jakarta Selatan,taman,Jagakarsa,,,OSM_Success
Taman Literasi Martha Christina Tiahahu,Jakarta Selatan,taman,,,,Not_Found
Taman Semanggi,Jakarta Selatan,taman,Setiabudi,,,OSM_Success
RPTRA Bahari,Jakarta Selatan,taman,Gandaria Selatan,,,OSM_Success
RPTRA Sungai Bambu,Jakarta Utara,taman,Sungai Bambu,,14330.0,OSM_Success
RPTRA Jatinegara,Jakarta Timur,taman,Jatinegara,,,OSM_Success
RPTRA Meruya Utara,Jakarta Barat,taman,Meruya Utara,,,OSM_Success
RPTRA Meruya Selatan,Jakarta Barat,taman,Meruya Selatan,,,OSM_Success
RPTRA Kembangan Selatan,Jakarta Barat,taman,Kembangan Selatan,,,OSM_Success
RPTRA Cipinang Besar Utara,Jakarta Timur,taman,Cipinang Besar Utara,,,OSM_Success
RPTRA Rusun Pulo Gebang,Jakarta Timur,taman,,,,Not_Found
RPTRA Karet Tengsin,Jakarta Pusat,taman,Karet Tengsin,,10220.0,OSM_Success
RPTRA Amir Hamzah,Jakarta Pusat,taman,Pegangsaan,,10320.0,OSM_Success
RPTRA Borobudur,Jakarta Pusat,taman,Pegangsaan,,10320.0,OSM_Success
RPTRA Krendang,Jakarta Barat,taman,Krendang,,,OSM_Success
Taman Hutan Kota Penjaringan,Jakarta Utara,taman,Pejagalan,,14450.0,OSM_Success
RPTRA Sunter Jaya,Jakarta Utara,taman,Sunter Jaya,,14350.0,OSM_Success
Taman Situ Lembang,Jakarta Pusat,taman,Menteng,,10310.0,OSM_Success
RPTRA Pulo Gundul,Jakarta Pusat,taman,Tanah Tinggi,,,OSM_Success
RPTRA Rasamala,Jakarta Selatan,taman,Menteng Dalam,,,OSM_Success
RPTRA Cililitan,Jakarta Timur,taman,Cililitan,,,OSM_Success
RPTRA Rawa Badak Utara,Jakarta Utara,taman,Rawa Badak Utara,,14230.0,OSM_Success
RPTRA Manunggal,Jakarta Barat,taman,Petukangan Selatan,,,OSM_Success_Recovered
RPTRA Melati Duri Pulo,Jakarta Pusat,taman,Duri Pulo,,10140.0,OSM_Success
RPTRA Ciganjur Berseri,Jakarta Selatan,taman,,,,Not_Found
RPTRA Kampung Perigi,Jakarta Selatan,taman,Kebayoran Lama Selatan,,,OSM_Success
Taman Nasional Kepulauan Seribu,Kepulauan Seribu,tempat_wisata,Paseban,,10430,OSM_Success_Recovered
Discovery Pulau Seribu,Kepulauan Seribu,tempat_wisata,,,,Not_Found
Pulau Ayer,Kepulauan Seribu,tempat_wisata,,Kepulauan Seribu,,OSM_Success
Pulau Seribu,Kepulauan Seribu,tempat_wisata,Pulau Kelapa,Kepulauan Seribu,,OSM_Success
Pulau Harapan,Kepulauan Seribu,tempat_wisata,Pulau Harapan,Kepulauan Seribu,,OSM_Success
Pulau Untung Jawa,Kepulauan Seribu,tempat_wisata,Pulau Untung Jawa,Kepulauan Seribu,,OSM_Success
Pulau Semak Daun,Kepulauan Seribu,tempat_wisata,,,,Not_Found
Pulau Bira,Kepulauan Seribu,tempat_wisata,,Kepulauan Seribu,,OSM_Success
Pulau Bidadari,Kepulauan Seribu,tempat_wisata,Pulau Untung Jawa,Kepulauan Seribu,,OSM_Success
Pulau Tidung,Kepulauan Seribu,tempat_wisata,Kepulauan Seribu Selatan,Kepulauan Seribu,14520.0,OSM_Success
Pulau Onrust,Kepulauan Seribu,tempat_wisata,,Kepulauan Seribu,,OSM_Success
Pulau Kotok,Kepulauan Seribu,tempat_wisata,,Kepulauan Seribu,,OSM_Success
Pulau Pramuka,Kepulauan Seribu,tempat_wisata,Kepulauan Seribu Utara,Kepulauan Seribu,,OSM_Success
Pantai Bukit Matahari,Kepulauan Seribu,tempat_wisata,,,,Not_Found
Pantai Pasir Perawan,Kepulauan Seribu,tempat_wisata,Pulau Pari,Kepulauan Seribu,,OSM_Success
Pantai Anyer,Kepulauan Seribu,tempat_wisata,,,,Not_Found
Penangkaran penyu sisik,Kepulauan Seribu,tempat_wisata,,,,Not_Found
Penangkaran Hiu [ 1 ],Kepulauan Seribu,tempat_wisata,,,,Not_Found
Museum Fatahillah,Jakarta Barat,tempat_wisata,Pinangsia,,11110.0,OSM_Success
Taman Tomang (Taman Cattleya),Jakarta Barat,tempat_wisata,,,,Not_Found
Hutan Kota Srengseng,Jakarta Barat,tempat_wisata,Srengseng,,,OSM_Success
Museum Wayang,Jakarta Barat,tempat_wisata,Pinangsia,,11110.0,OSM_Success
Jakarta Aquarium,Jakarta Barat,tempat_wisata,Tanjung Duren Selatan,,11470.0,OSM_Success
Museum Seni Rupa dan Keramik,Jakarta Barat,tempat_wisata,Pinangsia,,11110.0,OSM_Success
Museum Tekstil,Jakarta Barat,tempat_wisata,Kota Bambu Selatan,,10230.0,OSM_Success
Kerta Niaga Kota Tua,Jakarta Barat,tempat_wisata,,,,Not_Found
Museum Mandiri,Jakarta Barat,tempat_wisata,Pinangsia,,11110.0,OSM_Success
Pasar Glodok,Jakarta Barat,tempat_wisata,Pinangsia,,11120.0,OSM_Success
China Town,Jakarta Barat,tempat_wisata,Pinangsia,,11110.0,OSM_Success
Slipi Jaya Plaza Slipi,Jakarta Barat,tempat_wisata,Kemanggisan,,11480.0,OSM_Success
ITC Roxy Square,Jakarta Barat,tempat_wisata,,,,Not_Found
Mall Taman Anggrek,Jakarta Barat,tempat_wisata,Tanjung Duren Selatan,,11470.0,OSM_Success
Mall Puri Indah,Jakarta Barat,tempat_wisata,Kembangan Selatan,,11610.0,OSM_Success
Mall Daan Mogot,Jakarta Barat,tempat_wisata,Kalideres,,11840.0,OSM_Success
Mall Ciputra Jakarta (d/h Citraland Mall),Jakarta Barat,tempat_wisata,,,,Not_Found
Lokasari Plaza,Jakarta Barat,tempat_wisata,,,,Not_Found
Lindeteves Trade Center (LTC-Glodok),Jakarta Barat,tempat_wisata,,,,Not_Found
Taman Kali Jodo,Jakarta Barat,tempat_wisata,,,,Not_Found
Hayam Wuruk Lindeteves,Jakarta Barat,tempat_wisata,,,,Not_Found
Harco Glodok Taman Sari,Jakarta Barat,tempat_wisata,Mangga Besar,,11120.0,OSM_Success
Glodok Plaza,Jakarta Barat,tempat_wisata,Mangga Besar,,11180.0,OSM_Success
Monumen Selamat Datang,Jakarta Pusat,tempat_wisata,Menteng,,10310.0,OSM_Success
Monumen Proklamasi,Jakarta Pusat,tempat_wisata,,,,Not_Found
Taman Suropati,Jakarta Pusat,tempat_wisata,Menteng,,10310.0,OSM_Success
Masjid Istiqlal,Jakarta Pusat,tempat_wisata,Pasar Baru,,10110.0,OSM_Success
Wisata Kuliner Pecenongan,Jakarta Pusat,tempat_wisata,,,,Not_Found
Taman Menteng,Jakarta Pusat,tempat_wisata,Menteng,,10310.0,OSM_Success
Taman Ismail Marzuki,Jakarta Pusat,tempat_wisata,Cikini,,10330.0,OSM_Success
Taman Lapangan Banteng,Jakarta Pusat,tempat_wisata,Pasar Baru,,10710.0,OSM_Success
Kawasan Kota Tua,Jakarta Pusat,tempat_wisata,,,,Not_Found
Museum Sumpah Pemuda,Jakarta Pusat,tempat_wisata,Kwitang,,10420.0,OSM_Success
Museum Prasasti,Jakarta Pusat,tempat_wisata,Petojo Selatan,,10320.0,OSM_Success
Pasar Tanah Abang Blok A,Jakarta Pusat,tempat_wisata,,,,Not_Found
Museum Gedung Mohammad Hoesni Thamrin,Jakarta Pusat,tempat_wisata,,,,Not_Found
Monumen Nasional atau lebih dikenal Monas,Jakarta Pusat,tempat_wisata,,,,Not_Found
Museum Nasional Republik Indonesia atau Museum Gajah,Jakarta Pusat,tempat_wisata,,,,Not_Found
Museum Gajah,Jakarta Pusat,tempat_wisata,,,,Not_Found
Museum Adam Malik,Jakarta Pusat,tempat_wisata,,,,Not_Found
Museum Prangko Indonesia,Jakarta Pusat,tempat_wisata,,,,Not_Found
Taman Prasasti,Jakarta Pusat,tempat_wisata,Petojo Selatan,,10320.0,OSM_Success
Gedung Joang '45,Jakarta Pusat,tempat_wisata,Kebon Sirih,,10340.0,OSM_Success
Planetarium Menteng,Jakarta Pusat,tempat_wisata,Cikini,,10330.0,OSM_Success
Museum Bank Indonesia,Jakarta Pusat,tempat_wisata,Pinangsia,,11110,OSM_Success_Recovered
Grand Indonesia Shopping Town,Jakarta Pusat,tempat_wisata,Menteng,,10350.0,OSM_Success
Sarinah Plaza,Jakarta Pusat,tempat_wisata,,,,Not_Found
Thamrin City,Jakarta Pusat,tempat_wisata,Kebon Melati,,10230.0,OSM_Success
Pusat Pertokoan Duta Merlin Gambir,Jakarta Pusat,tempat_wisata,,,,Not_Found
Senayan City,Jakarta Pusat,tempat_wisata,Gelora,,10270.0,OSM_Success
Lifestyle X'nter,Jakarta Pusat,tempat_wisata,,,,Not_Found
ITC Roxy Mas,Jakarta Pusat,tempat_wisata,Cideng,,10150.0,OSM_Success
Harco Manggua Dua,Jakarta Pusat,tempat_wisata,,,,Not_Found
Harco Mas Mangga Dua,Jakarta Pusat,tempat_wisata,,,,Not_Found
Dusit Mangga Dua,Jakarta Pusat,tempat_wisata,Mangga Dua Selatan,,,OSM_Success
Plaza Atrium,Jakarta Pusat,tempat_wisata,Senen,,10410.0,OSM_Success
EX Plaza Indonesia,Jakarta Pusat,tempat_wisata,Senayan,,,OSM_Success_Recovered
Plaza Menteng,Jakarta Pusat,tempat_wisata,Menteng,,10310.0,OSM_Success
ITC Cempaka Mas,Jakarta Pusat,tempat_wisata,Sumur Batu,,10640.0,OSM_Success
Gajah Mada Plaza,Jakarta Pusat,tempat_wisata,Petojo Utara,,10130.0,OSM_Success
Plaza Indonesia,Jakarta Pusat,tempat_wisata,Gondangdia,,10350.0,OSM_Success
Unit Pengelola Kawasan Perkampungan Budaya Betawi,Jakarta Selatan,tempat_wisata,,,,Not_Found
Setu Babakan,Jakarta Selatan,tempat_wisata,Srengseng Sawah,,12640.0,OSM_Success
Taman Anggrek Ragunan,Jakarta Selatan,tempat_wisata,Ragunan,,,OSM_Success
Taman Spathodea Kebagusan,Jakarta Selatan,tempat_wisata,,,,Not_Found
Kebun Binatang Ragunan,Jakarta Selatan,tempat_wisata,Ragunan,,12520.0,OSM_Success
Taman Safari,Jakarta Selatan,tempat_wisata,Pandan Sari,Kab Bogor,16720,OSM_Success_Recovered
Taman Ayodya,Jakarta Selatan,tempat_wisata,Kramat Pela,,,OSM_Success
Museum Satria Mandala,Jakarta Selatan,tempat_wisata,Kuningan Barat,,,OSM_Success
Gandaria City,Jakarta Selatan,tempat_wisata,Kebayoran Lama Utara,,,OSM_Success
Pasaraya Blok M,Jakarta Selatan,tempat_wisata,Melawai,,12160.0,OSM_Success
Mall Blok M,Jakarta Selatan,tempat_wisata,Melawai,,12130.0,OSM_Success
Blok M Plaza,Jakarta Selatan,tempat_wisata,Kramat Pela,,12130.0,OSM_Success
Melawai Plaza,Jakarta Selatan,tempat_wisata,Melawai,,12160.0,OSM_Success
Pasar Bata Putih,Jakarta Selatan,tempat_wisata,Grogol Selatan,,12220.0,OSM_Success
ITC Permata Hijau,Jakarta Selatan,tempat_wisata,Grogol Utara,,12210.0,OSM_Success
Plaza Semanggi,Jakarta Selatan,tempat_wisata,Karet Semanggi,,12930.0,OSM_Success
Pacific Place,Jakarta Selatan,tempat_wisata,Senayan,,12190.0,OSM_Success
Setiabudi One,Jakarta Selatan,tempat_wisata,Karet,,12910.0,OSM_Success
Mall Pondok Indah 1&2,Jakarta Selatan,tempat_wisata,,,,Not_Found
Mall Ambassador Kuningan,Jakarta Selatan,tempat_wisata,Karet Kuningan,,12940.0,OSM_Success
ITC Kuningan Setiabudi,Jakarta Selatan,tempat_wisata,Karet Kuningan,,12940.0,OSM_Success
ITC Fatmawati,Jakarta Selatan,tempat_wisata,Cipete Utara,,12150.0,OSM_Success
Mall Cilandak Cilandak,Jakarta Selatan,tempat_wisata,Cilandak Barat,,12430.0,OSM_Success
Cilandak Town Square Cilandak,Jakarta Selatan,tempat_wisata,Cilandak Barat,,12430.0,OSM_Success
Plaza Kalibata Pancoran,Jakarta Selatan,tempat_wisata,Rawajati,,12740.0,OSM_Success
Pancoran,Jakarta Selatan,tempat_wisata,Pancoran,,,OSM_Success
Taman Hutan Tebet,Jakarta Selatan,tempat_wisata,,,,Not_Found
Taman Mini Indonesia Indah,Jakarta Timur,tempat_wisata,Cipayung,,13810.0,OSM_Success
TMII Fresh Water Aquarium Park,Jakarta Timur,tempat_wisata,,,,Not_Found
SnowBay Waterpark,Jakarta Timur,tempat_wisata,,,,Not_Found
Bird Park TMII,Jakarta Timur,tempat_wisata,,,,Not_Found
Archipelago Conservation Park,Jakarta Timur,tempat_wisata,,,,Not_Found
BUPERTA,Jakarta Timur,tempat_wisata,Cipayung,,13720.0,OSM_Success
Monumen Pancasila Sakti,Jakarta Timur,tempat_wisata,Lubang Buaya,,13810.0,OSM_Success
Museum Timor Timur,Jakarta Timur,tempat_wisata,,,,Not_Found
Museum Pengkhianatan PKI,Jakarta Timur,tempat_wisata,,,,Not_Found
Pulogadung Trade Center,Jakarta Timur,tempat_wisata,Rawa Terate,,13920.0,OSM_Success
Tamini Square,Jakarta Timur,tempat_wisata,Pinang Ranti,,13650.0,OSM_Success
Pusat Grosir Cililitan,Jakarta Timur,tempat_wisata,Cililitan,,13640.0,OSM_Success
Cibubur Junction,Jakarta Timur,tempat_wisata,Cibubur,,13720.0,OSM_Success
Lippo Plaza Kramat Jati,Jakarta Timur,tempat_wisata,Kramat Jati,,13510.0,OSM_Success
Taman Ria Atmaja,Jakarta Timur,tempat_wisata,,,,Not_Found
Taman Wisata Alam Mangrove,Jakarta Utara,tempat_wisata,,,,Not_Found
Museum Bahari,Jakarta Utara,tempat_wisata,Penjaringan,,14470.0,OSM_Success
Ocean Eco Park,Jakarta Utara,tempat_wisata,,,,Not_Found
Ocean Dream,Jakarta Utara,tempat_wisata,,,,Not_Found
Taman Impian Jaya Ancol,Jakarta Utara,tempat_wisata,Ancol,,14430.0,OSM_Success
DUFAN Ancol,Jakarta Utara,tempat_wisata,Ancol,,14430.0,OSM_Success
Sea World Ancol,Jakarta Utara,tempat_wisata,Ancol,,14430.0,OSM_Success
Atlantis Water Adventure,Jakarta Utara,tempat_wisata,,,,Not_Found
Pantai Ancol,Jakarta Utara,tempat_wisata,Ancol,,14430.0,OSM_Success
Pasar Seni Ancol,Jakarta Utara,tempat_wisata,Ancol,,14430.0,OSM_Success
Gerbang Barat Ancol,Jakarta Utara,tempat_wisata,Ancol,,14430.0,OSM_Success
Ancol Lagoon,Jakarta Utara,tempat_wisata,,,,Not_Found
Pantai Marunda,Jakarta Utara,tempat_wisata,Marunda,,14150.0,OSM_Success
Marina Beach,Jakarta Utara,tempat_wisata,,,,Not_Found
Bartega,Jakarta Utara,tempat_wisata,,,,Not_Found
Koja Trade Mall (KTM),Jakarta Utara,tempat_wisata,,,,Not_Found
Plaza Koja - Ramayana Koja,Jakarta Utara,tempat_wisata,Koja,,14320.0,OSM_Success
Emporium Pluit Mall,Jakarta Utara,tempat_wisata,Penjaringan,,14430.0,OSM_Success
Mall of Indonesia,Jakarta Utara,tempat_wisata,Kelapa Gading Barat,,14240.0,OSM_Success
Kelapa Gading Trade Center,Jakarta Utara,tempat_wisata,Kelapa Gading Barat,,14240.0,OSM_Success
Sports Mall Kelapa Gading,Jakarta Utara,tempat_wisata,,,,Not_Found
Mall Artha Gading,Jakarta Utara,tempat_wisata,Kelapa Gading Barat,,14240.0,OSM_Success
Mangga Dua Square,Jakarta Utara,tempat_wisata,Gunung Sahari Utara,,14420.0,OSM_Success
Pasar Pagi Mangga Dua,Jakarta Utara,tempat_wisata,Ancol,,14430.0,OSM_Success
WTC Mangga Dua,Jakarta Utara,tempat_wisata,Pademangan Barat,,14420.0,OSM_Success
Pluit Village/Megamal Pluit,Jakarta Utara,tempat_wisata,,,,Not_Found
Mall Sunter,Jakarta Utara,tempat_wisata,Sunter Agung,,14350.0,OSM_Success
Mangga Dua Square,Jakarta Utara,tempat_wisata,Gunung Sahari Utara,,14420.0,OSM_Success
Mall Kelapa Gading,Jakarta Utara,tempat_wisata,Pegangsaan Dua,,14240.0,OSM_Success
ITC Mangga Dua,Jakarta Utara,tempat_wisata,Ancol,,14430.0,OSM_Success
Universitas 17 Agustus 1945 Jakarta (UNTAG),,universitas,,,,Not_Found
Universitas Agung Podomoro,,universitas,,,,Not_Found
Universitas Al Azhar Indonesia (UAI),,universitas,,,,Not_Found
Universitas Azzahra,,universitas,Kampung Melayu,,13320.0,OSM_Success
Universitas Bakrie (UB),,universitas,,,,Not_Found
Universitas Bhayangkara Jakarta Raya (UBHARA JAYA),,universitas,,,,Not_Found
Universitas Bina Nusantara (UBINUS),,universitas,,,,Not_Found
Universitas Binawan,,universitas,,,,Not_Found
Universitas Borobudur,,universitas,Cipinang Melayu,,13430.0,OSM_Success
Universitas Budi Luhur (UBL),,universitas,,,,Not_Found
Universitas Bunda Mulia (UBM),,universitas,,,,Not_Found
Universitas Bung Karno (UBK),,universitas,,,,Not_Found
Universitas Darma Persada (UNSADA),,universitas,,,,Not_Found
Universitas Darunnajah (UDN),,universitas,,,,Not_Found
Universitas Dian Nusantara (UNDIRA),,universitas,,,,Not_Found
Universitas Dirgantara Marsekal Suryadarma (UNSURYA),,universitas,,,,Not_Found
Universitas Esa Unggul (UEU),,universitas,,,,Not_Found
Universitas Ibnu Chaldun (UIC),,universitas,,,,Not_Found
Universitas Indonesia Maju,,universitas,,,,Not_Found
Universitas Indraprasta PGRI (UNINDRA),,universitas,,,,Not_Found
Universitas Insan Cita Indonesia (UICI),,universitas,,,,Not_Found
Universitas Islam Jakarta (UID),,universitas,,,,Not_Found
Universitas Jakarta,,universitas,Kayu Putih,,13210.0,OSM_Success
Universitas Jayabaya,,universitas,Pekayon,,16951.0,OSM_Success
Universitas Katolik Indonesia Atma Jaya,,universitas,,,,Not_Found
Universitas Kristen Indonesia (UKI),,universitas,Cawang,,13630.0,OSM_Success
Universitas Kristen Krida Wacana (UKRIDA),,universitas,,,,Not_Found
Universitas Media Nusantara Citra (MNCU),,universitas,,,,Not_Found
Universitas Mercu Buana (UMB),,universitas,,,,Not_Found
Universitas Mpu Tantular (UMT),,universitas,,,,Not_Found
Universitas Muhammadiyah Prof. Dr. HAMKA (UHAMKA),,universitas,Kramat Pela,,12140.0,OSM_Success
Universitas MH Thamrin Jakarta (UMHT),,universitas,,,,Not_Found
Universitas Nahdlatul Ulama Indonesia (UNUSIA),,universitas,,,,Not_Found
Universitas Nasional (UNAS),,universitas,,,,Not_Found
Universitas Nusa Mandiri,,universitas,,,,Not_Found
Universitas Pancasila (UP),,universitas,,,,Not_Found
Universitas Paramadina (UPM),,universitas,,,,Not_Found
Universitas Persada Indonesia Yayasan Administrasi Indonesia (UPI Y.A.I),,universitas,,,,Not_Found
Universitas Pertamina,,universitas,Grogol Selatan,,12210.0,OSM_Success
Universitas Prasetiya Mulya,,universitas,Cilandak Barat,,12430.0,OSM_Success
Universitas Prof Dr Moestopo (Beragama) (UPDM),,universitas,,,,Not_Found
Universitas Respati Indonesia (URINDO),,universitas,,,,Not_Found
Universitas Sahid (USAHID),,universitas,,,,Not_Found
Universitas Saintek Muhammadiyah,,universitas,,,,Not_Found
Universitas Sampoerna,,universitas,Pancoran,,12780.0,OSM_Success
Universitas Satya Negara Indonesia (USNI),,universitas,,,,Not_Found
Universitas Satyagama (USG),,universitas,,,,Not_Found
Universitas Siber Asia (UNSIA),,universitas,,,,Not_Found
Universitas Surapati,,universitas,Cawang,,13630.0,OSM_Success
Universitas Tama Jagakarsa (UTJ),,universitas,,,,Not_Found
Universitas Tanri Abeng (TAU),,universitas,,,,Not_Found
Universitas Tarumanagara (UNTAR),,universitas,,,,Not_Found
Universitas Teknologi Muhammadiyah Jakarta,,universitas,,,,Not_Found
Universitas Trilogi,,universitas,Duren Tiga,,12760.0,OSM_Success
Universitas Trisakti,,universitas,Tomang,,11450.0,OSM_Success
Universitas Wiraswasta Indonesia,,universitas,Bali Mester,,13410.0,OSM_Success
Universitas YARSI,,universitas,Cempaka Putih,,10640.0,OSM_Success
Universitas Telkom Jakarta,,universitas,,,,Not_Found
Institut Bisnis dan Informatika Kosgoro 1957,,universitas,,,,Not_Found
Institut Bisnis dan Informatika Indonesia,,universitas,,,,Not_Found
Institut Bisnis Nusantara,,universitas,Cipinang Cempedak,,13330.0,OSM_Success
Institut Ilmu Sosial dan Ilmu Politik Jakarta,,universitas,,,,Not_Found
Institut Ilmu Sosial dan Manajemen STIAMI,,universitas,,,,Not_Found
Institut Kalbis (KALBIS),,universitas,,,,Not_Found
Institut Kesenian Jakarta (IKJ),,universitas,,,,Not_Found
Institut Keuangan Perbankan dan Informatika Asia Perbanas (AFBI Institute Perbanas),,universitas,,,,Not_Found
Institut Sains dan Teknologi Al-Kamal (ISTA),,universitas,,,,Not_Found
Institut Sains dan Teknologi Nasional (ISTN),,universitas,,,,Not_Found
Institut Teknologi dan Bisnis BRI (BRI Institute ),,universitas,,,,Not_Found
Institut Teknologi dan Bisnis Kalbe (ITBK),,universitas,,,,Not_Found
Institut Teknologi Budi Utomo (ITBU),,universitas,,,,Not_Found
Institut Teknologi Kartika Candra (ITKC),,universitas,,,,Not_Found
Institut Transportasi dan Logistik Trisakti (ITL Trisakti),,universitas,,,,Not_Found
Indonesia International Institute for Life Sciences,,universitas,Kayu Putih,,13250.0,OSM_Success
ESMOD International Fashion Institutes & Universities,,universitas,,,,Not_Found
Institut teknologi telkom jakarta,,universitas,,,,Not_Found
Sekolah Tinggi Manajemen Pariwisata dan Logistik Lentera Mondial (Lemondial Business School),,universitas,,,,Not_Found
Sekolah Tinggi Ilmu Ekonomi Media Nusantara Citra,,universitas,,,,Not_Found
Sekolah Tinggi Keguruan dan Ilmu Pendidikan Media Nusantara Citra,,universitas,,,,Not_Found
Sekolah Tinggi Agama Buddha Dutavira,,universitas,,,,Not_Found
Sekolah Tinggi Agama Buddha Maha Prajna,,universitas,,,,Not_Found
Sekolah Tinggi Agama Buddha Nalanda,,universitas,,,,Not_Found
Sekolah Tinggi Agama Islam Acprilesma Indonesia,,universitas,,,,Not_Found
Sekolah Tinggi Bahasa Asing IEC,,universitas,,,,Not_Found
Sekolah Tinggi Bahasa Asing Indonesia LPI,,universitas,,,,Not_Found
Sekolah Tinggi Bahasa Asing LIA,,universitas,,,,Not_Found
Sekolah Tinggi Bahasa Asing Pertiwi Indonesia,,universitas,,,,Not_Found
Sekolah Tinggi Filsafat Driyarkara,,universitas,Cempaka Putih Barat,,10520.0,OSM_Success
Sekolah Tinggi Filsafat Theologi,,universitas,,,,Not_Found
Sekolah Tinggi Hukum Indonesia,,universitas,,,,Not_Found
Sekolah Tinggi Ilmu Administrasi dan Sekretari ASMI,,universitas,,,,Not_Found
Sekolah Tinggi Ilmu Administrasi Kawula Indonesia,,universitas,,,,Not_Found
Sekolah Tinggi Ilmu Administrasi Yapann,,universitas,,,,Not_Found
Sekolah Tinggi Ilmu Administrasi YPIAMI,,universitas,,,,Not_Found
Sekolah Tinggi Ilmu Hukum LPIHM-IBLM,,universitas,,,,Not_Found
Sekolah Tinggi Ilmu Kesehatan Indonesia Maju,,universitas,,,,Not_Found
Sekolah Tinggi Ilmu Kesehatan Istara Nusantara,,universitas,,,,Not_Found
Sekolah Tinggi Ilmu Kesehatan Kesetiakawanan Sosial Indonesia,,universitas,,,,Not_Found
Sekolah Tinggi Ilmu Kesehatan Medistra Indonesia,,universitas,,,,Not_Found
Sekolah Tinggi Ilmu Kesehatan Mohammad Husni Thamrin,,universitas,,,,Not_Found
Sekolah Tinggi Ilmu Kesehatan Mitra Ria Husada,,universitas,Cibubur,,13720.0,OSM_Success
Sekolah Tinggi Ilmu Kesehatan Pamentas,,universitas,Lebak Bulus,,15419.0,OSM_Success
Sekolah Tinggi Ilmu Kesehatan Saint Carolus,,universitas,,,,Not_Found
Sekolah Tinggi Ilmu Komputer Cipta Karya Informatika,,universitas,Pondok Kelapa,,13440.0,OSM_Success
Sekolah Tinggi Ilmu Komunikasi dan Sekretari TARAKANITA (d/h Aksek LPK Tarakanita) (STARKI),,universitas,,,,Not_Found
Sekolah Tinggi Ilmu Komunikasi Indonesia Maju,,universitas,,,,Not_Found
Sekolah Tinggi Ilmu Komunikasi Inter Studi,,universitas,,,,Not_Found
Sekolah Tinggi Ilmu Komunikasi LSPR,,universitas,,,,Not_Found
Sekolah Tinggi Ilmu Komunikasi Profesi Indonesia,,universitas,,,,Not_Found
Sekolah Tinggi Ilmu Komunikasi YTKP,,universitas,,,,Not_Found
Sekolah Tinggi Ilmu Manajemen Kosgoro,,universitas,,,,Not_Found
Sekolah Tinggi Ilmu Manajemen LPMI,,universitas,,,,Not_Found
Sekolah Tinggi Ilmu Maritim AMI,,universitas,Kayu Putih,,13210.0,OSM_Success
Sekolah Tinggi Ilmu Pemerintahan Abdi Negara,,universitas,,,,Not_Found
Sekolah Tinggi Kedokteran YARSI Jakarta (sekarang Universitas YARSI ),,universitas,,,,Not_Found
Sekolah Tinggi Keuangan Niaga dan Negara Pembangunan,,universitas,,,,Not_Found
Sekolah Tinggi Manajemen Risiko Dan Asuransi (STIMRA),,universitas,,,,Not_Found
Sekolah Tinggi Manajemen Asuransi Trisakti,,universitas,Kayu Putih,,10570.0,OSM_Success
Sekolah Tinggi Manajemen dan Informatika Komputer Jayakarta,,universitas,,,,Not_Found
Sekolah Tinggi Manajemen IMMI,,universitas,,,,Not_Found
Sekolah Tinggi Manajemen IMNI,,universitas,,,,Not_Found
Sekolah Tinggi Manajemen Industri Indonesia,,universitas,,,,Not_Found
Sekolah Tinggi Manajemen IPMI,,universitas,,,,Not_Found
Sekolah Tinggi Manajemen Labora,,universitas,,,,Not_Found
Sekolah Tinggi Manajemen PPM,,universitas,,,,Not_Found
Sekolah Tinggi Manajemen Prasetiya Mulya,,universitas,,,,Not_Found
Sekolah Tinggi Manajemen Transpor Trisakti,,universitas,,,,Not_Found
Sekolah Tinggi Manajemen Transportasi Malahayati,,universitas,,,,Not_Found
Sekolah Tinggi Manajemen Yaksi,,universitas,,,,Not_Found
Sekolah Tinggi Pariwisata Sahid,,universitas,Kramat Pela,,12120.0,OSM_Success
Sekolah Tinggi Pariwisata Trisakti,,universitas,Bintaro,,12320.0,OSM_Success
Sekolah Tinggi Penerbangan Aviasi,,universitas,Pancoran,,12780.0,OSM_Success
Sekolah Tinggi Perpajakan Indonesia,,universitas,Palmeriam,,13140.0,OSM_Success
Sekolah Tinggi Teknik Informatik Benarif Indonesia,,universitas,,,,Not_Found
Sekolah Tinggi Teknologi Informasi NIIT I-Tech Jakarta,,universitas,,,,Not_Found
Sekolah Tinggi Teknologi Jakarta,,universitas,Cipinang Cempedak,,13340,OSM_Success_Recovered
Sekolah Tinggi Teknik Jaya Mahadika,,universitas,,,,Not_Found
Sekolah Tinggi Teknik Sapta Taruna,,universitas,,,,Not_Found
Sekolah Tinggi Teknik-PLN,,universitas,,,,Not_Found
Sekolah Tinggi Teknologi 10 November,,universitas,,,,Not_Found
Sekolah Tinggi Teknologi Indonesia,,universitas,,,,Not_Found
Sekolah Tinggi Teknologi Kelautan Hatawana,,universitas,,,,Not_Found
Sekolah Tinggi Teologi Jakarta,,universitas,Pegangsaan,,10320.0,OSM_Success
Sekolah Tinggi Teologi Sunsugos,,universitas,,,,Not_Found
Sekolah Tinggi Theologi Jaffray Jakarta,,universitas,,,,Not_Found
STMIK Jakarta Institute of Technology,,universitas,,,,Not_Found
Politeknik Bisnis Indonesia,,universitas,,,,Not_Found
Politeknik Bisnis dan Pasar Modal,,universitas,,,,Not_Found
Politeknik Bunda Kandung,,universitas,Lenteng Agung,,12530.0,OSM_Success
Politeknik Global Indonesia,,universitas,,,,Not_Found
Politeknik Karya Husada,,universitas,Bintaro,,12320.0,OSM_Success
Politeknik LP3I,,universitas,Kramat,,10420.0,OSM_Success
Politeknik Manufaktur Astra,,universitas,,,,Not_Found
Politeknik Statistika STIS,,universitas,Bidara Cina,,13930.0,OSM_Success
Politeknik Swadharma Diarsipkan 2011-08-12 di Wayback Machine .,,universitas,,,,Not_Found
Politeknik Trisila Dharma,,universitas,,,,Not_Found
Politeknik Tugu Jakarta,,universitas,Rawa Badak Selatan,,14230.0,OSM_Success
Akademi Administrasi Keuangan Jakarta,,universitas,,,,Not_Found
Akademi Administrasi Kusuma Mandiri,,universitas,,,,Not_Found
Akademi Administrasi Pembangunan Indonesia,,universitas,,,,Not_Found
Akademi Akuntansi Artawiyata Indo-LPI,,universitas,,,,Not_Found
Akademi Akuntansi Bentara Indonesia,,universitas,,,,Not_Found
Akademi Akuntansi Borobudur,,universitas,,,,Not_Found
Akademi Akuntansi Jayabaya,,universitas,,,,Not_Found
Akademi Akuntansi Nasional,,universitas,,,,Not_Found
Akademi Akuntansi Paramita,,universitas,,,,Not_Found
Akademi Akuntansi Santa Ursula,,universitas,,,,Not_Found
Akademi Akuntansi Syafa'at Indonesia,,universitas,,,,Not_Found
Akademi Akuntansi YAI,,universitas,,,,Not_Found
Akademi Angutan Udara Niaga Trisakti (AAUN Trisakti),,universitas,,,,Not_Found
Akademi Asuransi Indonesia,,universitas,,,,Not_Found
Akademi Bahasa Asing Borobudur,,universitas,,,,Not_Found
Akademi Bahasa Asing BSI,,universitas,,,,Not_Found
Akademi Bahasa Asing Kusuma Mandiri,,universitas,,,,Not_Found
Akademi Bahasa Asing Indonesia LPI,,universitas,,,,Not_Found
Akademi Bahasa Asing Nasional,,universitas,,,,Not_Found
Akademi Bahasa Asing Prawira Marta,,universitas,,,,Not_Found
Akademi Bahasa Asing Saint Mary,,universitas,,,,Not_Found
Akademi Bahasa Asing Santa Ursula,,universitas,,,,Not_Found
Akademi Bahasa Asing Widuri Widyasastra,,universitas,,,,Not_Found
Akademi Bank Indonesia,,universitas,,,,Not_Found
Akademi Bisnis Indonesia,,universitas,,,,Not_Found
Akademi Kebidanan Al-Fathonah,,universitas,Cipinang,,13250.0,OSM_Success
Akademi Kebidanan Bhakti Pertiwi Indonesia,,universitas,,,,Not_Found
Akademi Kebidanan Istara Nusantara,,universitas,,,,Not_Found
Akademi Kebidanan Kartika Mitra Husada,,universitas,Cipinang Besar Utara,,13410.0,OSM_Success
Akademi Kebidanan Keris Husada,,universitas,Cilandak Timur,,12610.0,OSM_Success
Akademi Kabidanan Kartini Jakarta,,universitas,,,,Not_Found
Akademi Kebidanan Mitra Persahabatan,,universitas,Pulo Gadung,,13230.0,OSM_Success
Akademi Kebidanan Pelita Persada,,universitas,,,,Not_Found
Akademi Kebidanan Prestasi Agung,,universitas,Pulo Gadung,,13220.0,OSM_Success
Akademi Kebidanan Sismadi,,universitas,Tanjung Priok,,14310.0,OSM_Success
Akademi Kebidanan Suluh Bangsa,,universitas,Bidara Cina,,13330.0,OSM_Success
Akademi Kebidanan Widyakarsa,,universitas,,,,Not_Found
Akademi Kebidanan Yaspen Tugu Ibu,,universitas,Cibubur,,13720.0,OSM_Success
Akademi Kebidanan YPDR,,universitas,Pondok Labu,,12450.0,OSM_Success
Akademi Keperawatan Keris Husada,,universitas,Cilandak Timur,,12560.0,OSM_Success
Akademi Keperawatan Rumah Sakit DGI Cikini,,universitas,,,,Not_Found
Akademi Keperawatan Rumah Sakit Jakarta,,universitas,,,,Not_Found
Akademi Keperawatan Rumah Sakit Husada,,universitas,,,,Not_Found
Akademi Keperawatan Syafaat Indonesia,,universitas,,,,Not_Found
Akademi Keuangan Dan Perbankan Borobudur,,universitas,,,,Not_Found
Akademi Keuangan Dan Perbankan LPI,,universitas,,,,Not_Found
Akademi Keuangan Dan Perbankan Patrisia,,universitas,,,,Not_Found
Akademi Keuangan Dan Perbankan Yapenanta,,universitas,,,,Not_Found
Akademi Keuangan Dan Perbankan YPK,,universitas,,,,Not_Found
Akademi Kimia Analis Caraka Nusantara,,universitas,,,,Not_Found
Akademi Komunikasi Bina Ekatama,,universitas,,,,Not_Found
Akademi Komunikasi Bina Sarana Informatika,,universitas,,,,Not_Found
Akademi Komunikasi Media Radio Dan TV,,universitas,,,,Not_Found
Akademi Komunikasi The Next Academy,,universitas,,,,Not_Found
Akademi Litigasi Indonesia Triguna,,universitas,,,,Not_Found
Akademi Manajemen Indonesia (AMIK),,universitas,,,,Not_Found
Akademi Manajemen Keuangan YP-IPPI,,universitas,,,,Not_Found
Akademi Manajemen Pemasaran Cavendish,,universitas,,,,Not_Found
Akademi Manajemen Perusahan Jayabaya,,universitas,,,,Not_Found
Akademi Manajemen YAPK,,universitas,,,,Not_Found
Akademi Manajemen YPPI,,universitas,,,,Not_Found
Akademi Maritim Djadajat,,universitas,,,,Not_Found
Akademi Maritim Nasional Jaya,,universitas,Kelapa Gading Barat,,14240.0,OSM_Success
Akademi Maritim Pembangunan,,universitas,Rambutan,,13830.0,OSM_Success
Akademi Pariwisata Bhakti Nusantara,,universitas,Pegangsaan Dua,,14250.0,OSM_Success
Akademi Pariwisata Buana Wisata,,universitas,,,,Not_Found
Akademi Pariwisata Bunda Mulia,,universitas,,,,Not_Found
Akademi Pariwisata Gsp Internasional,,universitas,,,,Not_Found
Akademi Pariwisata Indonesia,,universitas,Duren Sawit,,13430.0,OSM_Success
Akademi Pariwisata Jakarta,,universitas,Cempaka Putih Timur,,10540.0,OSM_Success
Akademi Pariwisata Jakarta International Hotel,,universitas,,,,Not_Found
Akademi Pariwisata Krisanti Widya Mandiri,,universitas,,,,Not_Found
Akademi Pariwisata Matoa,,universitas,,,,Not_Found
Akademi Pariwisata Nasional,,universitas,,,,Not_Found
Akademi Pariwisata Nusantara Jaya,,universitas,,,,Not_Found
Akademi Pariwisata Paramitha,,universitas,Pondok Kelapa,,13440.0,OSM_Success
Akademi Pariwisata Patria Indonesia,,universitas,Pejaten Barat,,12550.0,OSM_Success
Akademi Pariwisata Saint Mary,,universitas,,,,Not_Found
Akademi Pariwisata Pelita Harapan,,universitas,,,,Not_Found
Akademi Pariwisata Pertiwi,,universitas,,,,Not_Found
Akademi Pariwisata Tridaya Wisata,,universitas,,,,Not_Found
Akademi Pelayaran Niaga Indonesia,,universitas,,,,Not_Found
Akademi Perbankan Yuki,,universitas,,,,Not_Found
Akademi Pertamanan Interstudi,,universitas,,,,Not_Found
Akademi Sekretari Budi Luhur,,universitas,,,,Not_Found
Akademi Sekretari dan Manajemen BSI,,universitas,,,,Not_Found
Akademi Sekretari dan Manajemen Dharma Budhi Bhakti,,universitas,,,,Not_Found
Akademi Sekretari dan Manajemen Don Bosco,,universitas,Kayu Putih,,13260.0,OSM_Success
Akademi Sekretari dan Manajemen Pitaloka,,universitas,,,,Not_Found
Akademi Sekretari dan Manajemen Purnama,,universitas,,,,Not_Found
Akademi Sekretari dan Manajemen Saint Mary,,universitas,,,,Not_Found
Akademi Sekretari dan Manjemen Santa Ursula,,universitas,,,,Not_Found
Akademi Sekretari Interstudi,,universitas,Kramat Pela,,12130.0,OSM_Success
Akademi Sekretari Jayabaya,,universitas,,,,Not_Found
Akademi Sekretari Regina Contesorum,,universitas,,,,Not_Found
Akademi Sekretari Saint Theresia,,universitas,,,,Not_Found
Akademi Sekretaris ISWI,,universitas,,,,Not_Found
Akademi Sekretaris LPK Tarakanita,,universitas,,,,Not_Found
Akademi Seni Rupa dan Desain Iswi,,universitas,,,,Not_Found
Akademi Theologia Amanat Penuaian Terakhir,,universitas,,,,Not_Found
Akademi Teknik Desain Interior,,universitas,,,,Not_Found
Akademi Teknik Informatika Tunas Bangsa,,universitas,,,,Not_Found
Akademi Teknik Telekomunikasi Sandhy Putra Jakarta,,universitas,,,,Not_Found
Akademi Teknologi Grafika Indonesia,,universitas,,,,Not_Found
Akademi Teknologi Grafika Trisakti,,universitas,,,,Not_Found
Akademi Teknologi Komunikasi Dan Informatika,,universitas,,,,Not_Found
Akademi Telekomunikasi Indonesia Gemilang,,universitas,,,,Not_Found
Akademi Televisi Indonesia/ATVI Indosiar-SCTV,,universitas,,,,Not_Found
AMIK Jakarta Institut of Technology,,universitas,,,,Not_Found
