WILAYAH,NO,KECAMATAN,NAMA_JALAN,KELAS_JALAN
JAKARTA PUSAT,1,TANAH ABANG,JL. ADMINISTRASI,EKONOMI 2
JAKARTA PUSAT,2,TANAH ABANG,JL. ARTERI PEJOMPONGAN,PROTOKOL C
JAKARTA PUSAT,3,TANAH ABANG,JL. ASIA AFRIKA/PINTU IX,PROTOKOL B
JAKARTA PUSAT,4,TANAH ABANG,JL. BENDUNGAN HILIR RAYA,PROTOKOL C
JAKARTA PUSAT,5,TANAH ABANG,JL. BENDUNGAN HILIR I,EKONOMI 1
JAKARTA PUSAT,6,TANAH ABANG,JL. BENDUNGAN HILIR II,EKONOMI 1
JAKARTA PUSAT,7,TANAH ABANG,JL. BENDUNGAN HILIR III,EKONOMI 1
JAKARTA PUSAT,8,TANAH ABANG,JL. BENDUNGAN HILIR IV,EKONOMI 1
JAKARTA PUSAT,9,TANAH ABANG,JL. BENDUNGAN HILIR IX,EKONOMI 1
JAKARTA PUSAT,10,TANAH ABANG,JL. BENDUNGAN HILIR V,EKONOMI 1
JAKARTA PUSAT,11,TANAH ABANG,JL. BENDUNGAN HILIR VI,EKONOMI 1
JAKARTA PUSAT,12,TANAH ABANG,JL. BENDUNGAN HILIR VII,EKONOMI 1
JAKARTA PUSAT,13,TANAH ABANG,JL. BENDUNGAN HILIR VIII,EKONOMI 1
JAKARTA PUSAT,14,TANAH ABANG,JL. BENDUNGAN HILIR X,EKONOMI 1
JAKARTA PUSAT,15,TANAH ABANG,JL. BENDUNGAN HILIR XI,EKONOMI 1
JAKARTA PUSAT,16,TANAH ABANG,JL. BENDUNGAN HILIR XII,EKONOMI 1
JAKARTA PUSAT,17,TANAH ABANG,JL. BENDUNGAN HILIR XIII,EKONOMI 1
JAKARTA PUSAT,18,TANAH ABANG,JL. BENDUNGAN HILIR XIV,EKONOMI 1
JAKARTA PUSAT,19,TANAH ABANG,JL. BENDUNGAN JATI LUHUR,EKONOMI 1
JAKARTA PUSAT,20,TANAH ABANG,JL. DANAU DI ATAS,EKONOMI 2
JAKARTA PUSAT,21,TANAH ABANG,JL. DANAU DI BAWAH,EKONOMI 2
JAKARTA PUSAT,22,TANAH ABANG,JL. DANAU LIMBOTO,EKONOMI 1
JAKARTA PUSAT,23,TANAH ABANG,JL. DANAU TONDANO,EKONOMI 1
JAKARTA PUSAT,24,TANAH ABANG,JL. GELORA,EKONOMI 1
JAKARTA PUSAT,25,TANAH ABANG,JL. GERBANG PEMUDA,PROTOKOL B
JAKARTA PUSAT,26,TANAH ABANG,JL. GG. LONTAR,EKONOMI 1
JAKARTA PUSAT,27,TANAH ABANG,JL. HANG LEKIR,EKONOMI 1
JAKARTA PUSAT,28,TANAH ABANG,JL. INSPEKSI/KARET PS BARU TIMUR,PROTOKOL C
JAKARTA PUSAT,29,TANAH ABANG,JL. JATI BARU,PROTOKOL C
JAKARTA PUSAT,30,TANAH ABANG,JL. JEMBATAN TINGGI,EKONOMI 1
JAKARTA PUSAT,31,TANAH ABANG,JL. JEND. GATOT SUBROTO,PROTOKOL A
JAKARTA PUSAT,32,TANAH ABANG,JL. JEND. SUDIRMAN,PROTOKOL A
JAKARTA PUSAT,33,TANAH ABANG,JL. KAMPUNG BALI,EKONOMI 2
JAKARTA PUSAT,34,TANAH ABANG,JL. KARET PASAR BARU BARAT,EKONOMI 1
JAKARTA PUSAT,35,TANAH ABANG,JL. KEBON JATI,EKONOMI 1
JAKARTA PUSAT,36,TANAH ABANG,"JL, KEBON KACANG I",EKONOMI 1
JAKARTA PUSAT,37,TANAH ABANG,JL. KEBON KACANG II,EKONOMI 2
JAKARTA PUSAT,38,TANAH ABANG,JL. KEBON KACANG III,EKONOMI 2
JAKARTA PUSAT,39,TANAH ABANG,JL. KEBON KACANG IV,EKONOMI 2
JAKARTA PUSAT,40,TANAH ABANG,JL. KEBON KACANG IX,EKONOMI 1
JAKARTA PUSAT,41,TANAH ABANG,JL. KEBON KACANG RAYA,PROTOKOL C
JAKARTA PUSAT,42,TANAH ABANG,JL. KEBON KACANG V,EKONOMI 2
JAKARTA PUSAT,43,TANAH ABANG,JL. KEBON KACANG VI,EKONOMI 2
JAKARTA PUSAT,44,TANAH ABANG,JL. KEBON KACANG VII,EKONOMI 2
JAKARTA PUSAT,45,TANAH ABANG,JL. KEBON KACANG VIII,EKONOMI 1
JAKARTA PUSAT,46,TANAH ABANG,JL. KEBON KACANG X,EKONOMI 2
JAKARTA PUSAT,47,TANAH ABANG,JL. KEBON KACANG XI,EKONOMI 2
JAKARTA PUSAT,48,TANAH ABANG,JL. KEBON KACANG XII,EKONOMI 2
JAKARTA PUSAT,49,TANAH ABANG,JL. KEBON KACANG XIII,EKONOMI 2
JAKARTA PUSAT,50,TANAH ABANG,JL. KH. FACHRUDDIN,PROTOKOL C
JAKARTA PUSAT,51,TANAH ABANG,JL. KH. MAS MANSYUR,PROTOKOL C
JAKARTA PUSAT,52,TANAH ABANG,JL. KOTA BUMI,EKONOMI 1
JAKARTA PUSAT,53,TANAH ABANG,JL. KS. TUBUN,EKONOMI 1
JAKARTA PUSAT,54,TANAH ABANG,JL. LAPANGAN TEMBAK,EKONOMI 1
JAKARTA PUSAT,55,TANAH ABANG,JL. MANILA,EKONOMI 1
JAKARTA PUSAT,56,TANAH ABANG,JL. NEW DELHI,EKONOMI 1
JAKARTA PUSAT,57,TANAH ABANG,JL. PALMERAH BARAT,EKONOMI 1
JAKARTA PUSAT,58,TANAH ABANG,JL. PALMERAH TIMUR,EKONOMI 1
JAKARTA PUSAT,59,TANAH ABANG,JL. PALMERAH UTARA,EKONOMI 1
JAKARTA PUSAT,60,TANAH ABANG,JL. PAM BARU,EKONOMI 1
JAKARTA PUSAT,61,TANAH ABANG,JL. PAM LAMA,EKONOMI 1
JAKARTA PUSAT,62,TANAH ABANG,JL. AREA GBK,EKONOMI 1
JAKARTA PUSAT,63,TANAH ABANG,JL. PASAR KEBON MELATI,EKONOMI 2
JAKARTA PUSAT,64,TANAH ABANG,JL. PASAR TANAH ABANG,EKONOMI 1
JAKARTA PUSAT,65,TANAH ABANG,JL. PEJOMPONGAN RAYA,PROTOKOL C
JAKARTA PUSAT,66,TANAH ABANG,JL. PEJOMPONGAN DALAM,EKONOMI 2
JAKARTA PUSAT,67,TANAH ABANG,JL. PENJERNIHAN I,PROTOKOL C
JAKARTA PUSAT,68,TANAH ABANG,JL. PETAMBURAN I,EKONOMI 1
JAKARTA PUSAT,69,TANAH ABANG,JL. PETAMBURAN II,EKONOMI 1
JAKARTA PUSAT,70,TANAH ABANG,JL. PETAMBURAN III,EKONOMI 1
JAKARTA PUSAT,71,TANAH ABANG,JL. PETAMBURAN IV,EKONOMI 1
JAKARTA PUSAT,72,TANAH ABANG,JL. PETAMBURAN V,EKONOMI 1
JAKARTA PUSAT,73,TANAH ABANG,JL. PETAMBURAN VI,EKONOMI 1
JAKARTA PUSAT,74,TANAH ABANG,JL. PETAMBURAN VII,EKONOMI 1
JAKARTA PUSAT,75,TANAH ABANG,JL. PINTU I SENAYAN,PROTOKOL B
JAKARTA PUSAT,76,TANAH ABANG,JL. PLAJU,EKONOMI 1
JAKARTA PUSAT,77,TANAH ABANG,JL. SUNGAI GERONG,EKONOMI 1
JAKARTA PUSAT,78,TANAH ABANG,JL. TALANG BETUTU,EKONOMI 1
JAKARTA PUSAT,79,TANAH ABANG,JL. TAMAN BENDUNGAN ASAHAN,EKONOMI 2
JAKARTA PUSAT,80,TANAH ABANG,JL. TANAH ABANG BUKIT,EKONOMI 1
JAKARTA PUSAT,81,TANAH ABANG,JL. TELUK BETUNG,PROTOKOL B
JAKARTA PUSAT,82,TANAH ABANG,JL. M. H. THAMRIN,PROTOKOL A
JAKARTA PUSAT,83,TANAH ABANG,JL. TAMAN KEBON SIRIH,EKONOMI 1
JAKARTA PUSAT,84,TANAH ABANG,JL. KH. WAHID HASYIM,PROTOKOL C
JAKARTA PUSAT,85,TANAH ABANG,JL. TANJUNG KARANG,PROTOKOL B
JAKARTA PUSAT,86,TANAH ABANG,JL. THAMRIN BOULEVARD,PROTOKOL C
JAKARTA PUSAT,87,TANAH ABANG,JL. PENJERNIHAN II,PROTOKOL C
JAKARTA PUSAT,88,TANAH ABANG,JL. BENDUNGAN WALAHAR,EKONOMI 1
JAKARTA PUSAT,89,TANAH ABANG,JL. DANAU POSO,EKONOMI 1
JAKARTA PUSAT,90,TANAH ABANG,JL. DANAU TOBA,EKONOMI 1
JAKARTA PUSAT,91,TANAH ABANG,JL. H. ABDUL JALIL,EKONOMI 1
JAKARTA PUSAT,92,TANAH ABANG,JL. KARET PASAR BARU TIMUR III,EKONOMI 1
JAKARTA PUSAT,93,TANAH ABANG,JL. KARET PASAR BARU TIMUR V,EKONOMI 1
JAKARTA PUSAT,94,TANAH ABANG,JL. MUTIARA/JL. KARET PASAR BARU BRT 1 EKONOMI 1,
JAKARTA PUSAT,95,TANAH ABANG,JL. KEBON KACANG XXX,EKONOMI 1
JAKARTA PUSAT,96,MENTENG,JL. BLORA,PROTOKOL B
JAKARTA PUSAT,97,MENTENG,JL. CENDANA,PROTOKOL C
JAKARTA PUSAT,98,MENTENG,JL. CIKINI RAYA,PROTOKOL C
JAKARTA PUSAT,99,MENTENG,JL. CILACAP,EKONOMI 3
JAKARTA PUSAT,100,MENTENG,JL. CILOSARI,EKONOMI 1
JAKARTA PUSAT,101,MENTENG,JL. CIMAHI,EKONOMI 3
JAKARTA PUSAT,102,MENTENG,JL. CUT MUTIAH,PROTOKOL C
JAKARTA PUSAT,103,MENTENG,JL. CUT NYAK DIEN,EKONOMI 3
JAKARTA PUSAT,104,MENTENG,JL. DIPONEGORO,PROTOKOL B
JAKARTA PUSAT,105,MENTENG,JL. DR. KUSUMAATMADJA,EKONOMI 2
JAKARTA PUSAT,106,MENTENG,JL. DR. LATUHARHARY,EKONOMI 2
JAKARTA PUSAT,107,MENTENG,JL. GARUT,EKONOMI 3
JAKARTA PUSAT,108,MENTENG,JL. H. AGUS SALIM / JL. SABANG,PROTOKOL C
JAKARTA PUSAT,109,MENTENG,JL. HOS COKROAMINOTO,PROTOKOL B
JAKARTA PUSAT,110,MENTENG,JL. IMAM BONJOL,PROTOKOL B
JAKARTA PUSAT,111 MENTENG,JL. INDRAMAYU,EKONOMI 3,
JAKARTA PUSAT,112 MENTENG,JL. IRIAN,EKONOMI 3,
JAKARTA PUSAT,113 MENTENG,JL. JAKSA,PROTOKOL,C
JAKARTA PUSAT,114 MENTENG,JL. JAMBU,EKONOMI 3,
JAKARTA PUSAT,115 MENTENG,JL. JOHAR,EKONOMI 1,
JAKARTA PUSAT,116 MENTENG,JL. KARAWANG,EKONOMI 3,
JAKARTA PUSAT,117 MENTENG,JL. KEBON SIRIH,PROTOKOL,B
JAKARTA PUSAT,118 MENTENG,JL. KEBON SIRIH BARAT DALAM,EKONOMI 3,
JAKARTA PUSAT,119 MENTENG,JL. KEBON SIRIH DALAM,EKONOMI 3,
JAKARTA PUSAT,120 MENTENG,JL. KEBUMEN,EKONOMI 3,
JAKARTA PUSAT,121 MENTENG,JL. KEDIRI,EKONOMI 3,
JAKARTA PUSAT,122 MENTENG,JL. KEMIRI,EKONOMI 1,
JAKARTA PUSAT,123 MENTENG,JL. KENDAL,EKONOMI 1,
JAKARTA PUSAT,124 MENTENG,JL. KH. WAHID HASYIM,PROTOKOL,C
JAKARTA PUSAT,125 MENTENG,JL. KI MANGUNSARKORO,EKONOMI 1,
JAKARTA PUSAT,126 MENTENG,JL. KUDUS,EKONOMI 3,
JAKARTA PUSAT,127 MENTENG,JL. LOMBOK,EKONOMI 3,
JAKARTA PUSAT,128 MENTENG,JL. M. H. THAMRIN,PROTOKOL,A
JAKARTA PUSAT,129 MENTENG,JL. MADIUN,EKONOMI 3,
JAKARTA PUSAT,130 MENTENG,JL. MALANG,EKONOMI 3,
JAKARTA PUSAT,131 MENTENG,JL. MALUKU,EKONOMI 3,
JAKARTA PUSAT,132 MENTENG,JL. MENDUT,EKONOMI 3,
JAKARTA PUSAT,133 MENTENG,JL. MENTENG,EKONOMI 3,
JAKARTA PUSAT,134 MENTENG,JL. MENTENG KECIL,EKONOMI 3,
JAKARTA PUSAT,135 MENTENG,JL. MENTENG RAYA,PROTOKOL,C
JAKARTA PUSAT,136 MENTENG,"JL. MOCH. YAMIN, SH",EKONOMI 1,
JAKARTA PUSAT,137 MENTENG,JL. PEGANGSAAN BARAT,PROTOKOL,C
JAKARTA PUSAT,138 MENTENG,JL. PEGANGSAAN TIMUR,PROTOKOL,C
JAKARTA PUSAT,139 MENTENG,JL. PEKALONGAN,EKONOMI 3,
JAKARTA PUSAT,140 MENTENG,JL. PROKLAMASI,PROTOKOL,C
JAKARTA PUSAT,141 MENTENG,JL. PURBOLINGGO,EKONOMI 3,
JAKARTA PUSAT,142 MENTENG,JL. PURWAKARTA,EKONOMI 3,
JAKARTA PUSAT,143 MENTENG,JL. RADEN SALEH II,EKONOMI 3,
JAKARTA PUSAT,144 MENTENG,JL. RADEN SALEH RAYA,PROTOKOL,C
JAKARTA PUSAT,145 MENTENG,JL. RIAU,EKONOMI 3,
JAKARTA PUSAT,146 MENTENG,JL. RP.SOEROSO,PROTOKOL,C
JAKARTA PUSAT,147 MENTENG,JL. SEMARANG,EKONOMI 3,
JAKARTA PUSAT,148 MENTENG,JL. SOLO,EKONOMI 3,
JAKARTA PUSAT,149 MENTENG,JL. SRIKAYA,EKONOMI 2,
JAKARTA PUSAT,150 MENTENG,JL. SUBANG,EKONOMI 3,
JAKARTA PUSAT,151 MENTENG,JL. SUKABUMI,EKONOMI 3,
JAKARTA PUSAT,152 MENTENG,JL. SULTAN SYAHRIR,EKONOMI 1,
JAKARTA PUSAT,153 •MENTENG,JL. SUMATERA,EKONOMI 3,
JAKARTA PUSAT,154 MENTENG,JL. SUMENEP,EKONOMI 1,
JAKARTA PUSAT,155 MENTENG,JL. SUNDA,EKONOMI 1,
JAKARTA PUSAT,156 MENTENG,JL. SURABAYA,PROTOKOL,C
JAKARTA PUSAT,157 MENTENG,JL. SUWIRJO,EKONOMI 3,
JAKARTA PUSAT,158 MENTENG,JL. SYAMSU RIZAL,EKONOMI 3,
JAKARTA PUSAT,159 MENTENG,"JL, TALANG",EKONOMI 3,
JAKARTA PUSAT,160 MENTENG,JL. TAMAN SUROPATI,PROTOKOL,C
JAKARTA PUSAT,161 MENTENG,JL. TAMBAK,PROTOKOL,C
JAKARTA PUSAT,162 MENTENG,JL. TANJUNG,EKONOMI 3,
JAKARTA PUSAT,163 MENTENG,JL. TEGAL,EKONOMI 3,
JAKARTA PUSAT,164 MENTENG,JL. TEUKU CIK DITIRO,PROTOKOL,C
JAKARTA PUSAT,165 MENTENG,JL. TEUKU UMAR,PROTOKOL,C
JAKARTA PUSAT,166 MENTENG,JL TIMOR,EKONOMI 3,
JAKARTA PUSAT,167 MENTENG,JL. YUSUF ADIWINATA,PROTOKOL,C
JAKARTA PUSAT,168 MENTENG,JL. GEREJA THERESIA,PROTOKOL,C
JAKARTA PUSAT,169 MENTENG,JL. SAM RATULANGI,PROTOKOL,C
JAKARTA PUSAT,170 MENTENG,JL. MATRAMAN DALAM,PROTOKOL,C
JAKARTA PUSAT,171 MENTENG,JL. CEMARA,EKONOMI 1,
JAKARTA PUSAT,172 MENTENG,JL. KIMIA,EKONOMI 2,
JAKARTA PUSAT,173 MENTENG,JL. DEMPO,EKONOMI 2,
JAKARTA PUSAT,174 MENTENG,JL. KEBON SIRIH TIMUR,EKONOMI 2,
JAKARTA PUSAT,175 MENTENG,JL. BANDUNG,EKONOMI 3,
JAKARTA PUSAT,176 MENTENG,JL. BANYUMAS,EKONOMI 3,
JAKARTA PUSAT,177 MENTENG,JL. BELITON,EKONOMI 3,
JAKARTA PUSAT,178 MENTENG,JL. BONANG,EKONOMI 3,
JAKARTA PUSAT,179 MENTENG,JL. BONDOWOSO,EKONOMI 3,
JAKARTA PUSAT,180 MENTENG,JL. BOROBUDUR,EKONOMI 3,
JAKARTA PUSAT,181 MENTENG,JL. KALASAN,EKONOMI 3,
JAKARTA PUSAT,182 MENTENG,JL. KALI PASIR,EKONOMI 3,
JAKARTA PUSAT,183 MENTENG,JL. PADALARANG,EKONOMI 3,
JAKARTA PUSAT,184 MENTENG,JL. PRAMBANAN,EKONOMI 3,
JAKARTA PUSAT,185 MENTENG,JL. SAWO (MENTENG),EKONOMI 3,
JAKARTA PUSAT,186 MENTENG,JL. YUANA,EKONOMI 2,
JAKARTA PUSAT,187 MENTENG,JL. A RAKHMAN HAKIM,PROTOKOL,C
JAKARTA PUSAT,188 MENTENG,JL. TELUK BETUNG,PROTOKOL,B
JAKARTA PUSAT,189 SENEN,JL. KALILIO,PROTOKOL,C
JAKARTA PUSAT,190 SENEN,JL. KAWI,EKONOMI 2,
JAKARTA PUSAT,191 SENEN,JL. KENARI,EKONOMI 2,
JAKARTA PUSAT,192 SENEN,JL. KENARI I,EKONOMI 2,
JAKARTA PUSAT,193 SENEN,JL. KENARI II,EKONOMI 2,
JAKARTA PUSAT,194 SENEN,JL. KOMP. ATRIUM PLAZA,PROTOKOL,B
JAKARTA PUSAT,195 SENEN,JL. KRAMAT BARU,EKONOMI 3,
JAKARTA PUSAT,196 SENEN,JL. KRAMAT BUNDER,PROTOKOL,B
JAKARTA PUSAT,197 SENEN,JL. KRAMAT I,EKONOMI 2,
JAKARTA PUSAT,198 SENEN,JL. KRAMAT JAYA BARU,EKONOMI 3,
JAKARTA PUSAT,199 SENEN,JL. KRAMAT JAYA BARU I,EKONOMI 3,
JAKARTA PUSAT,200 SENEN,JL. KRAMAT JAYA BARU II,EKONOMI 3,
JAKARTA PUSAT,201 SENEN,JL. KRAMAT JAYA BARU IV,EKONOMI 3,
JAKARTA PUSAT,202 SENEN,JL. KRAMAT JAYA BARU V,EKONOMI 3,
JAKARTA PUSAT,203 SENEN,JL. KRAMAT KWITANG,EKONOMI 3,
JAKARTA PUSAT,204 SENEN,JL. KRAMAT LONTAR,EKONOMI 2,
JAKARTA PUSAT,205 SENEN,JL. KRAMAT PULO,EKONOMI 3,
JAKARTA PUSAT,206 SENEN,JL. KRAMAT PULO GUNDUL,EKONOMI 3,
JAKARTA PUSAT,207 SENEN,JL. KRAMAT RAYA,PROTOKOL,B
JAKARTA PUSAT,208 SENEN,JL. KRAMAT RAYA DALAM,EKONOMI 3,
JAKARTA PUSAT,209 SENEN,JL. KRAMAT SENTIONG,EKONOMI 2,
JAKARTA PUSAT,210 SENEN,JL. KRAMAT VIII,EKONOMI 2,
JAKARTA PUSAT,211 SENEN,JL. KWINI,EKONOMI 1,
JAKARTA PUSAT,212 SENEN,JL. MATRAMMV DALAM,PROTOKOL,C
JAKARTA PUSAT,213 SENEN,JL. MATRAMAO RAYA,PROTOKOL,C
JAKARTA PUSAT,214 SENEN,JL. PASAR KAWI-KAWI,EKONOMI 2,
JAKARTA PUSAT,215 SENEN,JL. PASAR SENEN/GN.SAHARI-KRAMAT,PROTOKOL,C
JAKARTA PUSAT,216 SENEN,JL. PASEBAN,EKONOMI 1,
JAKARTA PUSAT,217 SENEN,JL. PRAMUKA JAYA SARI,EKONOMI 2,
JAKARTA PUSAT,218 SENEN,JL. PUSAT PERDAGANGAN SENEN,PROTOKOL,C
JAKARTA PUSAT,219 SENEN,JL. SALEMBA BLUNTAS,EKONOMI 3,
JAKARTA PUSAT,220 SENEN,JL. SALEMBA I,EKONOMI 2,
JAKARTA PUSAT,221 SENEN,JL. SALEMBA RAYA,PROTOKOL,B
JAKARTA PUSAT,222 SENEN,JL. SALEMBA TENGAH,PROTOKOL,C
JAKARTA PUSAT,223 SENEN,JL. SENEN RAYA,PROTOKOL,B
JAKARTA PUSAT,224 SENEN,JL. STASIUN SENEN,PROTOKOL,C
JAKARTA PUSAT,225 SENEN,JL. TOPAZ,EKONOMI 3,
JAKARTA PUSAT,226 SENEN,JL. KRAMAT II,EKONOMI 2,
JAKARTA PUSAT,227 SENEN,JL. KRAMAT III,EKONOMI 2,
JAKARTA PUSAT,228 SENEN,JL. KRAMAT IV,EKONOMI 2,
JAKARTA PUSAT,229 SENEN,JL. KRAMAT V,EKONOMI 2,
JAKARTA PUSAT,230 SENEN,JL. KRAMAT VI,EKONOMI 2,
JAKARTA PUSAT,231 SENEN,JL. KRAMAT VII,EKONOMI 2,
JAKARTA PUSAT,232 SENEN,JL. PRAMUKA JATI,EKONOMI 2,
JAKARTA PUSAT,233 SENEN,JL. JAMBRUT,EKONOMI 2,
JAKARTA PUSAT,234 SENEN,JL. KRAMAT SAWAH BARU,EKONOMI 3,
JAKARTA PUSAT,235 SENEN,JL. KRAMAT PULO DALAM,EKONOMI 3,
JAKARTA PUSAT,236 SENEN,JL. KEMBANG RAYA,EKONOMI 3,
JAKARTA PUSAT,237 SENEN,JL. MOH. SALEH,EKONOMI 3,
JAKARTA PUSAT,238 SENEN,JL. KRAMAT SOKA,EKONOMI 3,
JAKARTA PUSAT,239 SENEN,JL. KEMBANG PACAR,EKONOMI 3,
JAKARTA PUSAT,240 SENEN,JL. SEDAP MALAM,EKONOMI 3,
JAKARTA PUSAT,241 SENEN,JL. KEMBANG SEPATU,EKONOMI 3,
JAKARTA PUSAT,242 SENEN,JL. MELATI,EKONOMI 3,
JAKARTA PUSAT,243 SENEN,JL. KWINI I,EKONOMI 2,
JAKARTA PUSAT,244 SENEN,JL. ABDUL RAHMAN SALEH,EKONOMI 1,
JAKARTA PUSAT,245 SENEN,JL. TANAH TINGGI TIMUR,EKONOMI 1,
JAKARTA PUSAT,246 SENEN,JL. TANAH TINGGI BARAT,EKONOMI 1,
JAKARTA PUSAT,247 SENEN,JL. PAL PUTIH,EKONOMI 2,
JAKARTA PUSAT,248 SENEN,JL. GUNUNG SAHARI I,EKONOMI 1,
JAKARTA PUSAT,249 SENEN,JL. PRAPATAN/KWITANG,PROTOKOL,C
JAKARTA PUSAT,250 SENEN,JL. PRAMUKA RAYA,PROTOKOL,B
JAKARTA PUSAT,251 SENEN,JL. LETJEN SUPRAPTO,PROTOKOL,B
JAKARTA PUSAT,252 SENEN,JL. RADEN SALEH RAYA,PROTOKOL,C
JAKARTA PUSAT,253 SENEN,JL. RADEN SALEH I,EKONOMI 2,
JAKARTA PUSAT,254 SENEN,JL. KERNOLONG,EKONOMI 3,
JAKARTA PUSAT,255 SENEN,JL. KALIBARU TIMUR IV,EKONOMI 2,
JAKARTA PUSAT,256 SENEN,JL. KALIBARU TIMUR V,EKONOMI 2,
JAKARTA PUSAT,257 SENEN,JL. PANGERAN DIPONEGORO,PROTOKOL,B
JAKARTA PUSAT,258 SENEN,JL. PRAPATAN I,EKONOMI 3,
JAKARTA PUSAT,259 SENEN,JL. KALIBARU TIMUR,EKONOMI 2,
JAKARTA PUSAT,260 SENEN,JL. KALIBARU TIMUR III,EKONOMI 2,
JAKARTA PUSAT,261 SENEN,JL. SALEMBA TENGAH II,EKONOMI 2,
JAKARTA PUSAT,262 SENEN,JL. KALIBARU TIMUR VI,EKONOMI 2,
JAKARTA PUSAT,263 SENEN,JL. KEPU SELATAN,EKONOMI 2,
JAKARTA PUSAT,264 SENEN,JL. PERCETAKAN NEGARA,EKONOMI 1,
JAKARTA PUSAT,265 SENEN,JL. KALIBARU TIMUR II,EKONOMI 2,
JAKARTA PUSAT,266 SENEN,JL. KALIBARU TIMUR I,EKONOMI 2,
JAKARTA PUSAT,267 SENEN,JL. BUNGUR BESAR RAYA,EKONOMI 1,
JAKARTA PUSAT,268 SENEN,JL SENEN RAYA III,PROTOKOL,B
JAKARTA PUSAT,269 SENEN,JL SENEN RAYA IV,PROTOKOL,B
JAKARTA PUSAT,270 SENEN,JL PRAMUKA JATI,EKONOMI 1,
JAKARTA PUSAT,271 SENEN,JL. INSPEKSI KALI CILIWUNG KENARI,EKONOMI 3,
JAKARTA PUSAT,272 SENEN,JL. GUNUNG SAHARI,EKONOMI 1,
JAKARTA PUSAT,273 CEMPAKA PUTIH,JL. CEMPAKA PUTIH BARAT,EKONOMI 3,
JAKARTA PUSAT,274 CEMPAKA PUTIH,JL. CEMPAKA PUTIH RAYA,EKONOMI 1,
JAKARTA PUSAT,275 CEMPAKA PUTIH,JL. CEMPAKA PUTIH TENGAH,EKONOMI 2,
JAKARTA PUSAT,276 CEMPAKA PUTIH,JL. CEMPAKA PUTIH TIMUR,EKONOMI 3,
JAKARTA PUSAT,277 CEMPAKA PUTIH,JL. CEMPAKA PUTIH UTARA,EKONOMI 3,
JAKARTA PUSAT,278 CEMPAKA PUTIH,JL. GARDU ASEM,EKONOMI 2,
JAKARTA PUSAT,279 CEMPAKA PUTIH,JL. JEND. AHMAD YANI,PROTOKOL,A
JAKARTA PUSAT,280 CEMPAKA PUTIH,JL. KP. RAWA SAWAH,EKONOMI 3,
JAKARTA PUSAT,281 CEMPAKA PUTIH,JL. KP. RAWA SELATAN,EKONOMI 3,
JAKARTA PUSAT,282 CEMPAKA PUTIH,JL. KP. RAWA TENGAH,EKONOMI 3,
JAKARTA PUSAT,283 CEMPAKA PUTIH,JL. PANGKALAN ASAM,EKONOMI 1,
JAKARTA PUSAT,284 CEMPAKA PUTIH,JL. PERCETAKAN NEGARA,EKONOMI 1,
JAKARTA PUSAT,285 CEMPAKA PUTIH,JL. PERCETAKAN NEGARA II,EKONOMI 2,
JAKARTA PUSAT,286 CEMPAKA PUTIH,JL. PERCETAKAN NEGARA V,EKONOMI 2,
JAKARTA PUSAT,287 CEMPAKA PUTIH,JL. PERCETAKAN NEGARA XI,EKONOMI 2,
JAKARTA PUSAT,288 CEMPAKA PUTIH,JL. PRAMUKA SARI,EKONOMI 3,
JAKARTA PUSAT,289 CEMPAKA PUTIH,JL. RAWAMANGUN,EKONOMI 1,
JAKARTA PUSAT,290 CEMPAKA PUTIH,JL. RAWASARI,EKONOMI 2,
JAKARTA PUSAT,291 CEMPAKA PUTIH,JL. RAWASARI SELATAN,EKONOMI 1,
JAKARTA PUSAT,292 CEMPAKA PUTIH,JL. YOS SUDARSO,PROTOKOL,B
JAKARTA PUSAT,293 CEMPAKA PUTIH,JL. PRAMUKA,PROTOKOL,B
JAKARTA PUSAT,294 CEMPAKA PUTIH,JL. LETJEN SUPRAPTO,PROTOKOL,B
JAKARTA PUSAT,295 CEMPAKA PUTIH,JL. MARDANI RAYA,EKONOMI 1,
JAKARTA PUSAT,296 CEMPAKA PUTIH,JL. PRAMUKA JAYA SARI,EKONOMI 2,
JAKARTA PUSAT,297,CEMPAKA PUTIH,JL. RAWASARI BARAT,EKONOMI 3
JAKARTA PUSAT,298 CEMPAKA PUTIH,JL. LINGKUNGAN,,LINGKUNGAN
JAKARTA PUSAT,299 CEMPAKA PUTIH,JL. PERCETAKAN NEGARA III,EKONOMI 3,
JAKARTA PUSAT,300 JOHAR BARU,JL. ABDUL GAN1,EKONOMI 3,
JAKARTA PUSAT,301 JOHAR BARU,JL. GALUR RAYA (JOHAR BARU),EKONOMI 3,
JAKARTA PUSAT,302 JOHAR BARU,JL. JOHAR BARU,EKONOMI 3,
JAKARTA PUSAT,303 JOHAR BARU,JL. JOHAR BARU I,EKONOMI 3,
JAKARTA PUSAT,304 JOHAR BARU,JL. JOHAR BARU II,EKONOMI 3,
JAKARTA PUSAT,305 JOHAR BARU,JL. JOHAR BARU III,EKONOMI 3,
JAKARTA PUSAT,306 JOHAR BARU,JL. JOHAR BARU IV,EKONOMI 3,
JAKARTA PUSAT,307 JOHAR BARU,JL. JOHAR BARU UTARA,EKONOMI 3,
JAKARTA PUSAT,308 JOHAR BARU,JL. JOHAR BARU UTARA III,EKONOMI 3,
JAKARTA PUSAT,309 JOHAR BARU,JL. JOHAR BARU UTARA IV,EKONOMI 3,
JAKARTA PUSAT,310 JOHAR BARU,JL. JOHAR BARU UTARA V,EKONOMI 3,
JAKARTA PUSAT,311 JOHAR BARU,JL. JOHAR BARU UTARA VI,EKONOMI 3,
JAKARTA PUSAT,312 JOHAR BARU,JL. JOHAR BARU V,EKONOMI 3,
JAKARTA PUSAT,313 JOHAR BARU,JL. JOHAR BARU VI,EKONOMI 3,
JAKARTA PUSAT,314 JOHAR BARU,JL. JOHAR BARU VII,EKONOMI 3,
JAKARTA PUSAT,315 JOHAR BARU,JL. KAMPUNG RAWA SELATAN IV,EKONOMI 2,
JAKARTA PUSAT,316 JOHAR BARU,JL. KAWI-KAWI ATAS,EKONOMI 3,
JAKARTA PUSAT,317 JOHAR BARU,JL. KAWI-KAWI BAWAH,EKONOMI 3,
JAKARTA PUSAT,318 JOHAR BARU,JL. KOTA PARIS,EKONOMI 3,
JAKARTA PUSAT,319 JOHAR BARU,JL. PERCETAKAN NEGARA,EKONOMI 1,
JAKARTA PUSAT,320 JOHAR BARU,JL. PERCETAKAN NEGARA II,EKONOMI 2,
JAKARTA PUSAT,321 JOHAR BARU,JL. PERCETAKAN NEGARA IV,EKONOMI 3,
JAKARTA PUSAT,322 JOHAR BARU,JL. PERCETAKAN NEGARA IV A,EKONOMI 3,
JAKARTA PUSAT,323 JOHAR BARU,JL. PERCETAKAN NEGARA IV B,EKONOMI 3,
JAKARTA PUSAT,324 JOHAR BARU,JL. PERCETAKAN NEGARA IV C,EKONOMI 3,
JAKARTA PUSAT,325 JOHAR BARU,JL. PERCETAKAN NEGARA IV D,EKONOMI 3,
JAKARTA PUSAT,326 JOHAR BARU,JL. RAWA SELATAN,EKONOMI 3,
JAKARTA PUSAT,327 JOHAR BARU,JL. SADEWA,EKONOMI 3,
JAKARTA PUSAT,328 JOHAR BARU,JL. TANAH TINGGI,EKONOMI 2,
JAKARTA PUSAT,329 JOHAR BARU,JL. TANAH TINGGI I,EKONOMI 3,
JAKARTA PUSAT,330 JOHAR BARU,JL. TANAH TINGGI II,EKONOMI 3,
JAKARTA PUSAT,331 JOHAR BARU,JL. TANAH TINGGI III,EKONOMI 3,
JAKARTA PUSAT,332 JOHAR BARU,JL. TANAH TINGGI IV,EKONOMI 3,
JAKARTA PUSAT,333 JOHAR BARU,JL. TANAH TINGGI IX,EKONOMI 3,
JAKARTA PUSAT,334 JOHAR BARU,JL. TANAH TINGGI SAWAH,EKONOMI 3,
JAKARTA PUSAT,335 JOHAR BARU,JL. TANAH TINGGI V,EKONOMI 3,
JAKARTA PUSAT,336 JOHAR BARU,JL. TANAH TINGGI VI,EKONOMI 3,
JAKARTA PUSAT,337 JOHAR BARU,JL. TANAH TINGGI VII,EKONOMI 3,
JAKARTA PUSAT,338 JOHAR BARU,JL. TANAH TINGGI VIII,EKONOMI 3,
JAKARTA PUSAT,339 JOHAR BARU,JL. TANAH TINGGI X,EKONOMI 3,
JAKARTA PUSAT,340 JOHAR BARU,JL. TANAH TINGGI XI,EKONOMI 3,
JAKARTA PUSAT,341 JOHAR BARU,JL. TANAH TINGGI XII,EKONOMI 3,
JAKARTA PUSAT,342 JOHAR BARU,JL. LETJEN SUPRAPTO,PROTOKOL,B
JAKARTA PUSAT,343 JOHAR BARU,JL. PANGKALAN ASAM,EKONOMI 1,
JAKARTA PUSAT,344 JOHAR BARU,JL. MARDANI RAYA,EKONOMI 1,
JAKARTA PUSAT,345 JOHAR BARU,JL. ARIMBI,EKONOMI 3,
JAKARTA PUSAT,346 JOHAR BARU,JL. ABIMANYU,EKONOMI 3,
JAKARTA PUSAT,347 JOHAR BARU,JL. ARJUNA,EKONOMI 3,
JAKARTA PUSAT,348 JOHAR BARU,JL. BALADEWA,EKONOMI 3,
JAKARTA PUSAT,349 JOHAR BARU,JL. BIDURI,EKONOMI 3,
JAKARTA PUSAT,350 JOHAR BARU,JL. BIMA,EKONOMI 3,
JAKARTA PUSAT,351 JOHAR BARU,JL. INTAN,EKONOMI 3,
JAKARTA PUSAT,352 JOHAR BARU,JL. IRAWAN,EKONOMI 3,
JAKARTA PUSAT,353 JOHAR BARU,JL. KAMPUNG RAWA SAWAH I,EKONOMI 3,
JAKARTA PUSAT,354 JOHAR BARU,JL. KAMPUNG RAWA SAWAH II,EKONOMI 3,
JAKARTA PUSAT,355 JOHAR BARU,JL. KAMPUNG RAWA SAWAH III,EKONOMI 3,
JAKARTA PUSAT,356 JOHAR BARU,JL. KAMPUNG RAWA SELATAN I,EKONOMI 3,
JAKARTA PUSAT,357 JOHAR BARU,JL. KAMPUNG RAWA SELATAN II,EKONOMI 3,
JAKARTA PUSAT,358 JOHAR BARU,JL. KAMPUNG RAWA SELATAN 111,EKONOMI 3,
JAKARTA PUSAT,359,JOHAR BARU,JL. KAMPUNG RAWA SELATAN V,EKONOMI 3
JAKARTA PUSAT,360,JOHAR BARU,JL. KAMPUNG RAWA SELATAN VI,EKONOMI 3
JAKARTA PUSAT,361,JOHAR BARU,JL. KAMPUNG RAWA SELATAN VII,EKONOMI 3
JAKARTA PUSAT,362,JOHAR BARU,JL. KRESNA,EKONOMI 3
JAKARTA PUSAT,363,JOHAR BARU,JL. MOCH ALI,EKONOMI 3
JAKARTA PUSAT,364,JOHAR BARU,JL. NAKULA,EKONOMI 3
JAKARTA PUSAT,365,JOHAR BARU,JL. NARADA,EKONOMI 3
JAKARTA PUSAT,366,JOHAR BARU,JL. PANCA WARNA,EKONOMI 3
JAKARTA PUSAT,367,JOHAR BARU,JL. SAMBA,EKONOMI 3
JAKARTA PUSAT,368,JOHAR BARU,JL. SUMBADRA,EKONOMI 3
JAKARTA PUSAT,369,JOHAR BARU,JL. KRAMAT SENTIONG,EKONOMI 2
JAKARTA PUSAT,370,JOHAR BARU,JL. KRAMAT JAYA BARU,EKONOMI 3
JAKARTA PUSAT,371,JOHAR BARU,JL. KRAMAT JAYA BARU I,EKONOMI 3
JAKARTA PUSAT,372,JOHAR BARU,JL. KRAMAT JAYA BARU II,EKONOMI 3
JAKARTA PUSAT,373,JOHAR BARU,JL. KRAMAT JAYA BARU IV,EKONOMI 3
JAKARTA PUSAT,374,JOHAR BARU,JL. KRAMAT JAYA BARU V,EKONOMI 3
JAKARTA PUSAT,375,JOHAR BARU,JL. KRAMAT PULO GUNDUL,EKONOMI 3
JAKARTA PUSAT,376,JOHAR BARU,JL. KP RAWA SAWAH,EKONOMI 3
JAKARTA PUSAT,377,JOHAR BARU,JL. KP RAWA TENGAH,EKONOMI 3
JAKARTA PUSAT,378,KEMAYORAN,JL. ABIMANYU,EKONOMI 3
JAKARTA PUSAT,379,KEMAYORAN,JL. ANGKASA,EKONOMI 1
JAKARTA PUSAT,380,KEMAYORAN,JL. APRON,EKONOMI 2
JAKARTA PUSAT,381,KEMAYORAN,JL. ARIMBI,EKONOMI 3
JAKARTA PUSAT,382,KEMAYORAN,JL. ARJUNA,EKONOMI 3
JAKARTA PUSAT,383,KEMAYORAN,JL. ARTERI,EKONOMI 3
JAKARTA PUSAT,384,KEMAYORAN,JL. BACANG,EKONOMI 2
JAKARTA PUSAT,385,KEMAYORAN,JL. BALADEWA,EKONOMI 3
JAKARTA PUSAT,386,KEMAYORAN,JL. BANGAU,EKONOMI 3
JAKARTA PUSAT,387,KEMAYORAN,JL. BATANG HARI,EKONOMI 3
JAKARTA PUSAT,388,KEMAYORAN,JL. BENDUNGAN JAGO,EKONOMI 2
JAKARTA PUSAT,389,KEMAYORAN,JL. BENDUNGAN JAYA,EKONOMI 3
JAKARTA PUSAT,390,KEMAYORAN,JL. BESUKI,EKONOMI 3
JAKARTA PUSAT,391,KEMAYORAN,JL. BIDURI,EKONOMI 3
JAKARTA PUSAT,392,KEMAYORAN,JL. BIMA,EKONOMI 3
JAKARTA PUSAT,393,KEMAYORAN,JL. BOEING,EKONOMI 3
JAKARTA PUSAT,394,KEMAYORAN,JL. BUNGUR BESAR RAYA,EKONOMI 1
JAKARTA PUSAT,395,KEMAYORAN,JL. BUNGUR RAYA,EKONOMI 1
JAKARTA PUSAT,396,KEMAYORAN,JL. DAKOTA,EKONOMI 2
JAKARTA PUSAT,397,KEMAYORAN,JL. EIXLON,EKONOMI 3
JAKARTA PUSAT,398,KEMAYORAN,JL. FARMASI,EKONOMI 3
JAKARTA PUSAT,399,KEMAYORAN,JL. GALUR RAYA (KEMAYORAN),EKONOMI 2
JAKARTA PUSAT,400,KEMAYORAN,JL. GARUDA,EKONOMI 1
JAKARTA PUSAT,401,KEMAYORAN,JL. GRIYA UTAMA KEMAYORAN,EKONOMI 2
JAKARTA PUSAT,402,KEMAYORAN,JL. GUNUNG SAHARI RAYA,PROTOKOL B
JAKARTA PUSAT,403,KEMAYORAN,JL. H. BENYAMIN SUEB,PROTOKOL C
JAKARTA PUSAT,404,KEMAYORAN,JL. HAJI UNG,EKONOMI 1
JAKARTA PUSAT,405,KEMAYORAN,JL. HARAPAN JAYA,EKONOMI 3
JAKARTA PUSAT,406,KEMAYORAN,JL. HARAPAN MULYA,EKONOMI 3
JAKARTA PUSAT,407,KEMAYORAN,JL. HATI SUCI,EKONOMI 3
JAKARTA PUSAT,408,KEMAYORAN,JL. HOWITZER,EKONOMI 2
JAKARTA PUSAT,409,KEMAYORAN,JL. INDUSTRI,EKONOMI 1
JAKARTA PUSAT,410,KEMAYORAN,JL. INTAN,EKONOMI 3
JAKARTA PUSAT,411,KEMAYORAN,JL. IRAWAN,EKONOMI 3
JAKARTA PUSAT,412,KEMAYORAN,JL. KALI BARU BARAT,EKONOMI 3
JAKARTA PUSAT,413,KEMAYORAN,JL. KALI BARU TIMUR I,EKONOMI 3
JAKARTA PUSAT,414,KEMAYORAN,JL. KALI BARU TIMUR II,EKONOMI 3
JAKARTA PUSAT,415,KEMAYORAN,JL. KALI BARU TIMUR III,EKONOMI 3
JAKARTA PUSAT,416,KEMAYORAN,JL. KALI BARU TIMUR IV,EKONOMI 3
JAKARTA PUSAT,417,KEMAYORAN,JL. KALI BARU TIMUR V,EKONOMI 3
JAKARTA PUSAT,418,KEMAYORAN,JL. KALI BARU TIMUR VI,EKONOMI 3
JAKARTA PUSAT,419,KEMAYORAN,JL. KAMPUNG RAWA SAWAH I,EKONOMI 3
JAKARTA PUSAT,420,KEMAYORAN,JL. KAMPUNG RAWA SAWAH 11,EKONOMI 3
JAKARTA PUSAT,421,KEMAYORAN,JL. KAMPUNG RAWA SAWAH III,EKONOMI 3
JAKARTA PUSAT,422,KEMAYORAN,JL. KAMPUNG RAWA SELATAN I,EKONOMI 3
JAKARTA PUSAT,423,KEMAYORAN,JL. KAMPUNG RAWA SELATAN II,EKONOMI 3
JAKARTA PUSAT,424,KEMAYORAN,JL. KAMPUNG RAWA SELATAN 111,EKONOMI 3
JAKARTA PUSAT,425,KEMAYORAN,JL. KAMPUNG RAWA SELATAN V,EKONOMI 3
JAKARTA PUSAT,426,KEMAYORAN,JL. KAMPUNG RAWA SELATAN VI,EKONOMI 3
JAKARTA PUSAT,427,KEMAYORAN,JL. KAMPUNG RAWA SELATAN VII,EKONOMI 3
JAKARTA PUSAT,428,KEMAYORAN,JL. KEMAYORAN,EKONOMI 1
JAKARTA PUSAT,429,KEMAYORAN,JL. KEMAYORAN BANDARA,EKONOMI 1
JAKARTA PUSAT,430,KEMAYORAN,JL. KEMAYORAN GEMPOL,EKONOMI 2
JAKARTA PUSAT,431,KEMAYORAN,JL. KEMAYORAN KETAPANG,EKONOMI 1
JAKARTA PUSAT,432,KEMAYORAN,JL. KEPU DALAM,EKONOMI 2
JAKARTA PUSAT,433,KEMAYORAN,JL. KEPU SELATAN,EKONOMI 2
JAKARTA PUSAT,434,KEMAYORAN,JL. KEPU TIMUR,EKONOMI 2
JAKARTA PUSAT,435,KEMAYORAN,JL. KOMANDO RAYA,EKONOMI 2
JAKARTA PUSAT,436,KEMAYORAN,JL. KOMP. CEMPAKA MAS,PROTOKOL C
JAKARTA PUSAT,437,KEMAYORAN,JL. KOMP. CILONGOK,• EKONOMI 3
JAKARTA PUSAT,438,KEMAYORAN,JL. KOMP. ITC CEMPAKA MAS,PROTOKOL C
JAKARTA PUSAT,439,KEMAYORAN,JL. KOMP. PASAR MOBIL KEMAYORAN,EKONOMI 1
JAKARTA PUSAT,440,KEMAYORAN,JL. KOMP. PERTOKOAN CEMPAKA MAS,PROTOKOL C
JAKARTA PUSAT,441,KEMAYORAN,JL. KOTA BARU BANDAR KEMAYORAN,EKONOMI 1
JAKARTA PUSAT,442,KEMAYORAN,JL. KRAN,EKONOMI 2
JAKARTA PUSAT,443,KEMAYORAN,JL. KRESNA,EKONOMI 3
JAKARTA PUSAT,444,KEMAYORAN,JL. LANDAS PACU BARAT,EKONOMI 1
JAKARTA PUSAT,445,KEMAYORAN,JL. LANDAS PACU SELATAN,EKONOMI 1
JAKARTA PUSAT,446,KEMAYORAN,JL. LANDAS PACU TIMUR,EKONOMI 1
JAKARTA PUSAT,447,KEMAYORAN,JL. LANDAS PACU UTARA,EKONOM1 1
JAKARTA PUSAT,448,KEMAYORAN,JL. LETJEN SUPRAPTO,PROTOKOL B
JAKARTA PUSAT,449,KEMAYORAN,JL. MERPATI,EKONOMI 3
JAKARTA PUSAT,450,KEMAYORAN,JL. MOCH ALI,EKONOMI 3
JAKARTA PUSAT,451,KEMAYORAN,JL. MURDAI,EKONOMI 2
JAKARTA PUSAT,152,KEMAYORAN,JL. MUSIUM,EKONOMI 3
JAKARTA PUSAT,453,KEMAYORAN,JL. NAKULA,EKONOMI 3
JAKARTA PUSAT,454,KEMAYORAN,JL. NARADA,EKONOMI 3
JAKARTA PUSAT,455,KEMAYORAN,JL. PAM RAYA,EKONOMI 2
JAKARTA PUSAT,456,KEMAYORAN,JL. PANARUKAN,EKONOMI 3
JAKARTA PUSAT,457,KEMAYORAN,JL. PANCA WARNA,EKONOMI 3
JAKARTA PUSAT,458,KEMAYORAN,JL. PASAR BENDUNGAN JAGO,EKONOMI 1
JAKARTA PUSAT,459,KEMAYORAN,JL. PASAR GARDU ASEM,EKONOMI 2
JAKARTA PUSAT,460,KEMAYORAN,JL. PASAR GEMBRONG,EKONOMI 2
JAKARTA PUSAT,461,KEMAYORAN,JL. PATRICE LUMUMBA,EKONOMI 2
JAKARTA PUSAT,462,KEMAYORAN,JL. PENGAIRAN,EKONOMI 3
JAKARTA PUSAT,463,KEMAYORAN,JL. PENGARENGAN PRAPATAN,EKONOMI 3
JAKARTA PUSAT,464,KEMAYORAN,JL. PERIKANAN,EKONOMI 3
JAKARTA PUSAT,465,KEMAYORAN,JL. PERUNGGU,EKONOMI 3
JAKARTA PUSAT,466,KEMAYORAN,JL. PINTU SENG,EKONOMI 3
JAKARTA PUSAT,467,KEMAYORAN,JL. PISANGAN BATU,EKONOMI 3
JAKARTA PUSAT,468,KEMAYORAN,JL. PRJ KEMAYORAN,PROTOKOL C
JAKARTA PUSAT,469,KEMAYORAN,JL. RAJAWALI RAYA,EKONOMI 1
JAKARTA PUSAT,470,KEMAYORAN,JL. REMAJA III,EKONOMI 3
JAKARTA PUSAT,471,KEMAYORAN,JL. RUSUN KEMAYORAN,EKONOMI 2
JAKARTA PUSAT,472,KEMAYORAN,JL. SAMBA,EKONOMI 3
JAKARTA PUSAT,473,KEMAYORAN,JL. SERDANG,EKONOMI 2
JAKARTA PUSAT,474,KEMAYORAN,JL. SERDANG BARU,EKONOMI 2
JAKARTA PUSAT,475,KEMAYORAN,JL. CEMPAKA BARU,EKONOMI 2
JAKARTA PUSAT,476,KEMAYORAN,JL. CEMPAKA SARI,EKONOMI 2
JAKARTA PUSAT,477,KEMAYORAN,JL. SUMBADRA,EKONOMI 3
JAKARTA PUSAT,478,KEMAYORAN,JL. SUMUR BATU,EKONOMI 1
JAKARTA PUSAT,479,KEMAYORAN,JL. SUNGAI SIANTAR,EKONOMI 3
JAKARTA PUSAT,480,KEMAYORAN,JL. SUNTER KEMAYORAN,EKONOMI 1
JAKARTA PUSAT,481,KEMAYORAN,JL. SUKA MULYA,EKONOMI 2
JAKARTA PUSAT,482,KEMAYORAN,JL. GUNUNG SAHARI I,EKONOMI 2
JAKARTA PUSAT,483,KEMAYORAN,JL. TEMBAGA,EKONOMI 2
JAKARTA PUSAT,484,KEMAYORAN,JL. TIMAH,EKONOMI 2
JAKARTA PUSAT,485,KEMAYORAN,JL. UTAN PANJANG,EKONOMI 2
JAKARTA PUSAT,486,KEMAYORAN,JL. UTAN PANJANG BARAT,EKONOMI 2
JAKARTA PUSAT,487,KEMAYORAN,JL. UTAN PANJANG RAYA,EKONOMI 1
JAKARTA PUSAT,488,KEMAYORAN,JL. WAY BESAI,EKONOMI 3
JAKARTA PUSAT,489,KEMAYORAN,JL. CEMPAKA WANGI,EKONOMI 2
JAKARTA PUSAT,490,KEMAYORAN,JL. GARDU ASEM,EKONOMI 2
JAKARTA PUSAT,491,KEMAYORAN,JL. KEBON KOSONG,EKONOMI 2
JAKARTA PUSAT,492,KEMAYORAN,JL. SAWO (KEMAYORAN),EKONOMI 2
JAKARTA PUSAT,493,KEMAYORAN,JL. GUNUNG SAHARI II,EKONOMI 2
JAKARTA PUSAT,494,KEMAYORAN,JL. GUNUNG SAHARI III,EKONOMI 2
JAKARTA PUSAT,495,KEMAYORAN,JL. TANAH TINGGI TIMUR,EKONOMI 1
JAKARTA PUSAT,496,KEMAYORAN,JL. HBR MOTIK,EKONOMI 1
JAKARTA PUSAT,497,KEMAYORAN,JL. GUNUNG SAHARI IV,EKONOMI 2
JAKARTA PUSAT,498,KEMAYORAN,JL. GUNUNG SAHARI V,EKONOMI 2
JAKARTA PUSAT,499,KEMAYORAN,JL.CEMPAKA PUTIH UTARA,EKONOMI 2
JAKARTA PUSAT,500,KEMAYORAN,JL.CEMPAKA BARU TIMUR,EKONOMI 2
JAKARTA PUSAT,501,KEMAYORAN,JL.TARUNA JAYA,EKONOMI 2
JAKARTA PUSAT,502,KEMAYORAN,JL.RAYA KODAM,EKONOMI 2
JAKARTA PUSAT,503,KEMAYORAN,JL. CASA,EKONOMI 2
JAKARTA PUSAT,504,KEMAYORAN,JL. PUMA,EKONOMI 2
JAKARTA PUSAT,505,KEMAYORAN,JL. INSPEKSI KALI SUNTER,EKONOMI 2
JAKARTA PUSAT,506,KEMAYORAN,JL. SELANGIT,EKONOMI 1
JAKARTA PUSAT,507,SAWAH BESAR,JL. ANTARA,EKONOMI 1
JAKARTA PUSAT,508,SAWAH BESAR,JL. BUDI UTOMO,EKONOMI 1
JAKARTA PUSAT,509,SAWAH BESAR,JL. DR. SUTOMO,PROTOKOL C
JAKARTA PUSAT,510,SAWAH BESAR,JL. DR. WAHIDIN S.,EKONOMI 1
JAKARTA PUSAT,511,SAWAH BESAR,JL. GANG KELINCI,EKONOMI 2
JAKARTA PUSAT,512,SAWAH BESAR,JL. GEREJA AYAM,EKONOMI 2
JAKARTA PUSAT,513,SAWAH BESAR,JL. GUNUNG SAHARI IV,EKONOMI 2
JAKARTA PUSAT,514,SAWAH BESAR,JL. GUNUNG SAHARI IX,EKONOMI 2
JAKARTA PUSAT,515,SAWAH BESAR,JL. GUNUNG SAHARI PERMAI,EKONOMI 2
JAKARTA PUSAT,516,SAWAH BESAR,JL. GUNUNG SAHARI V,EKONOMI 2
JAKARTA PUSAT,517,SAWAH BESAR,JL. GUNUNG SAHARI VI,EKONOMI 2
JAKARTA PUSAT,518,SAWAH BESAR,JL. GUNUNG SAHARI VII,EKONOMI 2
JAKARTA PUSAT,519,SAWAH BESAR,JL. GUNUNG SAHARI VIII,EKONOMI 2
JAKARTA PUSAT,520,SAWAH BESAR,JL. GUNUNG SAHARI X,EKONOMI 2
JAKARTA PUSAT,521,SAWAH BESAR,JL. GUNUNG SAHARI XI,EKONOMI 2
JAKARTA PUSAT,522,SAWAH BESAR,JL. GUNUNG SAHARI XII,EKONOMI 2
JAKARTA PUSAT,523,SAWAH BESAR,JL. H. SAMANHUDI,PROTOKOL B
JAKARTA PUSAT,524,SAWAH BESAR,JL. KARANG ANYAR,EKONOMI 3
JAKARTA PUSAT,525,SAWAH BESAR,JL. KARANG ANYAR PERMAI,EKONOMI 3
JAKARTA PUSAT,526,SAWAH BESAR,JL. KARANG ANYAR UTARA,EKONOMI 3
JAKARTA PUSAT,527,SAWAH BESAR,JL. KARTINI,EKONOMI 2
JAKARTA PUSAT,528,SAWAH BESAR,JL. KOMP. AGUNG SEDAYU,EKONOMI 2
JAKARTA PUSAT,529,SAWAH BESAR,JL. KOMP. BAHAN BANGUNAN,EKONOMI 2
JAKARTA PUSAT,530,SAWAH BESAR,JL. KOMP. DUTA JAYAKARTA,EKONOMI 2
JAKARTA PUSAT,531,SAWAH BESAR,JL. KOMP. HARCO MANGGA DUA,EKONOMI 1
JAKARTA PUSAT,532,SAWAH BESAR,JL. KOMP. HARCO PASAR BARU,EKONOMI 1
JAKARTA PUSAT,533,SAWAH BESAR,JL. KOMP. METRO ATOM,EKONOMI 1
JAKARTA PUSAT,534,SAWAH BESAR,JL. KOMP. METRO PLAZA,EKONOMI 1
JAKARTA PUSAT,535,SAWAH BESAR,JL. KOMP. PERTOKOAN MANGGA DUA,EKONOMI 1
JAKARTA PUSAT,536,SAWAH BESAR,JL. KOMP. PERTOKOAN P. JAYAKARTA,EKONOMI 1
JAKARTA PUSAT,537,SAWAH BESAR,JL. KOMP. RUKO GUNUNG SAHARI,EKONOMI 2
JAKARTA PUSAT,538,SAWAH BESAR,JL. KREKOT BUNDER,EKONOMI 2
JAKARTA PUSAT,539,SAWAH BESAR,JL. KREKOT DALAM,EKONOMI 3
JAKARTA PUSAT,540,SAWAH BESAR,JL. KREKOT JAYA MOLEK,EKONOMI 2
JAKARTA PUSAT,541,SAWAH BESAR,JL. KREKOT RAYA,EKONOMI 2
JAKARTA PUSAT,542,SAWAH BESAR,JL. LAP. BANTENG BARAT,•
JAKARTA PUSAT,543,SAWAH BESAR,JL. LAP. BANTENG SELATAN,EKONOMI 1
JAKARTA PUSAT,544,SAWAH BESAR,JL. LAP. BANTENG TIMUR,EKONOMI 1
JAKARTA PUSAT,545,SAWAH BESAR,JL. LAP. BANTENG UTARA,EKONOMI 1
JAKARTA PUSAT,546,SAWAH BESAR,JL. LAUTZE,EKONOMI 2
JAKARTA PUSAT,547,SAWAH BESAR,JL. MANGGA BESAR RAYA,PROTOKOL C
JAKARTA PUSAT,548,SAWAH BESAR,JL. MANGGA BESAR XIII,EKONOMI 2
JAKARTA PUSAT,549,SAWAH BESAR,JL. MANGGA DUA ABDAD,EKONOMI 2
JAKARTA PUSAT,550,SAWAH BESAR,JL. MANGGA DUA DALAM,EKONOMI 2
JAKARTA PUSAT,551,SAWAH BESAR,JL. MANGGA DUA RAYA,PROTOKOL B
JAKARTA PUSAT,552,SAWAH BESAR,JL. MANGGA DUA SELATAN,EKONOMI 1
JAKARTA PUSAT,553,SAWAH BESAR,JL. PANGERAN JAYAKARTA,EKONOMI 1
JAKARTA PUSAT,554,SAWAH BESAR,JL. PASAR BARU,EKONOMI 1
JAKARTA PUSAT,555,SAWAH BESAR,JL. PASAR BARU SELATAN,EKONOMI 1
JAKARTA PUSAT,556,SAWAH BESAR,JL. PASAR BARU TIMUR,EKONOMI 1
JAKARTA PUSAT,557,SAWAH BESAR,JL. PERTOKOAN PS. JEMBATAN MERAH,EKONOMI 2
JAKARTA PUSAT,558,SAWAH BESAR,JL. PINTU AIR,EKONOMI 1
JAKARTA PUSAT,559,SAWAH BESAR,JL. PINTU BESAR,EKONOMI 1
JAKARTA PUSAT,560,SAWAH BESAR,JL. RAJAWALI SELATAN,EKONOMI 1
JAKARTA PUSAT,561,SAWAH BESAR,JL. SAWAH BESAR,EKONOMI 1
JAKARTA PUSAT,562,SAWAH BESAR,JL. ANGKASA,EKONOMI 1
JAKARTA PUSAT,563,SAWAH BESAR,JL. DWI WARNA,EKONOMI 3
JAKARTA PUSAT,564,SAWAH BESAR,JL. GEDUNG KESENIAN,PROTOKOL B
JAKARTA PUSAT,565,SAWAH BESAR,JL. GUNUNG SAHARI RAYA,PROTOKOL B
JAKARTA PUSAT,566,SAWAH BESAR,JL. INDUSTRI,EKONOMI 1
JAKARTA PUSAT,567,SAWAH BESAR,JL. PINTU BESI,EKONOMI 1
JAKARTA PUSAT,568,SAWAH BESAR,JL. PINTU BESI I,EKONOMI 1
JAKARTA PUSAT,569,SAWAH BESAR,JL. JEMBATAN MERAH,EKONOMI 1
JAKARTA PUSAT,570,SAWAH BESAR,JL. DR. WAHIDIN II,EKONOMI 3
JAKARTA PUSAT,571,SAWAH BESAR,JL. GOTONG ROYONG,EKONOMI 3
JAKARTA PUSAT,572,SAWAH BESAR,JL. KREKOT JAYA,EKONOMI 2
JAKARTA PUSAT,573,SAWAH BESAR,JL. KELINCI,EKONOMI 3
JAKARTA PUSAT,574,SAWAH BESAR,JL. POS,PROTOKOL C
JAKARTA PUSAT,575,SAWAH BESAR,JL. IR. H. DJUANDA RAYA,PROTOKOL C
JAKARTA PUSAT,576,SAWAH BESAR,JL. PANGERAN JAYAKARTA,PROTOKOL C
JAKARTA PUSAT,577,GAMBIR,JL. A.M. SANGAJI,PROTOKOL C
JAKARTA PUSAT,578,GAMBIR,JL. ABDUL MUIS,PROTOKOL C
JAKARTA PUSAT,579,GAMBIR,JL. ALAYDRUS,EKONOMI 2
JAKARTA PUSAT,580,GAMBIR,JL. BALIKPAPAN,PROTOKOL B
JAKARTA PUSAT,581,GAMBIR,JL. BATU CEPER,EKONOMI 1
JAKARTA PUSAT,582,GAMBIR,JL. BATU JAJAR,EKONOMI 1
JAKARTA PUSAT,583,GAMBIR,JL. BATU TULIS,PROTOKOL C
JAKARTA PUSAT,584,GAMBIR,JL. BIAK,PROTOKOL C
JAKARTA PUSAT,585,GAMBIR,JL. BUDI KEMULIAAN,PROTOKOL C
JAKARTA PUSAT,586,GAMBIR,JL. CIDENG BARAT,PROTOKOL C
JAKARTA PUSAT,587,GAMBIR,JL. CIDENG TIMUR,PROTOKOL C
JAKARTA PUSAT,588,GAMBIR,JL. DURI PULO,EKONOMI 3
JAKARTA PUSAT,589,GAMBIR,JL. GAJAH MADA,PROTOKOL B
JAKARTA PUSAT,590,GAMBIR,JL. HAYAM WURUK,PROTOKOL B
JAKARTA PUSAT,591,GAMBIR,JL. IR. H. DJUANDA I,EKONOMI 1
JAKARTA PUSAT,592,GAMBIR,"JL. IR. H, DJUANDA II",EKONOMI 2
JAKARTA PUSAT,593,GAMBIR,JL. IR. H. DJUANDA III,EKONOMI 1
JAKARTA PUSAT,594,GAMBIR,JL. IR. H. DJUANDA RAYA,PROTOKOL B
JAKARTA PUSAT,595,GAMBIR,JL. JATI BARU,PROTOKOL C
JAKARTA PUSAT,596,GAMBIR,JL. JEMBATAN LIMA,EKONOMI 1
JAKARTA PUSAT,597,GAMBIR,JL. KAJI,EKONOMI 1
JAKARTA PUSAT,598,GAMBIR,JL. KESEHATAN I,EKONOMI 2
JAKARTA PUSAT,599,GAMBIR,JL. KESEHATAN II,EKONOMI 2
JAKARTA PUSAT,600,GAMBIR,JL. KESEHATAN III,EKONOMI 2
JAKARTA PUSAT,601,GAMBIR,JL. KESEHATAN IV,EKONOMI 2
JAKARTA PUSAT,602,GAMBIR,JL. KESEHATAN IX,EKONOMI 2
JAKARTA PUSAT,603,GAMBIR,JL. KESEHATAN RAYA,PROTOKOL C
JAKARTA PUSAT,604,GAMBIR,JL. KESEHATAN V,EKONOMI 2
JAKARTA PUSAT,605,GAMBIR,JL. KESEHATAN VI,EKONOMI 2
JAKARTA PUSAT,606,GAMBIR,JL. KESEHATAN VII,EKONOMI 2
JAKARTA PUSAT,607,GAMBIR,JL. KESEHATAN VIII,EKONOMI 2
JAKARTA PUSAT,608,GAMBIR,JL. KESEHATAN X,EKONOMI 2
JAKARTA PUSAT,609,GAMBIR,JL. KH. HASYIM ASHARI,PROTOKOL B
JAKARTA PUSAT,610,GAMBIR,JL. KH. MOCH. MANSYUR,EKONOMI 1
JAKARTA PUSAT,611,GAMBIR,JL. KH. ZAINUL ARIFIN,PROTOKOL C
JAKARTA PUSAT,612,GAMBIR,JL. KOMP. ATAP MERAH,EKONOMI 2
JAKARTA PUSAT,613,GAMBIR,JL. KOMP. DUTA MERLIN,PROTOKOL B
JAKARTA PUSAT,614,GAMBIR,JL. KOMP. GAJAH MADA PLAZA,PROTOKOL B
JAKARTA PUSAT,615,GAMBIR,JL. KOMP. HARMONI PLAZA,EKONOMI 2
JAKARTA PUSAT,616,GAMBIR,JL. KOMP. HAYAM WURUK,PROTOKOL B
JAKARTA PUSAT,617,GAMBIR,JL. KOMP. ITC ROXY MAS,•
JAKARTA PUSAT,618,GAMBIR,JL. KOMP. STASIUN GAMBIR,PROTOKOL A '
JAKARTA PUSAT,619,GAMBIR,JL. KYAI CARINGIN,PROTOKOL B
JAKARTA PUSAT,620,GAMBIR,JL. M.I. RIDWAN RAIS,PROTOKOL B
JAKARTA PUSAT,621,GAMBIR,JL. MAJAPAHIT,PROTOKOL B
JAKARTA PUSAT,622,GAMBIR,JL. MEDAN MERDEKA BARAT,PROTOKOL A
JAKARTA PUSAT,623,GAMBIR,JL. MEDAN MERDEKA SELATAN,PROTOKOL A
JAKARTA PUSAT,624,GAMBIR,JL. MEDAN MERDEKA TIMUR,PROTOKOL A
JAKARTA PUSAT,625,GAMBIR,JL. MEDAN MERDEKA UTARA,PROTOKOL A
JAKARTA PUSAT,626,GAMBIR,JL. MUSI,EKONOMI 1
JAKARTA PUSAT,627,GAMBIR,JL. PASAR PETOJO ILIR,EKONOMI 3
JAKARTA PUSAT,628,GAMBIR,JL. PECENONGAN,PROTOKOL C
JAKARTA PUSAT,629,GAMBIR,JL. PEJAMBON,PROTOKOL C
JAKARTA PUSAT,630,GAMBIR,JL. PEMBANGUNAN I,EKONOMI 2
JAKARTA PUSAT,631,GAMBIR,JL. PEMBANGUNAN II,EKONOMI 2
JAKARTA PUSAT,632,GAMBIR,JL. PERWIRA,PROTOKOL B
JAKARTA PUSAT,633,GAMBIR,JL. PETOJO BARAT,EKONOMI 2
JAKARTA PUSAT,634,GAMBIR,JL. PETOJO BINATU,EKONOMI 2
JAKARTA PUSAT,635,GAMBIR,JL. PETOJO ENCLEK,EKONOM1 2
JAKARTA PUSAT,636,GAMBIR,JL. PETOJO MELINTANG,EKONOMI 2
JAKARTA PUSAT,637,GAMBIR,JL. PETOJO RAYA,PROTOKOL C
JAKARTA PUSAT,638,GAMBIR,JL. PETOJO SABANGAN,EKONOMI 2
JAKARTA PUSAT,639,GAMBIR,JL. PETOJO SELATAN,EKONOMI 2
JAKARTA PUSAT,640,GAMBIR,JL. PETOJO UTARA,EKONOMI 2
JAKARTA PUSAT,641,GAMBIR,JL. POS,PROTOKOL C
JAKARTA PUSAT,643,GAMBIR,JL. SETIA KAWAN,EKONOMI 3
JAKARTA PUSAT,644,GAMBIR,JL. SILANG MONAS,PROTOKOL A
JAKARTA PUSAT,645,GAMBIR,JL. SUKARDJO WIRJOPRANOTO,PROTOKOL C
JAKARTA PUSAT,646,GAMBIR,JL. SURYOPRANOTO,PROTOKOL B
JAKARTA PUSAT,647,GAMBIR,JL. TANAH ABANG I,EKONOMI 1
JAKARTA PUSAT,648,GAMBIR,JL. TANAH ABANG II,EKONOMI 1
JAKARTA PUSAT,649,GAMBIR,JL. TANAH ABANG III,EKONOMI 1
JAKARTA PUSAT,650,GAMBIR,JL. TANAH ABANG TIMUR,EKONOMI 1
JAKARTA PUSAT,651,GAMBIR,JL. TEMBUS CIDENG JA'FIBARU,EKONOMI 3
JAKARTA PUSAT,652,GAMBIR,JL. VETERAN I,EKONOMI 2
JAKARTA PUSAT,653,GAMBIR,JL. VETERAN II,EKONOMI 2
JAKARTA PUSAT,654,GAMBIR,JL. VETERAN III,EKONOMI 1
JAKARTA PUSAT,655,GAMBIR,JL. VETERAN RAYA,PROTOKOL B
JAKARTA PUSAT,656,GAMBIR,JL. TANAH ABANG V,EKONOMI 1
JAKARTA PUSAT,657,GAMBIR,JL. PEMBANGUNAN III,EKONOMI 2
JAKARTA PUSAT,658,GAMBIR,JL. PETOJO VIY,EKONOMI 2
JAKARTA PUSAT,659,GAMBIR,JL. TANAH ABANG IV,EKONOMI I
JAKARTA PUSAT,660,GAMBIR,JL. M. H. THAMRIN,PROTOKOL A
JAKARTA PUSAT,661,GAMBIR,JL. KEBON SIRIH,PROTOKOL B
JAKARTA PUSAT,662,GAMBIR,JL. H. AGUS SALIM / JL. SABANG,PROTOKOL C
JAKARTA PUSAT,663,GAMBIR,JL. TANJUNG SELOR,EKONOMI 2
JAKARTA PUSAT,664,GAMBIR,JL. TERNATE,EKONOMI 2
JAKARTA PUSAT,665,GAMBIR,JL. CEYLON,EKONOMI 3
JAKARTA PUSAT,666,GAMBIR,JL. CITARUM,EKONOMI 3
JAKARTA PUSAT,667,GAMBIR,JL. CIUJUNG,EKONOMI 3
JAKARTA PUSAT,668,GAMBIR,JL. SIANTAR,EKONOMI 3
JAKARTA PUSAT,669,GAMBIR,JL. TIDORE,EKONOMI 3
JAKARTA PUSAT,670,GAMBIR,JL. DURI,EKONOMI 2
JAKARTA PUSAT,671,GAMBIR,JL. BANJARMASIN,EKONOMI 3
JAKARTA PUSAT,672,GAMBIR,JL. BATANGHARI,EKONOMI 3
JAKARTA PUSAT,673,GAMBIR,JL. BATU,EKONOMI 3
JAKARTA PUSAT,674,GAMBIR,JL. BELAWAN,EKONOMI 3
JAKARTA PUSAT,675,GAMBIR,JL. BRANTAS,EKONOMI 3
JAKARTA PUSAT,676,GAMBIR,JL. KAPUAS,EKONOMI 3
JAKARTA PUSAT,677,GAMBIR,JL. KOMERING,EKONOMI 3
JAKARTA PUSAT,678,GAMBIR,JL. PANE,EKONOMI 3
JAKARTA PUSAT,679,GAMBIR,JL. SAMBOJA,EKONOMI 3
JAKARTA PUSAT,680,GAMBIR,JL. SANGIHE,EKONOMI 3
JAKARTA PUSAT,681,GAMBIR,JL. SUBUR,EKONOMI 3
JAKARTA PUSAT,682,GAMBIR,JL. SUKADANA,EKONOMI 3
JAKARTA PUSAT,683,GAMBIR,JL. TALAUT,EKONOMI 3
JAKARTA PUSAT,684,GAMBIR,JL. TAMBESI,EKONOMI 3
JAKARTA PUSAT,685,GAMBIR,JL. IMAM MAHMUD,EKONOMI 1
JAKARTA PUSAT,686,GAMBIR,JL. PINTU AIR 2,EKONOMI 3
JAKARTA SELATAN,2,KEBAYORAN LAMA,JL. AMETIS,EKONOMI 3
JAKARTA SELATAN,3,KEBAYORAN LAMA,JL. BARU II,EKONOMI 2
JAKARTA SELATAN,4,KEBAYORAN LAMA,JL. BENDI,EKONOMI 2
JAKARTA SELATAN,5,KEBAYORAN LAMA,JL. BENDI BESAR,EKONOMI 2
JAKARTA SELATAN,7,KEBAYORAN LAMA,JL. BUKIT HIJAU,EKONOMI 2
JAKARTA SELATAN,8,KEBAYORAN LAMA,JL. BUNGUR I,EKONOMI 2
JAKARTA SELATAN,9,KEBAYORAN LAMA,JL. CIDODOL,EKONOMI 2
JAKARTA SELATAN,10,KEBAYORAN LAMA,JL. CILEDUG RAYA,EKONOMI 1
JAKARTA SELATAN,11,KEBAYORAN LAMA,JL. CIPULIR I,EKONOMI 2
JAKARTA SELATAN,12,KEBAYORAN LAMA,JL. CIPULIR II,EKONOMI 2
JAKARTA SELATAN,13,KEBAYORAN LAMA,JL. CIPULIR III,EKONOMI 2
JAKARTA SELATAN,14,KEBAYORAN LAMA,JL. CIPULIR IV,EKONOMI 2
JAKARTA SELATAN,15,KEBAYORAN LAMA,JL. CIPULIR V,EKONOMI 2
JAKARTA SELATAN,16,KEBAYORAN LAMA,JL. CIPULIR VI,EKONOMI 2
JAKARTA SELATAN,17,KEBAYORAN LAMA,JL. CIPUTAT RAYA,EKONOMI 1
JAKARTA SELATAN,18,KEBAYORAN LAMA,JL. DELMAN INDAH I,EKONOMI 3
JAKARTA SELATAN,19,KEBAYORAN LAMA,JL. DELMAN KENCANA,EKONOMI 3
JAKARTA SELATAN,20,KEBAYORAN LAMA,JL. DELMAN UTAMA,EKONOMI 2
JAKARTA SELATAN,21,KEBAYORAN LAMA,JL. DEPLU RAYA,EKONOMI 1
JAKARTA SELATAN,22,KEBAYORAN LAMA,JL. DHARMA PUTRA RAYA,EKONOMI 2
JAKARTA SELATAN,23,KEBAYORAN LAMA,JL. DUTA INDAH I,EKONOMI 2
JAKARTA SELATAN,24,KEBAYORAN LAMA,JL. DUTA NIAGA,EKONOMI 2
JAKARTA SELATAN,25,KEBAYORAN LAMA,JL. GANG MAKMUR,EKONOMI 2
JAKARTA SELATAN,26,KEBAYORAN LAMA,JL. GEDUNG HIJAU RAYA,EKONOMI 1
JAKARTA SELATAN,27,KEBAYORAN LAMA,JL. GEDUNG HIJAU I,EKONOMI 2
JAKARTA SELATAN,28,KEBAYORAN LAMA,JL. GEDUNG PINANG,EKONOMI 2
JAKARTA SELATAN,29,KEBAYORAN LAMA,JL. JATAYU,EKONOMI 2
JAKARTA SELATAN,30,KEBAYORAN LAMA,JL. JOHARI,EKONOMI 2
JAKARTA SELATAN,31,KEBAYORAN LAMA,JL. KARTIKA UTAMA,EKONOMI 1
JAKARTA SELATAN,32,KEBAYORAN LAMA,JL. KARYAWAN,EKONOMI 2
JAKARTA SELATAN,33,KEBAYORAN LAMA,JL. KEBAYORAN BARU,•
JAKARTA SELATAN,34,KEBAYORAN LAMA,JL. KEBAYORAN LAMA,EKONOMI 1
JAKARTA SELATAN,35,KEBAYORAN LAMA,JL. KEMANDORAN I,EKONOMI 2
JAKARTA SELATAN,36,KEBAYORAN LAMA,JL. KEMANDORAN II,EKONOMI 2
JAKARTA SELATAN,37,KEBAYORAN LAMA,JL. KEMANDORAN III,EKONOMI 2
JAKARTA SELATAN,38,KEBAYORAN LAMA,JL. KEMANDORAN IV,EKONOMI 2
JAKARTA SELATAN,39,KEBAYORAN LAMA,JL. KEMANDORAN V,EKONOMI 2
JAKARTA SELATAN,40,KEBAYORAN LAMA,JL. KEMANDORAN VI,EKONOMI 2
JAKARTA SELATAN,41,KEBAYORAN LAMA,JL. KEMANDORAN VII,EKONOMI 2
JAKARTA SELATAN,42,KEBAYORAN LAMA,JL. KEMANDORAN VIII,EKONOMI 2
JAKARTA SELATAN,43,KEBAYORAN LAMA,JL. KH. M. SYAFTI HADZAMI / GANDARIA,EKONOMI 1
JAKARTA SELATAN,44,KEBAYORAN LAMA,JL. KODIRUN,EKONOMI 3
JAKARTA SELATAN,45,KEBAYORAN LAMA,JL. KRAMAT,EKONOMI 2
JAKARTA SELATAN,46,KEBAYORAN LAMA,JL. LAPANGAN HIJAU,EKONOMI 2
JAKARTA SELATAN,47,KEBAYORAN LAMA,JL. LEMIGAS,EKONOMI 2
JAKARTA SELATAN,48,KEBAYORAN LAMA,JL. MARGAGUNA RAYA,EKONOMI 1
JAKARTA SELATAN,49,KEBAYORAN LAMA,JL. MESJID AL MUBAROK,EKONOMI 2
JAKARTA SELATAN,50,KEBAYORAN LAMA,JL. METRO DUTA NIAGA,EKONOMI 1
JAKARTA SELATAN,51,KEBAYORAN LAMA,JL. METRO KENCANA,EKONOMI 1
JAKARTA SELATAN,52,KEBAYORAN LAMA,JL. METRO KENCANA IV,EKONOMI 2
JAKARTA SELATAN,53,KEBAYORAN LAMA,JL. METRO PONDOK INDAH,PROTOKOL C
JAKARTA SELATAN,54,KEBAYORAN LAMA,JL. NIAGA HIJAU,EKONOMI 2
JAKARTA SELATAN,55,KEBAYORAN LAMA,JL. NIKEL,EKONOMI 2
JAKARTA SELATAN,56,KEBAYORAN LAMA,JL. NIMUN RAYA,EKONOMI 2
JAKARTA SELATAN,57,KEBAYORAN LAMA,JL. PALMERAH BARAT,EKONOMI 1
JAKARTA SELATAN,58,KEBAYORAN LAMA,JL. PANJANG CIDODOL,EKONOMI 1
JAKARTA SELATAN,59,KEBAYORAN LAMA,JL. PATAL SENAYAN,EKONOMI 1
JAKARTA SELATAN,60,KEBAYORAN LAMA,JL. PATAL SENAYAN I,EKONOMI 1
JAKARTA SELATAN,61,KEBAYORAN LAMA,JL. PENINGGARAN,EKONOMI 2
JAKARTA SELATAN,62,KEBAYORAN LAMA,JL. PERMATA HIJAU,EKONOMI 1
JAKARTA SELATAN,63,KEBAYORAN LAMA,JL. PERSATUAN,EKONOMI 2
JAKARTA SELATAN,64,KEBAYORAN LAMA,JL. PINANG EMAS I,EKONOMI 2
JAKARTA SELATAN,65,KEBAYORAN LAMA,JL. PINANG EMAS II,EKONOMI 2
JAKARTA SELATAN,66,KEBAYORAN LAMA,JL. PINANG EMAS III,EKONOMI 2
JAKARTA SELATAN,67,KEBAYORAN LAMA,JL. PINANG EMAS IV,EKONOMI 2
JAKARTA SELATAN,68,KEBAYORAN LAMA,JL. PINANG EMAS IX,EKONOMI 2
JAKARTA SELATAN,69,KEBAYORAN LAMA,JL. PINANG EMAS V,EKONOMI 2
JAKARTA SELATAN,70,KEBAYORAN LAMA,JL. PINANG EMAS VI,EKONOMI 2
JAKARTA SELATAN,71,KEBAYORAN LAMA,JL. PINANG EMAS VII,EKONOMI 2
JAKARTA SELATAN,72,KEBAYORAN LAMA,JL. PINANG EMAS VIII,EKONOMI 2
JAKARTA SELATAN,73,KEBAYORAN LAMA,JL. PINANG EMAS X,EKONOMI 2
JAKARTA SELATAN,74,KEBAYORAN LAMA,JL. PINANG EMAS XI,EKONOMI 2
JAKARTA SELATAN,75,KEBAYORAN LAMA,JL. PINANG KUNINGAN I,EKONOMI 2
JAKARTA SELATAN,76,KEBAYORAN LAMA,JL. PINANG NIKEL,EKONOMI 2
JAKARTA SELATAN,77,KEBAYORAN LAMA,JL. PINANG PERAK I,EKONOMI 2
JAKARTA SELATAN,78,KEBAYORAN LAMA,JL. PINANG PERAK II,EKONOMI 2
JAKARTA SELATAN,79,KEBAYORAN LAMA,JL. PINANG PERAK III,EKONOMI 2
JAKARTA SELATAN,80,KEBAYORAN LAMA,JL. PINANG PERAK IV,EKONOMI 2
JAKARTA SELATAN,81,KEBAYORAN LAMA,JL. PINANG PERAK V,EKONOMI 2
JAKARTA SELATAN,82,KEBAYORAN LAMA,JL. PINANG PERAK VI,EKONOMI 2
JAKARTA SELATAN,83,KEBAYORAN LAMA,JL. PONDOK PINANG,EKONOMI 2
JAKARTA SELATAN,84,KEBAYORAN LAMA,JL. PRAJA DALAM,EKONOMI 2
JAKARTA SELATAN,85,KEBAYORAN LAMA,JL. RA. KARTINI,PROTOKOL B
JAKARTA SELATAN,86,KEBAYORAN LAMA,JL. RAHARJA,EKONOMI 2
JAKARTA SELATAN,87,KEBAYORAN LAMA,JL. SEKOLAH DUTA IV,EKONOMI 2
JAKARTA SELATAN,88,KEBAYORAN LAMA,JL. SEKOLAH KENCANA,EKONOMI 2
JAKARTA SELATAN,89,KEBAYORAN LAMA,JL. SESKOAL,EKONOMI 2
JAKARTA SELATAN,90,KEBAYORAN LAMA,JL. SIMPRUK GARDEN VI,EKONOMI 2
JAKARTA SELATAN,91,KEBAYORAN LAMA,JL. LETJEN SOEPENO,PROTOKOL C
JAKARTA SELATAN,92,KEBAYORAN LAMA,JL. SULTAN ISKANDAR MUDA,PROTOKOL C
JAKARTA SELATAN,93,KEBAYORAN LAMA,JL. TAMAN PINANG,EKONOMI 2
JAKARTA SELATAN,94,KEBAYORAN LAMA,JL. TANAH KUSIR,EKONOMI 2
JAKARTA SELATAN,95,KEBAYORAN LAMA,JL. TB. SIMATUPANG,PROTOKOL B
JAKARTA SELATAN,96,KEBAYORAN LAMA,JL. TENTARA PELAJAR,EKONOMI 1
JAKARTA SELATAN,97,KEBAYORAN LAMA,JL. BUNGUR RAYA,EKONOMI 1
JAKARTA SELATAN,98,KEBAYORAN LAMA,JL. BUNGUR II,EKONOMI 2
JAKARTA SELATAN,99,KEBAYORAN LAMA,JL. H. MUHI,EKONOMI 2
JAKARTA SELATAN,100,KEBAYORAN LAMA,JL. LEBAK BULUS RAYA,EKONOMI 1
JAKARTA SELATAN,101,KEBAYORAN LAMA,JL. LIMO,EKONOMI 2
JAKARTA SELATAN,102,KEBAYORAN LAMA,JL. PANJANG CIPULIR,EKONOMI 2
JAKARTA SELATAN,103,KEBAYORAN LAMA,JL. PATAL SENAYAN SIMPRUG,EKONOMI 1
JAKARTA SELATAN,104,KEBAYORAN LAMA,JL. PERMATA BERLIAN,EKONOMI 2
JAKARTA SELATAN,105,KEBAYORAN LAMA,JL. PERMATA HIJAU BOULEVARD,EKONOMI 2
JAKARTA SELATAN,106,KEBAYORAN LAMA,JL. RAWA SIMPRUG,EKONOMI 2
JAKARTA SELATAN,107,KEBAYORAN LAMA,JL. SEHA,EKONOMI 2
JAKARTA SELATAN,108,KEBAYORAN LAMA,JL. SEKOLAH DUTA RAYA,EKONOMI 1
JAKARTA SELATAN,109,KEBAYORAN LAMA,JL. SIMPRUG GARDEN,EKONOMI 2
JAKARTA SELATAN,110,KEBAYORAN LAMA,JL. SIMPRUG GOLF,EKONOMI 2
JAKARTA SELATAN,111,KEBAYORAN LAMA,JL. SIMPRUG PERMATA,EKONOMI 2
JAKARTA SELATAN,112,KEBAYORAN LAMA,JL. SINABUNG,EKONOMI 2
JAKARTA SELATAN,113,KEBAYORAN LAMA,JL. TEUKU NYAK ARIEF,PROTOKOL C
JAKARTA SELATAN,114,PESANGGRAHAN,JL. BINTARO JAYA,EKONOMI 2
JAKARTA SELATAN,115,PESANGGRAHAN,JL. BINTARO JAYA SEKTOR I,EKONOMI 1
JAKARTA SELATAN,116,PESANGGRAHAN,JL. BINTARO PERMAI,EKONOMI 1
JAKARTA SELATAN,117,PESANGGRAHAN,JL. BINTARO RAYA,EKONOMI 1
JAKARTA SELATAN,118,PESANGGRAHAN,JL. BINTARO TAMAN BARAT,EKONOMI 1
JAKARTA SELATAN,119,PESANGGRAHAN,JL. BINTARO TENGAH,EKONOMI 2
JAKARTA SELATAN,120,PESANGGRAHAN,JL. BINTARO UTAMA,EKONOMI 1
JAKARTA SELATAN,121,PESANGGRAHAN,JL. CEMPAKA RAYA,EKONOMI 3
JAKARTA SELATAN,122,PESANGGRAHAN,JL. CILEDUK RAYA,PROTOKOL C
JAKARTA SELATAN,123,PESANGGRAHAN,JL. DAMAI,EKONOMI 3
JAKARTA SELATAN,124,PESANGGRAHAN,JL. DEPLU,EKONOMI 1
JAKARTA SELATAN,125,PESANGGRAHAN,JL. DEPLU PET SELATAN,EKONOMI 3
JAKARTA SELATAN,126,PESANGGRAHAN,JL. DEPSOS (BINTARO),EKONOMI 3
JAKARTA SELATAN,127,PESANGGRAHAN,JL. GARUDA RAYA,EKONOMI 3
JAKARTA SELATAN,128,PESANGGRAHAN,JL. GEDUNG HIJAU,EKONOMI 1
JAKARTA SELATAN,129,PESANGGRAHAN,JL. GEDUNG HIJAU I,EKONOMI 3
JAKARTA SELATAN,130,PESANGGRAHAN,JL. H. MUCHTAR RAYA,EKONOMI 2
JAKARTA SELATAN,131,PESANGGRAHAN,JL. M. SAIDI RAYA,EKONOMI 2
JAKARTA SELATAN,132,PESANGGRAHAN,JL. KARANG TENGAH (PESANGGRAHAN),EKONOMI 3
JAKARTA SELATAN,133,PESANGGRAHAN,JL. KESEHATAN RAYA,PROTOKOL C
JAKARTA SELATAN,134,PESANGGRAHAN,JL. KESEHATAN I,LINGKUNGAN
JAKARTA SELATAN,135,PESANGGRAHAN,JL. KESEHATAN II,•
JAKARTA SELATAN,136,PESANGGRAHAN,JL. KESEHATAN III,LINGKUNGAN
JAKARTA SELATAN,137,PESANGGRAHAN,JL. KESEHATAN IV,LINGKUNGAN
JAKARTA SELATAN,138,PESANGGRAHAN,JL. KESEHATAN V,LINGKUNGAN
JAKARTA SELATAN,139,PESANGGRAHAN,JL. KESEHATAN VI,LINGKUNGAN
JAKARTA SELATAN,140,PESANGGRAHAN,JL. KODAM BINTARO,EKONOMI 3
JAKARTA SELATAN,141,PESANGGRAHAN,JL. MASJID DARUL FALAH,EKONOMI 2
JAKARTA SELATAN,142,PESANGGRAHAN,JL. MURAI,EKONOMI 3
JAKARTA SELATAN,143,PESANGGRAHAN,JL. MURAI I,LINGKUNGAN
JAKARTA SELATAN,144,PESANGGRAHAN,JL. PAHLAWAN REMPOA,PROTOKOL C
JAKARTA SELATAN,145,PESANGGRAHAN,JL. PESANGGRAHAN,EKONOMI 2
JAKARTA SELATAN,146,PESANGGRAHAN,JL. PETUKANGAN RAYA,EKONOMI 3
JAKARTA SELATAN,147,PESANGGRAHAN,JL. PETUKANGAN SELATAN,EKONOMI 3
JAKARTA SELATAN,148,PESANGGRAHAN,JL. PETUKANGAN UTARA,EKONOM1 3
JAKARTA SELATAN,149,PESANGGRAHAN,JL. PRAPATAN JOGLO,EKONOM1 2
JAKARTA SELATAN,150,PESANGGRAHAN,JL. BINTARO PUSPITA RAYA,EKONOMI 2
JAKARTA SELATAN,151,PESANGGRAHAN,JL. REMPOA RAYA,PROTOKOL C
JAKARTA SELATAN,152,PESANGGRAHAN,JL. SABAR,EKONOMI 3
JAKARTA SELATAN,153,PESANGGRAHAN,JL. SWADARMA,EKONOMI 1
JAKARTA SELATAN,154,PESANGGRAHAN,JL. TAMAN ALFA INDAH,EKONOMI 3
JAKARTA SELATAN,155,PESANGGRAHAN,JL. TAMAN PERKANTORAN BINTARO,EKONOMI 3
JAKARTA SELATAN,156,PESANGGRAHAN,JL. ULUJAMI,EKONOMI 1
JAKARTA SELATAN,157,PESANGGRAHAN,JL. RC VETERAN RAYA,PROTOKOL C
JAKARTA SELATAN,158,PESANGGRAHAN,JL. PALEM PESANGGRAHAN,EKONOMI 3
JAKARTA SELATAN,159,PESANGGRAHAN,JL. LINGKAR LUAR SELATAN,PROTOKOL C
JAKARTA SELATAN,160,PESANGGRAHAN,JL. ANGGREK,EKONOMI 3
JAKARTA SELATAN,161,PESANGGRAHAN,JL. KOSTRAD,EKONOMI 3
JAKARTA SELATAN,162,PESANGGRAHAN,JL. RAWA PAPAN,EKONOMI 3
JAKARTA SELATAN,163,PESANGGRAHAN,JL. RENGAS,EKONOMI 3
JAKARTA SELATAN,164,PESANGGRAHAN,JL. KEMAJUAN,EKONOMI 3
JAKARTA SELATAN,165,PESANGGRAHAN,JL. BINTARO UTARA,EKONOMI 2
JAKARTA SELATAN,166,CILANDAK,JL. ABD MAJID,EKONOMI 2
JAKARTA SELATAN,167,CILANDAK,JL. ABD MAJID DALAM,EKONOMI 3
JAKARTA SELATAN,168,CILANDAK,JL. ABUSERIN,EKONOMI 3
JAKARTA SELATAN,169,CILANDAK,JL. ADIYAKSA,EKONOMI 3
JAKARTA SELATAN,170,CILANDAK,JL. ALBARKAH (CILANDAK),EKONOMI 3
JAKARTA SELATAN,171,CILANDAK,JL. ANDARA,•
JAKARTA SELATAN,172,CILANDAK,JL. ASEM DUA,EKONOMI 3
JAKARTA SELATAN,173,CILANDAK,JL. BANGAU,EKONOMI 3
JAKARTA SELATAN,174,CILANDAK,JL. BATAN,EKONOMI 2
JAKARTA SELATAN,175,CILANDAK,JL. BDN,EKONOMI 3
JAKARTA SELATAN,176,CILANDAK,JL. BDN (PANGKALAN JATI),EKONOMI 3
JAKARTA SELATAN,177,CILANDAK,JL. BDN I,EKONOMI 3
JAKARTA SELATAN,178,CILANDAK,JL. BDN II,EKONOMI 3
JAKARTA SELATAN,179,CILANDAK,JL. CARINGIN BARAT,EKONOMI 3
JAKARTA SELATAN,180,CILANDAK,JL. CILANDAK,EKONOMI 3
JAKARTA SELATAN,181,CILANDAK,JL. CILANDAK BAWAH,EKONOMI 3
JAKARTA SELATAN,182,CILANDAK,JL. CILANDAK DALAM,EKONOMI 3
JAKARTA SELATAN,183,CILANDAK,JL. CILANDAK I,EKONOMI 3
JAKARTA SELATAN,184,CILANDAK,JL. CILANDAK II,EKONOMI 3
JAKARTA SELATAN,185,CILANDAK,JL. CILANDAK III,EKONOMI 3
JAKARTA SELATAN,186,CILANDAK,JL. CILANDAK IV,EKONOMI 3
JAKARTA SELATAN,187,CILANDAK,JL. CILANDAK IX,EKONOMI 3
JAKARTA SELATAN,188,CILANDAK,JL. CILANDAK TENGAH,EKONOMI 3
JAKARTA SELATAN,189,CILANDAK,JL. CILANDAK V,EKONOMI 3
JAKARTA SELATAN,190,CILANDAK,JL. CILANDAK VI,EKONOMI 3
JAKARTA SELATAN,191,CILANDAK,JL. CILANDAK VII,EKONOMI 3
JAKARTA SELATAN,192,CILANDAK,JL. CILANDAK VIII,EKONOMI 3
JAKARTA SELATAN,193,CILANDAK,JL. CILANDAK X,EKONOMI 3
JAKARTA SELATAN,194,CILANDAK,JL. CILANDAK XI,EKONOMI 3
JAKARTA SELATAN,195,CILANDAK,JL. CINERE,EKONOMI 1
JAKARTA SELATAN,196,CILANDAK,JL. CIPETE RAYA,EKONOMI 1
JAKARTA SELATAN,197,CILANDAK,JL. CIPUTAT,EKONOMI 1
JAKARTA SELATAN,198,CILANDAK,JL. H. ABDUL MAJID,EKONOMI 2
JAKARTA SELATAN,199,CILANDAK,JL. H. BATONG,EKONOMI 3
JAKARTA SELATAN,200,CILANDAK,JL. H. IPIN,EKONOMI 3
JAKARTA SELATAN,201,CILANDAK,JL. H. NAWI I,EKONOMI 3
JAKARTA SELATAN,202,CILANDAK,JL. HAJI NAWI,EKONOMI 1
JAKARTA SELATAN,203,CILANDAK,JL. JAPAGOR,EKONOMI 2
JAKARTA SELATAN,204,CILANDAK,JL. KARANG TENGAH (CILANDAK),EKONOMI 1
JAKARTA SELATAN,205,CILANDAK,JL. KARANG TENGAH I,EKONOMI 3
JAKARTA SELATAN,206,CILANDAK,JL. KOMP. BUKIT INDAH,EKONOMI 2
JAKARTA SELATAN,207,CILANDAK,JL. KOMP. DUTA MAS FATMAWATI,EKONOMI 1
JAKARTA SELATAN,208,CILANDAK,JL. KOMP. GOLDEN PLAZA,EKONOMI 3
JAKARTA SELATAN,209,CILANDAK,JL. KOMP. VILLA DELIMA,EKONOMI 3
JAKARTA SELATAN,210,CILANDAK,JL. KOMPLEK PT. TIMAH,EKONOMI 3
JAKARTA SELATAN,211,CILANDAK,JL. KRAMAT BATU DALAM,EKONOMI 3
JAKARTA SELATAN,212,CILANDAK,JL. LEBAK BULUS,EKONOMI 1
JAKARTA SELATAN,213,CILANDAK,JL. LEBAK BULUS I,EKONOMI 3
JAKARTA SELATAN,214,CILANDAK,JL. LEBAK BULUS II,EKONOMI 3
JAKARTA SELATAN,215,CILANDAK,JL. LEBAK BULUS III,EKONOMI 3
JAKARTA SELATAN,216,CILANDAK,JL. LEBAK BULUS IV,EKONOMI 3
JAKARTA SELATAN,217,CILANDAK,JL. LEBAK BULUS PDK,EKONOMI 3
JAKARTA SELATAN,218,CILANDAK,JL. LEBAK BULUS V,EKONOMI 3
JAKARTA SELATAN,219,CILANDAK,JL. LINGKAR I LEBAK BULUS,EKONOMI 1
JAKARTA SELATAN,220,CILANDAK,JL. LINGKAR LUAR SELATAN,PROTOKOL C
JAKARTA SELATAN,221,CILANDAK,JL. MADRASAH,EKONOMI 3
JAKARTA SELATAN,222,CILANDAK,JL. MARGA GUNA,EKONOMI 1
JAKARTA SELATAN,223,CILANDAK,JL. MARGASATWA RAYA,EKONOMI 1
JAKARTA SELATAN,224,CILANDAK,JL. MPR DALAM III,EKONOMI 3
JAKARTA SELATAN,225,CILANDAK,JL. PANGERAN ANTASARI,EKONOMI 1
JAKARTA SELATAN,226,CILANDAK,JL. PANGKALAN JATI,EKONOMI 3
JAKARTA SELATAN,227,CILANDAK,JL. PASAR JUM-AT,EKONOMI 1
JAKARTA SELATAN,228,CILANDAK,JL. PINANG,EKONOMI 3
JAKARTA SELATAN,229,CILANDAK,JL. PINANG I,EKONOMI 3
JAKARTA SELATAN,230,CILANDAK,JL. PINANG KALI JATI,EKONOMI 3
JAKARTA SELATAN,231,CILANDAK,JL. PONDOK LABU,EKONOMI 1
JAKARTA SELATAN,232,CILANDAK,JL. PURI MUTIARA,EKONOMI 3
JAKARTA SELATAN,233,CILANDAK,JL. RA. KARTINI,PROTOKOL B
JAKARTA SELATAN,234,CILANDAK,JL. RS. FATMAWATI,EKONOMI 1
JAKARTA SELATAN,235,CILANDAK,JL. SWAKARYA,EKONOMI 3
JAKARTA SELATAN,236,CILANDAK,JL. TAMAN CILANDAK,EKONOMI 3
JAKARTA SELATAN,237,CILANDAK,JL. TAROGONG,EKONOMI 2
JAKARTA SELATAN,238,CILANDAK,JL. TB. SIMATUPANG,PROTOKOL B
JAKARTA SELATAN,239,CILANDAK,JL. WIJAYA KUSUMA,EKONOMI 3
JAKARTA SELATAN,240,CILANDAK,JL INTAN,EKONOMI 3
JAKARTA SELATAN,241,CILANDAK,JL CIPETE I,EKONOMI 3
JAKARTA SELATAN,242,CILANDAK,JL CIPETE II,EKONOMI 3
JAKARTA SELATAN,243,CILANDAK,JL CIPETE III,EKONOMI 3
JAKARTA SELATAN,244,CILANDAK,JL CIPETE IV,EKONOMI 3
JAKARTA SELATAN,245,CILANDAK,JL CIPETE V,EKONOMI 3
JAKARTA SELATAN,246,CILANDAK,JL CIPETE VII,EKONOMI 3
JAKARTA SELATAN,247,CILANDAK,JL CIPETE VIII,EKONOMI 3
JAKARTA SELATAN,248,CILANDAK,JL CIPETE DALAM,EKONOMI 3
JAKARTA SELATAN,249,CILANDAK,JL GAHARU,EKONOMI 3
JAKARTA SELATAN,250,CILANDAK,JL PURI SAKTI I,EKONOMI 3
JAKARTA SELATAN,251,CILANDAK,JL H. JUNAEDI,EKONOMI 3
JAKARTA SELATAN,252,CILANDAK,JL H. BATONG,EKONOMI 3
JAKARTA SELATAN,253,CILANDAK,JL PELITA,EKONOMI 2
JAKARTA SELATAN,254,CILANDAK,JL TEROGONG III,EKONOMI 3
JAKARTA SELATAN,255,CILANDAK,JL PONCOL,EKONOMI 3
JAKARTA SELATAN,256,CILANDAK,JL PERTANIAN,EKONOMI 3
JAKARTA SELATAN,257,PASAR MINGGU,JL. A U P,EKONOMI 3
JAKARTA SELATAN,258,PASAR MINGGU,JL. AMIL,EKONOMI 3
JAKARTA SELATAN,259,PASAR MINGGU,JL. AMPERA (KEMANG),EKONOMI 1
JAKARTA SELATAN,260,PASAR MINGGU,JL. ANGSANA,EKONOMI 3
JAKARTA SELATAN,261,PASAR MINGGU,JL. BACANG II,LINGKUNGAN
JAKARTA SELATAN,262,PASAR MINGGU,JL. BACANG III,LINGKUNGAN
JAKARTA SELATAN,263,PASAR MINGGU,JL. BACANG IV,LINGKUNGAN
JAKARTA SELATAN,264,PASAR MINGGU,JL. BACANG V,LINGKUNGAN
JAKARTA SELATAN,265,PASAR MINGGU,JL. BACANG VI,LINGKUNGAN
JAKARTA SELATAN,266,PASAR MINGGU,JL. BAKTI,LINGKUNGAN
JAKARTA SELATAN,267,PASAR MINGGU,JL. BAMBU KUNING,LINGKUNGAN
JAKARTA SELATAN,268,PASAR MINGGU,JL. BAUNG,EKONOMI 3
JAKARTA SELATAN,269,PASAR MINGGU,JL. BENDA,EKONOMI 2
JAKARTA SELATAN,270,PASAR MINGGU,JL. BUNCIT RAYA,PROTOKOL C
JAKARTA SELATAN,271,PASAR MINGGU,JL. DAMAI,EKONOMI 3
JAKARTA SELATAN,272,PASAR MINGGU,JL. EMPANG TIGA,EKONOMI 2
JAKARTA SELATAN,273,PASAR MINGGU,JL. GURAME,EKONOMI 3
JAKARTA SELATAN,274,PASAR MINGGU,JL. H. AMIL (PEJATEN BARAT),EKONOMI 3
JAKARTA SELATAN,275,PASAR MINGGU,JL. H. SAMALI/SAMADI,EKONOMI 2
JAKARTA SELATAN,276,PASAR MINGGU,JL. HARSONO R.M.,EKONOMI 1
JAKARTA SELATAN,277,PASAR MINGGU,JL. JATI MURNI,EKONOMI 3
JAKARTA SELATAN,278,PASAR MINGGU,JL. JATI PADANG,EKONOMI 3
JAKARTA SELATAN,279,PASAR MINGGU,JL. JERUK PURUT,EKONOMI 2
JAKARTA SELATAN,280,PASAR MINGGU,JL. KAVLING POLRI,EKONOMI 2
JAKARTA SELATAN,281,PASAR MINGGU,JL. KEBAGUSAN I,EKONOMI 2
JAKARTA SELATAN,282,PASAR MINGGU,JL. KEBAGUSAN II,EKONOMI 3
JAKARTA SELATAN,283,PASAR MINGGU,JL. KEBAGUSAN III,EKONOMI 3
JAKARTA SELATAN,284,PASAR MINGGU,JL. KEBAGUSAN IV,EKONOMI 3
JAKARTA SELATAN,285,PASAR MINGGU,JL. KEBAGUSAN RAYA,EKONOMI 2
JAKARTA SELATAN,286,PASAR MINGGU,JL. KEBUN BINATANG,EKONOMI 2
JAKARTA SELATAN,287,PASAR MINGGU,JL. KEBUN BINATANG RAGUNAN,EKONOMI 3
JAKARTA SELATAN,288,PASAR MINGGU,JL. KEMANG SELATAN,EKONOMI 1
JAKARTA SELATAN,289,PASAR MINGGU,JL. KEMANG SELATAN I,EKONOMI 2
JAKARTA SELATAN,290,PASAR MINGGU,JL. KEMANG TIMUR,EKONOMI 2
JAKARTA SELATAN,291,PASAR MINGGU,JL. KEMUNING,EKONOMI 3
JAKARTA SELATAN,292,PASAR MINGGU,JL. KKO RAYA,EKONOMI 1
JAKARTA SELATAN,293,PASAR MINGGU,JL. MADRASAH,EKONOMI 2
JAKARTA SELATAN,294,PASAR MINGGU,JL. MARGASATWA BARAT,EKONOMI 1
JAKARTA SELATAN,295,PASAR MINGGU,JL. MARGASATWA RAYA,EKONOMI 1
JAKARTA SELATAN,296,PASAR MINGGU,JL. MASJID AL HIDAYAH,LINGKUNGAN
JAKARTA SELATAN,297,PASAR MINGGU,JL. MELATI,LINGKUNGAN
JAKARTA SELATAN,298,PASAR MINGGU,JL. MESJID AL FAJRI,EKONOMI 3
JAKARTA SELATAN,299,PASAR MINGGU,JL. MUJAIR,EKONOMI 3
JAKARTA SELATAN,300,PASAR MINGGU,JL. NANGKA,EKONOMI 2
JAKARTA SELATAN,301,PASAR MINGGU,JL. PEJATEN BARAT RAYA,EKONOMI 2
JAKARTA SELATAN,302,PASAR MINGGU,JL. PEJATEN RAYA,EKONOMI 2
JAKARTA SELATAN,303,PASAR MINGGU,JL. POL TANGAN,EKONOMI 2
JAKARTA SELATAN,304,PASAR MINGGU,JL. RAWAJATI TIMUR,EKONOMI 2
JAKARTA SELATAN,305,PASAR MINGGU,JL. RAYA PASAR MINGGU,PROTOKOL C
JAKARTA SELATAN,306,PASAR MINGGU,JL. RAYA RAGUNAN,EKONOMI 1
JAKARTA SELATAN,307,PASAR MINGGU,JL. RAYA RAWA BAMBU,PROTOKOL C
JAKARTA SELATAN,308,PASAR MINGGU,JL. RAYA TERMINAL BARU,EKONOMI 1
JAKARTA SELATAN,309,PASAR MINGGU,JL. SACO,EKONOMI 2
JAKARTA SELATAN,310,PASAR MINGGU,JL. SALIARA,EKONOMI 2
JAKARTA SELATAN,311,PASAR MINGGU,JL. SAWO MANILA,EKONOMI 3
JAKARTA SELATAN,312,PASAR MINGGU,JL. SIAGA,EKONOMI 2
JAKARTA SELATAN,313,PASAR MINGGU,JL. SIAGA I,EKONOMI 3
JAKARTA SELATAN,314,PASAR MINGGU,JL. SIAGA 11,EKONOMI 3
JAKARTA SELATAN,315,PASAR MINGGU,JL. SWADAYA,EKONOMI 3
JAKARTA SELATAN,316,PASAR MINGGU,JL. TAMAN MARGASATWA,PROTOKOL C
JAKARTA SELATAN,317,PASAR MINGGU,JL. TANJUNG BARAT,EKONOMI 1
JAKARTA SELATAN,318,PASAR MINGGU,JL. TB. SIMATUPANG,PROTOKOL B
JAKARTA SELATAN,319,PASAR MINGGU,JL. WARGA,EKONOMI 3
JAKARTA SELATAN,320•,PASAR MINGGU,JL. WARUNG JATI BARAT,PROTOKOL C
JAKARTA SELATAN,321,PASAR MINGGU,JL KEMANG SELATAN XII,EKONOMI 2
JAKARTA SELATAN,322,PASAR MINGGU,JL. PEDURENAN,EKONOMI 2
JAKARTA SELATAN,323,PASAR MINGGU,JL SAWO MANILA UNAS,EKONOMI 2
JAKARTA SELATAN,324,PASAR MINGGU,JL RAWA JATI TIMUR,•
JAKARTA SELATAN,325,PASAR MINGGU,JL BATU,EKONOMI 3
JAKARTA SELATAN,326,PASAR MINGGU,JL AYUB,EKONOMI 3
JAKARTA SELATAN,327,PASAR MINGGU,JL H NOOR,EKONOMI 3
JAKARTA SELATAN,328,PASAR MINGGU,JL SEPAT,EKONOMI 3
JAKARTA SELATAN,329,PASAR MINGGU,JL JATI PADANG UTARA,EKONOMI 3
JAKARTA SELATAN,330,PASAR MINGGU,JL KENANGA,EKONOMI 3
JAKARTA SELATAN,331,PASAR MINGGU,JL BENDA ATAS,EKONOMI 3
JAKARTA SELATAN,332,PASAR MINGGU,JL JOE,EKONOMI 3
JAKARTA SELATAN,333,PASAR MINGGU,JL PAGUJATEN,EKONOMI 3
JAKARTA SELATAN,334,PASAR MINGGU,JL POLTANGAN I - V,EKONOMI 3
JAKARTA SELATAN,335,PASAR MINGGU,JL GUNUK,EKONOMI 3
JAKARTA SELATAN,336,PASAR MINGGU,JL SWADAYA I,EKONOMI 3
JAKARTA SELATAN,337,PASAR MINGGU,JL ASSAKINAH,EKONOMI 3
JAKARTA SELATAN,338,PASAR MINGGU,JL PEKAYON,EKONOMI 3
JAKARTA SELATAN,339,PASAR MINGGU,JL PEJATEN BARAT I,EKONOMI 3
JAKARTA SELATAN,340,PASAR MINGGU,JL PEJATEN BARAT II,EKONOMI 3
JAKARTA SELATAN,341,PASAR MINGGU,JL PEJATEN BARAT III,EKONOMI 3
JAKARTA SELATAN,342,PASAR MINGGU,JL PEJATEN BARAT IV,EKONOMI 3
JAKARTA SELATAN,343,JAGAKARSA,JL. AGUNG RAYA,EKONOMI 3
JAKARTA SELATAN,344,JAGAKARSA,JL. ASELIH,EKONOMI 3
JAKARTA SELATAN,345,JAGAKARSA,JL. BAUNG,EKONOMI 2
JAKARTA SELATAN,346,JAGAKARSA,JL. BELIMBING,EKONOMI 3
JAKARTA SELATAN,347,JAGAKARSA,JL. BRIGIF,EKONOMI 2
JAKARTA SELATAN,348,JAGAKARSA,JL. JAGAKARSA,EKONOMI 1
JAKARTA SELATAN,349,JAGAKARSA,JL. JERUK,EKONOMI 2
JAKARTA SELATAN,350,JAGAKARSA,JL. JOE,EKONOMI 2
JAKARTA SELATAN,351,JAGAKARSA,JL. KAVLING POLRI,EKONOMI 1
JAKARTA SELATAN,352,JAGAKARSA,JL. KEBAGUSAN RAYA,EKONOMI 1
JAKARTA SELATAN,353,JAGAKARSA,JL. KECAPI,EKONOMI 3
JAKARTA SELATAN,354,JAGAKARSA,JL. KELAPA TIGA,EKONOMI 3
JAKARTA SELATAN,355,JAGAKARSA,JL. LENTENG AGUNG,PROTOKOL C
JAKARTA SELATAN,356,JAGAKARSA,JL. MARGASATWA BARAT,EKONOMI 1
JAKARTA SELATAN,357,JAGAKARSA,JL. MARGASATWA RAYA,EKONOMI 1
JAKARTA SELATAN,358,JAGAKARSA,JL. MOCH. KAFIFI I,EKONOMI I
JAKARTA SELATAN,359,JAGAKARSA,JL. MOCH. KAHFI II,EKONOMI 1
JAKARTA SELATAN,360,JAGAKARSA,JL. NANGKA,EKONOMI 1
JAKARTA SELATAN,361,JAGAKARSA,JL. PASO,EKONOMI 1
JAKARTA SELATAN,362,JAGAKARSA,JL. POL TANGAN,EKONOMI 1
JAKARTA SELATAN,363,JAGAKARSA,JL. SADAR,EKONOMI 3
JAKARTA SELATAN,364,JAGAKARSA,JL. SIRSAK,EKONOMI 2
JAKARTA SELATAN,365,JAGAKARSA,JL. SRENGSENG SAWAH,EKONOMI 2
JAKARTA SELATAN,366,JAGAKARSA,JL. TANJUNG BARAT,EKONOMI 1
JAKARTA SELATAN,367,JAGAKARSA,JL. TB. SIMATUPANG,PROTOKOL B
JAKARTA SELATAN,368,JAGAKARSA,JL. TIMBUL,EKONOMI 2
JAKARTA SELATAN,369,JAGAKARSA,JL. TIMBUL CIGANJUR,EKONOMI 2
JAKARTA SELATAN,370,JAGAKARSA,JL. WARUNG SILA,EKONOMI 2
JAKARTA SELATAN,371,JAGAKARSA,JL RANCHO INDAH,EKONOMI 2
JAKARTA SELATAN,372,JAGAKARSA,KO TANJUNG MAS,EKONOMI 2
JAKARTA SELATAN,373,JAGAKARSA,JL HERMAN SUSILO,EKONOMI 2
JAKARTA SELATAN,374,MAMPANG PRAPATAN,JL. ABDUL RAHIM (MAMPANG),EKONOMI 2
JAKARTA SELATAN,375,MAMPANG PRAPATAN,JL. BANGKA I,EKONOMI 3
JAKARTA SELATAN,376,MAMPANG PRAPATAN,JL. BANGKA II,EKONOMI 3
JAKARTA SELATAN,377,MAMPANG PRAPATAN,JL. BANGKA 111,EKONOMI 3
JAKARTA SELATAN,378,MAMPANG PRAPATAN,JL. BANGKA IV,EKONOMI 3
JAKARTA SELATAN,379,MAMPANG PRAPATAN,JL. BANGKA IX,EKONOMI 3
JAKARTA SELATAN,380,MAMPANG PRAPATAN,JL. BANGKA RAYA,EKONOMI 1
JAKARTA SELATAN,381,MAMPANG PRAPATAN,JL. BANGKA SELATAN,EKONOMI 3
JAKARTA SELATAN,382,MAMPANG PRAPATAN,JL. BANGKA V,EKONOMI 3
JAKARTA SELATAN,383,MAMPANG PRAPATAN,JL. BANGKA VI,EKONOMI 3
JAKARTA SELATAN,384,MAMPANG PRAPATAN,JL. BANGKA VII,EKONOMI 3
JAKARTA SELATAN,385,MAMPANG PRAPATAN,JL. BANGKA VIII,EKONOMI 3
JAKARTA SELATAN,386,MAMPANG PRAPATAN,JL. BANGKA X,EKONOMI 3
JAKARTA SELATAN,387,MAMPANG PRAPATAN,JL. BANGKA XI,EKONOMI 3
JAKARTA SELATAN,388,MAMPANG PRAPATAN,JL. BANGKA XII,EKONOMI 3
JAKARTA SELATAN,389,MAMPANG PRAPATAN,JL. DUREN BANGKA,EKONOMI 2
JAKARTA SELATAN,390,MAMPANG PRAPATAN,JL. JEND. GATOT SUBROTO,PROTOKOL A
JAKARTA SELATAN,391,MAMPANG PRAPATAN,JL. KAPT. PIERE TENDEAN,EKONOMI 1
JAKARTA SELATAN,392,MAMPANG PRAPATAN,JL. KEMANG I,EKONOMI 1
JAKARTA SELATAN,393,MAMPANG PRAPATAN,JL. KEMANG RAYA,EKONOMI 1
JAKARTA SELATAN,394,MAMPANG PRAPATAN,JL. KEMANG SELATAN,EKONOMI 1
JAKARTA SELATAN,395,MAMPANG PRAPATAN,JL. KEMANG SELATAN I,EKONOMI 2
JAKARTA SELATAN,396,MAMPANG PRAPATAN,JL. KEMANG SELATAN II,EKONOMI 2
JAKARTA SELATAN,397,MAMPANG PRAPATAN,JL. KEMANG SELATAN III,EKONOMI 2
JAKARTA SELATAN,398,MAMPANG PRAPATAN,JL. KEMANG SELATAN IV,EKONOMI 2
JAKARTA SELATAN,399,MAMPANG PRAPATAN,JL. KEMANG SELATAN V,EKONOMI 2
JAKARTA SELATAN,400,MAMPANG PRAPATAN,JL. KEMANG SELATAN VI,EKONOMI 2
JAKARTA SELATAN,401,MAMPANG PRAPATAN,JL. KEMANG SELATAN VII,EKONOMI 2
JAKARTA SELATAN,402,MAMPANG PRAPATAN,JL. KEMANG SELATAN VIII,EKONOMI 2
JAKARTA SELATAN,403,MAMPANG PRAPATAN,JL. KEMANG TIMUR,EKONOMI 2
JAKARTA SELATAN,404,MAMPANG PRAPATAN,JL. KEMANG UTARA,EKONOMI 2
JAKARTA SELATAN,405,MAMPANG PRAPATAN,JL. KEMANG UTARA IX,EKONOMI 2
JAKARTA SELATAN,406,MAMPANG PRAPATAN,JL. KUNINGAN BARAT,EKONOMI 2
JAKARTA SELATAN,407,MAMPANG PRAPATAN,JL. KUNINGAN TERUSAN,PROTOKOL C
JAKARTA SELATAN,408,MAMPANG PRAPATAN,JL. MAMPANG PRAPATAN,PROTOKOL C
JAKARTA SELATAN,409,MAMPANG PRAPATAN,JL. MAMPANG PRAPATAN I,EKONOMI 2
JAKARTA SELATAN,410,MAMPANG PRAPATAN,JL. MAMPANG PRAPATAN II,EKONOMI 2
JAKARTA SELATAN,411,MAMPANG PRAPATAN,JL. MAMPANG PRAPATAN III,EKONOMI 2
JAKARTA SELATAN,412,MAMPANG PRAPATAN,JL. MAMPANG PRAPATAN IV,EKONOMI 2
JAKARTA SELATAN,413,MAMPANG PRAPATAN,JL. MAMPANG PRAPATAN IX,EKONOMI 2
JAKARTA SELATAN,414,MAMPANG PRAPATAN,JL. MAMPANG PRAPATAN V,EKONOMI 2
JAKARTA SELATAN,415,MAMPANG PRAPATAN,JL. MAMPANG PRAPATAN VI,EKONOMI 2
JAKARTA SELATAN,416,MAMPANG PRAPATAN,JL. MAMPANG PRAPATAN VII,EKONOMI 2
JAKARTA SELATAN,417,MAMPANG PRAPATAN,JL. MAMPANG PRAPATAN VIII,EKONOMI 2
JAKARTA SELATAN,418,MAMPANG PRAPATAN,JL. MAMPANG PRAPATAN X,EKONOMI 2
JAKARTA SELATAN,419,MAMPANG PRAPATAN,JL. MAMPANG PRAPATAN XI,EKONOMI 2
JAKARTA SELATAN,420,MAMPANG PRAPATAN,JL. MAMPANG PRAPATAN XII,EKONOMI 2
JAKARTA SELATAN,421,MAMPANG PRAPATAN,JL. MESJID TEGAL PARANG,LINGKUNGAN
JAKARTA SELATAN,422,MAMPANG PRAPATAN,JL. PONDOK JAYA,EKONOMI 3
JAKARTA SELATAN,423,MAMPANG PRAPATAN,JL. PONDOK KARYA,EKONOMI 3
JAKARTA SELATAN,424,MAMPANG PRAPATAN,JL. TAMAN KEMANG,EKONOMI 1
JAKARTA SELATAN,425,MAMPANG PRAPATAN,JL. TEGAL PARANG SELATAN,EKONOMI 3
JAKARTA SELATAN,426,MAMPANG PRAPATAN,JL. TEGAL PARANG UTARA,EKONOMI 3
JAKARTA SELATAN,427,PANCORAN,JL. BUNCIT RAYA,PROTOKOL C
JAKARTA SELATAN,428,PANCORAN,JL. DUREN BANGKA,EKONOMI 2
JAKARTA SELATAN,429,PANCORAN,JL. DUREN TIGA,PROTOKOL C
JAKARTA SELATAN,430,PANCORAN,JL. DUREN TIGA SELATAN,EKONOMI 1
JAKARTA SELATAN,431,PANCORAN,JL. DURI (DUREN TIGA),EKONOMI 3
JAKARTA SELATAN,432,PANCORAN,JL. EMPANG TIGA,EKONOMI 3
JAKARTA SELATAN,433,PANCORAN,JL. H. SAMALI/SAMADI,EKONOMI 2
JAKARTA SELATAN,434,PANCORAN,JL. JEND. GATOT SUBROTO,PROTOKOL A
JAKARTA SELATAN,435,PANCORAN,JL. JEND. MT. HARYONO,PROTOKOL A
JAKARTA SELATAN,436,PANCORAN,JL. KALIBATA INDAH,EKONOMI 2
JAKARTA SELATAN,437,PANCORAN,JL. KALIBATA TENGAH,EKONOMI 1
JAKARTA SELATAN,438,PANCORAN,JL. KALIBATA TIMUR,EKONOMI 2
JAKARTA SELATAN,439,PANCORAN,JL. KALIBATA TIMUR I,EKONOMI 2
JAKARTA SELATAN,440,PANCORAN,JL. KALIBATA UTARA,EKONOMI 2
JAKARTA SELATAN,441,PANCORAN,JL. KEMANG UTARA IX,EKONOMI 2
JAKARTA SELATAN,442,•PANCORAN,JL. MAMPANG PRAPATAN XIX,EKONOMI 3
JAKARTA SELATAN,443,PANCORAN,JL. MAMPANG PRAPATAN XV,EKONOMI 3
JAKARTA SELATAN,444,PANCORAN,JL. MAMPANG PRAPATAN XVI,EKONOMI 3
JAKARTA SELATAN,445,PANCORAN,JL. MAMPANG PRAPATAN XVII,EKONOMI 3
JAKARTA SELATAN,446,PANCORAN,JL. MAMPANG PRAPATAN XVIII,EKONOMI 3
JAKARTA SELATAN,447,PANCORAN,JL. MAMPANG PRAPATAN XX,EKONOMI 3
JAKARTA SELATAN,448,PANCORAN,JL. PANCORAN,EKONOMI 1
JAKARTA SELATAN,449,PANCORAN,JL. PANCORAN BARAT,EKONOMI 2
JAKARTA SELATAN,450,PANCORAN,JL. PANCORAN TIMUR,EKONOMI 1
JAKARTA SELATAN,451,PANCORAN,JL. PENGADEGAN BARAT,EKONOMI 2
JAKARTA SELATAN,452,PANCORAN,JL. PENGADEGAN SELATAN,EKONOMI 2
JAKARTA SELATAN,453,PANCORAN,JL. PENGADEGAN TIMUR,EKONOMI 2
JAKARTA SELATAN,454,PANCORAN,JL. PENGGADEGAN TIMUR I,EKONOMI 3
JAKARTA SELATAN,455,PANCORAN,JL. RAWAJATI TIMUR,EKONOMI 1
JAKARTA SELATAN,456,PANCORAN,JL. RAYA PASAR MINGGU,PROTOKOL C
JAKARTA SELATAN,457,PANCORAN,JL. TMP KALIBATA,PROTOKOL C
JAKARTA SELATAN,458,PANCORAN,JL. WARUNG JATI BARAT,PROTOKOL C
JAKARTA SELATAN,459,PANCORAN,JL. WARUNG JATI TIMUR,EKONOMI 2
JAKARTA SELATAN,460,PANCORAN,JL. DUREN TIGA BARAT,EKONOMI 2
JAKARTA SELATAN,461,PANCORAN,JL. DUREN TIGA UTARA,EKONOMI 2
JAKARTA SELATAN,462,PANCORAN,JL. PANCORAN TIMUR II,EKONOMI 2
JAKARTA SELATAN,463,PANCORAN,JL. PENGADEGAN UTARA,EKONOMI 1
JAKARTA SELATAN,464,PANCORAN,JL. RAWAJATI TIMUR I,EKONOMI 2
JAKARTA SELATAN,465,PANCORAN,JL. CIKOKO,EKONOMI 3
JAKARTA SELATAN,466,PANCORAN,JL. CIKOKO BARAT,EKONOMI 3
JAKARTA SELATAN,467,PANCORAN,JL. CIKOKO TIMUR,EKONOMI 3
JAKARTA SELATAN,468,PANCORAN,JL. AMIL,EKONOMI 3
JAKARTA SELATAN,469,PANCORAN,JL. LOKA INDAH,EKONOMI 2
JAKARTA SELATAN,470,PANCORAN,JL. MINYAK,EKONOMI 2
JAKARTA SELATAN,471,PANCORAN,JL. GURU ALIP,EKONOMI 2
JAKARTA SELATAN,472,PANCORAN,JL. JATILUHUR,EKONOMI 2
JAKARTA SELATAN,473,PANCORAN,JL. TRILOKA,EKONOMI 2
JAKARTA SELATAN,474,PANCORAN,JL. DAKSA PIUN,EKONOMI 2
JAKARTA SELATAN,475,PANCORAN,JL. PERTANI,EKONOMI 2
JAKARTA SELATAN,476,PANCORAN,JL. BUNCIT PERSADA,EKONOMI 2
JAKARTA SELATAN,477,PANCORAN,JL. KALIBATA PULO,EKONOMI 2
JAKARTA SELATAN,478,PANCORAN,JL. VETERAN,EKONOMI 2
JAKARTA SELATAN,479,PANCORAN,JL. RAWAJATI BARAT,EKONOMI 2
JAKARTA SELATAN,480,PANCORAN,JL. PLN,EKONOMI 2
JAKARTA SELATAN,481,PANCORAN,JL POTLOT,EKONOMI 3
JAKARTA SELATAN,482,PANCORAN,JL PERTANI,EKONOMI 3
JAKARTA SELATAN,483,KEBAYORAN BARU,JL. ABD MAJID,EKONOMI 2
JAKARTA SELATAN,484,KEBAYORAN BARU,JL. ABD MAJID DALAM,LINGKUNGAN
JAKARTA SELATAN,485,KEBAYORAN BARU,JL. ADITIAWARMAN,EKONOMI 1
JAKARTA SELATAN,486,KEBAYORAN BARU,JL. AKRI KOMP. POLRI,LINGKUNGAN
JAKARTA SELATAN,487,KEBAYORAN BARU,JL. ANDARA,LINGKUNGAN
JAKARTA SELATAN,488,KEBAYORAN BARU,JL. ANGGREK,EKONOMI 3
JAKARTA SELATAN,489,KEBAYORAN BARU,JL. ANTENA I,EKONOMI 3
JAKARTA SELATAN,490,KEBAYORAN BARU,JL. ANTENA II,EKONOMI 3
JAKARTA SELATAN,491,KEBAYORAN BARU,JL. ANTENA III,EKONOMI 3
JAKARTA SELATAN,492,KEBAYORAN BARU,JL. ANTENA IV,EKONOMI 3
JAKARTA SELATAN,493,KEBAYORAN BARU,JL. ANTENA IX,EKONOMI 3
JAKARTA SELATAN,494,KEBAYORAN BARU,JL. ANTENA V,EKONOMI 3
JAKARTA SELATAN,495,KEBAYORAN BARU,JL. ANTENA VI,EKONOMI 3
JAKARTA SELATAN,496,KEBAYORAN BARU,JL. ANTENA VII,EKONOMI 3
JAKARTA SELATAN,497,KEBAYORAN BARU,JL. ANTENA VIII,EKONOMI 3
JAKARTA SELATAN,498,KEBAYORAN BARU,JL. ANTENA X,EKONOMI 3
JAKARTA SELATAN,499,KEBAYORAN BARU,JL. ANTENA XI,EKONOMI 3
JAKARTA SELATAN,500,KEBAYORAN BARU,JL. ANTENA XII,EKONOMI 3
JAKARTA SELATAN,501,KEBAYORAN BARU,JL. ANTENA XIII,EKONOMI 3
JAKARTA SELATAN,502,KEBAYORAN BARU,JL. ANTENA XIV,EKONOMI 3
JAKARTA SELATAN,503,KEBAYORAN BARU,JL. ANTENA XV,EKONOMI 3
JAKARTA SELATAN,504,KEBAYORAN BARU,JL. ANTENA XVI,EKONOMI 3
JAKARTA SELATAN,505,KEBAYORAN BARU,JL. ASIA AFRIKA/PINTU IX,PROTOKOL C
JAKARTA SELATAN,506,KEBAYORAN BARU,JL. BACANG I,EKONOMI 3
JAKARTA SELATAN,507,KEBAYORAN BARU,JL. BAKTI,EKONOMI 3
JAKARTA SELATAN,508,KEBAYORAN BARU,JL. BARITO I,EKONOMI 1
JAKARTA SELATAN,509,KEBAYORAN BARU,JL. BARITO II,EKONOMI 1
JAKARTA SELATAN,510,KEBAYORAN BARU,JL. BATAN,EKONOMI 2
JAKARTA SELATAN,511,KEBAYORAN BARU,JL. BELITUNG I,EKONOMI 3
JAKARTA SELATAN,512,KEBAYORAN BARU,JL. BENDA,EKONOMI 2
JAKARTA SELATAN,513,KEBAYORAN BARU,JL. BENDA I,EKONOMI 3
JAKARTA SELATAN,514,KEBAYORAN BARU,JL. BENDA II,EKONOMI 3
JAKARTA SELATAN,515,KEBAYORAN BARU,JL. BENDA III,EKONOMI 3
JAKARTA SELATAN,516,KEBAYORAN BARU,JL. BENDA IV,EKONOMI 3
JAKARTA SELATAN,517,KEBAYORAN BARU,JL. BENDA V,EKONOMI 3
JAKARTA SELATAN,518,KEBAYORAN BARU,JL. BIRAH I,EKONOMI 3
JAKARTA SELATAN,519,KEBAYORAN BARU,JL. BIRAH II,EKONOMI 3
JAKARTA SELATAN,520,KEBAYORAN BARU,JL. BIRAH III,EKONOMI 3
JAKARTA SELATAN,521,KEBAYORAN BARU,JL. BIRAH IV,EKONOMI 3
JAKARTA SELATAN,522,KEBAYORAN BARU,JL. BRAWIJAYA,EKONOMI 2
JAKARTA SELATAN,523,KEBAYORAN BARU,JL. BULUNGAN,EKONOMI 1
JAKARTA SELATAN,524,KEBAYORAN BARU,JL. BUMI,EKONOMI 2
JAKARTA SELATAN,525,KEBAYORAN BARU,JL. BUNCIT I,EKONOMI 3
JAKARTA SELATAN,526,KEBAYORAN BARU,JL. CATUR,EKONOMI 3
JAKARTA SELATAN,527,KEBAYORAN BARU,JL. CIASEM,EKONOMI 3
JAKARTA SELATAN,528,KEBAYORAN BARU,JL. CIBITUNG I,EKONOMI 3
JAKARTA SELATAN,529,KEBAYORAN BARU,JL. CIBITUNG II,EKONOMI 3
JAKARTA SELATAN,530,KEBAYORAN BARU,JL. CIBITUNG III,EKONOMI 3
JAKARTA SELATAN,531,KEBAYORAN BARU,JL. CIBULAN I,EKONOMI 3
JAKARTA SELATAN,532,KEBAYORAN BARU,JL. CIBULAN II,EKONOMI 3
JAKARTA SELATAN,533,KEBAYORAN BARU,JL. CIBULAN III,EKONOMI 3
JAKARTA SELATAN,534,KEBAYORAN BARU,JL. CIBULAN IV,EKONOMI 3
JAKARTA SELATAN,535,KEBAYORAN BARU,JL. CIBULAN IX,EKONOMI 3
JAKARTA SELATAN,536,KEBAYORAN BARU,JL. CIBULAN RAYA,EKONOMI 3
JAKARTA SELATAN,537,KEBAYORAN BARU,JL. CIBULAN V,EKONOMI 3
JAKARTA SELATAN,538,KEBAYORAN BARU,JL. CIBULAN VI,EKONOMI 3
JAKARTA SELATAN,539,KEBAYORAN BARU,JL. CIBULAN VII,EKONOMI 3
JAKARTA SELATAN,541,KEBAYORAN BARU,JL. CIBULAN X,EKONOMI 3
JAKARTA SELATAN,542,KEBAYORAN BARU,JL. CIBULAN XI,EKONOMI 3
JAKARTA SELATAN,543,KEBAYORAN BARU,JL. CIBULAN XII,EKONOMI 3
JAKARTA SELATAN,544,KEBAYORAN BARU,JL. CIGANJUR,EKONOMI 3
JAKARTA SELATAN,545,KEBAYORAN BARU,JL. CIKAJANG,EKONOMI 2
JAKARTA SELATAN,546,KEBAYORAN BARU,JL. CIKATOMAS I,EKONOMI 3
JAKARTA SELATAN,547,KEBAYORAN BARU,JL. CIKATOMAS II,EKONOMI 3
JAKARTA SELATAN,548,KEBAYORAN BARU,JL. CINIRU,EKONOMI 3
JAKARTA SELATAN,549,KEBAYORAN BARU,JL. CIPAKU I,EKONOMI 3
JAKARTA SELATAN,550,KEBAYORAN BARU,JL. CIPAKU II,EKONOMI 3
JAKARTA SELATAN,551,KEBAYORAN BARU,JL. CIPAKU III,EKONOMI 3
JAKARTA SELATAN,552,KEBAYORAN BARU,JL. CIPEDAK,EKONOMI 3
JAKARTA SELATAN,553,KEBAYORAN BARU,JL. CIRAGIL,EKONOMI 3
JAKARTA SELATAN,554,KEBAYORAN BARU,JL. CIRANJANG I,EKONOMI 2
JAKARTA SELATAN,555,KEBAYORAN BARU,JL. CISANGGIRI I,EKONOMI 3
JAKARTA SELATAN,556,KEBAYORAN BARU,JL. CISANGGIRI II,EKONOMI 3
JAKARTA SELATAN,557,KEBAYORAN BARU,JL. CISANGGIRI III,EKONOMI 3
JAKARTA SELATAN,558,KEBAYORAN BARU,JL. CISANGGIRI IV,EKONOMI 3
JAKARTA SELATAN,559,KEBAYORAN BARU,JL. CISANGGIRI V,EKONOMI 3
JAKARTA SELATAN,560,KEBAYORAN BARU,JL. CITAYAM,EKONOMI 3
JAKARTA SELATAN,561,KEBAYORAN BARU,JL. DAKSA I,EKONOMI 3
JAKARTA SELATAN,562,KEBAYORAN BARU,JL. DAKSA II,EKONOMI 3
JAKARTA SELATAN,563,KEBAYORAN BARU,JL. DAKSA III,EKONOMI 3
JAKARTA SELATAN,564,KEBAYORAN BARU,JL. DAKSA IV,EKONOMI 3
JAKARTA SELATAN,565,KEBAYORAN BARU,JL. DAKSA V,EKONOMI 3
JAKARTA SELATAN,566,KEBAYORAN BARU,JL. DAMAI,EKONOMI 2
JAKARTA SELATAN,567,KEBAYORAN BARU,JL. DARMAWANGSA I,EKONOMI 2
JAKARTA SELATAN,568,KEBAYORAN BARU,JL. DARMAWANGSA II,EKONOMI 2
JAKARTA SELATAN,569,KEBAYORAN BARU,JL. DARMAWANGSA III,EKONOMI 2
JAKARTA SELATAN,570,KEBAYORAN BARU,JL. DARMAWANGSA IV,EKONOMI 2
JAKARTA SELATAN,571,KEBAYORAN BARU,JL. DARMAWANGSA IX,EKONOMI 2
JAKARTA SELATAN,572,KEBAYORAN BARU,JL. DARMAWANGSA V,EKONOMI 2
JAKARTA SELATAN,573,KEBAYORAN BARU,JL. DARMAWANGSA VI,EKONOMI 1
JAKARTA SELATAN,574,KEBAYORAN BARU,JL. DARMAWANGSA VII,EKONOMI 2
JAKARTA SELATAN,575,KEBAYORAN BARU,JL. DARMAWANGSA VIII,EKONOMI 2
JAKARTA SELATAN,576,KEBAYORAN BARU,JL. DARMAWANGSA X,EKONOMI 2
JAKARTA SELATAN,577,KEBAYORAN BARU,JL. DEMPO I,EKONOMI 3
JAKARTA SELATAN,578,KEBAYORAN BARU,JL. DEMPO II,EKONOMI 3
JAKARTA SELATAN,579,KEBAYORAN BARU,JL. DEMPO III,EKONOMI 3
JAKARTA SELATAN,580,KEBAYORAN BARU,JL. DEMPO IV,EKONOMI 3
JAKARTA SELATAN,581,KEBAYORAN BARU,JL. DEMPO V,EKONOMI 3
JAKARTA SELATAN,582,KEBAYORAN BARU,JL. DHARMAWANGSA,EKONOMI 1
JAKARTA SELATAN,583,KEBAYORAN BARU,JL. DURIAN,EKONOMI 3
JAKARTA SELATAN,584,KEBAYORAN BARU,JL. DWIJAYA,LINGKUNGAN
JAKARTA SELATAN,585,KEBAYORAN BARU,JL. DWIJAYA I,LINGKUNGAN
JAKARTA SELATAN,586,KEBAYORAN BARU,JL. DWIJAYA II,LINGKUNGAN
JAKARTA SELATAN,587,KEBAYORAN BARU,JL. EMPU SENDOK,EKONOMI 3
JAKARTA SELATAN,588,KEBAYORAN BARU,JL. ERLANGGA I,EKONOMI 3
JAKARTA SELATAN,589,KEBAYORAN BARU,JL. ERLANGGA II,EKONOMI 3
JAKARTA SELATAN,590,KEBAYORAN BARU,JL. FALATEHAN,EKONOMI 1
JAKARTA SELATAN,591,KEBAYORAN BARU,JL. GAHARU I,EKONOMI 3
JAKARTA SELATAN,592,KEBAYORAN BARU,JL. GAHARU II,EKONOMI 3
JAKARTA SELATAN,593,KEBAYORAN BARU,JL. GALUNGGUNG,EKONOMI 3
JAKARTA SELATAN,594,KEBAYORAN BARU,JL. GANDARIA,EKONOMI 1
JAKARTA SELATAN,595,KEBAYORAN BARU,JL. GANDARIA I,EKONOMI 1
JAKARTA SELATAN,596,KEBAYORAN BARU,JL. GANDARIA TENGAH I,EKONOMI 2
JAKARTA SELATAN,597,KEBAYORAN BARU,JL. GANDARIA TENGAH II,EKONOMI 2
JAKARTA SELATAN,598,KEBAYORAN BARU,JL. GANDARIA TENGAH III,EKONOMI 2
JAKARTA SELATAN,599,KEBAYORAN BARU,JL. GANDARIA TENGAH IV,EKONOMI 2
JAKARTA SELATAN,600,KEBAYORAN BARU,JL. GARUDA,LINGKUNGAN
JAKARTA SELATAN,601,KEBAYORAN BARU,JL. GUNAWARMAN,EKONOMI 1
JAKARTA SELATAN,602,KEBAYORAN BARU,JL. H. ABDUL MAJID,EKONOMI 2
JAKARTA SELATAN,603,KEBAYORAN BARU,JL. H. AOM,EKONOMI 3
JAKARTA SELATAN,604,KEBAYORAN BARU,JL. H. JIAN,LINGKUNGAN
JAKARTA SELATAN,605,KEBAYORAN BARU,JL. H. SAIDI I,EKONOMI 3
JAKARTA SELATAN,606,KEBAYORAN BARU,JL. H. TING,LINGKUNGAN
JAKARTA SELATAN,607,KEBAYORAN BARU,JL. HALIMUN,EKONOMI 3
JAKARTA SELATAN,608,KEBAYORAN BARU,JL. HANG JEBAT,EKONOMI 1
JAKARTA SELATAN,609,KEBAYORAN BARU,JL. HANG LEKIR,EKONOMI 1
JAKARTA SELATAN,610,KEBAYORAN BARU,JL. HANG LEKIU I,EKONOMI 3
JAKARTA SELATAN,611,KEBAYORAN BARU,JL. HANG LEKIU II,EKONOMI 3
JAKARTA SELATAN,612,KEBAYORAN BARU,JL. HANG LEKIU III,EKONOMI 3
JAKARTA SELATAN,613,KEBAYORAN BARU,JL. HANG LEKIU IV,EKONOMI 3
JAKARTA SELATAN,614,KEBAYORAN BARU,JL. HANG LEKIU V,EKONOMI 3
JAKARTA SELATAN,615,KEBAYORAN BARU,JL. HANG TUAH,EKONOMI 1
JAKARTA SELATAN,616,KEBAYORAN BARU,JL. HANG TUAH I,EKONOMI 2
JAKARTA SELATAN,617,KEBAYORAN BARU,JL. HARSONO R.M.,EKONOMI 1
JAKARTA SELATAN,618,KEBAYORAN BARU,JL. HASANUDDIN DALAM,EKONOMI 1
JAKARTA SELATAN,619,KEBAYORAN BARU,JL. HIDUP BARU,EKONOMI 3
JAKARTA SELATAN,620,KEBAYORAN BARU,JL. ISKANDARSYAH,EKONOMI 1
JAKARTA SELATAN,621,KEBAYORAN BARU,JL. JAMBLANG,EKONOMI 3
JAKARTA SELATAN,622,KEBAYORAN BARU,JL. JAPAGOR,EKONOMI 2
JAKARTA SELATAN,623,KEBAYORAN BARU,JL. JATI PADANG,EKONOMI 3
JAKARTA SELATAN,624,KEBAYORAN BARU,JL. JATI UTARA,EKONOMI 3
JAKARTA SELATAN,625,KEBAYORAN BARU,JL. JEMBATAN BARAT,LINGKUNGAN
JAKARTA SELATAN,626,KEBAYORAN BARU,JL. JEMBATAN SELATAN,LINGKUNGAN
JAKARTA SELATAN,627,KEBAYORAN BARU,JL. JEMBATAN TENGAH,LINGKUNGAN
JAKARTA SELATAN,628,KEBAYORAN BARU,JL. JEMBATAN TIMUR,LINGKUNGAN
JAKARTA SELATAN,629,KEBAYORAN BARU,JL. JEMBATAN UTARA,LINGKUNGAN
JAKARTA SELATAN,630,KEBAYORAN BARU,JL. JEND. GATOT SUBROTO,PROTOKOL A
JAKARTA SELATAN,631,KEBAYORAN BARU,JL. JEND. SUDIRMAN,PROTOKOL A
JAKARTA SELATAN,632,KEBAYORAN BARU,JL. JENGGALA,EKONOMI 3
JAKARTA SELATAN,633,KEBAYORAN BARU,JL. JOHARI,LINGKUNGAN
JAKARTA SELATAN,634,KEBAYORAN BARU,"JL. JOKO SUTONO, SH.",EKONOMI 2
JAKARTA SELATAN,635,KEBAYORAN BARU,JL. KARANG TENGAH I,EKONOMI 3
JAKARTA SELATAN,636,KEBAYORAN BARU,JL. KAVLING KEUANGAN,EKONOMI 2
JAKARTA SELATAN,637,KEBAYORAN BARU,JL. KAWASAN SUDIRMAN SCBD,PROTOKOL C
JAKARTA SELATAN,638,KEBAYORAN BARU,JL. KEBAGUSAN RAYA,EKONOMI 2
JAKARTA SELATAN,639,KEBAYORAN BARU,JL. KEBAYORAN LAMA,EKONOMI 1
JAKARTA SELATAN,640,KEBAYORAN BARU,JL. KEBON ANGGREK,LINGKUNGAN
JAKARTA SELATAN,641,KEBAYORAN BARU,JL. KERINCI I,EKONOMI 3
JAKARTA SELATAN,642,KEBAYORAN BARU,JL. KERINCI II,EKONOMI 3
JAKARTA SELATAN,643,KEBAYORAN BARU,JL. KERINCI III,EKONOMI 3
JAKARTA SELATAN,644,KEBAYORAN BARU,JL. KERINCI IV,EKONOMI 3
JAKARTA SELATAN,645,KEBAYORAN BARU,JL. KERINCI IX,EKONOMI 3
JAKARTA SELATAN,646,KEBAYORAN BARU,JL. KERINCI V,EKONOMI 3
JAKARTA SELATAN,647,KEBAYORAN BARU,JL. KERINCI VI,EKONOMI 3
JAKARTA SELATAN,648,KEBAYORAN BARU,JL. KERINCI VII,EKONOMI 3
JAKARTA SELATAN,649,KEBAYORAN BARU,JL. KERINCI VIII,EKONOMI 3
JAKARTA SELATAN,650,KEBAYORAN BARU,JL. KERINCI X,EKONOMI 3
JAKARTA SELATAN,651,KEBAYORAN BARU,JL. KERINCI XI,EKONOMI 3
JAKARTA SELATAN,652,KEBAYORAN BARU,JL. KERTANEGARA,EKONOMI 2
JAKARTA SELATAN,653,KEBAYORAN BARU,JL. KESEHATAN I,LINGKUNGAN
JAKARTA SELATAN,654,KEBAYORAN BARU,JL. KETIMUN I,EKONOMI 3
JAKARTA SELATAN,655,KEBAYORAN BARU,JL. KH. AHMAD DAHLAN,EKONOMI 1
JAKARTA SELATAN,656,KEBAYORAN BARU,JL. KIRAI,EKONOMI 3
JAKARTA SELATAN,657,KEBAYORAN BARU,JL. KOMPLEK BNI,LINGKUNGAN
JAKARTA SELATAN,658,KEBAYORAN BARU,JL. KUBIS I,EKONOMI 3
JAKARTA SELATAN,659,KEBAYORAN BARU,JL. KYAI MAJA,EKONOMI 1
JAKARTA SELATAN,660,KEBAYORAN BARU,JL. LAMANDAU I,EKONOMI 3
JAKARTA SELATAN,661,KEBAYORAN BARU,JL. LAMANDAU II,EKONOMI 3
JAKARTA SELATAN,662,KEBAYORAN BARU,JL. LAMANDAU III,EKONOMI 3
JAKARTA SELATAN,663,KEBAYORAN BARU,JL. LAMANDAU IV,EKONOMI 3
JAKARTA SELATAN,664,KEBAYORAN BARU,JL. LAMANDAU RAYA,EKONOMI 3
JAKARTA SELATAN,665,KEBAYORAN BARU,JL. LANGSAT,EKONOMI 3
JAKARTA SELATAN,666,KEBAYORAN BARU,JL. LEBAK BULUS,EKONOMI 1
JAKARTA SELATAN,667,KEBAYORAN BARU,JL. LEUSER,EKONOMI 2
JAKARTA SELATAN,668,KEBAYORAN BARU,JL. LINGKUNGAN,EKONOMI 3
JAKARTA SELATAN,669,KEBAYORAN BARU,JL. MAHAKAM,EKONOMI 1
JAKARTA SELATAN,670,KEBAYORAN BARU,JL. MARGA GUNA,EKONOMI 1
JAKARTA SELATAN,671,KEBAYORAN BARU,JL. MARITIM,LINGKUNGAN
JAKARTA SELATAN,672,KEBAYORAN BARU,JL. MARTIMBANG I,EKONOMI 3
JAKARTA SELATAN,673,KEBAYORAN BARU,JL. MAS STAM,LINGKUNGAN
JAKARTA SELATAN,674,KEBAYORAN BARU,JL. MELAWAI I,EKONOMI 1
JAKARTA SELATAN,676,KEBAYORAN BARU,JL. MELAWAI III,EKONOMI J.
JAKARTA SELATAN,677,KEBAYORAN BARU,JL. MELAWAI IV,EKONOMI 1
JAKARTA SELATAN,678,KEBAYORAN BARU,JL. MELAWAI IX,EKONOMI 1
JAKARTA SELATAN,679,KEBAYORAN BARU,JL. MELAWAI RAYA,EKONOMI 1
JAKARTA SELATAN,680,KEBAYORAN BARU,JL. MELAWAI V,EKONOMI 1
JAKARTA SELATAN,681,KEBAYORAN BARU,JL. MELAWAI VI,EKONOMI 1
JAKARTA SELATAN,682,KEBAYORAN BARU,JL. MELAWAI VII,EKONOMI 1
JAKARTA SELATAN,683,KEBAYORAN BARU,JL. MELAWAI VIII,EKONOMI 1
JAKARTA SELATAN,684,KEBAYORAN BARU,JL. MELAWAI X,EKONOMI 1
JAKARTA SELATAN,685,KEBAYORAN BARU,JL. MELAWAI XI,EKONOMI 1
JAKARTA SELATAN,686,KEBAYORAN BARU,JL. MELAWAI XII,EKONOMI 1
JAKARTA SELATAN,687,KEBAYORAN BARU,JL. MENDAWAI I,EKONOMI 3
JAKARTA SELATAN,688,KEBAYORAN BARU,JL. MENDAWAI II,EKONOMI 3
JAKARTA SELATAN,689,KEBAYORAN BARU,JL. MENDAWAI III,EKONOMI 3
JAKARTA SELATAN,690,KEBAYORAN BARU,JL. MENDAWAI IV,EKONOMI 3
JAKARTA SELATAN,691,KEBAYORAN BARU,JL. METRO PONDOK INDAH,PROTOKOL C
JAKARTA SELATAN,692,KEBAYORAN BARU,JL. MULAWARMAN,EKONOMI 3
JAKARTA SELATAN,693,KEBAYORAN BARU,JL. NANGKA,EKONOMI 2
JAKARTA SELATAN,694,KEBAYORAN BARU,JL. NIPAH,EKONOMI 3
JAKARTA SELATAN,695,KEBAYORAN BARU,JL. NYI. AGENG SERANG,EKONOMI 1
JAKARTA SELATAN,696,KEBAYORAN BARU,JL. PADANG PANJANG,EKONOMI 3
JAKARTA SELATAN,697,KEBAYORAN BARU,JL. PAKUBUWONO VI,EKONOMI 1
JAKARTA SELATAN,698,KEBAYORAN BARU,JL. PANGLIMA POLIM,EKONOMI 1
JAKARTA SELATAN,699,KEBAYORAN BARU,JL. PANGLIMA POLIM I,EKONOMI 2
JAKARTA SELATAN,700,KEBAYORAN BARU,JL. PANGLIMA POLIM II,EKONOMI 2
JAKARTA SELATAN,701,KEBAYORAN BARU,JL. PANGLIMA POLIM III,EKONOMI 2
JAKARTA SELATAN,702,KEBAYORAN BARU,JL. PANGLIMA POLIM IV,EKONOMI 2
JAKARTA SELATAN,703,KEBAYORAN BARU,JL. PANGLIMA POLIM IX,EKONOMI 1
JAKARTA SELATAN,704,KEBAYORAN BARU,JL. PANGLIMA POLIM V,EKONOMI 2
JAKARTA SELATAN,705,KEBAYORAN BARU,JL. PANGLIMA POLIM VI,EKONOMI 2
JAKARTA SELATAN,706,KEBAYORAN BARU,JL. PANGLIMA POLIM VII,EKONOMI 2
JAKARTA SELATAN,707,KEBAYORAN BARU,JL. PANGLIMA POLIM VIII,EKONOMI 2
JAKARTA SELATAN,708,KEBAYORAN BARU,JL. PANGLIMA POLIM X,EKONOMI 2
JAKARTA SELATAN,709,KEBAYORAN BARU,JL. PANGLIMA POLIM XI,EKONOMI 2
JAKARTA SELATAN,710,KEBAYORAN BARU,JL. PANGLIMA POLIM XII,EKONOMI 2
JAKARTA SELATAN,711,KEBAYORAN BARU,JL. PANGLIMA POLIM XIII,EKONOMI 3
JAKARTA SELATAN,712,KEBAYORAN BARU,JL. PANGLIMA POLIM XIV,EKONOMI 2
JAKARTA SELATAN,713,KEBAYORAN BARU,JL. PANJANG,EKONOMI 1
JAKARTA SELATAN,714,KEBAYORAN BARU,JL. PATI UNUS,EKONOMI 3
JAKARTA SELATAN,715,KEBAYORAN BARU,JL. PATIMURA,EKONOMI 1
JAKARTA SELATAN,716,KEBAYORAN BARU,JL. PAYAKUMBUH,EKONOMI 3
JAKARTA SELATAN,717,KEBAYORAN BARU,JL. PELA/KRAMAT PELA,EKONOMI 1
JAKARTA SELATAN,718,KEBAYORAN BARU,JL. PETE I,EKONOMI 3
JAKARTA SELATAN,719,KEBAYORAN BARU,JL. PETOGOGAN,EKONOMI 1
JAKARTA SELATAN,720,KEBAYORAN BARU,JL. PONDOK BETUNG,EKONOMI 3
JAKARTA SELATAN,721,KEBAYORAN BARU,JL. PONDOK LABU,EKONOMI 1
JAKARTA SELATAN,722,KEBAYORAN BARU,JL. PRAPANCA,EKONOMI 1
JAKARTA SELATAN,723,KEBAYORAN BARU,JL. PROF. JOKO SUTONO,EKONOMI 2
JAKARTA SELATAN,724,KEBAYORAN BARU,JL. PULO BANGKENG,EKONOMI 2
JAKARTA SELATAN,725,KEBAYORAN BARU,JL. PULO RAYA,EKONOMI 2
JAKARTA SELATAN,726,KEBAYORAN BARU,JL. PURNAWARMAN,EKONOMI 2
JAKARTA SELATAN,727,KEBAYORAN BARU,JL. RADEN PATAH,EKONOMI 2
JAKARTA SELATAN,728,KEBAYORAN BARU,JL. RADIO DALAM,EKONOMI 1
JAKARTA SELATAN,729,KEBAYORAN BARU,JL. RAJASA I,EKONOMI 2
JAKARTA SELATAN,730,KEBAYORAN BARU,JL. RAJASA II,EKONOMI 2
JAKARTA SELATAN,731,KEBAYORAN BARU,JL. RAJASA III,EKONOMI 2
JAKARTA SELATAN,732,KEBAYORAN BARU,JL. RUBYI I,LINGKUNGAN
JAKARTA SELATAN,733,KEBAYORAN BARU,JL. SAMA,EKONOMI 2
JAKARTA SELATAN,734,KEBAYORAN BARU,JL. SAMPIT,EKONOMI 3
JAKARTA SELATAN,735,KEBAYORAN BARU,JL. SAWAH LUNTO,EKONOMI 3
JAKARTA SELATAN,736,KEBAYORAN BARU,JL. SENAYAN,EKONOMI 2
JAKARTA SELATAN,737,KEBAYORAN BARU,JL. SENOPATI,EKONOMI 1
JAKARTA SELATAN,738,KEBAYORAN BARU,JL. SINABUNG I,EKONOMI 2
JAKARTA SELATAN,739,KEBAYORAN BARU,JL. SINABUNG II,EKONOMI 2
JAKARTA SELATAN,740,KEBAYORAN BARU,JL. SINABUNG III,EKONOMI 2
JAKARTA SELATAN,741,KEBAYORAN BARU,JL. SINABUNG IV,EKONOMI 2
JAKARTA SELATAN,742,KEBAYORAN BARU,JL. SINGGALANG,EKONOMI 3
JAKARTA SELATAN,743,KEBAYORAN BARU,JL. SISINGAMANGARAJA,PROTOKOL B
JAKARTA SELATAN,744,KEBAYORAN BARU,JL. SULTAN HASANUDDIN,EKONOMI 1
JAKARTA SELATAN,745,KEBAYORAN BARU,JL. SUNAN AMPEL,EKONOMI 3
JAKARTA SELATAN,746,KEBAYORAN BARU,JL. SUNAN KALIJAGA,EKONOMI 1
JAKARTA SELATAN,747,KEBAYORAN BARU,JL. SUNGAI SAMBAS I,EKONOMI 3
JAKARTA SELATAN,748,KEBAYORAN BARU,JL. SUNGAI SAMBAS II,EKONOMI 3
JAKARTA SELATAN,749,KEBAYORAN BARU,JL. SUNGAI SAMBAS III,EKONOMI 3
JAKARTA SELATAN,750,KEBAYORAN BARU,JL. SUNGAI SAMBAS IV,EKONOMI 3
JAKARTA SELATAN,751,KEBAYORAN BARU,JL. SURY0,EKONOMI 1
JAKARTA SELATAN,752,KEBAYORAN BARU,JL. SWADAYA,EKONOMI 3
JAKARTA SELATAN,753,KEBAYORAN BARU,JL. TAMAN DUTA I,EKONOMI 2
JAKARTA SELATAN,754,KEBAYORAN BARU,JL. TAMAN RADIO DALAM I,EKONOMI 3
JAKARTA SELATAN,755,KEBAYORAN BARU,JL. TAMAN RADIO DALAM 11,EKONOMI 3
JAKARTA SELATAN,756 KEBAYORAN BARU,JL. TAMAN RADIO DALAM III,EKONOMI 3,
JAKARTA SELATAN,757 KEBAYORAN BARU,JL. TAMAN RADIO DALAM IV,EKONOMI 3,
JAKARTA SELATAN,758 KEBAYORAN BARU,JL. TAMAN RADIO DALAM IX,EKONOMI 3,
JAKARTA SELATAN,759 KEBAYORAN BARU,JL. TAMAN RADIO DALAM V,EKONOMI 3,
JAKARTA SELATAN,760 KEBAYORAN BARU,JL. TAMAN RADIO DALAM VI,EKONOMI 3,
JAKARTA SELATAN,761 KEBAYORAN BARU,JL. TAMAN RADIO DALAM VII,•EKONOMI 3,
JAKARTA SELATAN,762 KEBAYORAN BARU,JL. TAMAN RADIO DALAM VIII,EKONOMI 3,
JAKARTA SELATAN,763 KEBAYORAN BARU,JL. TAROGONG,EKONOMI 2,
JAKARTA SELATAN,764 KEBAYORAN BARU,JL. TEBAH I,EKONOMI 2,
JAKARTA SELATAN,765 KEBAYORAN BARU,JL. TEBAH II,EKONOMI 2,
JAKARTA SELATAN,766 KEBAYORAN BARU,JL. TEBAH III,EKONOMI 2,
JAKARTA SELATAN,767 KEBAYORAN BARU,JL. TEBAH IV,EKONOMI 2,
JAKARTA SELATAN,768 KEBAYORAN BARU,JL. TEBAH RAYA,EKONOMI 2,
JAKARTA SELATAN,769 KEBAYORAN BARU,JL. TEBAH V,EKONOMI 2,
JAKARTA SELATAN,770 KEBAYORAN BARU,JL. TEBAH VI,EKONOMI 2,
JAKARTA SELATAN,771 KEBAYORAN BARU,JL. TIRTAYASA,EKONOMI 2,
JAKARTA SELATAN,772 KEBAYORAN BARU,JL. TRUNOJOY0,PROTOKOL,C
JAKARTA SELATAN,773 KEBAYORAN BARU,JL. TULODONG A'fAS,EKONOMI 3,
JAKARTA SELATAN,774 KEBAYORAN BARU,JL. TULODONG BAWAH,EKONOMI 3,
JAKARTA SELATAN,775 KEBAYORAN BARU,JL. WIDYA CHANDRA,EKONOMI 2,
JAKARTA SELATAN,776 KEBAYORAN BARU,JL. WIJAYA CHANDRA,EKONOMI 2,
JAKARTA SELATAN,777 KEBAYORAN BARU,JL. WIJAYA I,EKONOMI 1,
JAKARTA SELATAN,778 KEBAYORAN BARU,JL. WIJAYA II,EKONOMI 1,
JAKARTA SELATAN,779 KEBAYORAN BARU,JL. WIJAYA III,EKONOMI 2,
JAKARTA SELATAN,780 KEBAYORAN BARU,JL. WIJAYA IV,EKONOMI 2,
JAKARTA SELATAN,781 KEBAYORAN BARU,JL. WIJAYA IX,EKONOMI 2,
JAKARTA SELATAN,782 KEBAYORAN BARU,JL. WIJAYA RAYA,EKONOMI 1,
JAKARTA SELATAN,783 KEBAYORAN BARU,JL. WIJAYA V,EKONOMI 2,
JAKARTA SELATAN,784 KEBAYORAN BARU,JL. WIJAYA VI,EKONOMI 2,
JAKARTA SELATAN,785 KEBAYORAN BARU,JL. WIJAYA VII,EKONOMI 2,
JAKARTA SELATAN,786 KEBAYORAN BARU,JL. WIJAYA VIII,EKONOMI 2,
JAKARTA SELATAN,787 KEBAYORAN BARU,JL. WIJAYA X,EKONOMI 2,
JAKARTA SELATAN,788 KEBAYORAN BARU,JL. WIJAYA XI,EKONOMI 2,
JAKARTA SELATAN,789 KEBAYORAN BARU,JL. WIJAYA XII,EKONOMI 2,
JAKARTA SELATAN,790 KEBAYORAN BARU,JL. WIJAYA XIII,EKONOMI 2,
JAKARTA SELATAN,791 KEBAYORAN BARU,JL. WIJAYA XIV,EKONOMI 2,
JAKARTA SELATAN,792 KEBAYORAN BARU,JL. WIJAYA XV,EKONOMI 2,
JAKARTA SELATAN,793 KEBAYORAN BARU,JL. WIJAYA XVI,EKONOMI 2,
JAKARTA SELATAN,794 KEBAYORAN BARU,JL. WOLTER MONGONSIDI,EKONOMI 1,
JAKARTA SELATAN,795 KEBAYORAN BARU,JL. YADO,,LINGKUNGAN
JAKARTA SELATAN,796 KEBAYORAN BARU,JL. RS. FATMAWATI,EKONOMI 1,
JAKARTA SELATAN,7-97 KEBAYORAN BARU,JL. HAJI NAWI,EKONOMI 1,
JAKARTA SELATAN,798 KEBAYORAN BARU,JL. PANGERAN ANTASARI,EKONOMI 1,
JAKARTA SELATAN,799 KEBAYORAN BARU,JL MARTIMBANG,EKONOMI 3,
JAKARTA SELATAN,800 KEBAYORAN BARU,JL KH. M. SYAFI'l HADZAMI/GANDARIA,EKONOMI 1,
JAKARTA SELATAN,801 KEBAYORAN BARU,JL MATARAM,EKONOMI 3,
JAKARTA SELATAN,802 KEBAYORAN BARU,JL PERCETAKAN,EKONOMI 3,
JAKARTA SELATAN,803 KEBAYORAN BARU,JL RADIO I,EKONOMI 3,
JAKARTA SELATAN,804 KEBAYORAN BARU,JL RADIO II,,LINGKUNGAN
JAKARTA SELATAN,805 KEBAYORAN BARU,JL RADIO III,,LINGKUNGAN
JAKARTA SELATAN,806 KEBAYORAN BARU,JL RADIO IV,,LINGKUNGAN
JAKARTA SELATAN,807 KEBAYORAN BARU,JL RADIO V,,LINGKUNGAN
JAKARTA SELATAN,808 KEBAYORAN BARU,JL OPHIR,EKONOMI 2,
JAKARTA SELATAN,809 KEBAYORAN BARU,JL WIJAYA TIMUR,EKONOMI 3,
JAKARTA SELATAN,810 KEBAYORAN BARU,JL SRIWIJAYA,EKONOMI 3,
JAKARTA SELATAN,811 SETIABUDI,JL. ANGGARAN DANAMON,EKONOMI 1,
JAKARTA SELATAN,812 SETIABUDI,JL. BEK MURAD,EKONOMI 2,
JAKARTA SELATAN,813 SETIABUDI,JL. BOGOR LAMA,EKONOMI 2,
JAKARTA SELATAN,814 SETIABUDI,JL. CASABLANCA,PROTOKOL,A
JAKARTA SELATAN,815 SETIABUDI,JL. DENPASAR RAYA,EKONOMI 1,
JAKARTA SELATAN,816 SETIABUDI,JL. DR. SAHARDJO,PROTOKOL,C
JAKARTA SELATAN,817 SETIABUDI,JL. GARNISUN,EKONOMI 1,
JAKARTA SELATAN,818 SETIABUDI,JL. GEMBIRA,EKONOMI 3,
JAKARTA SELATAN,819,SETIABUDI,JL. GUNTUR,EKONOMI 2
JAKARTA SELATAN,820,SETIABUDI,JL. GURU MUGNI,EKONOMI 2
JAKARTA SELATAN,821,SETIABUDI,JL. H. CUKONG,EKONOMI 2
JAKARTA SELATAN,822,SETIABUDI,JL. H. SAILIN,EKONOMI 1
JAKARTA SELATAN,823,SETIABUDI,JL. HR. RASUNA SAID,PROTOKOL A
JAKARTA SELATAN,824,SETIABUDI,JL. JEND. GATOT SUBROTO,PROTOKOL A
JAKARTA SELATAN,825,SETIABUDI,JL. JEND. SUDIRMAN,PROTOKOL A
JAKARTA SELATAN,826,SETIABUDI,JL. KARANG ASEM RAYA,EKONOMI 2
JAKARTA SELATAN,827,SETIABUDI,JL. KARBELA,EKONOMI 2
JAKARTA SELATAN,828,SETIABUDI,JL. KARET CASABLANCA,PROTOKOL B
JAKARTA SELATAN,829,SETIABUDI,JL. KARET DEPAN,EKONOMI 2
JAKARTA SELATAN,830,SETIABUDI,JL. KARET KOMANDO RAYA,EKONOMI 2
JAKARTA SELATAN,831,SETIABUDI,JL. KARET KUNINGAN,EKONOMI 2
JAKARTA SELATAN,832,SETIABUDI,JL. KARET PASAR,EKONOMI 2
JAKARTA SELATAN,833,SETIABUDI,JL. KARET RAYA,EKONOMI 2
JAKARTA SELATAN,834,SETIABUDI,JL. KARET SAWAH,EKONOMI 2
JAKARTA SELATAN,835,SETIABUDI,JL. KAVLING POLRI,EKONOMI 2
JAKARTA SELATAN,836,SETIABUDI,JL. KAWASAN MEGA KUNINGAN,PROTOKOL C
JAKARTA SELATAN,837,SETIABUDI,JL. KAWI,EKONOMI 2
JAKARTA SELATAN,838,SETIABUDI,JL. KUNINGAN BARAT,EKONOMI 2
JAKARTA SELATAN,839,SETIABUDI,JL. KUNINGAN MADYA,EKONOMI 2
JAKARTA SELATAN,840,SETIABUDI,JL. KUNINGAN TERUSAN,PROTOKOL C
JAKARTA SELATAN,841,SETIABUDI,JL. KUNINGAN UTAMA,EKONOMI 2
JAKARTA SELATAN,842,SETIABUDI,JL. MENTENG ATAS SELATAN,LINGKUNGAN
JAKARTA SELATAN,843,SETIABUDI,JL. MENTENG PULO,EKONOMI 3
JAKARTA SELATAN,844,SETIABUDI,JL. MENTENG WADAS,EKONOMI 3
JAKARTA SELATAN,845,SETIABUDI,JL. MERAK,EKONOMI 3
JAKARTA SELATAN,846,SETIABUDI,JL. MESJID,EKONOMI 3
JAKARTA SELATAN,847,SETIABUDI,JL. MINANGKABAU,EKONOMI 2
JAKARTA SELATAN,848,SETIABUDI,JL. MINANGKABAU DALAM,EKONOMI 3
JAKARTA SELATAN,849,SETIABUDI,JL. MURIA,EKONOMI 2
JAKARTA SELATAN,850,SETIABUDI,JL. PARIAMAN,EKONOMI 3
JAKARTA SELATAN,851,SETIABUDI,JL. PATRA KUNINGAN,EKONOMI 1
JAKARTA SELATAN,852,SETIABUDI,JL. PEDURENAN,EKONOMI 1
JAKARTA SELATAN,853,SETIABUDI,JL. PERBANAS,EKONOMI 2
JAKARTA SELATAN,854,SETIABUDI,JL. PKW. DR. SATRIO,PROTOKOL A
JAKARTA SELATAN,855,SETIABUDI,JL. RS. MATA AINI,EKONOMI 2
JAKARTA SELATAN,856,SETIABUDI,JL. SALAK,LINGKUNGAN
JAKARTA SELATAN,857,SETIABUDI,JL. SETIA BUDI,EKONOMI 2
JAKARTA SELATAN,858,SETIABUDI,JL. SETIA BUDI RAYA BARAT,EKONOMI 3
JAKARTA SELATAN,859,SETIABUDI,JL. SULTAN AGUNG,PROTOKOL C
JAKARTA SELATAN,860,SETIABUDI,JL. TAMAN RASUNA,PROTOKOL C
JAKARTA SELATAN,861,SETIABUDI,JL. TAMAN SETIABUDI,EKONOMI 2
JAKARTA SELATAN,862,SETIABUDI,JL. SETIA BUDI SELATAN,EKONOMI 2
JAKARTA SELATAN,863,SETIABUDI,JL. SETIA BUDI UTARA,EKONOMI 2
JAKARTA SELATAN,864,SETIABUDI,JL. SETIA BUDI TENGAH,EKONOMI 2
JAKARTA SELATAN,865,SETIABUDI,JL. SETIA BUDI TIMUR,EKONOMI 2
JAKARTA SELATAN,866,SETIABUDI,JL PERINTIS,EKONOMI 2
JAKARTA SELATAN,867,SETIABUDI,JL ANGGREK,EKONOMI 2
JAKARTA SELATAN,868,TEBET,JL. AL BARKAH I,EKONOMI 3
JAKARTA SELATAN,869,TEBET,JL. ALBARKAH (TEBET),EKONOMI 2
JAKARTA SELATAN,870,TEBET,JL. ASEM BARIS,EKONOMI 2
JAKARTA SELATAN,871,TEBET,JL. BANK INDONESIA,EKONOMI 2
JAKARTA SELATAN,872,TEBET,JL. BUKIT DURI,EKONOMI 2
JAKARTA SELATAN,873,TEBET,JL. BUKIT DURI BARAT,EKONOMI 2
JAKARTA SELATAN,874,TEBET,JL. BUKIT DURI SELATAN,EKONOMI 2
JAKARTA SELATAN,875,TEBET,JL. BUKIT DURI TANJAKAN,EKONOMI 2
JAKARTA SELATAN,876,TEBET,JL. BUKIT DURI UTARA,EKONOMI 2
JAKARTA SELATAN,877,TEBET,JL. CASABLANCA,PROTOKOL B
JAKARTA SELATAN,878,TEBET,JL. DEPOSITO,EKONOMI 2
JAKARTA SELATAN,879,TEBET,JL. DR. SAHARDJO,PROTOKOL C
JAKARTA SELATAN,880,TEBET,JL. GUDANG PELURU,EKONOMI 2
JAKARTA SELATAN,881,TEBET,JL. JAYA MANDALA RAYA,EKONOMI 2
JAKARTA SELATAN,882,TEBET,JL. JEND. GATOT SUBROTO,PROTOKOL A
JAKARTA SELATAN,883,TEBET,JL. JEND. MT. HARYONO,PROTOKOL A
JAKARTA SELATAN,884,TEBET,JL. KAMPUNG MELAYU BESAR,PROTOKOL C
JAKARTA SELATAN,885,TEBET,JL. KAMPUNG MELAYU KECIL,EKONOMI 2
JAKARTA SELATAN,886,TEBET,JL. KEPODANG,LINGKUNGAN
JAKARTA SELATAN,887,TEBET,JL. KH. ABDULLAH SYAFEI/LAP ROOS,PROTOKOL C
JAKARTA SELATAN,888,TEBET,JL. MANGGARAI SELATAN,EKONOMI 2
JAKARTA SELATAN,889,TEBET,JL. MANGGARAI SELATAN I,EKONOMI 2
JAKARTA SELATAN,890,TEBET,JL. MANGGARAI SELATAN II,EKONOMI 2
JAKARTA SELATAN,891,TEBET,JL. MANGGARAI UTARA I,EKONOMI 2
JAKARTA SELATAN,892,TEBET,JL. MANGGARAI UTARA II,EKONOMI 2
JAKARTA SELATAN,893,TEBET,JL. MANGGARAI UTARA IV,EKONOMI 2
JAKARTA SELATAN,894,TEBET,JL. MANGGARAI UTARA VI,EKONOMI 3
JAKARTA SELATAN,895,TEBET,JL. MANGGIS,EKONOMI 3
JAKARTA SELATAN,896,TEBET,JL. PAL BATU,EKONOMI 2
JAKARTA SELATAN,897,TEBET,JL. PROF. DR. SUPOMO,PROTOKOL C
JAKARTA SELATAN,898,TEBET,JL. RASAMALA,EKONOMI 2
JAKARTA SELATAN,899,TEBET,JL. SAWO I,LINGKUNGAN
JAKARTA SELATAN,900,TEBET,JL. SWADAYA,EKONOMI 3
JAKARTA SELATAN,901,TEBET,JL. TAMAN TEBET,EKONOMI 2
JAKARTA SELATAN,902,TEBET,JL. TEBET BARAT,EKONOMI 2
JAKARTA SELATAN,903,TEBET,JL. TEBET BARAT DALAM,EKONOMI 1
JAKARTA SELATAN,904,TEBET,JL. TEBET BARAT DALAM I,EKONOMI 2
JAKARTA SELATAN,905,TEBET,JL. TEBET BARAT DALAM II,EKONOMI 2
JAKARTA SELATAN,906,TEBET,JL. TEBET BARAT DALAM III,EKONOMI 2
JAKARTA SELATAN,907,TEBET,JL. TEBET BARAT DALAM IV,EKONOMI 2
JAKARTA SELATAN,908,TEBET,JL. TEBET BARAT DALAM V,EKONOMI 2
JAKARTA SELATAN,909,TEBET,JL. TEBET BARAT DALAM VI,EKONOMI 2
JAKARTA SELATAN,910,TEBET,JL. TEBET BARAT DALAM VII,EKONOMI 2
JAKARTA SELATAN,911,TEBET,JL. TEBET BARAT DALAM VIII,EKONOMI 2
JAKARTA SELATAN,912,TEBET,JL. TEBET BARAT I,EKONOMI 2
JAKARTA SELATAN,913,TEBET,JL. TEBET BARAT II,EKONOMI 2
JAKARTA SELATAN,914,TEBET,JL. TEBET BARAT III,EKONOMI 2
JAKARTA SELATAN,915,TEBET,JL. TEBET BARAT IV,EKONOMI 2
JAKARTA SELATAN,916,TEBET,JL. TEBET BARAT IX,EKONOMI 1
JAKARTA SELATAN,917,TEBET,JL. TEBET BARAT RAYA,EKONOMI 2
JAKARTA SELATAN,918,TEBET,JL. TEBET BARAT V,EKONOMI 2
JAKARTA SELATAN,919,TEBET,JL. TEBET BARAT VI,EKONOMI 2
JAKARTA SELATAN,920,TEBET,JL. TEBET BARAT VII,EKONOMI 2
JAKARTA SELATAN,921,TEBET,JL. TEBET BARAT VIII,EKONOMI 2
JAKARTA SELATAN,922,TEBET,JL. TEBET DALAM,EKONOMI 2
JAKARTA SELATAN,923,TEBET,JL. TEBET RAYA,EKONOMI 1
JAKARTA SELATAN,924,TEBET,JL. TEBET TIMUR,EKONOMI 2
JAKARTA SELATAN,925,TEBET,JL. TEBET TIMUR DALAM II,EKONOMI 2
JAKARTA SELATAN,926,TEBET,JL. TEBET TIMUR DALAM RAYA,EKONOMI 1
JAKARTA SELATAN,927,TEBET,JL. TEBET UTARA DALAM,EKONOMI 1
JAKARTA SELATAN,928,TEBET,JL. TEBET UTARA I,EKONOMI 2
JAKARTA SELATAN,929,TEBET,JL. TEBET UTARA II,EKONOMI 2
JAKARTA SELATAN,930,TEBET,JL. TEBET UTARA RAYA,EKONOMI 2
JAKARTA SELATAN,931,TEBET,JL PERSADA,EKONOMI 3
JAKARTA SELATAN,932,TEBET,JL RAMLI,EKONOMI 3
JAKARTA SELATAN,933,TEBET,JL TEBET TIMUR DALAM XI (STASIUN CAWANG),EKONOMI 2
JAKARTA SELATAN,934,TEBET,JL DUKUH PATRA,EKONOMI 2
JAKARTA SELATAN,935,TEBET,JL MENTENG PULO,EKONOMI 2
JAKARTA TIMUR,1,PASAR REBO,JL. BELLY,EKONOMI 3
JAKARTA TIMUR,2,PASAR REBO,JL. BERINGIN RAYA,EKONOMI 3
JAKARTA TIMUR,3,PASAR REBO,JL. CONDET TENGAH,EKONOMI 1
JAKARTA TIMUR,4,PASAR REBO,JL. DWIKORA,EKONOMI 3
JAKARTA TIMUR,5 •PASAR REBO,JL. GANDARIA RAYA,EKONOMI 3,
JAKARTA TIMUR,6,PASAR REBO,JL. GONGSENG RAYA,EKONOMI 2
JAKARTA TIMUR,7,PASAR REBO,JL. H TAIMAN,EKONOMI 3
JAKARTA TIMUR,8,PASAR REBO,JL. H. HASAN,EKONOMI 2
JAKARTA TIMUR,9,PASAR REBO,JL. INPRES/KAMP. TENGAH,EKONOMI 2
JAKARTA TIMUR,10,PASAR REBO,JL. JATI,EKONOMI 1
JAKARTA TIMUR,11,PASAR REBO,JL. KALISARI II,EKONOMI 2
JAKARTA TIMUR,12,PASAR REBO,JL. KALISARI III,EKONOMI 2
JAKARTA TIMUR,13,PASAR REBO,JL. KALISARI RAYA,EKONOMI 2
JAKARTA TIMUR,14,PASAR REBO,JL. KESEHATAN,EKONOMI 2
JAKARTA TIMUR,15,PASAR REBO,JL. KIWI PKP,EKONOMI 2
JAKARTA TIMUR,16,PASAR REBO,JL. LAPAN PEKAYON,EKONOMI 3
JAKARTA TIMUR,17,PASAR REBO,JL. LAPANGAN TEMBAK CIBUBUR,EKONOMI 1
JAKARTA TIMUR,18,PASAR REBO,JL. MADRASAH,EKONOMI 3
JAKARTA TIMUR,19,PASAR REBO,JL. PEKAYON,EKONOMI 2
JAKARTA TIMUR,20,PASAR REBO,JL. PENDIDIKAN ( PEKAYON ),EKONOMI 2
JAKARTA TIMUR,21,PASAR REBO,JL. PENDIDIKAN I,EKONOMI 2
JAKARTA TIMUR,22,PASAR REBO,JL. PENDIDIKAN III CIJANTUNG,EKONOMI 2
JAKARTA TIMUR,23,PASAR REBO,JL. PERTENGAHAN,EKONOMI 2
JAKARTA TIMUR,24,PASAR REBO,JL. PUSKESMAS KALISARI,EKONOMI 2
JAKARTA TIMUR,25,PASAR REBO,JL. RA. FADILAH,EKONOMI 3
JAKARTA TIMUR,26,PASAR REBO,JL. RASAMALA,EKONOMI 3
JAKARTA TIMUR,"27 , PASAR REBO",JL. RAYA BOGOR,PROTOKOL,C
JAKARTA TIMUR,28,PASAR REBO,JL. RAYA CIJANTUNG,EKONOMI 2
JAKARTA TIMUR,29,PASAR REBO,JL. RAYA TENGAH,EKONOMI 2
JAKARTA TIMUR,30,PASAR REBO,JL. TB. SIMATUPANG/TOL TMII,PROTOKOL B
JAKARTA TIMUR,31,PASAR REBO,JL. TRIKORA I,EKONOMI 3
JAKARTA TIMUR,32,PASAR REBO,JL. TRIKORA II,EKONOMI 3
JAKARTA TIMUR,33,PASAR REBO,JL. TRIKORA III,EKONOMI 3
JAKARTA TIMUR,34,PASAR REBO,JL PONDOK BARU,EKONOMI 3
JAKARTA TIMUR,35,PASAR REBO,JL BENDERA,EKONOMI 3
JAKARTA TIMUR,36,PASAR REBO,JL BENGRAH,EKONOMI 3
JAKARTA TIMUR,37,PASAR REBO,JL LEBAK PARA,EKONOMI 3
JAKARTA TIMUR,38,PASAR REBO,JL MASJID,EKONOMI 3
JAKARTA TIMUR,39,PASAR REBO,JL WARU,EKONOMI 3
JAKARTA TIMUR,40,PASAR REBO,JL RAYA CONDET,EKONOMI 1
JAKARTA TIMUR,41,PASAR REBO,JL TAT TWAM ASI,EKONOMI 3
JAKARTA TIMUR,42,PASAR REBO,JL BALAI RAKYAT,EKONOMI 3
JAKARTA TIMUR,43,PASAR REBO,JL KAYU MANIS,EKONOMI 3
JAKARTA TIMUR,44,PASAR REBO,JL PESONA KALISARI,EKONOMI 2
JAKARTA TIMUR,45,PASAR REBO,JL INTISARI RAYA,EKONOMI 3
JAKARTA TIMUR,46,PASAR REBO,•JL JAHA,EKONOMI 3
JAKARTA TIMUR,47,PASAR REBO,JL SMU 98,EKONOMI 3
JAKARTA TIMUR,48,PASAR REBO,JL LESTARI,EKONOMI 3
JAKARTA TIMUR,49,PASAR REBO,JL KENANGA,EKONOMI 3
JAKARTA TIMUR,50,PASAR REBO,JL BBIK,EKONOMI 3
JAKARTA TIMUR,51,PASAR REBO,JL TIPAR,EKONOMI 3
JAKARTA TIMUR,52,PASAR REBO,JL BUAH,EKONOMI 3
JAKARTA TIMUR,53,PASAR REBO,JL TELAGA,EKONOMI 3
JAKARTA TIMUR,54,CIRACAS,JL. ABDUL RAHMAN,EKONOMI 2
JAKARTA TIMUR,55,CIRACAS,JL. BLOK DUKUH,EKONOMI 2
JAKARTA TIMUR,56,CIRACAS,JL. BULAK RINGIN,EKONOMI 2
JAKARTA TIMUR,57,CIRACAS,JL. BUNGUR,EKONOMI 3
JAKARTA TIMUR,58,CIRACAS,JL. CENTEX,EKONOMI 2
JAKARTA TIMUR,59,CIRACAS,JL. CIBUBUR I,EKONOMI 1
JAKARTA TIMUR,60,CIRACAS,JL. CIBUBUR II,EKONOMI 3
JAKARTA TIMUR,61,CIRACAS,JL. CIBUBUR INDAH,EKONOMI 1
JAKARTA TIMUR,62,CIRACAS,JL. CIRACAS RAYA,EKONOMI 1
JAKARTA TIMUR,63,CIRACAS,JL. H. JUSIN,EKONOMI 3
JAKARTA TIMUR,64,CIRACAS,JL. HAJI BAPING,EKONOMI 2
JAKARTA TIMUR,65,CIRACAS,JL. JAMBORE RAYA,EKONOMI 1
JAKARTA TIMUR,66,CIRACAS,JL. KAMPUNG JATI,EKONOMI 2
JAKARTA TIMUR,67,CIRACAS,JL. KARYA BAKTI,EKONOMI 1
JAKARTA TIMUR,68,CIRACAS,JL. KELAPA DUA WETAN,EKONOMI 1
JAKARTA TIMUR,69,CIRACAS,JL. KIWI RAYA,EKONOMI 1
JAKARTA TIMUR,70,CIRACAS,JL. LAPANGAN TEMBAK CIBUBUR,EKONOMI 1
JAKARTA TIMUR,71,CIRACAS,JL. LINGKAR LUAR SELATAN,PROTOKOL B
JAKARTA TIMUR,72,CIRACAS,JL. MAKMUR,EKONOMI 3
JAKARTA TIMUR,73,CIRACAS,JL. MANUNGGAL,EKONOMI 3
JAKARTA TIMUR,74,CIRACAS,JL. MASJID,EKONOMI 2
JAKARTA TIMUR,75,CIRACAS,JL. MUALIM,EKONOMI 3
JAKARTA TIMUR,76,CIRACAS,JL. MUSTIKA RATU,EKONOMI 2
JAKARTA TIMUR,77,CIRACAS,JL. NURUL HIDAYAH,EKONOMI 3
JAKARTA TIMUR,78,CIRACAS,JL. PENGANTEN ALI,EKONOMI 2
JAKARTA TIMUR,79,CIRACAS,JL. PKP RAYA BOGOR,EKONOMI 1
JAKARTA TIMUR,80,CIRACAS,JL. PONCOL CIRACAS RAYA,EKONOMI 1
JAKARTA TIMUR,81,CIRACAS,JL. PULE,EKONOMI 3
JAKARTA TIMUR,82,CIRACAS,JL. PUSDIKA,EKONOMI 1
JAKARTA TIMUR,83,CIRACAS,JL. RADAR AURI,EKONOMI 2
JAKARTA TIMUR,84,CIRACAS,JL. RAYA BOGOR,PROTOKOL C
JAKARTA TIMUR,85,CIRACAS,JL. SUCI,EKONOMI 2
JAKARTA TIMUR,86,CIRACAS,JL. TANAH MERDEKA,EKONOMI 2
JAKARTA TIMUR,87,CIRACAS,JL. TARUNA JAYA,EKONOMI 3
JAKARTA TIMUR,88,CIRACAS,JL. TB. SIMATUPANG/TOL TMII,PROTOKOL B
JAKARTA TIMUR,89,CIRACAS,JL. TOL JAGORAWI,PROTOKOL A
JAKARTA TIMUR,90,CIRACAS,JL. H. JENIH,EKONOMI 2
JAKARTA TIMUR,91,CIRACAS,JL. H. MUHAYANG,EKONOMI 2
JAKARTA TIMUR,92,CIRACAS,JL. KAMPUNG BARU,EKONOMI 2
JAKARTA TIMUR,93,CIRACAS,JL. CIBUBUR VIII,EKONOMI 2
JAKARTA TIMUR,94,CIRACAS,JL. CIBUBUR VII,EKONOMI 2
JAKARTA TIMUR,95,CIRACAS,JL. CIBUBUR VI,EKONOMI 2
JAKARTA TIMUR,96,CIRACAS,JL. DAMAI,EKONOMI 2
JAKARTA TIMUR,97,CIRACAS,JL. SUBUR,EKONOMI 2
JAKARTA TIMUR,98,CIRACAS,JL. USMAN NAIN,EKONOMI 2
JAKARTA TIMUR,99,CIRACAS,JL. MASJID AT TAUFIK,EKONOMI 2
JAKARTA TIMUR,100,CIPAYUNG,JL. AL - BAIDHO,EKONOMI 3
JAKARTA TIMUR,101,CIPAYUNG,JL. BAMBU APUS RAYA,EKONOMI 2
JAKARTA TIMUR,102,CIPAYUNG,JL. BAMBU KUNING,EKONOMI 3
JAKARTA TIMUR,103,CIPAYUNG,JL. BINA MARGA,EKONOMI 1
JAKARTA TIMUR,104,CIPAYUNG,JL. BUMI PERKEMAHAN CIBUBUR,PROTOKOL C
JAKARTA TIMUR,105,CIPAYUNG,JL. CEGER RAYA,EKONOMI 2
JAKARTA TIMUR,106,CIPAYUNG,JL. CILANGKAP RAYA,EKONOMI 2
JAKARTA TIMUR,107,CIPAYUNG,JL. CIPAYUNG RAYA,EKONOMI 1
JAKARTA TIMUR,108,CIPAYUNG,JL. GEMPOL,EKONOMI 2
JAKARTA TIMUR,109,CIPAYUNG,JL. HANKAM,PROTOKOL C
JAKARTA TIMUR,110,CIPAYUNG,JL. KOMPLEK TMII,EKONOMI 2
JAKARTA TIMUR,111,CIPAYUNG,JL. LINGKAR LUAR TOL CIBUBUR,PROTOKOL C
JAKARTA TIMUR,112,CIPAYUNG,JL. LUBANG BUAYA,EKONOMI 1
JAKARTA TIMUR,113,CIPAYUNG,JL. MABES HANKAM,EKONOMI 1
JAKARTA TIMUR,114,CIPAYUNG,JL. MALAKA RAYA,EKONOMI 2
JAKARTA TIMUR,115,CIPAYUNG,JL. MUNJUL RAYA,EKONOMI 2
JAKARTA TIMUR,116,CIPAYUNG,JL. PAGELARANG,EKONOMI 3
JAKARTA TIMUR,117,CIPAYUNG,JL. PANCASILA SAKTI,EKONOMI 3
JAKARTA TIMUR,118,CIPAYUNG,JL. PINTU •TMII,•EKONOMI 1
JAKARTA TIMUR,119,CIPAYUNG,JL. PINTU TMII II,EKONOMI 2
JAKARTA TIMUR,120,CIPAYUNG,JL. PONDOK GEDE RAYA,PROTOKOL C
JAKARTA TIMUR,121,CIPAYUNG,JL. PONDOK RANGON,EKONOMI 2
JAKARTA TIMUR,122,CIPAYUNG,JL. SETU,EKONOMI 2
JAKARTA TIMUR,123,CIPAYUNG,JL. TMII,PROTOKOL C
JAKARTA TIMUR,124,CIPAYUNG,JL. TOL JAGORAWI,PROTOKOL A
JAKARTA TIMUR,125,CIPAYUNG,JL CILANGKAP BARU,EKONOMI 2
JAKARTA TIMUR,126,CIPAYUNG,JL BUNI,EKONOMI 3
JAKARTA TIMUR,127,CIPAYUNG,JL ASSYAFIIYAH,EKONOMI 3
JAKARTA TIMUR,128,CIPAYUNG,JL RAWA BINONG,EKONOMI 3
JAKARTA TIMUR,129,CIPAYUNG,JL SWADAYA PD. RANGGON,EKONOMI 3
JAKARTA TIMUR,130,CIPAYUNG,JL TERUSAN MABES HANKAM,EKONOMI 3
JAKARTA TIMUR,131,CIPAYUNG,JL BANTAR JATI,EKONOMI 3
JAKARTA TIMUR,132,KRAMAT JATI,JL. BATU AMPAR,EKONOMI 2
JAKARTA TIMUR,133,KRAMAT JATI,JL. BATU AMPAR I,EKONOMI 2
JAKARTA TIMUR,134,KRAMAT JATI,JL. BATU AMPAR II,EKONOMI 2
JAKARTA TIMUR,135,KRAMAT JATI,JL. BATU AMPAR III,EKONOMI 2
JAKARTA TIMUR,136,KRAMAT JATI,JL. BULAK RANTAI,EKONOMI 2
JAKARTA TIMUR,137,KRAMAT JATI,JL. CILILITAN BESAR,EKONOMI 1
JAKARTA TIMUR,138,KRAMAT JATI,JL. CILIWUNG,EKONOMI 2
JAKARTA TIMUR,139,KRAMAT JATI,JL. DEWI SARTIKA,PROTOCOL B
JAKARTA TIMUR,140,KRAMAT JATI,JL. DUKUH I,EKONOMI 2
JAKARTA TIMUR,141,KRAMAT JATI,JL. DUKUH II,EKONOMI 2
JAKARTA TIMUR,142,KRAMAT JATI,JL. DUKUH III,EKONOMI 2
JAKARTA TIMUR,143,KRAMAT JATI,JL. GARDU,EKONOMI 2
JAKARTA TIMUR,144,KRAMAT JATI,JL. H TAIMAN,EKONOMI 3
JAKARTA TIMUR,145,KRAMAT JATI,JL. INERBANG,EKONOMI 2
JAKARTA TIMUR,146,KRAMAT JATI,JL. INPRES/KAMP. TENGAH,EKONOMI 2
JAKARTA TIMUR,147,KRAMAT JATI,JL. JEND. POL. RS SOEKAMTO,PROTOCOL C
JAKARTA TIMUR,148,KRAMAT JATI,JL. KAMPUNG TENGAH,EKONOMI 2
JAKARTA TIMUR,149,KRAMAT JATI,JL. KOBER,EKONOMI 3
JAKARTA TIMUR,150,KRAMAT JATI,JL. LETJEN. MT. HARYONO,PROTOKOL A
JAKARTA TIMUR,151,KRAMAT JATI,JL. MASJID AL-AMIN,EKONOMI 2
JAKARTA TIMUR,152,KRAMAT JATI,JL. MAYJEN SUTOY0,PROTOCOL B
JAKARTA TIMUR,153,KRAMAT JATI,JL. PONDOK GEDE RAYA,PROTOKOL C
JAKARTA TIMUR,154,KRAMAT JATI,JL. RAYA BOGOR,PROTOKOL C
JAKARTA TIMUR,155,KRAMAT JATI,JL. RAYA CONDET,EKONOMI 1
JAKARTA TIMUR,156,KRAMAT JATI,JL. RAYA TENGAH,EKONOMI 2
JAKARTA TIMUR,157,KRAMAT JATI,JL. TOL JAGORAWI,PROTOKOL A
JAKARTA TIMUR,158,KRAMAT JATI,JL. KAYU MANIS,EKONOMI 2
JAKARTA TIMUR,159,KRAMAT JATI,JL. MUNGGANG,EKONOMI 2
JAKARTA TIMUR,160,KRAMAT JATI,JL. MANUNGGAL IX,EKONOMI 2
JAKARTA TIMUR,161,KRAMAT JATI,JL. PUCUNG,EKONOMI 2
JAKARTA TIMUR,162,KRAMAT JATI,JL. AMD,EKONOMI 2
JAKARTA TIMUR,163,KRAMAT JATI,JL. KERJA BAKTI,EKONOMI 2
JAKARTA TIMUR,164,KRAMAT JATI,JL. DATO TONGGARA,EKONOMI 2
JAKARTA TIMUR,165,KRAMAT JATI,JL. RAYA KALIBATA,PROTOCOL C
JAKARTA TIMUR,166,KRAMAT JATI,JL. MANDALA V,EKONOMI 2
JAKARTA TIMUR,167,KRAMAT JATI,JL. SMA 14,EKONOMI 2
JAKARTA TIMUR,168,KRAMAT JATI,"JL. CILILITAN KECII,",EKONOMI 2
JAKARTA TIMUR,169,KRAMAT JATI,JL. MASJID BENDUNGAN,EKONOMI 2
JAKARTA TIMUR,170,KRAMAT JATI,JL. H. ALI,EKONOMI 2
JAKARTA TIMUR,171,KRAMAT JATI,JL. PENGGILINGAN BARU,EKONOMI 2
JAKARTA TIMUR,172,KRAMAT JATI,JL. BATU AMPAR V,EKONOMI 2
JAKARTA TIMUR,173,KRAMAT JATI,JL. BUDAYA,EKONOMI 2
JAKARTA TIMUR,174,KRAMAT JATI,JL. RS. POLRI,EKONOMI 1
JAKARTA TIMUR,175,KRAMAT JATI,JL. BATU AMPAR IV,EKONOMI 2
JAKARTA TIMUR,176,KRAMAT JATI,JL. BUDI TANJUNG SANYANG,EKONOMI 1
JAKARTA TIMUR,177,KRAMAT JATI,JL. DUKUH V,EKONOMI 2
JAKARTA TIMUR,178,KRAMAT JATI,JL. JAANI NASIR,EKONOMI 1
JAKARTA TIMUR,179,KRAMAT JATI,JL. KELAPA GADING V,EKONOMI 1
JAKARTA TIMUR,180,KRAMAT JATI,JL. KWINI,EKONOMI 2
JAKARTA TIMUR,181,KRAMAT JATI,JL. MASJID AL BARIYAH,EKONOMI 2
JAKARTA TIMUR,182,KRAMAT JATI,JL. PETERNAKAN,EKONOMI 2
JAKARTA TIMUR,183,KRAMAT JATI,JL. SALAK,EKONOMI 1
JAKARTA TIMUR,184,KRAMAT JATI,JL. SMP 126,EKONOMI 2
JAKARTA TIMUR,185,MAKASAR,JL. CILILITAN BESAR,EKONOMI 1
JAKARTA TIMUR,186,MAKASAR,JL. HALIM PERDANA KUSUMA,PROTOKOL C
JAKARTA TIMUR,187,MAKASAR,JL. JATIWARINGIN,PROTOKOL C
JAKARTA TIMUR,188,MAKASAR,JL. JEND. DI. PANJAITAN,PROTOKOL A
JAKARTA TIMUR,189,MAKASAR,JL. KERJA BAKTI,EKONOMI 2
JAKARTA TIMUR,190,MAKASAR,JL. LAPANGAN GOLF HALIM PK,EKONOMI 2
JAKARTA TIMUR,191,MAKASAR,JL. PERMATA,EKONOMI 2
JAKARTA TIMUR,192,MAKASAR,JL. PINANG RANTI,EKONOMI 1
JAKARTA TIMUR,193,MAKASAR,JL. PINTU TMII II,EKONOMI 2
JAKARTA TIMUR,194,MAKASAR,JL. PONDOK GEDE RAYA,PROTOKOL C
JAKARTA TIMUR,195,MAKASAR,JL. PUSDIKA,EKONOMI 2
JAKARTA TIMUR,196,MAKASAR,JL. SELAWAH RAYA,EKONOMI 2
JAKARTA TIMUR,197,MAKASAR,JL. SQUADRON,EKONOMI 2
JAKARTA TIMUR,198,MAKASAR,JL. TARUM BARAT,EKONOMI 1
JAKARTA TIMUR,199,MAKASAR,JL. TMII,PROTOKOL C
JAKARTA TIMUR,200,MAKASAR,JL. TOL CIKAMPEK,PROTOKOL A
JAKARTA TIMUR,201,MAKASAR,JL. TOL JAGORAWI,PROTOKOL A
JAKARTA TIMUR,202,MAKASAR,JL. MANUHUA RAYA HALIM,EKONOMI 2
JAKARTA TIMUR,203,MAKASAR,JL. KOMODOR HALIM PERDANA KUSUMA,EKONOMI 1
JAKARTA TIMUR,204,MAKASAR,JL TRIKORA HALIM,EKONOMI 2
JAKARTA TIMUR,205,MAKASAR,JL. JENGKI,EKONOMI 2
JAKARTA TIMUR,206,MAKASAR,JL RAJAWALI HALIM,EKONOMI 2
JAKARTA TIMUR,207,MAKASAR,JL. ASEM NIRBAYA,EKONOMI 3
JAKARTA TIMUR,208,MAKASAR,JL MERPATI KOMPTNI AU,EKONOMI 2
JAKARTA TIMUR,209,MAKASAR,JL TAMAN MINI I/PINTU MASUK I TMII,EKONOMI 1
JAKARTA TIMUR,210,MAKASAR,JL. TOL BECAKAYU,PROTOKOLB
JAKARTA TIMUR,211,MAKASAR,JL. KALIMALANG RAYA,EKONOMI 1
JAKARTA TIMUR,212,MAKASAR,JL. WIRAJASA / KOMP JAT1WARING IN PERMAI,EKONOMI 3
JAKARTA TIMUR,213,MAKASAR,JL. HANG MAUNDO / KOMP CURUG INDAH,EKONOMI 3
JAKARTA TIMUR,214,MAKASAR,JL. MERIAM / KOMP KODAM,EKONOMI 3
JAKARTA TIMUR,215,MAKASAR,JL. PINANG RANT / PUSKESMAS,EKONOMI 3
JAKARTA TIMUR,216,MAKASAR,JL. GELANGGANG REMAJA,EKONOMI 3
JAKARTA TIMUR,217,MAKASAR,JL. ANGKASA,EKONOMI 1
JAKARTA TIMUR,218,MAKASAR,JL. PERINDUSTRIAN,EKONOMI 3
JAKARTA TIMUR,219,MAKASAR,JL. MASJID DARUL KHAEROT,EKONOMI 3
JAKARTA TIMUR,220,JATINEGARA,JL. ASURANSI,EKONOMI 3
JAKARTA TIMUR,221,JATINEGARA,JL. BASUKI RACHMAT,PROTOKOL C
JAKARTA TIMUR,222,JATINEGARA,JL. BEKASI BARAT,PROTOKOL C
JAKARTA TIMUR,223,JATINEGARA,JL. BEKASI BARAT I,EKONOMI 1
JAKARTA TIMUR,224,JATINEGARA,JL. BEKASI I,EKONOMI 1
JAKARTA TIMUR,225,JATINEGARA,JL. BEKASI TIMUR I,EKONOMI 2
JAKARTA TIMUR,226,JATINEGARA,JL. BEKASI TIMUR II,EKONOMI 3
JAKARTA TIMUR,227,JATINEGARA,JL. BEKASI TIMUR III,EKONOMI 3
JAKARTA TIMUR,228,JATINEGARA,JL. BEKASI TIMUR IV,EKONOMI 3
JAKARTA TIMUR,229,JATINEGARA,JL. BEKASI TIMUR IX,EKONOMI 3
JAKARTA TIMUR,230,JATINEGARA,JL. BEKASI TIMUR V,EKONOMI 3
JAKARTA TIMUR,231,JATINEGARA,JL. BEKASI TIMUR VI,EKONOMI 3
JAKARTA TIMUR,232,JATINEGARA,JL. BEKASI TIMUR VII,EKONOMI 3
JAKARTA TIMUR,233,JATINEGARA,JL. BEKASI TIMUR VIII,EKONOMI 3
JAKARTA TIMUR,234,JATINEGARA,JL. BIRU LAUT,EKONOMI 3
JAKARTA TIMUR,235,JATINEGARA,JL. CAWANG BARU,EKONOMI 1
JAKARTA TIMUR,236,JATINEGARA,JL. CAWANG BARU TENGAH,EKONOMI 1
JAKARTA TIMUR,237,JATINEGARA,JL. CENGHAY,EKONOMI 3
JAKARTA TIMUR,238,JATINEGARA,JL. CIPINANG CEMPEDAK,EKONOMI 2
JAKARTA TIMUR,239,JATINEGARA,JL. CIPINANG ELOK,EKONOMI 3
JAKARTA TIMUR,240,JATINEGARA,JL. CIPINANG INDAH,EKONOMI 3
JAKARTA TIMUR,241,JATINEGARA,JL. CIPINANG JAYA,EKONOMI 1
JAKARTA TIMUR,242,JATINEGARA,JL. CIPINANG JAYA I,EKONOMI 3
JAKARTA TIMUR,243,JATINEGARA,JL. CIPINANG JAYA II,EKONOMI 3
JAKARTA TIMUR,244,JATINEGARA,JL. CIPINANG MUARA,EKONOMI 2
JAKARTA TIMUR,245,JATINEGARA,JL. CIPINANG MUARA I,EKONOMI 3
JAKARTA TIMUR,246,JATINEGARA,JL. CIPINANG MUARA II,EKONOMI 3
JAKARTA TIMUR,247,JATINEGARA,JL. CIPINANG MUARA 111,EKONOMI 3
JAKARTA TIMUR,248,JATINEGARA,JL. CIPINANG RAYA,EKONOMI 3
JAKARTA TIMUR,249,JATINEGARA,JL. GRIYA WARTAWAN,EKONOMI 3
JAKARTA TIMUR,250,JATINEGARA,JL. HAJI YAHYA,EKONOMI 3
JAKARTA TIMUR,251,JATINEGARA,JL. I GUSTI NGURAH RAI,PROTOKOL C
JAKARTA TIMUR,252,JATINEGARA,JL. JATINEGARA BARAT,PROTOKOL C
JAKARTA TIMUR,253,JATINEGARA,JL. JATINEGARA BARAT I,EKONOMI 3
JAKARTA TIMUR,254,JATINEGARA,JL. JATINEGARA BARAT II,EKONOML 2
JAKARTA TIMUR,255,JATINEGARA,JL. JATINEGARA BARAT III,EKONOMI 3
JAKARTA TIMUR,256,JATINEGARA,JL. JATINEGARA BARAT IV,EKONOMI 3
JAKARTA TIMUR,257,JATINEGARA,JL. JATINEGARA TIMUR,PROTOKOL C
JAKARTA TIMUR,258,JATINEGARA,JL. JATINEGARA TIMUR I,EKONOM1 3
JAKARTA TIMUR,259,JATINEGARA,JL. JATINEGARA TIMUR II,EKONOMI 2
JAKARTA TIMUR,260,JATINEGARA,JL. JATINEGARA TIMUR III,EKONOMI 3
JAKARTA TIMUR,261,JATINEGARA,JL. JATINEGARA TIMUR IV,EKONOMI 3
JAKARTA TIMUR,262,JATINEGARA,JL. JEND. DI. PANJAITAN,PROTOKOL A
JAKARTA TIMUR,263,JATINEGARA,JL. KALI MALANG,PROTOKOL. B
JAKARTA TIMUR,264,JATINEGARA,JL. KEBON NANAS SELATAN I,EKONOMI 3
JAKARTA TIMUR,265,JATINEGARA,JL. KEBON NANAS SELATAN II,EKONOMI 3
JAKARTA TIMUR,266,JATINEGARA,JL. KEBON NANAS UTARA I,EKONOMI 3
JAKARTA TIMUR,267,JATINEGARA,JL. KEBON NANAS UTARA II,EKONOMI 3
JAKARTA TIMUR,268,JATINEGARA,JL. KEBON PALA I,EKONOMI 3
JAKARTA TIMUR,269,JATINEGARA,JL. KEBON PALA II,EKONOMI 3
JAKARTA TIMUR,270,JATINEGARA,JL. KEBON PALA III,EKONOMI 3
JAKARTA TIMUR,271,JATINEGARA,JL. KEBON SAYUR,EKONOMI 3
JAKARTA TIMUR,272,JATINEGARA,JL. KOBER PEDATI,EKONOMI 3
JAKARTA TIMUR,273,JATINEGARA,JL. KP. MELAYU BESAR,EKONOMI 1
JAKARTA TIMUR,274,JATINEGARA,JL. KP. PULO MAJA,EKONOMI 2
JAKARTA TIMUR,275,JATINEGARA,JL. KP. TANAH MANISAN,EKONOMI 3
JAKARTA TIMUR,276,JATINEGARA,JL. LETJEN. MT. HARYONO,PROTOKOL A
JAKARTA TIMUR,277,JATINEGARA,JL. MADRASAH,EKONOMI 3
JAKARTA TIMUR,278,JATINEGARA,JL. MADRASAH I,EKONOMI 3
JAKARTA TIMUR,279,JATINEGARA,JL. MAJALAH,EKONOMI 3
JAKARTA TIMUR,280,JATINEGARA,JL. MATRAMAN RAYA,PROTOKOL B
JAKARTA TIMUR,281,JATINEGARA,JL. MEDIA MASSA,EKONOMI 3
JAKARTA TIMUR,282,JATINEGARA,JL. OTISTA I,EKONOMI 3
JAKARTA TIMUR,283,JATINEGARA,JL. OTISTA II,EKONOMI 3
JAKARTA TIMUR,284,JATINEGARA,JL. OTISTA III,EKONOMI 1
JAKARTA TIMUR,285,JATINEGARA,JL. OTTO ISKANDARDINATA,PROTOKOL B
JAKARTA TIMUR,286,JATINEGARA,JL. PANTI ASUHAN,EKONOMI 3
JAKARTA TIMUR,287,JATINEGARA,JL. PASAR BARAT,EKONOMI 2
JAKARTA TIMUR,288,JATINEGARA,JL. PASAR CIPLAK (JL. PANACA WARGA I),EKONOMI 2
JAKARTA TIMUR,289,JATINEGARA,JL. PASAR JATINEGARA,EKONOMI 2
JAKARTA TIMUR,290,JATINEGARA,JL. PASAR LAMA UTARA,EKONOMI 3
JAKARTA TIMUR,291,JATINEGARA,JL. PASAR SELATAN,EKONOMI 2
JAKARTA TIMUR,292,JATINEGARA,JL. PASAR TIMUR,EKONOMI 2
JAKARTA TIMUR,293,JATINEGARA,JL. PASAR UTARA,EKONOMI 2
JAKARTA TIMUR,294,JATINEGARA,JL. PEDATI,EKONOMI 2
JAKARTA TIMUR,295,JATINEGARA,JL. PERMATA,EKONOMI 3
JAKARTA TIMUR,296,JATINEGARA,JL. PERMATA I,EKONOMI 3
JAKARTA TIMUR,297,JATINEGARA,JL. PRUMPUNG TENGAH,EKONOM13
JAKARTA TIMUR,298,JATINEGARA,JL. TAMAN SIMANJUNTAK,EKONOMI 3
JAKARTA TIMUR,299,JATINEGARA,JL. TAMAN SIMANJUNTAK BARAT,EKONOM13
JAKARTA TIMUR,300,JATINEGARA,JL. TAMAN SIMANJUNTAK TIMUR,EKONOMI 3
JAKARTA TIMUR,301,JATINEGARA,JL. TANJUNG LENGKONG,EKONOMI 3
JAKARTA TIMUR,302,JATINEGARA,JL. URIP SUMOHARDJO,EKONOM13
JAKARTA TIMUR,303,JATINEGARA,JL. WEDANA,EKONOM13
JAKARTA TIMUR,304,JATINEGARA,JL. RAWA SUMUR III,EKONOMI 2
JAKARTA TIMUR,305,JATINEGARA,JL. PANCA WARNA / PASAR CIPLAK,EKONOMI 3
JAKARTA TIMUR,306,JATINEGARA,JL. PERINTIS/CIPINANG MUARA,EKONOMI 2
JAKARTA TIMUR,307,JATINEGARA,JL. PINTU PASAR,EKONOMI 2
JAKARTA TIMUR,308,JATINEGARA,JL. PINTU PASAR BARAT,EKONOMI 2
JAKARTA TIMUR,309,JATINEGARA,JL. PINTU PASAR TENGAH,EKONOMI 2
JAKARTA TIMUR,310,JATINEGARA,JL. PINTU PASAR TIMUR,EKONOMI 2
JAKARTA TIMUR,311,JATINEGARA,JL. PISANGAN BARU,EKONOMI 3
JAKARTA TIMUR,312,JATINEGARA,JL. PISANGAN LAMA SELATAN,EKONOMI 3
JAKARTA TIMUR,313,JATINEGARA,JL. PISANGAN LAMA TIMUR,EKONOMI 3
JAKARTA TIMUR,314,JATINEGARA,JL. CIPINANG BESAR/ IPN KEBON NANAS,EKONOMI 2
JAKARTA TIMUR,315,JATINEGARA,JL. CIPINANG LONTAR,EKONOMI 3
JAKARTA TIMUR,316,JATINEGARA,JL. GAPURA PASAR,EKONOMI 2
JAKARTA TIMUR,317,JATINEGARA,JL. CIPINANG BARU UTARA,EKONOMI 3
JAKARTA TIMUR,318,JATINEGARA,JL. BEKASI TIMUR,PROTOKOL C
JAKARTA TIMUR,319,JATINEGARA,JL. KEBON NANAS I,EKONOMI 3
JAKARTA TIMUR,320,JATINEGARA,JL. CIPINANG BALI,EKONOMI 3
JAKARTA TIMUR,321,JATINEGARA,JL. MULYA JAYA,EKONOMI 3
JAKARTA TIMUR,322,JATINEGARA,JL. BB.CIPINANG MUARA,EKONOMI 3
JAKARTA TIMUR,323,DUREN SAWIT,JL. BALAI RAKYAT,EKONOMI 3
JAKARTA TIMUR,324,DUREN SAWIT,JL. BAMBU ASRI SELATAN,EKONOMI 2
JAKARTA TIMUR,325,DUREN SAWIT,JL. BASUKI RACHMAT,PROTOKOL C
JAKARTA TIMUR,326,DUREN SAWIT,JL. BINA MARGA,EKONOMI 2
JAKARTA TIMUR,327,DUREN SAWIT,JL. BUARAN RAYA,EKONOMI 1
JAKARTA TIMUR,328,DUREN SAWIT,JL. BULAK,EKONOMI 3
JAKARTA TIMUR,329,DUREN SAWIT,JL. BULAK BARAT,EKONOMI 3
JAKARTA TIMUR,330,DUREN SAWIT,JL. BULAK RAYA,EKONOMI 3
JAKARTA TIMUR,331,DUREN SAWIT,JL. BUNGA RAMPAI,EKONOMI 2
JAKARTA TIMUR,332,DUREN SAWIT,JL. CIPINANG INDAH,EKONOMI 3
JAKARTA TIMUR,333,DUREN SAWIT,JL. CIPINANG MUARA,EKONOMI 2
JAKARTA TIMUR,334,DUREN SAWIT,JL. CIPINANG MUARA I,EKONOMI 3
JAKARTA TIMUR,335,DUREN SAWIT,JL. CIPINANG MUARA II,EKONOMI 3
JAKARTA TIMUR,336,DUREN SAWIT,JL. CIPINANG MUARA III,EKONOMI 3
JAKARTA TIMUR,337,DUREN SAWIT,JL. CURUG RAYA,EKONOMI 2
JAKARTA TIMUR,338,DUREN SAWIT,JL. DELIMA RAYA,EKONOMI 3
JAKARTA TIMUR,339,DUREN SAWIT,JL. DELIMA/PERUMNAS,EKONOMI 2
JAKARTA TIMUR,340,DUREN SAWIT,JL. DERMAGA RAYA,EKONOMI 1
JAKARTA TIMUR,341,DUREN SAWIT,JL. H TAIMAN,EKONOMI 3
JAKARTA TIMUR,342,DUREN SAWIT,JL. H. DOGOL,EKONOMI 3
JAKARTA TIMUR,343,DUREN SAWIT,JL. HAJI DAGON I,EKONOMI 3
JAKARTA TIMUR,344,DUREN SAWIT,JL. HAJI MIRAN,EKONOMI 3
JAKARTA TIMUR,345,DUREN SAWIT,JL. HAJI NAMAN,EKONOMI 2
JAKARTA TIMUR,347,DUREN SAWIT,JL. I GUSTI NGURAH RAI,PROTOKOL C
JAKARTA TIMUR,348,DUREN SAWIT,JL. JEND. POL. RS SOEKAMTO,PROTOKOL C
JAKARTA TIMUR,349,DUREN SAWIT,JL. KALI MALANG,PROTOKOL B
JAKARTA TIMUR,350,DUREN SAWIT,JL. KAPIN,EKONOMI 3
JAKARTA TIMUR,351,DUREN SAWIT,JL. KEJAKSAAN,EKONOMI 2
JAKARTA TIMUR,352,DUREN SAWIT,JL. KELAPA HIBRIDA,EKONOMI 3
JAKARTA TIMUR,353,DUREN SAWIT,JL. KELAPA KUNING RAYA,EKONOMI 3
JAKARTA TIMUR,354,DUREN SAWIT,JL. KELAPA SAWIT RAYA,EKONOMI 3
JAKARTA TIMUR,355,DUREN SAWIT,JL. KOLONEL SUGIONO,PROTOKOL C
JAKARTA TIMUR,356,DUREN SAWIT,JL. KOMP. TAMAN BUARAN,EKONOMI 2
JAKARTA TIMUR,357,DUREN SAWIT,JL. KOMP. TAMAN BUARAN IV,EKONOMI 2
JAKARTA TIMUR,358,DUREN SAWIT,JL. LAUT ARAFURU,EKONOMI 3
JAKARTA TIMUR,359,DUREN SAWIT,JL. LAUT BANDA,EKONOMI 3
JAKARTA TIMUR,360,DUREN SAWIT,JL. LINGKAR DUREN SAWIT,EKONOMI 3
JAKARTA TIMUR,361,DUREN SAWIT,JL. MADRASAH,EKONOMI 3
JAKARTA TIMUR,362,DUREN SAWIT,JL. MADRASAH I,EKONOMI 3
JAKARTA TIMUR,363,DUREN SAWIT,JL. MALAKA MERAH,EKONOMI 3
JAKARTA TIMUR,364,DUREN SAWIT,JL. MALAKA RAYA,EKONOMI 3
JAKARTA TIMUR,365,DUREN SAWIT,JL. MANGGAR,EKONOMI 3
JAKARTA TIMUR,366,DUREN SAWIT,JL. MASJID ABIDIN,EKONOMI 3
JAKARTA TIMUR,367,DUREN SAWIT,JL. MASJID AL-AMIN,EKONOMI 2
JAKARTA TIMUR,368,DUREN SAWIT,JL. MASJID AL-WUTSHO,EKONOMI 3
JAKARTA TIMUR,369,DUREN SAWIT,JL. MAWAR MERAH,EKONOMI 3
JAKARTA TIMUR,370,DUREN SAWIT,JL. MAYANG,EKONOMI 3
JAKARTA TIMUR,371,DUREN SAWIT,JL. NUSA INDAH,EKONOMI 3
JAKARTA TIMUR,372,DUREN SAWIT,JL. PAHLAWAN REVOLUSI,PROTOKOL C
JAKARTA TIMUR,373,DUREN SAWIT,JL. PENDIDIKAN ( DUREN SAWIT),EKONOMI 2
JAKARTA TIMUR,374,DUREN SAWIT,JL. PERTANIAN,EKONOMI 3
JAKARTA TIMUR,375,DUREN SAWIT,JL. PERUMNAS RAYA,EKONOMI 1
JAKARTA TIMUR,376,DUREN SAWIT,JL. PONDOK BAMBU,EKONOMI 2
JAKARTA TIMUR,377,DUREN SAWIT,JL. PONDOK KELAPA RAYA,EKONOMI 1
JAKARTA TIMUR,378,DUREN SAWIT,JL. PONDOK KOPI,EKONOMI 2
JAKARTA TIMUR,379,DUREN SAWIT,JL. RADEN INTEN,PROTOKOL C
JAKARTA TIMUR,380,DUREN SAWIT,JL. RAWA DOMBA,EKONOMI 3
JAKARTA TIMUR,381,DUREN SAWIT,JL. ROBUSTA,EKONOMI 3
JAKARTA TIMUR,382,DUREN SAWIT,JL. SWADAYA I,EKONOMI 3
JAKARTA TIMUR,383,DUREN SAWIT,JL. SWADAYA II,EKONOMI 3
JAKARTA TIMUR,384,DUREN SAWIT,JL. SWADAYA IV,EKONOMI 3
JAKARTA TIMUR,385,DUREN SAWIT,JL. SWADAYA RAYA DUREN SAWIT,EKONOMI 2
JAKARTA TIMUR,386,DUREN SAWIT,JL. TAMAN BUARAN,EKONOMI 2
JAKARTA TIMUR,387,DUREN SAWIT,JL. TAMAN DUREN SAWIT,EKONOMI 3
JAKARTA TIMUR,388,DUREN SAWIT,JL. TAMAN MALAKA SELATAN,EKONOMI 3
JAKARTA TIMUR,389,DUREN SAWIT,JL. TERATAI PUTIH,EKONOMI 2
JAKARTA TIMUR,390,DUREN SAWIT,JL. WIJAYA KUSUMA,EKONOMI 2
JAKARTA TIMUR,391,DUREN SAWIT,JL. WIJAYA KUSUMA I,EKONOMI 2
JAKARTA TIMUR,392,DUREN SAWIT,JL BULUH PERINDU,EKONOMI 3
JAKARTA TIMUR,393,MATRAMAN,JL. ARJUNA I,EKONOMI 3
JAKARTA TIMUR,394,MATRAMAN,JL. ASEM GEDE,EKONOMI 3
JAKARTA TIMUR,395,MATRAMAN,JL. BALAI RAKYAT,EKONOMI 3
JAKARTA TIMUR,396,MATRAMAN,JL. BUNGA,EKONOMI 3
JAKARTA TIMUR,397,MATRAMAN,JL. JEND. AHMAD YANI,PROTOKOL A
JAKARTA TIMUR,398,MATRAMAN,JL. KAMPER,EKONOMI 3
JAKARTA TIMUR,399,MATRAMAN,JL. KAYU MANIS BARAT,EKONOMI 2
JAKARTA TIMUR,400,MATRAMAN,JL. KAYU MANIS I,EKONOMI 3
JAKARTA TIMUR,401,MATRAMAN,JL. KAYU MANIS II,EKONOMI 3
JAKARTA TIMUR,402,MATRAMAN,JL. KAYU MANIS III,EKONOMI 3
JAKARTA TIMUR,403,MATRAMAN,JL. KAYU MANIS IV,EKONOMI 3
JAKARTA TIMUR,404,MATRAMAN,JL. KAYU MANIS IX,EKONOMI 3
JAKARTA TIMUR,405,MATRAMAN,JL. KAYU MANIS TIMUR,EKONOMI 2
JAKARTA TIMUR,406,MATRAMAN,JL. KAYU MANIS UTARA,EKONOMI 2
JAKARTA TIMUR,407,MATRAMAN,JL. KAYU MANIS V,EKONOMI 3
JAKARTA TIMUR,408,MATRAMAN,JL. KAYU MANIS VI,EKONOMI 3
JAKARTA TIMUR,409,MATRAMAN,JL. KAYU MANIS VII,EKONOMI 3
JAKARTA TIMUR,410,MATRAMAN,JL. KAYU MANIS VIII,EKONOMI 2
JAKARTA TIMUR,411,MATRAMAN,JL. KEBON KELAPA,EKONOMI 2
JAKARTA TIMUR,412,MATRAMAN,JL. KEBON MANGGIS I,EKONOMI 3
JAKARTA TIMUR,413,MATRAMAN,JL. KEBON MANGGIS II,EKONOMI 3
JAKARTA TIMUR,414,MATRAMAN,JL. KEBON MANGGIS III,EKONOMI 3
JAKARTA TIMUR,415,MATRAMAN,JL. KEBON MANGGIS IV,EKONOMI 3
JAKARTA TIMUR,416,MATRAMAN,JL. KEBON SEREH BARAT,EKONOMI 3
JAKARTA TIMUR,417,MATRAMAN,JL. KELAPA SAWIT,EKONOMI 3
JAKARTA TIMUR,418,MATRAMAN,JL. KELAPA TINGGI,EKONOMI 3
JAKARTA TIMUR,419,MATRAMAN,JL. KEMUNING,EKONOMI 3
JAKARTA TIMUR,420,MATRAMAN,JL. KESATRIAAN,EKONOMI 3
JAKARTA TIMUR,421,MATRAMAN,JL. KESATRIAAN I,EKONOMI 3
JAKARTA TIMUR,422,MATRAMAN,JL. KESATRIAAN II,EKONOMI 3
JAKARTA TIMUR,423,MATRAMAN,JL. KESATRIAAN III,EKONOMI 3
JAKARTA TIMUR,424,MATRAMAN,JL. KESATRIAAN IV,EKONOMI 3
JAKARTA TIMUR,425,MATRAMAN,JL. KESATRIAAN IX,EKONOMI 3
JAKARTA TIMUR,426,MATRAMAN,JL. KESATRIAAN V,EKONOMI 3
JAKARTA TIMUR,427,MATRAMAN,JL. KESATRIAAN VI,EKONOMI 3
JAKARTA TIMUR,428,MATRAMAN,JL. KESATRIAAN VII,EKONOMI 3
JAKARTA TIMUR,429,MATRAMAN,JL. KESATRIAAN VIII,EKONOMI 3
JAKARTA TIMUR,430,MATRAMAN,JL. KESATRIAAN X,EKONOMI 3
JAKARTA TIMUR,431,MATRAMAN,JL. KESATRIAAN XI,EKONOMI 3
JAKARTA TIMUR,432,MATRAMAN,JL. KH. AHMAD DAHLAN,EKONOMI 3
JAKARTA TIMUR,433,MATRAMAN,JL. KRAMAT ASEM RAYA,EKONOMI 1
JAKARTA TIMUR,434,MATRAMAN,JL. MATRAMAN I,"PROTOK01, C"
JAKARTA TIMUR,435,MATRAMAN,JL. MATRAMAN RAYA,PROTOKOL B
JAKARTA TIMUR,436,MATRAMAN,i JL. MEDE,EKONOMI 3
JAKARTA TIMUR,437,MATRAMAN,JL. NANAS,EKONOMI 3
JAKARTA TIMUR,438,MATRAMAN,JL. NANGKA,EKONOMI 3
JAKARTA TIMUR,439,MATRAMAN,JL. PAL MERIAM,EKONOMI 3
JAKARTA TIMUR,440,MATRAMAN,JL. PANDAN,EKONOMI 2
JAKARTA TIMUR,441,MATRAMAN,JL. PENEGAK,EKONOMI 3
JAKARTA TIMUR,442,MATRAMAN,JL. PENGGALANG,EKONOMI 3
JAKARTA TIMUR,443,MATRAMAN,JL. PISANGAN BARU,EKONOMI 3
JAKARTA TIMUR,444,MATRAMAN,JL. PISANGAN BARU SELATAN,EKONOMI 3
JAKARTA TIMUR,445,MATRAMAN,JL. PISANGAN BARU TIMUR,EKONOMI 3
JAKARTA TIMUR,446,MATRAMAN,JL. PISANGAN BARU UTARA,EKONOMI 3
JAKARTA TIMUR,447,MATRAMAN,JL. PRAMUKA,PROTOKOL B
JAKARTA TIMUR,448,MATRAMAN,JL. RASAMALA,EKONOMI 3
JAKARTA TIMUR,449,MATRAMAN,JL. SLAMET RIYADI I,EKONOMI 3
JAKARTA TIMUR,450,MATRAMAN,JL. SLAMET RIYADI II,EKONOMI 3
JAKARTA TIMUR,451,MATRAMAN,JL. SLAMET RIYADI III,EKONOMI 3
JAKARTA TIMUR,452,MATRAMAN,JL. SLAMET RIYADI IV,EKONOMI 3
JAKARTA TIMUR,453,MATRAMAN,JL. SLAMET RIYADI RAYA,EKONOMI 1
JAKARTA TIMUR,454,MATRAMAN,JL. TEGALAN,EKONOMI 3
JAKARTA TIMUR,455,MATRAMAN,JL. UTAN KAYU,EKONOMI 1
JAKARTA TIMUR,456,MATRAMAN,JL. WAHAB,EKONOMI 3
JAKARTA TIMUR,457,MATRAMAN,JL. WARINGIN,EKONOMI 3
JAKARTA TIMUR,458,MATRAMAN,PISANGAN BARU TENGAH,EKONOMI 2
JAKARTA TIMUR,459,PULOGADUNG,JL. ALU - ALU,EKONOMI 3
JAKARTA TIMUR,460,PULOGADUNG,JL. ANGGREK,EKONOMI 3
JAKARTA TIMUR,461,PULOGADUNG,JL. ANGKUR,EKONOMI 3
JAKARTA TIMUR,462,PULOGADUNG,JL. BAJUBANG,EKONOMI 3
JAKARTA TIMUR,463,PULOGADUNG,JL. BALAI PUSTAKA BARAT,EKONOMI 2
JAKARTA TIMUR,464,•,PULOGADUNG,JL. BALAI PUSTAKA BARAT III
JAKARTA TIMUR,465,PULOGADUNG,JL. BALAI PUSTAKA BARU,EKONOMI 1
JAKARTA TIMUR,466,PULOGADUNG,JL. BALAI PUSTAKA TIMUR,EKONOMI 1
JAKARTA TIMUR,467,PULOGADUNG,JL. BALAP SEPEDA,EKONOMI 1
JAKARTA TIMUR,468,PULOGADUNG,JL. BANGKIL,EKONOMI 3
JAKARTA TIMUR,469,PULOGADUNG,JL. BANGUNAN,EKONOMI 3
JAKARTA TIMUR,470,PULOGADUNG,JL. BANGUNAN BARAT,•
JAKARTA TIMUR,472,PULOGADUNG,JL. BEKASI TIMUR,PROTOKOL C
JAKARTA TIMUR,473,PULOGADUNG,JL. BELANAK,EKONOMI 3
JAKARTA TIMUR,474,PULOGADUNG,JL. CAKALANG,EKONOMI 3
JAKARTA TIMUR,475,PULOGADUNG,JL. CIPINANG SODONG RAYA,EKONOMI 3
JAKARTA TIMUR,476,PULOGADUNG,JL. CIPINANG TIMUR,EKONOMI 3
JAKARTA TIMUR,477,PULOGADUNG,JL. GADING RAYA,EKONOMI 2
JAKARTA TIMUR,478,PULOGADUNG,JL. HAJI TEN,EKONOMI 1
JAKARTA TIMUR,479,PULOGADUNG,JL. IKIP,EKONOMI 1
JAKARTA TIMUR,480,PULOGADUNG,JL. JATI BARANG I,EKONOMI 3
JAKARTA TIMUR,481,PULOGADUNG,JL. JATI BARANG II,EKONOMI 3
JAKARTA TIMUR,482,PULOGADUNG,JL. JATI• BARANG III•,EKONOMI 3
JAKARTA TIMUR,483,PULOGADUNG,JL. JATI BARANG IV,EKONOMI 3
JAKARTA TIMUR,484,PULOGADUNG,JL. JATINEGARA KAUM,•
JAKARTA TIMUR,485,PULOGADUNG,JL. JEND. AHMAD YANI,PROTOKOL A
JAKARTA TIMUR,486,PULOGADUNG,JL. KAYU JATI,•
JAKARTA TIMUR,487,PULOGADUNG,JL. KAYU MAS,EKONOMI 3
JAKARTA TIMUR,488,PULOGADUNG,JL. KAYU PUTIH,EKONOMI 1
JAKARTA TIMUR,489,PULOGADUNG,JL. KAYU PUTIH I,EKONOMI 3
JAKARTA TIMUR,490,PULOGADUNG,JL. KAYU PUTIH II,EKONOMI 3
JAKARTA TIMUR,491,PULOGADUNG,JL. KAYU PUTIH III,EKONOMI 3
JAKARTA TIMUR,492,PULOGADUNG,JL. KAYU PUTIH IV,EKONOMI 3
JAKARTA TIMUR,493,PULOGADUNG,JL. KAYUPUTIH SELATAN,EKONOMI 3
JAKARTA TIMUR,494,PULOGADUNG,JL. KAYUPUTIH TENGAH,EKONOMI 2
JAKARTA TIMUR,495,PULOGADUNG,JL. KEDONDONG,EKONOMI 3
JAKARTA TIMUR,496,PULOGADUNG,JL. KEMUNING,EKONOMI 3
JAKARTA TIMUR,497,PULOGADUNG,JL. KENALI ASEM,EKONOMI 3
JAKARTA TIMUR,498,PULOGADUNG,JL. KEPITING RAYA,EKONOMI 3
JAKARTA TIMUR,499,PULOGADUNG,JL. KIKIR,EKONOMI 3
JAKARTA TIMUR,500,PULOGADUNG,JL. LANGIT - LANGIT,EKONOMI 3
JAKARTA TIMUR,501,PULOGADUNG,JL. LAYUR,EKONOMI 3
JAKARTA TIMUR,502,PULOGADUNG,JL. LINDUNG,EKONOMI 3
JAKARTA TIMUR,503,PULOGADUNG,JL. LOSTER,EKONOMI 3
JAKARTA TIMUR,504,PULOGADUNG,JL. LUCIS,EKONOMI 3
JAKARTA TIMUR,505,PULOGADUNG,JL. MASJID,EKONOMI 2
JAKARTA TIMUR,506,PULOGADUNG,JL. NIBUNG,EKONOMI 3
JAKARTA TIMUR,507,PULOGADUNG,JL. PACUAN KUDA,EKONOMI 2
JAKARTA TIMUR,508,PULOGADUNG,JL. PANCA WARNA,EKONOMI 3
JAKARTA TIMUR,509,PULOGADUNG,JL. PAUS,EKONOMI 1
JAKARTA TIMUR,510,PULOGADUNG,JL. PEGAMBIRAN,EKONOMI 1
JAKARTA TIMUR,511,PULOGADUNG,JL. PELITA,EKONOMI 3
JAKARTA TIMUR,512,PULOGADUNG,JL. PEMUDA,PROTOKOL B
JAKARTA TIMUR,513,PULOGADUNG,JL. PERINTIS KEMERDEKAAN,PROTOKOL B
JAKARTA TIMUR,514,PULOGADUNG,JL. PERSAHABATAN,EKONOMI 2
JAKARTA TIMUR,515,PULOGADUNG,JL. PERSAHABATAN TIMUR,EKONOMI 3
JAKARTA TIMUR,516,PULOGADUNG,JL. PERSAHABATAN UTARA,EKONOMI 3
JAKARTA TIMUR,517,PULOGADUNG,JL. PERSERIKATAN,EKONOMI 1
JAKARTA TIMUR,518,PULOGADUNG,JL. PISANGAN LAMA I,EKONOMI 3
JAKARTA TIMUR,519,PULOGADUNG,JL. PISANGAN LAMA II,EKONOMI 3
JAKARTA TIMUR,520,PULOGADUNG,JL. PISANGAN LAMA III,EKONOMI 2
JAKARTA TIMUR,521,PULOGADUNG,JL. PISANGAN LAMA SELATAN,EKONOMI 3
JAKARTA TIMUR,522,PULOGADUNG,JL. PISANGAN LAMA TIMUR,EKONOMI 3
JAKARTA TIMUR,523,PULOGADUNG,JL. PLAPON,EKONOMI 3
JAKARTA TIMUR,524,PULOGADUNG,JL. PLITUR,EKONOMI 3
JAKARTA TIMUR,525,PULOGADUNG,JL. PONDASI,EKONOMI 3
JAKARTA TIMUR,526,PULOGADUNG,JL. PORI,EKONOMI 3
JAKARTA TIMUR,527,PULOGADUNG,JL. PRATEKAN,EKONOMI 3
JAKARTA TIMUR,528,PULOGADUNG,JL. PULO ASEM,EKONOMI 3
JAKARTA TIMUR,529,PULOGADUNG,JL. PULO ASEM I,EKONOMI 3
JAKARTA TIMUR,530,PULOGADUNG,JL. PULO ASEM II,EKONOMI 3
JAKARTA TIMUR,531,PULOGADUNG,JL. PULO ASEM III,EKONOMI 3
JAKARTA TIMUR,532,PULOGADUNG,JL. PULO ASEM IV,EKONOMI 3
JAKARTA TIMUR,533,PULOGADUNG,JL. PULO ASEM IX,EKONOMI 3
JAKARTA TIMUR,534,PULOGADUNG,JL. PULO ASEM V,EKONOMI 3
JAKARTA TIMUR,535,PULOGADUNG,JL. PULO ASEM VI,EKONOMI 3
JAKARTA TIMUR,536,PULOGADUNG,JL. PULO ASEM VII,EKONOMI 3
JAKARTA TIMUR,537,PULOGADUNG,JL. PULO ASEM VIII,EKONOMI 3
JAKARTA TIMUR,538,PULOGADUNG,JL. PULO ASEM X,EKONOMI 3
JAKARTA TIMUR,539,PULOGADUNG,JL. PULO ASEM XI,EKONOMI 3
JAKARTA TIMUR,540,PULOGADUNG,JL. PULO ASEM XII,EKONOMI 3
JAKARTA TIMUR,541,PULOGADUNG,JL. PULO MAS RAYA,EKONOMI 2
JAKARTA TIMUR,542,PULOGADUNG,JL. PULO NANGKA,EKONOMI 2
JAKARTA TIMUR,543,PULOGADUNG,JL. PULO NANGKA BARAT I,EKONOMI 3
JAKARTA TIMUR,544,PULOGADUNG,JL. PULO NANGKA SELATAN,EKONOMI 3
JAKARTA TIMUR,545,PULOGADUNG,JL. PULO NANGKA TENGAH,EKONOMI 3
JAKARTA TIMUR,546,PULOGADUNG,JL. PULO NANGKA TIMUR,EKONOMI 3
JAKARTA TIMUR,547,PULOGADUNG,JL. PULOMAS BARAT I,EKONOMI 3
JAKARTA TIMUR,548,PULOGADUNG,JL. PULOMAS BARAT II,EKONOMI 3
JAKARTA TIMUR,549,PULOGADUNG,JL. PULOMAS BARAT III,EKONOMI 3
JAKARTA TIMUR,550,PULOGADUNG,JL. PULOMAS BARAT IV,EKONOMI 3
JAKARTA TIMUR,551,PULOGADUNG,JL. PULOMAS BARAT V,EKONOMI 3
JAKARTA TIMUR,552,PULOGADUNG,JL. PULOMAS SELATAN,EKONOMI 3
JAKARTA TIMUR,553,PULOGADUNG,JL. PULOMAS UTARA I,EKONOMI 2
JAKARTA TIMUR,554,PULOGADUNG,JL. PULOMAS UTARA II,EKONOMI 3
JAKARTA TIMUR,555,PULOGADUNG,JL. PUOMAS UTARA III,EKONOMI 3
JAKARTA TIMUR,556,PULOGADUNG,JL. RAJUNGAN,EKONOMI 3
JAKARTA TIMUR,557,PULOGADUNG,JL. SERUT,EKONOMI 3
JAKARTA TIMUR,558,PULOGADUNG,JL. SUNAN AMPEL,EKONOMI 3
JAKARTA TIMUR,559,PULOGADUNG,JL. SUNAN BONANG,EKONOMI 3
JAKARTA TIMUR,560,PULOGADUNG,JL. SUNAN DEMAK,EKONOMI 3
JAKARTA TIMUR,561,PULOGADUNG,JL. SUNAN DRADJAT,EKONOMI 2
JAKARTA TIMUR,562,PULOGADUNG,JL. SUNAN GESENG,EKONOMI 3
JAKARTA TIMUR,563,PULOGADUNG,JL. SUNAN GIRI,EKONOMI 2
JAKARTA TIMUR,564,PULOGADUNG,JL. SUNAN GUNUNG JATI,EKONOMI 3
JAKARTA TIMUR,565,PULOGADUNG,JL. SUNAN KALI JAGA,EKONOMI 3
JAKARTA TIMUR,566,PULOGADUNG,JL. SUNAN KANOMAN,EKONOMI 3
JAKARTA TIMUR,567,PULOGADUNG,JL. SUNAN KESEPUHAN,EKONOMI 3
JAKARTA TIMUR,568,PULOGADUNG,JL. SUNAN MURIA,EKONOMI 3
JAKARTA TIMUR,569,PULOGADUNG,JL. SUNAN SEDAYU,EKONOMI 2
JAKARTA TIMUR,570,PULOGADUNG,JL. TAMAN JELITA,EKONOMI 3
JAKARTA TIMUR,571,PULOGADUNG,JL. TAMAN PULO ASEM,EKONOMI 3
JAKARTA TIMUR,572,PULOGADUNG,JL. TANAH MAS SELATAN,EKONOMI 3
JAKARTA TIMUR,573,PULOGADUNG,JL. TANAH MAS UTARA,EKONOMI 3
JAKARTA TIMUR,574,PULOGADUNG,JL. TARUNA JAYA,EKONOMI 3
JAKARTA TIMUR,575,PULOGADUNG,JL. TAWES,EKONOMI 3
JAKARTA TIMUR,576,PULOGADUNG,JL. TEMBOK,EKONOMI 3
JAKARTA TIMUR,577,PULOGADUNG,JL. TENGGIRI,EKONOMI 3
JAKARTA TIMUR,578,PULOGADUNG,JL. TINER I,EKONOMI 3
JAKARTA TIMUR,579,PULOGADUNG,JL. TINER II,EKONOMI 3
JAKARTA TIMUR,580,PULOGADUNG,JL. TINER III,EKONOMI 3
JAKARTA TIMUR,581,PULOGADUNG,JL. TINER IV,EKONOMI 3
JAKARTA TIMUR,582,PULOGADUNG,JL. TINER RAYA,EKONOMI 3
JAKARTA TIMUR,583,PULOGADUNG,JL. TINER V,EKONOMI 3
JAKARTA TIMUR,584,PULOGADUNG,JL. TINER VI,EKONOMI 3
JAKARTA TIMUR,585,PULOGADUNG,JL. TINER VII,EKONOMI 3
JAKARTA TIMUR,586,PULOGADUNG,JL. WARINGIN,EKONOMI 3
JAKARTA TIMUR,587,PULOGADUNG,JL. WARINGIN BARAT,EKONOMI 3
JAKARTA TIMUR,588,PULOGADUNG,JL. WARINGIN RAYA,EKONOMI 3
JAKARTA TIMUR,589,PULOGADUNG,JL. WARU,EKONOMI 2
JAKARTA TIMUR,590,PULOGADUNG,JL. WISMA JAYA,EKONOMI 3
JAKARTA TIMUR,591,PULOGADUNG,JL. RAWAMANGUN BARAT,EKONOMI 3
JAKARTA TIMUR,592,PULOGADUNG,JL. RAWAMANGUN MUKA,EKONOMI 2
JAKARTA TIMUR,593,PULOGADUNG,JL. RAWAMANGUN MUKA TIMUR,EKONOMI 3
JAKARTA TIMUR,594,PULOGADUNG,JL. RAWAMANGUN SELATAN,EKONOMI 3
JAKARTA TIMUR,595,PULOGADUNG,JL. RAYA BEKASI,EKONOMI 1
JAKARTA TIMUR,596,PULOGADUNG,JL. CIPINANG BARU,EKONOMI 2
JAKARTA TIMUR,597,PULOGADUNG,JL. CIPINANG BARU TIMUR,EKONOMI 3
JAKARTA TIMUR,598,PULOGADUNG,JL. SUNAN SEDAYU,EKONOMI 2
JAKARTA TIMUR,599,PULOGADUNG,JL. BOJANA TIRTA,EKONOMI 2
JAKARTA TIMUR,600,PULOGADUNG,JL. SWADAYA,EKONOMI 2
JAKARTA TIMUR,601,PULOGADUNG,JL. BAWAL RAYA,EKONOMI 3
JAKARTA TIMUR,602,PULOGADUNG,JL. PINANG,EKONOMI 2
JAKARTA TIMUR,603,PULOGADUNG,JL. TERATE,EKONOMI 3
JAKARTA TIMUR,604,PULOGADUNG,JL. KAYU PUTIH SELATAN,EKONOMI 2
JAKARTA TIMUR,605,PULOGADUNG,JL CIPINANG BUNDER,EKONOMI 3
JAKARTA TIMUR,606,PULOGADUNG,JL GURAME,EKONOMI 3
JAKARTA TIMUR,607,PULOGADUNG,JL PULO MAS TIMUR,EKONOMI 3
JAKARTA TIMUR,608,PULOGADUNG,JL. SODONG,EKONOMI 3
JAKARTA TIMUR,609,PULOGADUNG,JL. ARUS JATI,EKONOMI 3
JAKARTA TIMUR,610,PULOGADUNG,JL. PERIKANI 1,EKONOMI 3
JAKARTA TIMUR,611,CAKUNG,JL. RAYA BEKASI TIMUR,PROTOKOL C
JAKARTA TIMUR,612,CAKUNG,JL. CAKUNG CILINCING,PROTOKOL C
JAKARTA TIMUR,613,CAKUNG,JL. DR. KRT. RAJIMAN W,EKONOMI 1
JAKARTA TIMUR,614,CAKUNG,JL. IRIGASI UJUNG MENTENG,EKONOMI 2
JAKARTA TIMUR,615,CAKUNG,JL. JATINEGARA TIMUR II,EKONOMI 2
JAKARTA TIMUR,616,CAKUNG,JL. KANDANG SAPI,EKONOMI 3
JAKARTA TIMUR,617,CAKUNG,JL. KAWASAN PULO GADUNG JIEP,EKONOMI 1
JAKARTA TIMUR,618,CAKUNG,JL. KAYU TINGGI,EKONOMI 2
JAKARTA TIMUR,619,CAKUNG,JL. KOMP. JATINEGARA BARU,EKONOMI 1
JAKARTA TIMUR,620,CAKUNG,JL. KOMP. JATINEGARA INDAH,EKONOMI 2
JAKARTA TIMUR,621,CAKUNG,JL. KOMP. JGC,EKONOMI 1
JAKARTA TIMUR,622,CAKUNG,JL. KOMP. MENTENG METROPOLITAN,EKONOMI 1
JAKARTA TIMUR,623,CAKUNG,JL. KOMP. PULO GEBANG PERMAI,EKONOMI 2
JAKARTA TIMUR,624,CAKUNG,JL. KOMP. TAMAN MODERN,EKONOMI 1
JAKARTA TIMUR,625,CAKUNG,JL. KOMP. TAMAN PULO GEBANG,EKONOMI 1
JAKARTA TIMUR,626,CAKUNG,JL. KOMP. TAMAN PULO INDAH,EKONOMI 2
JAKARTA TIMUR,627,CAKUNG,JL. KOMP. UNITED TRAKTOR,PROTOKOL C
JAKARTA TIMUR,628,CAKUNG,JL. PEMANCINGAN PULO GEBANG,EKONOMI 2
JAKARTA TIMUR,629,CAKUNG,JL. PULO AYANG,EKONOMI 1
JAKARTA TIMUR,630,CAKUNG,JL. PULO BUARAN,EKONOMI 1
JAKARTA TIMUR,631,CAKUNG,JL. PULO GADUNG,EKONOMI 1
JAKARTA TIMUR,632,CAKUNG,JL. PULO GEBANG,EKONOMI 1
JAKARTA TIMUR,633,CAKUNG,JL. PULO JAHE,EKONOMI 1
JAKARTA TIMUR,634,CAKUNG,JL. PULO KAMBING,EKONOMI 1
JAKARTA TIMUR,635,CAKUNG,JL. PULO LENTUT,EKONOMI 1
JAKARTA TIMUR,636,CAKUNG,JL. PULO LIO,EKONOMI 1
JAKARTA TIMUR,637,CAKUNG,JL. PULO SIDIK,EKONOMI 1
JAKARTA TIMUR,638,CAKUNG,JL. RAWA BALI,EKONOMI 1
JAKARTA TIMUR,639,CAKUNG,JL. RAWA BEBEK,EKONOMI 2
JAKARTA TIMUR,640,CAKUNG,JL. RAWA BULAK I,EKONOMI 1
JAKARTA TIMUR,641,CAKUNG,JL. RAWA BULAK II,EKONOMI 1
JAKARTA TIMUR,642,CAKUNG,JL. RAWA GATEL,EKONOMI 1
JAKARTA TIMUR,643,CAKUNG,JL. RAWA GELAM,EKONOMI 1
JAKARTA TIMUR,644,CAKUNG,JL. RAWA GELAM I,EKONOMI 1
JAKARTA TIMUR,645,CAKUNG,JL. RAWA GELAM II,EKONOMI 1
JAKARTA TIMUR,646,CAKUNG,JL. RAWA GELAM III,EKONOMI 1
JAKARTA TIMUR,647,CAKUNG,JL. RAWA GELAM IV,EKONOMI 1
JAKARTA TIMUR,648,CAKUNG,JL. RAWA GELAM V,EKONOMI 1
JAKARTA TIMUR,649,CAKUNG,JL. RAWA GIRANG,EKONOMI 1
JAKARTA TIMUR,650,CAKUNG,JL. RAWA KEPITING,EKONOMI 1
JAKARTA TIMUR,651,CAKUNG,JL. RAWA KUNING,EKONOMI 2
JAKARTA TIMUR,652,CAKUNG,JL. RAWA SUMUR,EKONOMI 1
JAKARTA TIMUR,653,CAKUNG,JL. RAWA TERATE,EKONOMI 1
JAKARTA TIMUR,654,CAKUNG,JL. RAWA UDANG,EKONOMI 1
JAKARTA TIMUR,655,CAKUNG,JL. BEKASI RAYA/SULTAN HBW,PROTOKOL C
JAKARTA TIMUR,656,CAKUNG,JL. RAYA KHOMARUDIN,EKONOMI 1
JAKARTA TIMUR,657,CAKUNG,JL. RAYA PENGGILINGAN,EKONOMI 1
JAKARTA TIMUR,658,CAKUNG,JL. RAYA PULO GEBANG,EKONOMI 1
JAKARTA TIMUR,659,CAKUNG,JL. SENTRA PRIMER TIMUR,EKONOMI 1
JAKARTA TIMUR,660,CAKUNG,JL. SISI TOL BARAT,EKONOMI 1
JAKARTA TIMUR,661,CAKUNG,JL. SISI TOL TIMUR,EKONOMI 1
JAKARTA TIMUR,662,CAKUNG,JL. STASIUN CAKUNG,EKONOMI 1
JAKARTA TIMUR,663,CAKUNG,JL. SUMUR BOR,EKONOMI 3
JAKARTA TIMUR,664,CAKUNG,JL. SWADAYA,EKONOMI 1
JAKARTA TIMUR,665,CAKUNG,JL. SWADAYA I,EKONOMI 3
JAKARTA TIMUR,666,CAKUNG,JL. SWADAYA II,EKONOMI 3
JAKARTA TIMUR,667,CAKUNG,JL. SWADAYA IV,EKONOMI 3
JAKARTA TIMUR,668,CAKUNG,JL. TANJAKAN AURI,EKONOMI 3
JAKARTA TIMUR,669,CAKUNG,JL. TIPAR CAKUNG,EKONOMI 1
JAKARTA TIMUR,670,CAKUNG,JL. TOL CAKUNG CILINCING,PROTOKOL C
JAKARTA TIMUR,671,CAKUNG,JL. INSPEKSI KANAL TIMUR,EKONOMI 2
JAKARTA TIMUR,672,CAKUNG,JL. BALAI RAKYAT,EKONOMI 2
JAKARTA TIMUR,673,CAKUNG,JL. SWADAYA PLN,EKONOMI 2
JAKARTA TIMUR,674,CAKUNG,JL. MARZUKI,EKONOMI 2
JAKARTA TIMUR,675,CAKUNG,JL. AMELIA,EKONOMI 2
JAKARTA TIMUR,676,CAKUNG,JL. KOMP SEDAYU CITY,EKONOMI 1
JAKARTA UTARA & KEP. SERIBU,1,PENJARINGAN,JL. A TELUK GONG,EKONOMI 3
JAKARTA UTARA & KEP. SERIBU,2,PENJARINGAN,JL. AKASIA GOLF I,LINGKUNGAN
JAKARTA UTARA & KEP. SERIBU,3,PENJARINGAN,JL. AKASIA GOLF II,LINGKUNGAN
JAKARTA UTARA & KEP. SERIBU,4,PENJARINGAN,JL. AKASIA GOLF III,LINGKUNGAN
JAKARTA UTARA & KEP. SERIBU,5,PENJARINGAN,JL. AKASIA GOLF IV,LINGKUNGAN
JAKARTA UTARA & KEP. SERIBU,6,PENJARINGAN,JL. AKASIA GOLF RAYA,LINGKUNGAN
JAKARTA UTARA & KEP. SERIBU,7,PENJARINGAN,JL. AKASIA GOLF V,LINGKUNGAN
JAKARTA UTARA & KEP. SERIBU,8,PENJARINGAN,JL. AKASIA GOLF VI,LINGKUNGAN
JAKARTA UTARA & KEP. SERIBU,9,PENJARINGAN,JL. AKASIA GOLF VII,LINGKUNGAN
JAKARTA UTARA & KEP. SERIBU,10,PENJARINGAN,JL. ALADIN,EKONOMI 3
JAKARTA UTARA & KEP. SERIBU,11,PENJARINGAN,JL. ALADIN BARU,EKONOMI 3
JAKARTA UTARA & KEP. SERIBU,12,PENJARINGAN,JL. B TELUK GONG,EKONOMI 3
JAKARTA UTARA & KEP. SERIBU,13,PENJARINGAN,JL. BAHTERA ELOK,LINGKUNGAN
JAKARTA UTARA & KEP. SERIBU,14,PENJARINGAN,JL. BAHTERA INDAH,LINGKUNGAN
JAKARTA UTARA & KEP. SERIBU,15,PENJARINGAN,JL. BAHTERA INDAH 1,LINGKUNGAN
JAKARTA UTARA & KEP. SERIBU,16,PENJARINGAN,JL. BAHTERA INDAH 2,LINGKUNGAN
JAKARTA UTARA & KEP. SERIBU,17,PENJARINGAN,JL. BAHTERA PERMAI 1,LINGKUNGAN
JAKARTA UTARA & KEP. SERIBU,18,PENJARINGAN,JL. BAHTERA PERMAI 2,LINGKUNGAN
JAKARTA UTARA & KEP. SERIBU,19,PENJARINGAN,JL. BAHTERA PERMAI 3,LINGKUNGAN
JAKARTA UTARA & KEP. SERIBU,20,PENJARINGAN,JL. BAKTI,LINGKUNGAN
JAKARTA UTARA & KEP. SERIBU,21,PENJARINGAN,JL. BANDENGAN SELATAN,EKONOMI 1
JAKARTA UTARA & KEP. SERIBU,22,PENJARINGAN,JL. BANDENGAN UTARA,EKONOMI 1
JAKARTA UTARA & KEP. SERIBU,23,PENJARINGAN,JL. BIDARA,EKONOMI 3
JAKARTA UTARA & KEP. SERIBU,24,PENJARINGAN,JL. BONCEL,EKONOMI 3
JAKARTA UTARA & KEP. SERIBU,25,PENJARINGAN,JL. C TELUK GONG,EKONOMI 3
JAKARTA UTARA & KEP. SERIBU,26,PENJARINGAN,JL. CAMAR ELOK 1,LINGKUNGAN
JAKARTA UTARA & KEP. SERIBU,27,PENJARINGAN,JL. CAMAR ELOK 2,LINGKUNGAN
JAKARTA UTARA & KEP. SERIBU,28,PENJARINGAN,JL. CAMAR ELOK 3,LINGKUNGAN
JAKARTA UTARA & KEP. SERIBU,29,PENJARINGAN,JL. CAMAR ELOK 4,LINGKUNGAN
JAKARTA UTARA & KEP. SERIBU,30,PENJARINGAN,JL. CAMAR ELOK 5,LINGKUNGAN
JAKARTA UTARA & KEP. SERIBU,31,PENJARINGAN,JL. CAMAR ELOK 6,LINGKUNGAN
JAKARTA UTARA & KEP. SERIBU,32,PENJARINGAN,JL. CAMAR ELOK 7,LINGKUNGAN
JAKARTA UTARA & KEP. SERIBU,33,PENJARINGAN,JL. CAMAR INDAH 1,LINGKUNGAN
JAKARTA UTARA & KEP. SERIBU,34,PENJARINGAN,JL. CAMAR INDAH 2,LINGKUNGAN
JAKARTA UTARA & KEP. SERIBU,35,PENJARINGAN,JL. CAMAR INDAH 3,LINGKUNGAN
JAKARTA UTARA & KEP. SERIBU,36,PENJARINGAN,JL. CAMAR INDAH 4,LINGKUNGAN
JAKARTA UTARA & KEP. SERIBU,37,PENJARINGAN,JL. CAMAR INDAH 5,LINGKUNGAN
JAKARTA UTARA & KEP. SERIBU,38,PENJARINGAN,JL. CAMAR INDAH 6,LINGKUNGAN
JAKARTA UTARA & KEP. SERIBU,39,PENJARINGAN,JL. CAMAR INDAH 7,LINGKUNGAN
JAKARTA UTARA & KEP. SERIBU,40,PENJARINGAN,JL. CAMAR INDAH 8,LINGKUNGAN
JAKARTA UTARA & KEP. SERIBU,41,PENJARINGAN,JL. CAMAR PERMAI 1,LINGKUNGAN
JAKARTA UTARA & KEP. SERIBU,42,PENJARINGAN,JL. CAMAR PERMAI 2,LINGKUNGAN
JAKARTA UTARA & KEP. SERIBU,43,PENJARINGAN,JL. CAMAR PERMAI 3,LINGKUNGAN
JAKARTA UTARA & KEP. SERIBU,44,PENJARINGAN,JL. CAMAR PERMAI 4,LINGKUNGAN
JAKARTA UTARA & KEP. SERIBU,45,PENJARINGAN,JL. CAMAR PERMAI 5,LINGKUNGAN
JAKARTA UTARA & KEP. SERIBU,46,PENJARINGAN,JL. CAMAR PERMAI 6,LINGKUNGAN
JAKARTA UTARA & KEP. SERIBU,47,PENJARINGAN,JL. CAMAR PERMAI 7,LINGKUNGAN
JAKARTA UTARA & KEP. SERIBU,48,PENJARINGAN,JL. CENANG,EKONOMI 3
JAKARTA UTARA & KEP. SERIBU,49,PENJARINGAN,JL. CENDANA GOLF,LINGKUNGAN
JAKARTA UTARA & KEP. SERIBU,50,PENJARINGAN,JL. CENDANA GOLF I,LINGKUNGAN
JAKARTA UTARA & KEP. SERIBU,51,PENJARINGAN,JL. CENDANA GOLF II,LINGKUNGAN
JAKARTA UTARA & KEP. SERIBU,52,PENJARINGAN,JL. CENDANA GOLF III,LINGKUNGAN
JAKARTA UTARA & KEP. SERIBU,53,PENJARINGAN,JL. CENDANA GOLF IV,LINGKUNGAN
JAKARTA UTARA & KEP. SERIBU,54,PENJARINGAN,JL. CENDANA GOLF V,LINGKUNGAN
JAKARTA UTARA & KEP. SERIBU,55,PENJARINGAN,JL. CROWN GOLF BOULEVARD,LINGKUNGAN
JAKARTA UTARA & KEP. SERIBU,56,PENJARINGAN,JL. D TELUK GONG,EKONOMI 3
JAKARTA UTARA & KEP. SERIBU,57,PENJARINGAN,JL. DAMAR GOLF I,LINGKUNGAN
JAKARTA UTARA & KEP. SERIBU,58,PENJARINGAN,JL. DAMAR GOLF II,LINGKUNGAN
JAKARTA UTARA & KEP. SERIBU,59,PENJARINGAN,JL. DUTA HARAPAN INDAH,EKONOMI 1
JAKARTA UTARA & KEP. SERIBU,60,PENJARINGAN,JL. EBONY GOLF I,LINGKUNGAN
JAKARTA UTARA & KEP. SERIBU,61,PENJARINGAN,JL. EBONY GOLF 11,LINGKUNGAN
JAKARTA UTARA & KEP. SERIBU,62,PENJARINGAN,JL. EBONY GOLF III,LINGKUNGAN
JAKARTA UTARA & KEP. SERIBU,63,PENJARINGAN,JL. EBONY GOLF IV,LINGKUNGAN
JAKARTA UTARA & KEP. SERIBU,64,PENJARINGAN,JL. EBONY GOLF RAYA,LINGKUNGAN
JAKARTA UTARA & KEP. SERIBU,65,PENJARINGAN,JL. EBONY GOLF V,LINGKUNGAN
JAKARTA UTARA & KEP. SERIBU,66,PENJARINGAN,JL. EBONY GOLF VI,LINGKUNGAN
JAKARTA UTARA & KEP. SERIBU,67,PENJARINGAN,JL. EBONY GOLF VII,LINGKUNGAN
JAKARTA UTARA & KEP. SERIBU,68,PENJARINGAN,JL. EKOR KUNING,EKONOMI 3
JAKARTA UTARA & KEP. SERIBU,69,PENJARINGAN,JL. ELANG LAUT 1,LINGKUNGAN
JAKARTA UTARA & KEP. SERIBU,70,PENJARINGAN,JL. ELANG LAUT 2,LINGKUNGAN
JAKARTA UTARA & KEP. SERIBU,71,PENJARINGAN,JL. ELANG LAUT 3,LINGKUNGAN
JAKARTA UTARA & KEP. SERIBU,72,PENJARINGAN,JL. ELANG LAUT 4,LINGKUNGAN
JAKARTA UTARA & KEP. SERIBU,73,PENJARINGAN,JL. ELANG LAUT 5,LINGKUNGAN
JAKARTA UTARA & KEP. SERIBU,74,PENJARINGAN,JL. ELANG LAUT 6,LINGKUNGAN
JAKARTA UTARA & KEP. SERIBU,75,PENJARINGAN,JL. ELANG LAUT 7,LINGKUNGAN
JAKARTA UTARA & KEP. SERIBU,76,PENJARINGAN,JL. ELANG LAUT 8,LINGKUNGAN
JAKARTA UTARA & KEP. SERIBU,77,PENJARINGAN,JL. ELANG LAUT RAYA,EKONOMI 1
JAKARTA UTARA & KEP. SERIBU,78,PENJARINGAN,JL. F TELUK GONG,EKONOMI 3
JAKARTA UTARA & KEP. SERIBU,79,PENJARINGAN,JL. FLAMBOYAN GOLF,LINGKUNGAN
JAKARTA UTARA & KEP. SERIBU,80,PENJARINGAN,JL. FLAMBOYAN GOLF I,LINGKUNGAN
JAKARTA UTARA & KEP. SERIBU,81,PENJARINGAN,JL. FLAMBOYAN GOLF II,LINGKUNGAN
JAKARTA UTARA & KEP. SERIBU,82,PENJARINGAN,JL. FLAMBOYAN GOLF III,LINGKUNGAN
JAKARTA UTARA & KEP. SERIBU,83,PENJARINGAN,JL. FLORENCE,LINGKUNGAN
JAKARTA UTARA & KEP. SERIBU,84,PENJARINGAN,JL. FLORENCE 1,LINGKUNGAN
JAKARTA UTARA & KEP. SERIBU,85,PENJARINGAN,JL. G. TELUK GONG,EKONOMI 3
JAKARTA UTARA & KEP. SERIBU,86,PENJARINGAN,JL. GABUS,EKONOMI 3
JAKARTA UTARA & KEP. SERIBU,87,PENJARINGAN,JL. GAMBANG I,EKONOMI 3
JAKARTA UTARA & KEP. SERIBU,88,PENJARINGAN,JL. GAMBANG II,EKONOMI 3
JAKARTA UTARA & KEP. SERIBU,89,PENJARINGAN,JL. GANGGENG,LINGKUNGAN
JAKARTA UTARA & KEP. SERIBU,90,PENJARINGAN,JL. GARDEN IMPERIAL,LINGKUNGAN
JAKARTA UTARA & KEP. SERIBU,91,PENJARINGAN,JL. GARDEN ISLAND I,LINGKUNGAN
JAKARTA UTARA & KEP. SERIBU,92,PENJARINGAN,JL. GARDEN ISLAND II,LINGKUNGAN
JAKARTA UTARA & KEP. SERIBU,93,PENJARINGAN,JL. GARDEN ISLAND III,LINGKUNGAN
JAKARTA UTARA & KEP. SERIBU,94,PENJARINGAN,JL. GARDEN MARBLE I,LINGKUNGAN
JAKARTA UTARA & KEP. SERIBU,95,PENJARINGAN,JL. GARDEN MARBLE II,LINGKUNGAN
JAKARTA UTARA & KEP. SERIBU,96,PENJARINGAN,JL. GARDEN MARBLE III,LINGKUNGAN
JAKARTA UTARA & KEP. SERIBU,97,PENJARINGAN,JL. GARDEN MARBLE IV,LINGKUNGAN
JAKARTA UTARA & KEP. SERIBU,98,PENJARINGAN,JL. GARDEN MARBLE V,LINGKUNGAN
JAKARTA UTARA & KEP. SERIBU,99,PENJARINGAN,JL. GARDEN MARBLE VI,LINGKUNGAN
JAKARTA UTARA & KEP. SERIBU,100,PENJARINGAN,JL. GARDEN MARBLE VII,LINGKUNGAN
JAKARTA UTARA & KEP. SERIBU,101,PENJARINGAN,JL. GEDONG PANJANG,PROTOKOL C
JAKARTA UTARA & KEP. SERIBU,102,PENJARINGAN,JL. GEMBIRA,LINGKUNGAN
JAKARTA UTARA & KEP. SERIBU,103,PENJARINGAN,JL. GG. BUNTEK,EKONOMI 3
JAKARTA UTARA & KEP. SERIBU,104,PENJARINGAN,JL. GUSTI PERMATA,EKONOMI 3
JAKARTA UTARA & KEP. SERIBU,105,PENJARINGAN,JL. GUSTI PERMATA I,LINGKUNGAN
JAKARTA UTARA & KEP. SERIBU,106,PENJARINGAN,JL. GUSTI PERMATA II,LINGKUNGAN
JAKARTA UTARA & KEP. SERIBU,107,PENJARINGAN,JL. GUSTI PERMATA III,LINGKUNGAN
JAKARTA UTARA & KEP. SERIBU,108,PENJARINGAN,JL. GUSTI PERMATA IV,LINGKUNGAN
JAKARTA UTARA & KEP. SERIBU,109,PENJARINGAN,JL. GUSTI PERMATA IX,EKONOMI 3
JAKARTA UTARA & KEP. SERIBU,110,PENJARINGAN,JL. GUSTI PERMATA V,LINGKUNGAN
JAKARTA UTARA & KEP. SERIBU,111,PENJARINGAN,JL. GUSTI PERMATA VI,LINGKUNGAN
JAKARTA UTARA & KEP. SERIBU,112,PENJARINGAN,JL. GUSTI PERMATA VII,LINGKUNGAN
JAKARTA UTARA & KEP. SERIBU,113,PENJARINGAN,JL. GUSTI PERMATA VIII,LINGKUNGAN
JAKARTA UTARA & KEP. SERIBU,114,PENJARINGAN,JL. H TELUK GONG,EKONOMI 3
JAKARTA UTARA & KEP. SERIBU,115,PENJARINGAN,JL. I TELUK GONG,LINGKUNGAN
JAKARTA UTARA & KEP. SERIBU,116,PENJARINGAN,JL. INSPEKSI,EKONOMI 3
JAKARTA UTARA & KEP. SERIBU,117,PENJARINGAN,JL. IR. WIYOTO WIYONO,PROTOKOL B
JAKARTA UTARA & KEP. SERIBU,118,PENJARINGAN,JL. J TELUK GONG,LINGKUNGAN
JAKARTA UTARA & KEP. SERIBU,119,PENJARINGAN,JL. JADE GOLF 1,LINGKUNGAN
JAKARTA UTARA & KEP. SERIBU,120,PENJARINGAN,JL. JELAMBAR,EKONOMI 3
JAKARTA UTARA & KEP. SERIBU,121,PENJARINGAN,JL. JELAMBAR ALADIN,EKONOMI 3
JAKARTA UTARA & KEP. SERIBU,122,PENJARINGAN,JL. JELAMBAR FAJAR,EKONOMI 3
JAKARTA UTARA & KEP. SERIBU,123,PENJARINGAN,JL. JEMBATAN DUA (TOL),PROTOKOL C
JAKARTA UTARA & KEP. SERIBU,124 PENJARINGAN,JL. JEMBATAN GAMBANG,EKONOMI 3,
JAKARTA UTARA & KEP. SERIBU,125 PENJARINGAN,JL. JEMBATAN GAMBANG II,EKONOMI 3,
JAKARTA UTARA & KEP. SERIBU,126 PENJARINGAN,JL. JEMBATAN II (ROBINSON),PROTOKOL,C
JAKARTA UTARA & KEP. SERIBU,127 PENJARINGAN,JL. JEMBATAN TIGA (TOL),PROTOKOL,C
JAKARTA UTARA & KEP. SERIBU,128 PENJARINGAN,JL. JOHAR HIJAU GOLF I,,LINGKUNGAN
JAKARTA UTARA & KEP. SERIBU,129 PENJARINGAN,JL. JOHAR HIJAU GOLF II,,LINGKUNGAN
JAKARTA UTARA & KEP. SERIBU,130 PENJARINGAN,JL. JOHAR HIJAU GOLF III,,LINGKUNGAN
JAKARTA UTARA & KEP. SERIBU,131 PENJARINGAN,JL. JOHAR HIJAU GOLF RAYA,,LINGKUNGAN
JAKARTA UTARA & KEP. SERIBU,132 PENJARINGAN,JL. K TELUK GONG,EKONOMI 3,
JAKARTA UTARA & KEP. SERIBU,133 PENJARINGAN,JL. KAKAP,EKONOMI 3,
JAKARTA UTARA & KEP. SERIBU,134 PENJARINGAN,JL. KALIJODO,EKONOMI 2,
JAKARTA UTARA & KEP. SERIBU,135 PENJARINGAN,JL. KAMAL,EKONOMI 1,
JAKARTA UTARA & KEP. SERIBU,136 PENJARINGAN,JL. KAMAL MUARA,EKONOMI 1,
JAKARTA UTARA & KEP. SERIBU,137 PENJARINGAN,JL. KAMAL MUARA 1,EKONOMI 3,
JAKARTA UTARA & KEP. SERIBU,138 PENJARINGAN,JL. KAMAL MUARA 2,EKONOMI 3,
JAKARTA UTARA & KEP. SERIBU,139 PENJARINGAN,JL. KAMAL MUARA 3,EKONOMI 3,
JAKARTA UTARA & KEP. SERIBU,140 PENJARINGAN,JL. KAMAL MUARA 4,EKONOMI 3,
JAKARTA UTARA & KEP. SERIBU,141 PENJARINGAN,JL. KAMAL MUARA 5,EKONOMI 3,
JAKARTA UTARA & KEP. SERIBU,142 PENJARINGAN,JL. KAMAL MUARA 6,EKONOMI 3,
JAKARTA UTARA & KEP. SERIBU,143 PENJARINGAN,JL. KAMAL PANTAI,,LINGKUNGAN
JAKARTA UTARA & KEP. SERIBU,144 PENJARINGAN,JL. KANO PERMAI 1,,LINGKUNGAN
JAKARTA UTARA & KEP. SERIBU,145 PENJARINGAN,JL. KANO PERMAI 2,,LINGKUNGAN
JAKARTA UTARA & KEP. SERIBU,146 PENJARINGAN,JL. KANO PERMAI 3,,LINGKUNGAN
JAKARTA UTARA & KEP. SERIBU,147 PENJARINGAN,JL. KANO PERMAI 4,,LINGKUNGAN
JAKARTA UTARA & KEP. SERIBU,148 PENJARINGAN,JL. KAPUK KAMAL,EKONOMI 1,
JAKARTA UTARA & KEP. SERIBU,149 PENJARINGAN,JL. KAPUK KAMAL MUARA,EKONOMI 1,
JAKARTA UTARA & KEP. SERIBU,150 PENJARINGAN,JL. KAPUK MUARA,EKONOMI 1,
JAKARTA UTARA & KEP. SERIBU,151 PENJARINGAN,JL. KAPUK RAYA,EKONOMI 1,
JAKARTA UTARA & KEP. SERIBU,152 • PENJARINGAN,JL. KATAMARAN INDAH 1,,LINGKUNGAN
JAKARTA UTARA & KEP. SERIBU,153 PENJARINGAN,JL. KATAMARAN INDAH 10,,LINGKUNGAN
JAKARTA UTARA & KEP. SERIBU,154 PENJARINGAN,JL. KATAMARAN INDAH 11,,LINGKUNGAN
JAKARTA UTARA & KEP. SERIBU,155 PENJARINGAN,JL. KATAMARAN INDAH 12,,LINGKUNGAN
JAKARTA UTARA & KEP. SERIBU,156 PENJARINGAN,JL. KATAMARAN INDAH 2,,LINGKUNGAN
JAKARTA UTARA & KEP. SERIBU,157 PENJARINGAN,JL. KATAMARAN INDAH 3,,LINGKUNGAN
JAKARTA UTARA & KEP. SERIBU,158 PENJARINGAN,JL. KATAMARAN INDAH 4,,LINGKUNGAN
JAKARTA UTARA & KEP. SERIBU,159 PENJARINGAN,JL. KATAMARAN INDAH 5,,LINGKUNGAN
JAKARTA UTARA & KEP. SERIBU,160 PENJARINGAN,JL. KATAMARAN INDAH 6,,LINGKUNGAN
JAKARTA UTARA & KEP. SERIBU,161 PENJARINGAN,JL. KATAMARAN INDAH 7,,LINGKUNGAN
JAKARTA UTARA & KEP. SERIBU,162 PENJARINGAN,JL. KATAMARAN INDAH 8,,LINGKUNGAN
JAKARTA UTARA & KEP. SERIBU,163 PENJARINGAN,JL. KATAMARAN INDAH 9,,LINGKUNGAN
JAKARTA UTARA & KEP. SERIBU,164 PENJARINGAN,JL. KATAMARAN PERMAI 1,,LINGKUNGAN
JAKARTA UTARA & KEP. SERIBU,165 PENJARINGAN,JL. KATAMARAN PERMAI 2,,LINGKUNGAN
JAKARTA UTARA & KEP. SERIBU,166 PENJARINGAN,JL. KATAMARAN PERMAI 3,,LINGKUNGAN
JAKARTA UTARA & KEP. SERIBU,167 PENJARINGAN,JL. KATAMARAN PERMAI 4,,LINGKUNGAN
JAKARTA UTARA & KEP. SERIBU,168 PENJARINGAN,JL. KATAMARAN PERMAI 5,,LINGKUNGAN
JAKARTA UTARA & KEP. SERIBU,169 PENJARINGAN,JL. KATAMARAN PERMAI 6,,LINGKUNGAN
JAKARTA UTARA & KEP. SERIBU,170 PENJARINGAN,JL. KATAMARAN PERMAI 7,,LINGKUNGAN
JAKARTA UTARA & KEP. SERIBU,171 PENJARINGAN,JL. KATAMARAN PERMAI 8,,LINGKUNGAN
JAKARTA UTARA & KEP. SERIBU,172 PENJARINGAN,JL. KATAMARAN PERMAI 9,,LINGKUNGAN
JAKARTA UTARA & KEP. SERIBU,173 PENJARINGAN,JL. KEMBUNG,EKONOMI 3,
JAKARTA UTARA & KEP. SERIBU,174 •,PENJARINGAN,JL. KENARI GOLF RAYA,LINGKUNGAN
JAKARTA UTARA & KEP. SERIBU,175 PENJARINGAN,JL. KENARI HIJAU I,,LINGKUNGAN
JAKARTA UTARA & KEP. SERIBU,176 PENJARINGAN,JL. KENARI HIJAU II,,LINGKUNGAN
JAKARTA UTARA & KEP. SERIBU,177 PENJARINGAN,JL. KENARI HIJAU RAYA,,LINGKUNGAN
JAKARTA UTARA & KEP. SERIBU,178 PENJARINGAN,JL. KEPANDUAN,EKONOMI 3,
JAKARTA UTARA & KEP. SERIBU,179 PENJARINGAN,JL. KEPANDUAN II,EKONOMI 3,
JAKARTA UTARA & KEP. SERIBU,180 PENJARINGAN,JL. KEPANDUAN III,EKONOMI 3,
JAKARTA UTARA & KEP. SERIBU,181 PENJARINGAN,JL. KERTA JAYA,EKONOMI 3,
JAKARTA UTARA & KEP. SERIBU,182 PENJARINGAN,JL. KETING,EKONOMI 3,
JAKARTA UTARA & KEP. SERIBU,183 PENJARINGAN,JL. L TELUK GONG,,LINGKUNGAN
JAKARTA UTARA & KEP. SERIBU,184 PENJARINGAN,•,JL. LAYAR PERMAI,LINGKUNGAN
JAKARTA UTARA & KEP. SERIBU,185 PENJARINGAN,JL. LAYAR PERMAI 1,,LINGKUNGAN
JAKARTA UTARA & KEP. SERIBU,186,PENJARINGAN,JL. LAYAR PERMAI 10,LINGKUNGAN
JAKARTA UTARA & KEP. SERIBU,187,PENJARINGAN,JL. LAYAR PERMAI 11,LINGKUNGAN
JAKARTA UTARA & KEP. SERIBU,188,PENJARINGAN,JL. LAYAR PERMAI 2 A,LINGKUNGAN
JAKARTA UTARA & KEP. SERIBU,189,PENJARINGAN,JL. LAYAR PERMAI 3,LINGKUNGAN
JAKARTA UTARA & KEP. SERIBU,190,PENJARINGAN,JL. LAYAR PERMAI 4,LINGKUNGAN
JAKARTA UTARA & KEP. SERIBU,191,PENJARINGAN,JL. LAYAR PERMAI 4A,LINGKUNGAN
JAKARTA UTARA & KEP. SERIBU,192,PENJARINGAN,JL. LAYAR PERMAI 4B,LINGKUNGAN
JAKARTA UTARA & KEP. SERIBU,193,PENJARINGAN,JL. LAYAR PERMAI 4C,LINGKUNGAN
JAKARTA UTARA & KEP. SERIBU,194,PENJARINGAN,JL. LAYAR PERMAI 5,LINGKUNGAN
JAKARTA UTARA & KEP. SERIBU,195,PENJARINGAN,JL. LAYAR PERMAI 6,LINGKUNGAN
JAKARTA UTARA & KEP. SERIBU,196,PENJARINGAN,JL. LAYAR PERMAI 7,LINGKUNGAN
JAKARTA UTARA & KEP. SERIBU,197,PENJARINGAN,JL. LAYAR PERMAI 8,LINGKUNGAN
JAKARTA UTARA & KEP. SERIBU,198,PENJARINGAN,JL. LAYAR PERMAI 9,LINGKUNGAN
JAKARTA UTARA & KEP. SERIBU,199,PENJARINGAN,JL. LELE,EKONOMI 3
JAKARTA UTARA & KEP. SERIBU,200,PENJARINGAN,JL. LINDUNG,EKONOMI 3
JAKARTA UTARA & KEP. SERIBU,201,PENJARINGAN,JL. LOPIS,EKONOMI 3
JAKARTA UTARA & KEP. SERIBU,202,PENJARINGAN,JL. LOPIS I,LINGKUNGAN
JAKARTA UTARA & KEP. SERIBU,203,PENJARINGAN,JL. LOPIS II,EKONOMI 3
JAKARTA UTARA & KEP. SERIBU,204,PENJARINGAN,JL. LOPIS III,EKONOMI 3
JAKARTA UTARA & KEP. SERIBU,205,PENJARINGAN,JL. LOTUS INDAH,EKONOMI 3
JAKARTA UTARA & KEP. SERIBU,206,PENJARINGAN,JL. LUAR BATANG I,EKONOMI 3
JAKARTA UTARA & KEP. SERIBU,207,PENJARINGAN,JL. LUAR BATANG II,EKONOMI 3
JAKARTA UTARA & KEP. SERIBU,208,PENJARINGAN,JL. LUAR BATANG III,EKONOMI 3
JAKARTA UTARA & KEP. SERIBU,209,PENJARINGAN,JL. LUAR BATANG V,EKONOMI 3
JAKARTA UTARA & KEP. SERIBU,210,PENJARINGAN,JL. LUARA BATANG IV,EKONOMI 3
JAKARTA UTARA & KEP. SERIBU,211,PENJARINGAN,JL. LUNDU,EKONOMI 3
JAKARTA UTARA & KEP. SERIBU,212,PENJARINGAN,JL. M TELUK GONG,EKONOMI 3
JAKARTA UTARA & KEP. SERIBU,213,PENJARINGAN,JL. MANDARA INDAH 1,LINGKUNGAN
JAKARTA UTARA & KEP. SERIBU,214,PENJARINGAN,JL. MANDARA INDAH 2,LINGKUNGAN
JAKARTA UTARA & KEP. SERIBU,215,PENJARINGAN,JL. MANDARA INDAH 3,LINGKUNGAN
JAKARTA UTARA & KEP. SERIBU,216,PENJARINGAN,JL. MANDARA INDAH 4,LINGKUNGAN
JAKARTA UTARA & KEP. SERIBU,217,PENJARINGAN,JL. MANDARA INDAH 5,LINGKUNGAN
JAKARTA UTARA & KEP. SERIBU,218,PENJARINGAN,JL. MANDARA INDAH 6,LINGKUNGAN
JAKARTA UTARA & KEP. SERIBU,219,PENJARINGAN,JL. MANDARA INDAH 7,LINGKUNGAN
JAKARTA UTARA & KEP. SERIBU,220,PENJARINGAN,JL. MANDARA INDAH 8,LINGKUNGAN
JAKARTA UTARA & KEP. SERIBU,221,PENJARINGAN,JL. MANDARA INDAH 9,LINGKUNGAN
JAKARTA UTARA & KEP. SERIBU,222,PENJARINGAN,JL. MANDARA INDAH RAYA,EKONOMI 1
JAKARTA UTARA & KEP. SERIBU,223,PENJARINGAN,JL. MANDARA PERMAI,LINGKUNGAN
JAKARTA UTARA & KEP. SERIBU,224,PENJARINGAN,JL. MANDARA PERMAI I,EKONOMI 1
JAKARTA UTARA & KEP. SERIBU,225,PENJARINGAN,JL. MANDARA PERMAI II,LINGKUNGAN
JAKARTA UTARA & KEP. SERIBU,226,PENJARINGAN,JL. MANDARA PERMAI III,LINGKUNGAN
JAKARTA UTARA & KEP. SERIBU,227,PENJARINGAN,JL. MANDARA PERMAI IV,LINGKUNGAN
JAKARTA UTARA & KEP. SERIBU,228,PENJARINGAN,JL. MANDARA PERMAI V,LINGKUNGAN
JAKARTA UTARA & KEP. SERIBU,229,PENJARINGAN,JL. MANDARA PERMAI VI,LINGKUNGAN
JAKARTA UTARA & KEP. SERIBU,230,PENJARINGAN,JL. MANDARA PERMAI VII,EKONOMI 1
JAKARTA UTARA & KEP. SERIBU,231,PENJARINGAN,JL. MANYAR RAYA,EKONOMI 2
JAKARTA UTARA & KEP. SERIBU,232,PENJARINGAN,JL. MARINA INDAH,EKONOMI 1
JAKARTA UTARA & KEP. SERIBU,233,PENJARINGAN,JL. MAYANG PERMAI 1,LINGKUNGAN
JAKARTA UTARA & KEP. SERIBU,234,PENJARINGAN,JL. MAYANG PERMAI 2,LINGKUNGAN
JAKARTA UTARA & KEP. SERIBU,235,PENJARINGAN,JL. MAYANG PERMAI 3,LINGKUNGAN
JAKARTA UTARA & KEP. SERIBU,236,PENJARINGAN,JL. MAYANG PERMAI 4,LINGKUNGAN
JAKARTA UTARA & KEP. SERIBU,237,PENJARINGAN,JL. MAYANG PERMAI 5,LINGKUNGAN
JAKARTA UTARA & KEP. SERIBU,238,PENJARINGAN,JL. MAYANG PERMAI 6,LINGKUNGAN
JAKARTA UTARA & KEP. SERIBU,239,PENJARINGAN,JL. MAZDA I,EKONOMI 3
JAKARTA UTARA & KEP. SERIBU,240,PENJARINGAN,JL. MAZDA RAYA,EKONOMI 3
JAKARTA UTARA & KEP. SERIBU,241,PENJARINGAN,JL. MOA,EKONOMI 3
JAKARTA UTARA & KEP. SERIBU,242,PENJARINGAN,JL. MUARA ANGKE,EKONOMI 2
JAKARTA UTARA & KEP. SERIBU,243,PENJARINGAN,JL. MUARA BARU,EKONOMI 1
JAKARTA UTARA & KEP. SERIBU,244,PENJARINGAN,JL. MUARA BARU POMPA,EKONOMI 3
JAKARTA UTARA & KEP. SERIBU,245,PENJARINGAN,JL. MUARA KARANG,EKONOMI 1
JAKARTA UTARA & KEP. SERIBU,246,PENJARINGAN,JL. MURTA BARU,EKONOMI 3
JAKARTA UTARA & KEP. SERIBU,247,PENJARINGAN,JL. N TELUK GONG,LINGKUNGAN
JAKARTA UTARA & KEP. SERIBU,248,PENJARINGAN,JL. 0 TELUK GONG,LINGKUNGAN
JAKARTA UTARA & KEP. SERIBU,249 PENJARINGAN,JL. P TELUK GONG,,LINGKUNGAN
JAKARTA UTARA & KEP. SERIBU,250 PENJARINGAN,JL. PAKIN RAYA,EKONOMI 1,
JAKARTA UTARA & KEP. SERIBU,251 PENJARINGAN,JL. PANGERAN TUBAGUS ANGKE,EKONOMI 1,
JAKARTA UTARA & KEP. SERIBU,252 PENJARINGAN,JL. PANTAI INDAH BARAT,EKONOMI 2,
JAKARTA UTARA & KEP. SERIBU,253 PENJARINGAN,JL. PANTAI INDAH KAPUK,EKONOMI 1,
JAKARTA UTARA & KEP. SERIBU,254 PENJARINGAN,JL. PANTAI INDAH SELATAN,EKONOMI 1,
JAKARTA UTARA & KEP. SERIBU,255 PENJARINGAN,JL. PANTAI INDAH SELATAN 1,EKONOMI 1,
JAKARTA UTARA & KEP. SERIBU,256 PENJARINGAN,JL. PANTAI INDAH SELATAN 2,,LINGKUNGAN
JAKARTA UTARA & KEP. SERIBU,257 PENJARINGAN,JL. PANTAI INDAH TIMUR,EKONOMI 2,
JAKARTA UTARA & KEP. SERIBU,258 PENJARINGAN,JL. PANTAI INDAH UTARA 1,EKONOMI 3,
JAKARTA UTARA & KEP. SERIBU,259 PENJARINGAN,JL. PANTAI INDAH UTARA 2,EKONOMI 1,
JAKARTA UTARA & KEP. SERIBU,260 PENJARINGAN,JL. PANTAI INDAH UTARA 3,EKONOMI 2,
JAKARTA UTARA & KEP. SERIBU,261 PENJARINGAN,JL. PANTAI MUTIARA,EKONOMI 2,
JAKARTA UTARA & KEP. SERIBU,262 PENJARINGAN,JL. PASAR IKAN,EKONOMI 3,
JAKARTA UTARA & KEP. SERIBU,263 PENJARINGAN,JL. PAUS KEL,,LINGKUNGAN
JAKARTA UTARA & KEP. SERIBU,264 PENJARINGAN,JL. PEARL GOLF,,LINGKUNGAN
JAKARTA UTARA & KEP. SERIBU,265 PENJARINGAN,' JL. PERMAI PERMAI 2B,,LINGKUNGAN
JAKARTA UTARA & KEP. SERIBU,266 PENJARINGAN,JL. PERMATA,EKONOMI 3,
JAKARTA UTARA & KEP. SERIBU,267 PENJARINGAN,JL. PERMATA I,,LINGKUNGAN
JAKARTA UTARA & KEP. SERIBU,268 PENJARINGAN,JL. PERMATA II,,LINGKUNGAN
JAKARTA UTARA & KEP. SERIBU,269 PENJARINGAN,JL. PERMATA III,,LINGKUNGAN
JAKARTA UTARA & KEP. SERIBU,270 PENJARINGAN,JL. PERMATA IV,,LINGKUNGAN
JAKARTA UTARA & KEP. SERIBU,271 PENJARINGAN,JL. PERMATA IX,,LINGKUNGAN
JAKARTA UTARA & KEP. SERIBU,272 PENJARINGAN,JL. PERMATA V,,LINGKUNGAN
JAKARTA UTARA & KEP. SERIBU,273 PENJARINGAN,JL. PERMATA VI,,LINGKUNGAN
JAKARTA UTARA & KEP. SERIBU,274 PENJARINGAN,JL. PERMATA VII,,LINGKUNGAN
JAKARTA UTARA & KEP. SERIBU,275 PENJARINGAN,JL. PERMATA VIII,,LINGKUNGAN
JAKARTA UTARA & KEP. SERIBU,276 PENJARINGAN,JL. PERMATA X,,LINGKUNGAN
JAKARTA UTARA & KEP. SERIBU,277 PENJARINGAN,JL. PERMATA XI,,LINGKUNGAN
JAKARTA UTARA & KEP. SERIBU,278 PENJARINGAN,JL. PERMATA XII,,LINGKUNGAN
JAKARTA UTARA & KEP. SERIBU,279 PENJARINGAN,JL. PERMATA XIII,,LINGKUNGAN
JAKARTA UTARA & KEP. SERIBU,280 PENJARINGAN,JL. PERMATA XIV,,LINGKUNGAN
JAKARTA UTARA & KEP. SERIBU,281 PENJARINGAN,JL. PERMATA XV,,LINGKUNGAN
JAKARTA UTARA & KEP. SERIBU,282 PENJARINGAN,JL. PERMATA XVI,,LINGKUNGAN
JAKARTA UTARA & KEP. SERIBU,283 PENJARINGAN,JL. PERMATA XVII,,LINGKUNGAN
JAKARTA UTARA & KEP. SERIBU,284 PENJARINGAN,JL. PETAK ASEM I,,LINGKUNGAN
JAKARTA UTARA & KEP. SERIBU,285 PENJARINGAN,JL. PINISI INDAH 1,,LINGKUNGAN
JAKARTA UTARA & KEP. SERIBU,286 PENJARINGAN,JL. PINISI INDAH 2,,LINGKUNGAN
JAKARTA UTARA & KEP. SERIBU,287 PENJARINGAN,JL. PINISI INDAH 3,,LINGKUNGAN
JAKARTA UTARA & KEP. SERIBU,288 PENJARINGAN,JL. PINISI INDAH 4,,LINGKUNGAN
JAKARTA UTARA & KEP. SERIBU,289 PENJARINGAN,JL. PINISI INDAH 5,,LINGKUNGAN
JAKARTA UTARA & KEP. SERIBU,290 PENJARINGAN,JL. PINISI INDAH 6,,LINGKUNGAN
JAKARTA UTARA & KEP. SERIBU,291 PENJARINGAN,JL. PINISI PERMAI 1,,LINGKUNGAN
JAKARTA UTARA & KEP. SERIBU,292 PENJARINGAN,JL. PINISI PERMAI 2,,LINGKUNGAN
JAKARTA UTARA & KEP. SERIBU,293 PENJARINGAN,JL. PINISI PERMAI 3,,LINGKUNGAN
JAKARTA UTARA & KEP. SERIBU,294 PENJARINGAN,JL. PINISI PERMAI 4,,LINGKUNGAN
JAKARTA UTARA & KEP. SERIBU,295 PENJARINGAN,JL. PINISI PERMAI 5,,LINGKUNGAN
JAKARTA UTARA & KEP. SERIBU,296 PENJARINGAN,JL. PINISI PERMAI 6,,LINGKUNGAN
JAKARTA UTARA & KEP. SERIBU,297 PENJARINGAN,JL. PINISI PERMAI 7,,LINGKUNGAN
JAKARTA UTARA & KEP. SERIBU,298 PENJARINGAN,JL. PLUIT BARAT,EKONOMI 1,
JAKARTA UTARA & KEP. SERIBU,299 PENJARINGAN,JL. PLUIT BARAT I,EKONOMI 3,
JAKARTA UTARA & KEP. SERIBU,300 PENJARINGAN,JL. PLUIT BARAT II,EKONOMI 3,
JAKARTA UTARA & KEP. SERIBU,301 PENJARINGAN,JL. PLUIT BARAT III,EKONOMI 3,
JAKARTA UTARA & KEP. SERIBU,302 PENJARINGAN,JL. PLUIT BARAT IV,EKONOMI 3,
JAKARTA UTARA & KEP. SERIBU,303 PENJARINGAN,JL. PLUIT BARAT V,EKONOMI 3,
JAKARTA UTARA & KEP. SERIBU,304 PENJARINGAN,JL. PLUIT BARAT VI,EKONOMI 3,
JAKARTA UTARA & KEP. SERIBU,305 PENJARINGAN,JL. PLUIT BARAT VII,EKONOMI 3,
JAKARTA UTARA & KEP. SERIBU,306 PENJARINGAN,JL. PLUIT BARAT VIII,EKONOMI 3,
JAKARTA UTARA & KEP. SERIBU,307 PENJARINGAN,JL. PLUIT DALAM I,EKONOMI 3,
JAKARTA UTARA & KEP. SERIBU,308 PENJARINGAN,JL. PLUIT DALAM II,EKONOMI 3,
JAKARTA UTARA & KEP. SERIBU,309 PENJARINGAN,JL. PLUIT DALAM 111,EKONOMI 3,
JAKARTA UTARA & KEP. SERIBU,310,PENJARINGAN,JL. PLUIT INDAH,EKONOMI 1
JAKARTA UTARA & KEP. SERIBU,311,PENJARINGAN,JL. PLUIT KARANG,EKONOMI 2
JAKARTA UTARA & KEP. SERIBU,312,PENJARINGAN,JL. PLUIT KARANG AYU BARAT,EKONOMI 1
JAKARTA UTARA & KEP. SERIBU,313,PENJARINGAN,JL. PLUIT KARANG AYU I,EKONOMI 3
JAKARTA UTARA & KEP. SERIBU,314,PENJARINGAN,JL. PLUIT KARANG AYU II,EKONOMI 3
JAKARTA UTARA & KEP. SERIBU,315,PENJARINGAN,JL. PLUIT KARANG AYU III,EKONOMI 3
JAKARTA UTARA & KEP. SERIBU,316,PENJARINGAN,JL. PLUIT KARANG AYU IV,EKONOMI 3
JAKARTA UTARA & KEP. SERIBU,317,PENJARINGAN,JL. PLUIT KARANG AYU UTARA,EKONOMI 1
JAKARTA UTARA & KEP. SERIBU,318,PENJARINGAN,JL. PLUIT KARANG AYU V,EKONOMI 3
JAKARTA UTARA & KEP. SERIBU,319,PENJARINGAN,JL. PLUIT KARANG BARAT,EKONOMI 1
JAKARTA UTARA & KEP. SERIBU,320,PENJARINGAN,JL. PLUIT KARANG CANTIK,EKONOMI 2
JAKARTA UTARA & KEP. SERIBU,321,PENJARINGAN,JL. PLUIT KARANG I,EKONOMI 3
JAKARTA UTARA & KEP. SERIBU,322,PENJARINGAN,JL. PLUIT KARANG INDAH,EKONOMI 3
JAKARTA UTARA & KEP. SERIBU,323,PENJARINGAN,JL. PLUIT KARANG INDAH I,LINGKUNGAN
JAKARTA UTARA & KEP. SERIBU,324,PENJARINGAN,JL. PLUIT KARANG INDAH II,LINGKUNGAN
JAKARTA UTARA & KEP. SERIBU,325,PENJARINGAN,JL. PLUIT KARANG INDAH III,LINGKUNGAN
JAKARTA UTARA & KEP. SERIBU,326,PENJARINGAN,JL. PLUIT KARANG INDAH IV,LINGKUNGAN
JAKARTA UTARA & KEP. SERIBU,327,PENJARINGAN,JL. PLUIT KARANG INDAH IX,LINGKUNGAN
JAKARTA UTARA & KEP. SERIBU,328,PENJARINGAN,JL. PLUIT KARANG INDAH TIMUR,EKONOMI 2
JAKARTA UTARA & KEP. SERIBU,329,PENJARINGAN,JL. PLUIT KARANG INDAH V,LINGKUNGAN
JAKARTA UTARA & KEP. SERIBU,330,PENJARINGAN,JL. PLUIT KARANG INDAH VI,LINGKUNGAN
JAKARTA UTARA & KEP. SERIBU,331,PENJARINGAN,JL. PLUIT KARANG INDAH VII,LINGKUNGAN
JAKARTA UTARA & KEP. SERIBU,332,PENJARINGAN,JL. PLUIT KARANG INDAH VIII,EKONOMI 3
JAKARTA UTARA & KEP. SERIBU,333,PENJARINGAN,JL. PLUIT KARANG INDAH X,LINGKUNGAN
JAKARTA UTARA & KEP. SERIBU,334,PENJARINGAN,JL. PLUIT KARANG INDAH XI,LINGKUNGAN
JAKARTA UTARA & KEP. SERIBU,335,PENJARINGAN,JL. PLUIT KARANG INDAH XII,LINGKUNGAN
JAKARTA UTARA & KEP. SERIBU,336,PENJARINGAN,JL. PLUIT KARANG INDAH XIII,LINGKUNGAN
JAKARTA UTARA & KEP. SERIBU,337,PENJARINGAN,JL. PLUIT KARANG INDAH XIV,LINGKUNGAN
JAKARTA UTARA & KEP. SERIBU,338,PENJARINGAN,JL. PLUIT KARANG INDAH XV,LINGKUNGAN
JAKARTA UTARA & KEP. SERIBU,339,PENJARINGAN,JL. PLUIT KARANG JELITA,EKONOMI 2
JAKARTA UTARA & KEP. SERIBU,340,PENJARINGAN,JL. PLUIT KARANG JELITA I,EKONOMI 3
JAKARTA UTARA & KEP. SERIBU,341,PENJARINGAN,JL. PLUIT KARANG KARYA,EKONOMI 3
JAKARTA UTARA & KEP. SERIBU,342,PENJARINGAN,JL. PLUIT KARANG KARYA BARAT,LINGKUNGAN
JAKARTA UTARA & KEP. SERIBU,343,PENJARINGAN,JL. PLUIT KARANG KARYA I,LINGKUNGAN
JAKARTA UTARA & KEP. SERIBU,344,PENJARINGAN,JL. PLUIT KARANG KARYA II,LINGKUNGAN
JAKARTA UTARA & KEP. SERIBU,345,PENJARINGAN,JL. PLUIT KARANG KARYA III,LINGKUNGAN
JAKARTA UTARA & KEP. SERIBU,346,PENJARINGAN,JL. PLUIT KARANG KARYA IV,LINGKUNGAN
JAKARTA UTARA & KEP. SERIBU,347,PENJARINGAN,JL. PLUIT KARANG KARYA TIMUR,LINGKUNGAN
JAKARTA UTARA & KEP. SERIBU,348,PENJARINGAN,JL. PLUIT KARANG KARYA V,LINGKUNGAN
JAKARTA UTARA & KEP. SERIBU,349,PENJARINGAN,JL. PLUIT KARANG MANIS,EKONOMI 3
JAKARTA UTARA & KEP. SERIBU,350,PENJARINGAN,JL. PLUIT KARANG MANIS I,LINGKUNGAN
JAKARTA UTARA & KEP. SERIBU,351,PENJARINGAN,JL. PLUIT KARANG MANIS II,LINGKUNGAN
JAKARTA UTARA & KEP. SERIBU,352,PENJARINGAN,JL. PLUIT KARANG MANIS III,LINGKUNGAN
JAKARTA UTARA & KEP. SERIBU,353,PENJARINGAN,JL. PLUIT KARANG MANIS IV,LINGKUNGAN
JAKARTA UTARA & KEP. SERIBU,354,PENJARINGAN,JL. PLUIT KARANG MANIS IX,LINGKUNGAN
JAKARTA UTARA & KEP. SERIBU,355,PENJARINGAN,JL. PLUIT KARANG MANIS V,LINGKUNGAN
JAKARTA UTARA & KEP. SERIBU,356,PENJARINGAN,JL. PLUIT KARANG MANIS VI,LINGKUNGAN
JAKARTA UTARA & KEP. SERIBU,357,PENJARINGAN,JL. PLUIT KARANG MANIS VII,EKONOMI 3
JAKARTA UTARA & KEP. SERIBU,358,PENJARINGAN,JL. PLUIT KARANG MANIS VIII,LINGKUNGAN
JAKARTA UTARA & KEP. SERIBU,359,PENJARINGAN,JL. PLUIT KARANG MANIS X,LINGKUNGAN
JAKARTA UTARA & KEP. SERIBU,360,PENJARINGAN,JL. PLUIT KARANG MANIS XI,LINGKUNGAN
JAKARTA UTARA & KEP. SERIBU,361,PENJARINGAN,JL. PLUIT KARANG MANIS XII,LINGKUNGAN
JAKARTA UTARA & KEP. SERIBU,362,PENJARINGAN,JL. PLUIT KARANG MANIS XIII,LINGKUNGAN
JAKARTA UTARA & KEP. SERIBU,363,PENJARINGAN,JL. PLUIT KARANG MOLEK,EKONOMI 2
JAKARTA UTARA & KEP. SERIBU,364,PENJARINGAN,JL. PLUIT KARANG NIAGA I,EKONOMI 3
JAKARTA UTARA & KEP. SERIBU,365,PENJARINGAN,JL. PLUIT KARANG NIAGA II,EKONOMI 3
JAKARTA UTARA & KEP. SERIBU,366,PENJARINGAN,JL. PLUIT KARANG NIAGA RAYA,EKONOMI 3
JAKARTA UTARA & KEP. SERIBU,367,PENJARINGAN,JL. PLUIT KARANG PERMAI,EKONOMI 2
JAKARTA UTARA & KEP. SERIBU,368,PENJARINGAN,JL. PLUIT KARANG PERMAI I,LINGKUNGAN
JAKARTA UTARA & KEP. SERIBU,369,PENJARINGAN,JL. PLUIT KARANG PERMAI II,LINGKUNGAN
JAKARTA UTARA & KEP. SERIBU,370,PENJARINGAN,JL. PLUIT KARANG PERMAI III,LINGKUNGAN
JAKARTA UTARA & KEP. SERIBU,371,PENJARINGAN,JL. PLUIT KARANG PERMAI IV,LINGKUNGAN
JAKARTA UTARA & KEP. SERIBU,372,PENJARINGAN,JL. PLUIT KARANG PERMAI IX,LINGKUNGAN
JAKARTA UTARA & KEP. SERIBU,373,PENJARINGAN,JL. PLUIT KARANG PERMAI V,LINGKUNGAN
JAKARTA UTARA & KEP. SERIBU,374,PENJARINGAN,JL. PLUIT KARANG PERMAI VI,LINGKUNGAN
JAKARTA UTARA & KEP. SERIBU,375,PENJARINGAN,JL. PLUIT KARANG PERMAI VII,EKONOMI 3
JAKARTA UTARA & KEP. SERIBU,376,PENJARINGAN,JL. PLUIT KARANG PERMAI VIII,LINGKUNGAN
JAKARTA UTARA & KEP. SERIBU,377,PENJARINGAN,JL. PLUIT KARANG PERMAI X,LINGKUNGAN
JAKARTA UTARA & KEP. SERIBU,378,PENJARINGAN,JL. PLUIT KARANG PERMAI XI,LINGKUNGAN
JAKARTA UTARA & KEP. SERIBU,379,PENJARINGAN,JL. PLUIT KARANG SARI I,EKONOMI 3
JAKARTA UTARA & KEP. SERIBU,380,PENJARINGAN,JL. PLUIT KARANG SARI II,EKONOMI 3
JAKARTA UTARA & KEP. SERIBU,381,PENJARINGAN,JL. PLUIT KARANG SARI III,EKONOMI 3
JAKARTA UTARA & KEP. SERIBU,382,PENJARINGAN,JL. PLUIT KARANG SARI IV,EKONOMI 3
JAKARTA UTARA & KEP. SERIBU,383,PENJARINGAN,JL. PLUIT KARANG SARI IX,EKONOMI 3
JAKARTA UTARA & KEP. SERIBU,384,PENJARINGAN,JL. PLUIT KARANG SARI RAYA,EKONOMI 3
JAKARTA UTARA & KEP. SERIBU,385,PENJARINGAN,JL. PLUIT KARANG SARI V,EKONOMI 3
JAKARTA UTARA & KEP. SERIBU,386,PENJARINGAN,JL. PLUIT KARANG SARI VI,EKONOMI 3
JAKARTA UTARA & KEP. SERIBU,387,PENJARINGAN,JL. PLUIT KARANG SARI VII,EKONOMI 3
JAKARTA UTARA & KEP. SERIBU,388,PENJARINGAN,JL. PLUIT KARANG SARI VIII,EKONOMI 3
JAKARTA UTARA & KEP. SERIBU,389,PENJARINGAN,JL. PLUIT KARANG SARI X,EKONOMI 3
JAKARTA UTARA & KEP. SERIBU,390,PENJARINGAN,JL. PLUIT KARANG SARI XI,LINGKUNGAN
JAKARTA UTARA & KEP. SERIBU,391,PENJARINGAN,JL. PLUIT KARANG SARI XII,LINGKUNGAN
JAKARTA UTARA & KEP. SERIBU,392,PENJARINGAN,JL. PLUIT KARANG SARI XIII,LINGKUNGAN
JAKARTA UTARA & KEP. SERIBU,393,PENJARINGAN,JL. PLUIT KARANG SARI XIV,LINGKUNGAN
JAKARTA UTARA & KEP. SERIBU,394,PENJARINGAN,JL. PLUIT KARANG SARI XV,LINGKUNGAN
JAKARTA UTARA & KEP. SERIBU,395,PENJARINGAN,JL. PLUIT KARANG SELATAN,EKONOMI 2
JAKARTA UTARA & KEP. SERIBU,396,PENJARINGAN,JL. PLUIT KARANG TIMUR,EKONOMI 3
JAKARTA UTARA & KEP. SERIBU,397,PENJARINGAN,JL. PLUIT KARANG UTARA,EKONOMI 1
JAKARTA UTARA & KEP. SERIBU,398,PENJARINGAN,JL. PLUIT KENCANA,EKONOMI 1
JAKARTA UTARA & KEP. SERIBU,399,PENJARINGAN,JL. PLUIT MAS RAYA,EKONOMI 3
JAKARTA UTARA & KEP. SERIBU,400,PENJARINGAN,JL. PLUIT NIAGA I,EKONOMI 3
JAKARTA UTARA & KEP. SERIBU,401,PENJARINGAN,JL. PLUIT NIAGA II,EKONOMI 3
JAKARTA UTARA & KEP. SERIBU,402,PENJARINGAN,JL. PLUIT NIAGA III,EKONOMI 3
JAKARTA UTARA & KEP. SERIBU,403,PENJARINGAN,JL. PLUIT NIAGA IV,EKONOMI 3
JAKARTA UTARA & KEP. SERIBU,404,PENJARINGAN,JL. PLUIT NIAGA V,EKONOMI 3
JAKARTA UTARA & KEP. SERIBU,405,PENJARINGAN,JL. PLUIT NIAGA VI,EKONOMI 3
JAKARTA UTARA & KEP. SERIBU,406,PENJARINGAN,JL. PLUIT PERMAI,EKONOMI 1
JAKARTA UTARA & KEP. SERIBU,407,PENJARINGAN,JL. PLUIT PUTERA,EKONOMI 1
JAKARTA UTARA & KEP. SERIBU,408,PENJARINGAN,JL. PLUIT PUTERI,EKONOMI 1
JAKARTA UTARA & KEP. SERIBU,409,PENJARINGAN,JL. PLUIT RAYA,EKONOMI 1
JAKARTA UTARA & KEP. SERIBU,410,PENJARINGAN,JL. PLUIT RAYA I,EKONOMI 1
JAKARTA UTARA & KEP. SERIBU,411,PENJARINGAN,JL. PLUIT RAYA II,EKONOMI 1
JAKARTA UTARA & KEP. SERIBU,412,PENJARINGAN,JL. PLUIT RAYA III,EKONOMI 3
JAKARTA UTARA & KEP. SERIBU,413,PENJARINGAN,JL. PLUIT RAYA IV,EKONOMI 3
JAKARTA UTARA & KEP. SERIBU,414,PENJARINGAN,JL. PLUIT SAKTI,EKONOMI 1
JAKARTA UTARA & KEP. SERIBU,415,PENJARINGAN,JL. PLUIT SAKTI RAYA,EKONOMI 1
JAKARTA UTARA & KEP. SERIBU,416,PENJARINGAN,JL. PLUIT SAMUDRA,EKONOMI 2
JAKARTA UTARA & KEP. SERIBU,417,PENJARINGAN,JL. PLUIT SAMUDRA I,LINGKUNGAN
JAKARTA UTARA & KEP. SERIBU,418,PENJARINGAN,JL. PLUIT SAMUDRA II,LINGKUNGAN
JAKARTA UTARA & KEP. SERIBU,419,PENJARINGAN,JL. PLUIT SAMUDRA III,LINGKUNGAN
JAKARTA UTARA & KEP. SERIBU,420,PENJARINGAN,JL. PLUIT SAMUDRA IV,LINGKUNGAN
JAKARTA UTARA & KEP. SERIBU,421,PENJARINGAN,JL. PLUIT SAMUDRA V,LINGKUNGAN
JAKARTA UTARA & KEP. SERIBU,422,PENJARINGAN,JL. PLUIT SAMUDRA VI,LINGKUNGAN
JAKARTA UTARA & KEP. SERIBU,423,PENJARINGAN,JL. PLUIT SELATAN (TOL),PROTOKOL C
JAKARTA UTARA & KEP. SERIBU,424,PENJARINGAN,JL. PLUIT SELATAN I,EKONOMI 3
JAKARTA UTARA & KEP. SERIBU,425,PENJARINGAN,JL. PLUIT SELATAN II,EKONOMI 2
JAKARTA UTARA & KEP. SERIBU,426,PENJARINGAN,JL. PLUIT SELATAN III,EKONOMI 2
JAKARTA UTARA & KEP. SERIBU,427,PENJARINGAN,JL. PLUIT SELATAN IV,LINGKUNGAN
JAKARTA UTARA & KEP. SERIBU,428,PENJARINGAN,JL. PLUIT SELATAN V,LINGKUNGAN
JAKARTA UTARA & KEP. SERIBU,429,PENJARINGAN,JL. PLUIT SELATAN VI,LINGKUNGAN
JAKARTA UTARA & KEP. SERIBU,430,PENJARINGAN,JL. PLUIT SELATAN VII,LINGKUNGAN
JAKARTA UTARA & KEP. SERIBU,431,PENJARINGAN,JL. PLUIT SELATAN VIII,EKONOMI 3
JAKARTA UTARA & KEP. SERIBU,432,PENJARINGAN,JL. PLUIT TIMUR,EKONOMI 1
JAKARTA UTARA & KEP. SERIBU,433,PENJARINGAN,JL. PLUIT TIMUR BLOK L,EKONOMI 3
JAKARTA UTARA & KEP. SERIBU,434,PENJARINGAN,JL. PLUIT UTARA RAYA,EKONOMI 1
JAKARTA UTARA & KEP. SERIBU,435,PENJARINGAN,JL. PROF. DR. SEDIATMO,PROTOKOL B
JAKARTA UTARA & KEP. SERIBU,436,PENJARINGAN,JL. Q TELUK GONG,LINGKUNGAN
JAKARTA UTARA & KEP. SERIBU,437,PENJARINGAN,JL. R TELUK GONG,LINGKUNGAN
JAKARTA UTARA & KEP. SERIBU,438,PENJARINGAN,JL. RAWA BEBEK,EKONOMI 3
JAKARTA UTARA & KEP. SERIBU,439,PENJARINGAN,JL. RAYA DADAP,EKONOMI 2
JAKARTA UTARA & KEP. SERIBU,440,PENJARINGAN,JL. S TELUK GONG,LINGKUNGAN
JAKARTA UTARA & KEP. SERIBU,441,PENJARINGAN,JL. SEMUT UJUNG,EKONOMI 3
JAKARTA UTARA & KEP. SERIBU,442,PENJARINGAN,JL. SEPAT,EKONOM1 3
JAKARTA UTARA & KEP. SERIBU,443,PENJARINGAN,JL. SILI I,EKONOMI 3
JAKARTA UTARA & KEP. SERIBU,444,PENJARINGAN,JL. SILI II,EKONOMI 3
JAKARTA UTARA & KEP. SERIBU,445,PENJARINGAN,JL. SILI III,EKONOMI 3
JAKARTA UTARA & KEP. SERIBU,446,PENJARINGAN,JL. SILI RAYA,EKONOMI 3
JAKARTA UTARA & KEP. SERIBU,447,PENJARINGAN,JL. SUKARELA,EKONOMI 3
JAKARTA UTARA & KEP. SERIBU,448,PENJARINGAN,JL. T TELUK GONG,EKONOMI 3
JAKARTA UTARA & KEP. SERIBU,449,PENJARINGAN,JL. TAMAN PERMATA INDAH,EKONOMI 2
JAKARTA UTARA & KEP. SERIBU,450,PENJARINGAN,JL. TAMAN PLUIT KENCANA •,EKONOMI 2
JAKARTA UTARA & KEP. SERIBU,451,PENJARINGAN,JL. TAMAN PLUIT KENCANA DALAM,EKONOMI 3
JAKARTA UTARA & KEP. SERIBU,452,PENJARINGAN,JL. TAMAN PLUIT KENCANA SELATAN,EKONOMI 3
JAKARTA UTARA & KEP. SERIBU,453,PENJARINGAN,JL. TAMAN PLUIT KENCANA UTARA,EKONOMI 3
JAKARTA UTARA & KEP. SERIBU,454,PENJARINGAN,JL. TANAH PASIR,EKONOMI 2
JAKARTA UTARA & KEP. SERIBU,455,PENJARINGAN,JL. TELUK GONG,EKONOMI 1
JAKARTA UTARA & KEP. SERIBU,456,PENJARINGAN,JL. TELUK GONG SELATAN I,EKONOMI 3
JAKARTA UTARA & KEP. SERIBU,457,PENJARINGAN,JL. TELUK GONG SELATAN II,EKONOMI 3
JAKARTA UTARA & KEP. SERIBU,458,PENJARINGAN,JL. TELUK GONG SELATAN III,EKONOMI 3
JAKARTA UTARA & KEP. SERIBU,459,PENJARINGAN,JL. TELUK GONG SELATAN IV,EKONOMI 3
JAKARTA UTARA & KEP. SERIBU,460,PENJARINGAN,JL. TELUK GONG SELATAN V,EKONOMI 3
JAKARTA UTARA & KEP. SERIBU,461,PENJARINGAN,JL. TELUK GONG SELATAN VI,EKONOMI 3
JAKARTA UTARA & KEP. SERIBU,462,PENJARINGAN,JL. TELUK INTAN,EKONOMI 3
JAKARTA UTARA & KEP. SERIBU,463,PENJARINGAN,JL. TELUK NIMBUNG,EKONOMI 3
JAKARTA UTARA & KEP. SERIBU,464,PENJARINGAN,JL. TELUK PERMATA,EKONOMI 3
JAKARTA UTARA & KEP. SERIBU,465,PENJARINGAN,JL. TELUK PERMATA I,LINGKUNGAN
JAKARTA UTARA & KEP. SERIBU,466,PENJARINGAN,JL. TELUK PERMATA II,LINGKUNGAN
JAKARTA UTARA & KEP. SERIBU,467,PENJARINGAN,JL. TELUK PERMATA III,LINGKUNGAN
JAKARTA UTARA & KEP. SERIBU,468,PENJARINGAN,JL. TELUK PERMATA IV,LINGKUNGAN
JAKARTA UTARA & KEP. SERIBU,469,PENJARINGAN,JL. TELUK PERMATA IX,LINGKUNGAN
JAKARTA UTARA & KEP. SERIBU,470,PENJARINGAN,JL. TELUK PERMATA V,LINGKUNGAN
JAKARTA UTARA & KEP. SERIBU,471,PENJARINGAN,JL. TELUK PERMATA VI,LINGKUNGAN
JAKARTA UTARA & KEP. SERIBU,472,PENJARINGAN,JL. TELUK PERMATA VII,LINGKUNGAN
JAKARTA UTARA & KEP. SERIBU,473,PENJARINGAN,JL. TELUK PERMATA VIII,LINGKUNGAN
JAKARTA UTARA & KEP. SERIBU,474,PENJARINGAN,JL. TELUK PERMATA X,LINGKUNGAN
JAKARTA UTARA & KEP. SERIBU,475,PENJARINGAN,JL. TELUK PERMATA XI,LINGKUNGAN
JAKARTA UTARA & KEP. SERIBU,476,PENJARINGAN,JL. TELUK PERMATA XII,LINGKUNGAN
JAKARTA UTARA & KEP. SERIBU,477,PENJARINGAN,JL. TELUK PERMATA XIII,LINGKUNGAN
JAKARTA UTARA & KEP. SERIBU,478,PENJARINGAN,JL. TELUK PONCOL,LINGKUNGAN
JAKARTA UTARA & KEP. SERIBU,479,PENJARINGAN,JL. TELUK SELATAN,LINGKUNGAN
JAKARTA UTARA & KEP. SERIBU,480,PENJARINGAN,JL. TELUK UTARA,EKONOMI 3
JAKARTA UTARA & KEP. SERIBU,481,PENJARINGAN,JL. TERI,EKONOMI 3
JAKARTA UTARA & KEP. SERIBU,482,PENJARINGAN,JL. TERUSAN BANDENGAN,EKONOMI 1
JAKARTA UTARA & KEP. SERIBU,483,PENJARINGAN,JL. TIMARAN PERMAI I,LINGKUNGAN
JAKARTA UTARA & KEP. SERIBU,484,PENJARINGAN,JL. TIMARAN PERMAI II,LINGKUNGAN
JAKARTA UTARA & KEP. SERIBU,485,PENJARINGAN,JL. TIMARAN PERMAI III,LINGKUNGAN
JAKARTA UTARA & KEP. SERIBU,486,PENJARINGAN,JL. TIMARAN PERMAI IV,LINGKUNGAN
JAKARTA UTARA & KEP. SERIBU,487,PENJARINGAN,JL. TIMARAN PERMAI V,LINGKUNGAN
JAKARTA UTARA & KEP. SERIBU,488,PENJARINGAN,JL. TIMARAN PERMAI VI,LINGKUNGAN
JAKARTA UTARA & KEP. SERIBU,489,PENJARINGAN,JL. TOWN HOUSE CORDOBA,EKONOMI 3
JAKARTA UTARA & KEP. SERIBU,490,PENJARINGAN,JL. U TELUK GONG,LINGKUNGAN
JAKARTA UTARA & KEP. SERIBU,491,PENJARINGAN,JL. V TELUK GONG,LINGKUNGAN
JAKARTA UTARA & KEP. SERIBU,492,PENJARINGAN,JL. VENICE I,LINGKUNGAN
JAKARTA UTARA & KEP. SERIBU,493,PENJARINGAN,JL. VENICE II,LINGKUNGAN
JAKARTA UTARA & KEP. SERIBU,494,PENJARINGAN,JL. VENICE III,LINGKUNGAN
JAKARTA UTARA & KEP. SERIBU,495,PENJARINGAN,JL. VENICE IV,LINGKUNGAN
JAKARTA UTARA & KEP. SERIBU,496,PENJARINGAN,JL. VILLA KAPUK MAS,EKONOMI 2
JAKARTA UTARA & KEP. SERIBU,497,PENJARINGAN,JL. W TELUK GONG,LINGKUNGAN
JAKARTA UTARA & KEP. SERIBU,498,PENJARINGAN,JL. WACUNG,EKONOMI 3
JAKARTA UTARA & KEP. SERIBU,499,PENJARINGAN,JL. WADER,EKONOMI 3
JAKARTA UTARA & KEP. SERIBU,500,PENJARINGAN,JL. WALET ELOK 1,LINGKUNGAN
JAKARTA UTARA & KEP. SERIBU,501,PENJARINGAN,JL. WALET ELOK 2,LINGKUNGAN
JAKARTA UTARA & KEP. SERIBU,502,PENJARINGAN,JL. WALET ELOK 3,LINGKUNGAN
JAKARTA UTARA & KEP. SERIBU,503,PENJARINGAN,JL. WALET ELOK 4,LINGKUNGAN
JAKARTA UTARA & KEP. SERIBU,504,PENJARINGAN,JL. WALET ELOK 5,LINGKUNGAN
JAKARTA UTARA & KEP. SERIBU,505,PENJARINGAN,JL. WALET ELOK 6,LINGKUNGAN
JAKARTA UTARA & KEP. SERIBU,506,PENJARINGAN,JL. WALET ELOK 7,LINGKUNGAN
JAKARTA UTARA & KEP. SERIBU,507,PENJARINGAN,JL. WALET ELOK 8,LINGKUNGAN
JAKARTA UTARA & KEP. SERIBU,508,PENJARINGAN,JL. WALET INDAH i,LINGKUNGAN
JAKARTA UTARA & KEP. SERIBU,509,PENJARINGAN,JL. WALET INDAH 2,LINGKUNGAN
JAKARTA UTARA & KEP. SERIBU,510,PENJARINGAN,JL. WALET INDAH 3,LINGKUNGAN
JAKARTA UTARA & KEP. SERIBU,511,PENJARINGAN,JL. WALET INDAH 4,LINGKUNGAN
JAKARTA UTARA & KEP. SERIBU,512,PENJARINGAN,JL. WALET INDAH 5,LINGKUNGAN
JAKARTA UTARA & KEP. SERIBU,513,PENJARINGAN,JL. WALET INDAH 6,LINGKUNGAN
JAKARTA UTARA & KEP. SERIBU,514,PENJARINGAN,JL. WALET PERMAI 1,LINGKUNGAN
JAKARTA UTARA & KEP. SERIBU,515,PENJARINGAN,JL. WALET PERMAI 2,LINGKUNGAN
JAKARTA UTARA & KEP. SERIBU,516,PENJARINGAN,JL. WALET PERMAI 3,LINGKUNGAN
JAKARTA UTARA & KEP. SERIBU,517,PENJARINGAN,JL. WALET PERMAI 4,LINGKUNGAN
JAKARTA UTARA & KEP. SERIBU,518,PENJARINGAN,JL. WALET PERMAI 5,LINGKUNGAN
JAKARTA UTARA & KEP. SERIBU,520,PENJARINGAN,JL. X TELUK GONG,EKONOMI 3
JAKARTA UTARA & KEP. SERIBU,521,PENJARINGAN,JL. PLUIT UTARA,EKONOMI 1
JAKARTA UTARA & KEP. SERIBU,522,PENJARINGAN,JL. TAMAN PERMATA INDAH 1,EKONOMI 3
JAKARTA UTARA & KEP. SERIBU,523,PENJARINGAN,' JL. TAMAN PLUIT PERMAI TIMUR,EKONOMI 3
JAKARTA UTARA & KEP. SERIBU,524,PENJARINGAN,JL. MEDITERANIA BOULEVARD,EKONOMI 3
JAKARTA UTARA & KEP. SERIBU,525,PADEMANGAN,JL. AMPERA,EKONOMI 3
JAKARTA UTARA & KEP. SERIBU,526,PADEMANGAN,JL. AMPERA BARU/AMPERA VII,EKONOMI 3
JAKARTA UTARA & KEP. SERIBU,527,PADEMANGAN,JL. AMPERA BESAR,EKONOMI 3
JAKARTA UTARA & KEP. SERIBU,528,PADEMANGAN,JL. AMPERA I,EKONOMI 3
JAKARTA UTARA & KEP. SERIBU,529,PADEMANGAN,JL. AMPERA II,EKONOMI 3
JAKARTA UTARA & KEP. SERIBU,530,PADEMANGAN,JL. AMPERA III,EKONOMI 3
JAKARTA UTARA & KEP. SERIBU,531,PADEMANGAN,JL. AMPERA IV,EKONOMI 3
JAKARTA UTARA & KEP. SERIBU,532,PADEMANGAN,JL. AMPERA V,EKONOMI 3
JAKARTA UTARA & KEP. SERIBU,533,PADEMANGAN,JL. AMPERA VI,EKONOMI 3
JAKARTA UTARA & KEP. SERIBU,534,PADEMANGAN,JL. ANCOL BARAT,EKONOMI 2
JAKARTA UTARA & KEP. SERIBU,535,PADEMANGAN,JL. ANCOL BARAT I,EKONOMI 2
JAKARTA UTARA & KEP. SERIBU,536,PADEMANGAN,JL. ANCOL BARAT Ii,EKONOMI 2
JAKARTA UTARA & KEP. SERIBU,537,PADEMANGAN,JL. ANCOL BARAT III,EKONOMI 2
JAKARTA UTARA & KEP. SERIBU,538,PADEMANGAN,JL. ANCOL BARAT IV,EKONOMI 2
JAKARTA UTARA & KEP. SERIBU,539,PADEMANGAN,JL. ANCOL I,EKONOMI 2
JAKARTA UTARA & KEP. SERIBU,540,PADEMANGAN,JL. ANCOL II,EKONOMI 2
JAKARTA UTARA & KEP. SERIBU,541,PADEMANGAN,JL. ANCOL III,EKONOMI 2
JAKARTA UTARA & KEP. SERIBU,542,PADEMANGAN,JL. ANCOL IV,EKONOMI 2
JAKARTA UTARA & KEP. SERIBU,543,PADEMANGAN,JL. ANCOL DC,EKONOMI 2
JAKARTA UTARA & KEP. SERIBU,544,PADEMANGAN,JL. ANCOL V,EKONOMI 2
JAKARTA UTARA & KEP. SERIBU,545,PADEMANGAN,JL. ANCOL VI,EKONOMI 2
JAKARTA UTARA & KEP. SERIBU,546,PADEMANGAN,JL. ANCOL VII,EKONOMI 2
JAKARTA UTARA & KEP. SERIBU,547,PADEMANGAN,JL. ANCOL VIII,EKONOMI 2
JAKARTA UTARA & KEP. SERIBU,548,PADEMANGAN,JL. BARUNA I,•
JAKARTA UTARA & KEP. SERIBU,549,PADEMANGAN,JL. BARUNA II,EKONOMI 2
JAKARTA UTARA & KEP. SERIBU,550,PADEMANGAN,JL. BARUNA III,EKONOMI 2
JAKARTA UTARA & KEP. SERIBU,551,PADEMANGAN,JL. BARUNA RAYA,EKONOMI 2
JAKARTA UTARA & KEP. SERIBU,552,PADEMANGAN,JL. H. BENYAMIN SUEB,PROTOKOL C
JAKARTA UTARA & KEP. SERIBU,553,PADEMANGAN,JL. BUDI MULYA,EKONOMI 2
JAKARTA UTARA & KEP. SERIBU,554,PADEMANGAN,JL. DAMAR,EKONOMI 2
JAKARTA UTARA & KEP. SERIBU,555,PADEMANGAN,JL. FLAMBOYAN,EKONOMI 2
JAKARTA UTARA & KEP. SERIBU,556,PADEMANGAN,JL. GRIYA UTAMA,EKONOMI 1
JAKARTA UTARA & KEP. SERIBU,557,PADEMANGAN,JL. GUNUNG SAHARI,PROTOKOL B
JAKARTA UTARA & KEP. SERIBU,558 PADEMANGAN,JL. HIDUP BARU,EKONOMI 2,
JAKARTA UTARA & KEP. SERIBU,559 PADEMANGAN,"JL. IR. WIYOTO WIYONO, MSC",PROTOKOL,B
JAKARTA UTARA & KEP. SERIBU,560 PADEMANGAN,JL. KAMPUNG BANDAN,EKONOMI 2,
JAKARTA UTARA & KEP. SERIBU,561 PADEMANGAN,JL. KARANG BOLONG,EKONOMI 2,
JAKARTA UTARA & KEP. SERIBU,562 PADEMANGAN,JL. KARANG BOLONG III,EKONOMI 3,
JAKARTA UTARA & KEP. SERIBU,563 PADEMANGAN,JL. KETEL,EKONOMI 2,
JAKARTA UTARA & KEP. SERIBU,564 PADEMANGAN,JL. KOTA BARU BANDAR KEMAYORAN,EKONOMI 2,
JAKARTA UTARA & KEP. SERIBU,565 PADEMANGAN,JL. KRAPU,EKONOMI 2,
JAKARTA UTARA & KEP. SERIBU,566 PADEMANGAN,JL. LODAN RAYA,PROTOKOL,C
JAKARTA UTARA & KEP. SERIBU,567 PADEMANGAN,JL. LODAN TIMUR,EKONOMI 2,
JAKARTA UTARA & KEP. SERIBU,568 PADEMANGAN,JL. MANGGA DUA,PROTOKOL,B
JAKARTA UTARA & KEP. SERIBU,569 PADEMANGAN,JL. MARITIM,EKONOMI 2,
JAKARTA UTARA & KEP. SERIBU,570 PADEMANGAN,JL. PADEMANGAN,EKONOMI 2,
JAKARTA UTARA & KEP. SERIBU,571 PADEMANGAN,JL. PADEMANGAN 7,EKONOMI 2,
JAKARTA UTARA & KEP. SERIBU,572 PADEMANGAN,JL. PADEMANGAN 8,EKONOMI 2,
JAKARTA UTARA & KEP. SERIBU,573 PADEMANGAN,JL. PADEMANGAN BARAT,EKONOMI 2,
JAKARTA UTARA & KEP. SERIBU,574 PADEMANGAN,JL. PADEMANGAN I,EKONOMI 2,
JAKARTA UTARA & KEP. SERIBU,575 PADEMANGAN,JL. PADEMANGAN II,EKONOMI 2,
JAKARTA UTARA & KEP. SERIBU,576 PADEMANGAN,JL. PADEMANGAN III,EKONOMI 2,
JAKARTA UTARA & KEP. SERIBU,577 PADEMANGAN,JL. PADEMANGAN IV,EKONOMI 2,
JAKARTA UTARA & KEP. SERIBU,578 PADEMANGAN,JL. PADEMANGAN TENGAH,EKONOMI 2,
JAKARTA UTARA & KEP. SERIBU,579 PADEMANGAN,JL. PADEMANGAN V,EKONOMI 2,
JAKARTA UTARA & KEP. SERIBU,580 PADEMANGAN,JL. PAKIN RAYA,EKONOMI 1,
JAKARTA UTARA & KEP. SERIBU,581 PADEMANGAN,JL. PANGANDARAN,EKONOMI 2,
JAKARTA UTARA & KEP. SERIBU,582 PADEMANGAN,JL. PANTAI INDAH,EKONOMI 2,
JAKARTA UTARA & KEP. SERIBU,583 PADEMANGAN,JL. PARANG TERITIS,EKONOMI 2,
JAKARTA UTARA & KEP. SERIBU,584 PADEMANGAN,JL. PASIR PUTIH,EKONOMI 2,
JAKARTA UTARA & KEP. SERIBU,585 PADEMANGAN,JL. PEMANDANGAN I,EKONOMI 3,
JAKARTA UTARA & KEP. SERIBU,586 PADEMANGAN,JL. PEMANDANGAN II,EKONOMI 3,
JAKARTA UTARA & KEP. SERIBU,587 PADEMANGAN,JL. PEMANDANGAN III,EKONOMI 3,
JAKARTA UTARA & KEP. SERIBU,588 PADEMANGAN,JL. RAJAWALI SELATAN,EKONOMI 2,
JAKARTA UTARA & KEP. SERIBU,589 PADEMANGAN,JL. RAJAWALI UTARA,EKONOMI 2,
JAKARTA UTARA & KEP. SERIBU,590 PADEMANGAN,JL. RAYA ANCOL BARU,EKONOMI 3,
JAKARTA UTARA & KEP. SERIBU,591 PADEMANGAN,JL. RE. MARTADINATA,PROTOKOL,C
JAKARTA UTARA & KEP. SERIBU,592 PADEMANGAN,JL. SUNDA KELAPA,EKONOMI 2,
JAKARTA UTARA & KEP. SERIBU,593 PADEMANGAN,JL. TAMAN IMPIAN JAYA ANCOL,EKONOMI 2,
JAKARTA UTARA & KEP. SERIBU,594 PADEMANGAN,JL. TONGKOL,EKONOMI 1,
JAKARTA UTARA & KEP. SERIBU,595 PADEMANGAN,JL. TREMBESI,EKONOMI 2,
JAKARTA UTARA & KEP. SERIBU,596 TANJUNG PRIOK,JL. HBR MOTIK,EKONOMI 1,
JAKARTA UTARA & KEP. SERIBU,597 TANJUNG PRIOK,JL. AGUNG INDAH 3,EKONOMI 1,
JAKARTA UTARA & KEP. SERIBU,598 TANJUNG PRIOK,JL. AGUNG KARYA,EKONOMI 1,
JAKARTA UTARA & KEP. SERIBU,599 TANJUNG PRIOK,JL. AGUNG KARYA VI,EKONOMI 1,
JAKARTA UTARA & KEP. SERIBU,600 TANJUNG PRIOK,JL. AGUNG TENGAH 3,EKONOMI 2,
JAKARTA UTARA & KEP. SERIBU,601 TANJUNG PRIOK,JL. AGUNG TIMUR 9,EKONOMI 2,
JAKARTA UTARA & KEP. SERIBU,602 TANJUNG PRIOK,JL. BISMA RAYA,EKONOMI 1,
JAKARTA UTARA & KEP. SERIBU,603 TANJUNG PRIOK,JL. BUGIS,EKONOMI 1,
JAKARTA UTARA & KEP. SERIBU,604 TANJUNG PRIOK,JL. DANAU AGUNG 2,EKONOMI 1,
JAKARTA UTARA & KEP. SERIBU,605 TANJUNG PRIOK,JL. DANAU AGUNG TENGAH,EKONOMI 1,
JAKARTA UTARA & KEP. SERIBU,606 TANJUNG PRIOK,JL. DANAU INDAH RAYA,EKONOMI 1,
JAKARTA UTARA & KEP. SERIBU,607 TANJUNG PRIOK,JL. DANAU PERMAI RAYA,EKONOMI 2,
JAKARTA UTARA & KEP. SERIBU,608 TANJUNG PRIOK,JL. DANAU PERMAI TIMUR,EKONOMI 2,
JAKARTA UTARA & KEP. SERIBU,609 TANJUNG PRIOK,JL. DANAU SUNTER BARAT,PROTOKOL,C
JAKARTA UTARA & KEP. SERIBU,610 TANJUNG PRIOK,JL. DANAU SUNTER SELATAN,PROTOKOL,C
JAKARTA UTARA & KEP. SERIBU,611 TANJUNG PRIOK,JL. DANAU SUNTER UTARA,PROTOKOL,C
JAKARTA UTARA & KEP. SERIBU,612 TANJUNG PRIOK,JL. DELTA SERDANG,EKONOMI 1,
JAKARTA UTARA & KEP. SERIBU,613 TANJUNG PRIOK,JL. ENGGANO,PROTOKOL,C
JAKARTA UTARA & KEP. SERIBU,614 TANJUNG PRIOK,JL. ENIM,EKONOMI 2,
JAKARTA UTARA & KEP. SERIBU,615 TANJUNG PRIOK,JL. ENIM RAYA,EKONOMI 1,
JAKARTA UTARA & KEP. SERIBU,616 TANJUNG PRIOK,JL. GADANG,EKONOMI 2,
JAKARTA UTARA & KEP. SERIBU,617 TANJUNG PRIOK,JL. GAYA MOTOR 2,EKONOMI 2,
JAKARTA UTARA & KEP. SERIBU,618 TANJUNG PRIOK,JL. GAYA MOTOR 3,EKONOMI 1,
JAKARTA UTARA & KEP. SERIBU,619 TANJUNG PRIOK,JL. GAYA MOTOR BARAT,EKONOMI 1,
JAKARTA UTARA & KEP. SERIBU,620,TANJUNG PRIOK,JL. GAYA MOTOR I,EKONOMI 1
JAKARTA UTARA & KEP. SERIBU,621,TANJUNG PRIOK,JL. GAYA MOTOR RAYA,EKONOMI 1
JAKARTA UTARA & KEP. SERIBU,622,TANJUNG PRIOK,JL. GORONTALO,EKONOMI 1
JAKARTA UTARA & KEP. SERIBU,623,TANJUNG PRIOK,JL. GRIYA AGUNG,EKONOMI 1
JAKARTA UTARA & KEP. SERIBU,624,TANJUNG PRIOK,JL. GRIYA SEJAHTERA,EKONOMI 1
JAKARTA UTARA & KEP. SERIBU,625,TANJUNG PRIOK,JL. GRIYA UTAMA,PROTOKOL C
JAKARTA UTARA & KEP. SERIBU,626,TANJUNG PRIOK,JL. MANDOR IREN,EKONOMI 2
JAKARTA UTARA & KEP. SERIBU,627,TANJUNG PRIOK,JL. METRO KENCANA RAYA,EKONOMI 1
JAKARTA UTARA & KEP. SERIBU,628,TANJUNG PRIOK,JL. MITRA SUNTER BULEVAR,PROTOKOL C
JAKARTA UTARA & KEP. SERIBU,629,TANJUNG PRIOK,JL. PELABUHAN RAYA,PROTOKOL C
JAKARTA UTARA & KEP. SERIBU,630,TANJUNG PRIOK,JL. RE MARTADINATA,PROTOKOL C
JAKARTA UTARA & KEP. SERIBU,631,TANJUNG PRIOK,JL. SULAWESI,._
JAKARTA UTARA & KEP. SERIBU,632,TANJUNG PRIOK,JL. SUNGAI BAMBU 6,EKONOMI 2
JAKARTA UTARA & KEP. SERIBU,633,TANJUNG PRIOK,JL. SUNGAI BAMBU 9,EKONOMI 2
JAKARTA UTARA & KEP. SERIBU,634,TANJUNG PRIOK,JL. SUNGAI BAMBU RAYA,EKONOMI 1
JAKARTA UTARA & KEP. SERIBU,635,TANJUNG PRIOK,JL. SUNTER INDAH,EKONOMI 2
JAKARTA UTARA & KEP. SERIBU,636,TANJUNG PRIOK,JL. SUNTER JAYA I,EKONOMI 2
JAKARTA UTARA & KEP. SERIBU,637,TANJUNG PRIOK,JL. SUNTER JAYA TIMUR,EKONOMI 2
JAKARTA UTARA & KEP. SERIBU,638,TANJUNG PRIOK,JL. SUNTER KARYA TIMUR,EKONOMI 2
JAKARTA UTARA & KEP. SERIBU,639,TANJUNG PRIOK,JL. SUNTER KARYA UTARA I,EKONOMI 2
JAKARTA UTARA & KEP. SERIBU,640,TANJUNG PRIOK,JL. SUNTER PERMAI RAYA,EKONOMI 1
JAKARTA UTARA & KEP. SERIBU,641,TANJUNG PRIOK,JL. TAMAN SUNTER INDAH,EKONOMI 1
JAKARTA UTARA & KEP. SERIBU,642,TANJUNG PRIOK,JL. WARAKAS RAYA,EKONOMI 1
JAKARTA UTARA & KEP. SERIBU,643,TANJUNG PRIOK,KO. ALTIRA BUSINESS PARK SUNTER,•
JAKARTA UTARA & KEP. SERIBU,644,TANJUNG PRIOK,KO. BURSA OTOMOTIF SUNTER,PROTOKOL B
JAKARTA UTARA & KEP. SERIBU,645,TANJUNG PRIOK,KO. PURI MUTIARA,EKONOMI 1
JAKARTA UTARA & KEP. SERIBU,646,TANJUNG PRIOK,JL. AGUNG JAYA II,EKONOMI 3
JAKARTA UTARA & KEP. SERIBU,647,TANJUNG PRIOK,JL. AGUNG KARYA VII,EKONOMI 2
JAKARTA UTARA & KEP. SERIBU,648,TANJUNG PRIOK,JL. AGUNG NIAGA,EKONOMI 3
JAKARTA UTARA & KEP. SERIBU,649,TANJUNG PRIOK,JL. AGUNG NIAGA SELATAN,EKONOMI 3
JAKARTA UTARA & KEP. SERIBU,650,TANJUNG PRIOK,JL. AGUNG NIAGA V,EKONOMI 3
JAKARTA UTARA & KEP. SERIBU,651,TANJUNG PRIOK,JL. AGUNG PERKASA,LINGKUNGAN
JAKARTA UTARA & KEP. SERIBU,652,TANJUNG PRIOK,JL. AGUNG TENGAH,EKONOMI 3
JAKARTA UTARA & KEP. SERIBU,653,TANJUNG PRIOK,JL. AGUNG TENGAH IV,EKONOMI 1
JAKARTA UTARA & KEP. SERIBU,654,TANJUNG PRIOK,JL. AGUNG TIMUR,EKONOMI 3
JAKARTA UTARA & KEP. SERIBU,655,TANJUNG PRIOK,JL. AGUNG TIMUR II,EKONOMI 3
JAKARTA UTARA & KEP. SERIBU,656,TANJUNG PRIOK,JL. BISMA TENGAH,EKONOMI 3
JAKARTA UTARA & KEP. SERIBU,657,TANJUNG PRIOK,JL. DANAU AGUNG,EKONOMI 3
JAKARTA UTARA & KEP. SERIBU,658,TANJUNG PRIOK,JL. DANAU AGUNG I,LINGKUNGAN
JAKARTA UTARA & KEP. SERIBU,659,TANJUNG PRIOK,JL. DANAU AGUNG III,LINGKUNGAN
JAKARTA UTARA & KEP. SERIBU,660,TANJUNG PRIOK,JL. DANAU AGUNG IV,LINGKUNGAN
JAKARTA UTARA & KEP. SERIBU,661,TANJUNG PRIOK,JL. DANAU AGUNG IX,LINGKUNGAN
JAKARTA UTARA & KEP. SERIBU,662,TANJUNG PRIOK,JL. DANAU AGUNG SELATAN,EKONOMI 3
JAKARTA UTARA & KEP. SERIBU,663,TANJUNG PRIOK,JL. DANAU AGUNG SUNTER BARAT,EKONOMI 3
JAKARTA UTARA & KEP. SERIBU,664,TANJUNG PRIOK,JL. DANAU AGUNG UTARA,LINGKUNGAN
JAKARTA UTARA & KEP. SERIBU,665,TANJUNG PRIOK,JL. DANAU AGUNG V,LINGKUNGAN
JAKARTA UTARA & KEP. SERIBU,666,TANJUNG PRIOK,JL. DANAU AGUNG VI,LINGKUNGAN
JAKARTA UTARA & KEP. SERIBU,667,TANJUNG PRIOK,JL. DANAU AGUNG VII,LINGKUNGAN
JAKARTA UTARA & KEP. SERIBU,668,TANJUNG PRIOK,JL. DANAU AGUNG VIII,LINGKUNGAN
JAKARTA UTARA & KEP. SERIBU,669,TANJUNG PRIOK,JL. DANAU AGUNG X,LINGKUNGAN
JAKARTA UTARA & KEP. SERIBU,670,TANJUNG PRIOK,JL. DANAU AGUNG XI,LINGKUNGAN
JAKARTA UTARA & KEP. SERIBU,671,TANJUNG PRIOK,JL. DANAU AGUNG XII,LINGKUNGAN
JAKARTA UTARA & KEP. SERIBU,672,TANJUNG PRIOK,JL. DANAU AGUNG XIII,LINGKUNGAN
JAKARTA UTARA & KEP. SERIBU,673,TANJUNG PRIOK,JL. DANAU INDAH BARAT,EKONOMI 2
JAKARTA UTARA & KEP. SERIBU,674,TANJUNG PRIOK,JL. ENDE,LINGKUNGAN
JAKARTA UTARA & KEP. SERIBU,675,TANJUNG PRIOK,JL. GANGGENG,EKONOMI 2
JAKARTA UTARA & KEP. SERIBU,676,TANJUNG PRIOK,JL. GAYA MOTOR SELATAN,EKONOMI 3
JAKARTA UTARA & KEP. SERIBU,677,TANJUNG PRIOK,JL. GRIYA INTI SENTOSA,EKONOMI 3
JAKARTA UTARA & KEP. SERIBU,678,TANJUNG PRIOK,JL. KEBON BAWANG,EKONOMI 3
JAKARTA UTARA & KEP. SERIBU,679,TANJUNG PRIOK,JL. KEBON BAWANG I,EKONOMI 3
JAKARTA UTARA & KEP. SERIBU,680,TANJUNG PRIOK,JL. KEBON BAWANG II,EKONOMI 3
JAKARTA UTARA & KEP. SERIBU,681,TANJUNG PRIOK,JL. KEBON BAWANG 111,EKONOMI 3
JAKARTA UTARA & KEP. SERIBU,682,TANJUNG PRIOK,JL. KEBON BAWANG IV,EKONOMI 3
JAKARTA UTARA & KEP. SERIBU,683,TANJUNG PRIOK,JL. KEBON BAWANG V,EKONOMI 1
JAKARTA UTARA & KEP. SERIBU,684,TANJUNG PRIOK,JL. KEBON BAWANG VI,EKONOMI 1
JAKARTA UTARA & KEP. SERIBU,685,TANJUNG PRIOK,JL. PAPANGGO,EKONOMI 3
JAKARTA UTARA & KEP. SERIBU,686,TANJUNG PRIOK,JL. PARADISE RAYA,EKONOMI 3
JAKARTA UTARA & KEP. SERIBU,687,TANJUNG PRIOK,JL. PARADISE RAYA BARAT II,EKONOMI 3
JAKARTA UTARA & KEP. SERIBU,688,TANJUNG PRIOK,JL. STASIUN (TG. PRIOK),PROTOKOL C
JAKARTA UTARA & KEP. SERIBU,689,TANJUNG PRIOK,JL. SUNTER AGUNG NIAGA II,EKONOMI 3
JAKARTA UTARA & KEP. SERIBU,690,TANJUNG PRIOK,JL. SUNTER AGUNG NIAGA III,LINGKUNGAN
JAKARTA UTARA & KEP. SERIBU,691,TANJUNG PRIOK,JL. SUNTER AGUNG PERKASA,EKONOMI 3
JAKARTA UTARA & KEP. SERIBU,692,TANJUNG PRIOK,JL. SUNTER BENTENGAN,EKONOMI 3
JAKARTA UTARA & KEP. SERIBU,693,TANJUNG PRIOK,JL. SUNTER GARDEN,EKONOMI 3
JAKARTA UTARA & KEP. SERIBU,694,TANJUNG PRIOK,JL. SUNTER I,EKONOMI 3
JAKARTA UTARA & KEP. SERIBU,695,TANJUNG PRIOK,JL. SUNTER INDAH I,LINGKUNGAN
JAKARTA UTARA & KEP. SERIBU,696,TANJUNG PRIOK,JL. SUNTER INDAH II,LINGKUNGAN
JAKARTA UTARA & KEP. SERIBU,697,TANJUNG PRIOK,JL. SUNTER INDAH III,LINGKUNGAN
JAKARTA UTARA & KEP. SERIBU,698,TANJUNG PRIOK,JL. SUNTER INDAH IV,LINGKUNGAN
JAKARTA UTARA & KEP. SERIBU,699,TANJUNG PRIOK,JL. SUNTER INDAH IX,LINGKUNGAN
JAKARTA UTARA & KEP. SERIBU,700,TANJUNG PRIOK,JL. SUNTER INDAH V,LINGKUNGAN
JAKARTA UTARA & KEP. SERIBU,701,TANJUNG PRIOK,JL. SUNTER INDAH VI,LINGKUNGAN
JAKARTA UTARA & KEP. SERIBU,702,TANJUNG PRIOK,JL. SUNTER INDAH VII,LINGKUNGAN
JAKARTA UTARA & KEP. SERIBU,703,TANJUNG PRIOK,JL. SUNTER INDAH VIII,LINGKUNGAN
JAKARTA UTARA & KEP. SERIBU,704,TANJUNG PRIOK,JL. SUNTER INDAH X,LINGKUNGAN
JAKARTA UTARA & KEP. SERIBU,705,TANJUNG PRIOK,JL. SUNTER INDAH XI,LINGKUNGAN
JAKARTA UTARA & KEP. SERIBU,706,TANJUNG PRIOK,JL. SUNTER JAYA II,EKONOMI 3
JAKARTA UTARA & KEP. SERIBU,707,TANJUNG PRIOK,JL. SUNTER JAYA III,EKONOMI 3
JAKARTA UTARA & KEP. SERIBU,708,TANJUNG PRIOK,JL. SUNTER JAYA IV,EKONOMI 3
JAKARTA UTARA & KEP. SERIBU,709,TANJUNG PRIOK,JL. SUNTER JAYA V,EKONOMI 3
JAKARTA UTARA & KEP. SERIBU,710,TANJUNG PRIOK,JL. SUNTER KARYA TIMUR III,EKONOMI 3
JAKARTA UTARA & KEP. SERIBU,711,TANJUNG PRIOK,JL. SUNTER KARYA UTARA,EKONOMI 3
JAKARTA UTARA & KEP. SERIBU,712,TANJUNG PRIOK,JL. SUNTER KEMAYORAN,EKONOMI 1
JAKARTA UTARA & KEP. SERIBU,713,TANJUNG PRIOK,JL. SUNTER KIRANA,EKONOMI 3
JAKARTA UTARA & KEP. SERIBU,714,TANJUNG PRIOK,JL. SUNTER KIRANA I,EKONOMI 3
JAKARTA UTARA & KEP. SERIBU,715,TANJUNG PRIOK,JL. SUNTER KIRANA II,EKONOMI 3
JAKARTA UTARA & KEP. SERIBU,716,TANJUNG PRIOK,JL. SUNTER KIRANA III,EKONOMI 3
JAKARTA UTARA & KEP. SERIBU,717,TANJUNG PRIOK,JL. SUNTER KIRANA IV,EKONOMI 3
JAKARTA UTARA & KEP. SERIBU,718,TANJUNG PRIOK,JL. SUNTER MAS,EKONOMI 3
JAKARTA UTARA & KEP. SERIBU,719,TANJUNG PRIOK,JL. SUNTER PARADISE,EKONOMI 3
JAKARTA UTARA & KEP. SERIBU,720,TANJUNG PRIOK,JL. SUNTER PODOMORO,EKONOMI 3
JAKARTA UTARA & KEP. SERIBU,721,TANJUNG PRIOK,JL. SWASEMBADA,EKONOMI 2
JAKARTA UTARA & KEP. SERIBU,722,TANJUNG PRIOK,JL. SWASEMBADA TIMUR XI,EKONOMI 3
JAKARTA UTARA & KEP. SERIBU,723,TANJUNG PRIOK,JL. WARAKAS I,EKONOMI 2
JAKARTA UTARA & KEP. SERIBU,724,TANJUNG PRIOK,JL. WARAKAS II,EKONOMI 3
JAKARTA UTARA & KEP. SERIBU,725,TANJUNG PRIOK,JL. WARAKAS III,EKONOMI 3
JAKARTA UTARA & KEP. SERIBU,726,TANJUNG PRIOK,JL. WARAKAS IV,EKONOMI 3
JAKARTA UTARA & KEP. SERIBU,727,TANJUNG PRIOK,JL. WARAKAS IX,EKONOMI 3
JAKARTA UTARA & KEP. SERIBU,728,TANJUNG PRIOK,JL. WARAKAS V,EKONOMI 3
JAKARTA UTARA & KEP. SERIBU,729,TANJUNG PRIOK,JL. WARAKAS VI,EKONOMI 2
JAKARTA UTARA & KEP. SERIBU,730,TANJUNG PRIOK,JL. WARAKAS VII,EKONOMI 3
JAKARTA UTARA & KEP. SERIBU,731,TANJUNG PRIOK,JL. WARAKAS VIII,EKONOMI 3
JAKARTA UTARA & KEP. SERIBU,732,TANJUNG PRIOK,JL. WARAKAS X,EKONOMI 3
JAKARTA UTARA & KEP. SERIBU,733,TANJUNG PRIOK,JL. WARAKAS XI,EKONOMI 3
JAKARTA UTARA & KEP. SERIBU,734,TANJUNG PRIOK,JL. WARAKAS XII,EKONOMI 3
JAKARTA UTARA & KEP. SERIBU,735,TANJUNG PRIOK,JL. WARAKAS XIII,EKONOMI 3
JAKARTA UTARA & KEP. SERIBU,736,TANJUNG PRIOK,JL. YOS SUDARSO,PROTOKOL A
JAKARTA UTARA & KEP. SERIBU,737,TANJUNG PRIOK,JL. SUNTER HIJAU,EKONOMI 2
JAKARTA UTARA & KEP. SERIBU,738,TANJUNG PRIOK,JL. TENGGIRI,EKONOMI 1
JAKARTA UTARA & KEP. SERIBU,739,TANJUNG PRIOK,JL. TAWES,EKONOMI 3
JAKARTA UTARA & KEP. SERIBU,740,TANJUNG PRIOK,JL. BAKTI,LINGKUNGAN
JAKARTA UTARA & KEP. SERIBU,741,TANJUNG PRIOK,JL. BARU ANCOL SELATAN,EKONOMI 3
JAKARTA UTARA & KEP. SERIBU,742,TANJUNG PRIOK,JL. RS ANCOL RAYA,EKONOMI 3
JAKARTA UTARA & KEP. SERIBU,743,TANJUNG PRIOK,JL. TONGKOL,EKONOMI 1
JAKARTA UTARA & KEP. SERIBU,744 TANJUNG PRIOK,JL. TAMAN NYIUR,EKONOMI 3,
JAKARTA UTARA & KEP. SERIBU,745 TANJUNG PRIOK,JL. PELITA BAHARI,,LINGKUNGAN
JAKARTA UTARA & KEP. SERIBU,746 TANJUNG PRIOK,JL. MAWAR,EKONOMI 2,
JAKARTA UTARA & KEP. SERIBU,747 TANJUNG PRIOK,"JL. IR. WIYOTO WIYONO, MSC",PROTOKOL,A
JAKARTA UTARA & KEP. SERIBU,748 TANJUNG PRIOK,JL KEBON BAWANG VII,EKONOMI 1,
JAKARTA UTARA & KEP. SERIBU,749 TANJUNG PRIOK,JL KEBON BAWANG RAYA,EKONOMI 1,
JAKARTA UTARA & KEP. SERIBU,750 TANJUNG PRIOK,JL GADANG TERUSAN,EKONOMI 1,
JAKARTA UTARA & KEP. SERIBU,751 TANJUNG PRIOK,JL SUNTER JAYA IIA,EKONOM1 2,
JAKARTA UTARA & KEP. SERIBU,752 TANJUNG PRIOK,JL PAPANGGO RAYA,EKONOMI 2,
JAKARTA UTARA & KEP. SERIBU,753 TANJUNG PRIOK,JL H AMSIR,EKONOMI 2,
JAKARTA UTARA & KEP. SERIBU,754 TANJUNG PRIOK,JL GIZI,EKONOMI 2,
JAKARTA UTARA & KEP. SERIBU,755 TANJUNG PRIOK,JL BIOMEDIS,EKONOMI 2,
JAKARTA UTARA & KEP. SERIBU,756 TANJUNG PRIOK,JL KB SEJAHTERA,EKONOMI 2,
JAKARTA UTARA & KEP. SERIBU,757 TANJUNG PRIOK,JL YANKESMAS,EKONOMI 2,
JAKARTA UTARA & KEP. SERIBU,758 TANJUNG PRIOK,JL EPIDKA,EKONOMI 2,
JAKARTA UTARA & KEP. SERIBU,759 TANJUNG PRIOK,JL INSTALKES,EKONOMI 2,
JAKARTA UTARA & KEP. SERIBU,760 TANJUNG PRIOK,JL ACEH,PROTOKOL,C
JAKARTA UTARA & KEP. SERIBU,761 TANJUNG PRIOK,JL ACEH ALAS UJUNG,PROTOKOL,C
JAKARTA UTARA & KEP. SERIBU,762 TANJUNG PRIOK,JL ALAS,PROTOKOL,C
JAKARTA UTARA & KEP. SERIBU,763 TANJUNG PRIOK,JL ALAS III,PROTOKOL,C
JAKARTA UTARA & KEP. SERIBU,764 TANJUNG PRIOK,JL AMBON,PROTOKOL,C
JAKARTA UTARA & KEP. SERIBU,765 TANJUNG PRIOK,JL BANDA,PROTOKOL,C
JAKARTA UTARA & KEP. SERIBU,766 TANJUNG PRIOK,JL BIAK,PROTOKOL,C
JAKARTA UTARA & KEP. SERIBU,767 TANJUNG PRIOK,JL BITUNG,PROTOKOL,C
JAKARTA UTARA & KEP. SERIBU,768 TANJUNG PRIOK,JL INDUSTRI I,PROTOKOL,C
JAKARTA UTARA & KEP. SERIBU,769 TANJUNG PRIOK,JL INDUSTRI I UJUNG,PROTOKOL,C
JAKARTA UTARA & KEP. SERIBU,770 TANJUNG PRIOK,JL INDUSTRI II,PROTOKOL,C
JAKARTA UTARA & KEP. SERIBU,771 TANJUNG PRIOK,JL INDUSTRI III,PROTOKOL,C
JAKARTA UTARA & KEP. SERIBU,772 TANJUNG PRIOK,JL KALIMANTAN,PROTOKOL,C
JAKARTA UTARA & KEP. SERIBU,773 TANJUNG PRIOK,JL PABEAN,PROTOKOL,C
JAKARTA UTARA & KEP. SERIBU,774 TANJUNG PRIOK,JL PADAMARANG,PROTOKOL,C
JAKARTA UTARA & KEP. SERIBU,775 TANJUNG PRIOK,JL PALIAT,PROTOKOL,C
JAKARTA UTARA & KEP. SERIBU,776 TANJUNG PRIOK,JL PALIAT UJUNG,PROTOKOL,C
JAKARTA UTARA & KEP. SERIBU,777 TANJUNG PRIOK,JL PALMA,PROTOKOL,C
JAKARTA UTARA & KEP. SERIBU,778 TANJUNG PRIOK,JL PANAITAN,PROTOKOL,C
JAKARTA UTARA & KEP. SERIBU,779 TANJUNG PRIOK,JL PENAMBANGAN,PROTOKOL,C
JAKARTA UTARA & KEP. SERIBU,780 TANJUNG PRIOK,JL PASOSO,PROTOKOL,C
JAKARTA UTARA & KEP. SERIBU,781 TANJUNG PRIOK,JL PELABUHAN NUSANTARA,PROTOKOL,C
JAKARTA UTARA & KEP. SERIBU,782 TANJUNG PRIOK,JL PELABUHAN NUSANTARA I,PROTOKOL,C
JAKARTA UTARA & KEP. SERIBU,783 TANJUNG PRIOK,JL PELABUHAN NUSANTARA II,PROTOKOL,C
JAKARTA UTARA & KEP. SERIBU,784 TANJUNG PRIOK,JL PELABUHAN NUSANTARA IIB,PROTOKOL,C
JAKARTA UTARA & KEP. SERIBU,785 TANJUNG PRIOK,JL PENJALAI,PROTOKOL,C
JAKARTA UTARA & KEP. SERIBU,786 TANJUNG PRIOK,JL PAMBO,PROTOKOL,C
JAKARTA UTARA & KEP. SERIBU,787 TANJUNG PRIOK,JL RE SOEMANTADIREDJA,PROTOKOL,C
JAKARTA UTARA & KEP. SERIBU,788 TANJUNG PRIOK,JL PULAU PAYUNG,PROTOKOL,C
JAKARTA UTARA & KEP. SERIBU,789 TANJUNG PRIOK,JL KOMP AIRUD,PROTOKOL,C
JAKARTA UTARA & KEP. SERIBU,790 TANJUNG PRIOK,JL KETEL,PROTOKOL,C
JAKARTA UTARA & KEP. SERIBU,791 TANJUNG PRIOK,KO INKOPAU,PROTOKOL,C
JAKARTA UTARA & KEP. SERIBU,792 TANJUNG PRIOK,JL TELAGA RAYA,EKONOMI 2,
JAKARTA UTARA & KEP. SERIBU,793 TANJUNG PRIOK,JL AGUNG KARYA V,EKONOMI 1,
JAKARTA UTARA & KEP. SERIBU,794 TANJUNG PRIOK,JL AGUNG KARYA IV,EKONOMI 1,
JAKARTA UTARA & KEP. SERIBU,795 TANJUNG PRIOK,JL AGUNG KARYA II,EKONOMI 1,
JAKARTA UTARA & KEP. SERIBU,796 TANJUNG PRIOK,JL AGUNG KARYA III,EKONOMI 1,
JAKARTA UTARA & KEP. SERIBU,797 TANJUNG PRIOK,JL INDO KARYA,EKONOMI 1,
JAKARTA UTARA & KEP. SERIBU,798 TANJUNG PRIOK,JL INDO KARYA 1,EKONOMI 1,
JAKARTA UTARA & KEP. SERIBU,799 TANJUNG PRIOK,JL INDO KARYA 2,EKONOMI 1,
JAKARTA UTARA & KEP. SERIBU,800 TANJUNG PRIOK,JL INDO KARYA 3,EKONOMI 1,
JAKARTA UTARA & KEP. SERIBU,801 TANJUNG PRIOK,JL INDO KARYA 4,EKONOMI 1,
JAKARTA UTARA & KEP. SERIBU,802 TANJUNG PRIOK,JL SWASEMBADA BARAT,EKONOMI 2,
JAKARTA UTARA & KEP. SERIBU,803 TANJUNG PRIOK,JL SWASEMBADA TIMUR,EKONOMI 2,
JAKARTA UTARA & KEP. SERIBU,804 KOJA,JL. ALUR LAUT,EKONOMI 2,
JAKARTA UTARA & KEP. SERIBU,805 KOJA,JL. ANGGREK,EKONOMI 1,
JAKARTA UTARA & KEP. SERIBU,806,KOJA,JL. BENDUNGAN MELAYU,EKONOMI 3
JAKARTA UTARA & KEP. SERIBU,807,KOJA,JL. BHAYANGKARA,EKONOMI 2
JAKARTA UTARA & KEP. SERIBU,808,KOJA,JL. CEMARA,EKONOMI 3
JAKARTA UTARA & KEP. SERIBU,809,KOJA,JL. CEMARA ANGIN,EKONOMI 3
JAKARTA UTARA & KEP. SERIBU,810,KOJA,JL. CEMARA ANGIN BURITAN,EKONOMI 3
JAKARTA UTARA & KEP. SERIBU,811,KOJA,JL. CEMPAKA,EKONOMI 3
JAKARTA UTARA & KEP. SERIBU,812,KOJA,JL. CIBADAK,EKONOMI 3
JAKARTA UTARA & KEP. SERIBU,813,KOJA,JL. CIBANTENG,EKONOMI 2
JAKARTA UTARA & KEP. SERIBU,814,KOJA,JL. CIKAJANG,EKONOMI 3
JAKARTA UTARA & KEP. SERIBU,815,KOJA,JL. CILINCING RAYA,PROTOKOL C
JAKARTA UTARA & KEP. SERIBU,816,KOJA,JL. CIPEUCANG 2,EKONOMI 3
JAKARTA UTARA & KEP. SERIBU,817,KOJA,JL. CIPEUCANG V,EKONOMI 2
JAKARTA UTARA & KEP. SERIBU,818,KOJA,JL. DELI,EKONOMI 1
JAKARTA UTARA & KEP. SERIBU,819,KOJA,JL. DUKUH,EKONOMI 2
JAKARTA UTARA & KEP. SERIBU,820,KOJA,JL. F,EKONOMI 3
JAKARTA UTARA & KEP. SERIBU,821,KOJA,JL. HAJI MURTADO,EKONOMI 2
JAKARTA UTARA & KEP. SERIBU,822,KOJA,JL. JAMPEA,PROTOKOL C
JAKARTA UTARA & KEP. SERIBU,823,KOJA,JL. JOHAR,EKONOMI 3
JAKARTA UTARA & KEP. SERIBU,824,KOJA,JL. KRAMAT JAYA/TUNGGAK,EKONOMI 1
JAKARTA UTARA & KEP. SERIBU,825,KOJA,JL. LABU,EKONOMI 3
JAKARTA UTARA & KEP. SERIBU,826,KOJA,JL. LAGOA,EKONOMI 3
JAKARTA UTARA & KEP. SERIBU,827,KOJA,JL. LAGOA A,EKONOMI 3
JAKARTA UTARA & KEP. SERIBU,828,KOJA,JL. LAGOA B,EKONOMI 3
JAKARTA UTARA & KEP. SERIBU,829,KOJA,JL. LAGOA TERUSAN,EKONOMI 3
JAKARTA UTARA & KEP. SERIBU,830,KOJA,JL. LANGSAT,EKONOMI 2
JAKARTA UTARA & KEP. SERIBU,831,KOJA,JL. LOGISTIK,EKONOMI 1
JAKARTA UTARA & KEP. SERIBU,832,KOJA,JL. LONTAR,EKONOMI 3
JAKARTA UTARA & KEP. SERIBU,833,KOJA,JL. LORONG 100,•
JAKARTA UTARA & KEP. SERIBU,834,KOJA,JL. LORONG 101,EKONOMI 3
JAKARTA UTARA & KEP. SERIBU,835,KOJA,JL. LORONG 102,EKONOMI 3
JAKARTA UTARA & KEP. SERIBU,836,KOJA,JL. LORONG 103,EKONOMI 2
JAKARTA UTARA & KEP. SERIBU,837,KOJA,JL. LORONG 104,EKONOMI 1
JAKARTA UTARA & KEP. SERIBU,838,KOJA,JL. MAHONI,EKONOMI 3
JAKARTA UTARA & KEP. SERIBU,839,KOJA,JL. MAJA,EKONOMI 3
JAKARTA UTARA & KEP. SERIBU,840,KOJA,JL. MANGGA,EKONOMI 3
JAKARTA UTARA & KEP. SERIBU,841,KOJA,JL. MANGGAR,EKONOMI 3
JAKARTA UTARA & KEP. SERIBU,842,KOJA,JL. MANTANG,EKONOMI 3
JAKARTA UTARA & KEP. SERIBU,843,KOJA,JL. MAWAR,EKONOMI 3
JAKARTA UTARA & KEP. SERIBU,844,KOJA,JL. MENGKUDU,EKONOMI 3
JAKARTA UTARA & KEP. SERIBU,845,KOJA,JL. MENTENG,EKONOMI 2
JAKARTA UTARA & KEP. SERIBU,846,KOJA,JL. MINDI,EKONOMI 3
JAKARTA UTARA & KEP. SERIBU,847,KOJA,JL. MUNCANG,EKONOMI 3
JAKARTA UTARA & KEP. SERIBU,848,KOJA,JL. PASAR WARU,EKONOMI 3
JAKARTA UTARA & KEP. SERIBU,849,KOJA,JL. PELABUHAN RAYA,PROTOKOL C
JAKARTA UTARA & KEP. SERIBU,850,KOJA,JL. PINANG,EKONOMI 3
JAKARTA UTARA & KEP. SERIBU,851,KOJA,JL. PLUMPANG SEMPER,EKONOMI 1
JAKARTA UTARA & KEP. SERIBU,852,KOJA,JL. RAWA BADAK,EKONOMI 3
JAKARTA UTARA & KEP. SERIBU,853,KOJA,JL. SEMANGKA,EKONOMI 3
JAKARTA UTARA & KEP. SERIBU,854,KOJA,JL. SINDANG,EKONOMI 1
JAKARTA UTARA & KEP. SERIBU,855,KOJA,JL. SINDANG TERUSAN,EKONOMI 3
JAKARTA UTARA & KEP. SERIBU,856,KOJA,JL. STM WALANG,EKONOMI 2
JAKARTA UTARA & KEP. SERIBU,857,KOJA,JL. SULAWESI,PROTOKOL A
JAKARTA UTARA & KEP. SERIBU,858,KOJA,JL. TIMOR /TPK KOJA,EKONOMI 2
JAKARTA UTARA & KEP. SERIBU,859,KOJA,JL. TUGU SEMPER,EKONOMI 1
JAKARTA UTARA & KEP. SERIBU,860,KOJA,JL. WALANG PERMAI,EKONOMI 3
JAKARTA UTARA & KEP. SERIBU,861,KOJA,JL. WALANG RAYA,EKONOMI 2
JAKARTA UTARA & KEP. SERIBU,862,KOJA,JL. WALANG SARI,EKONOMI 3
JAKARTA UTARA & KEP. SERIBU,863,KOJA,JL. WARU,EKONOMI 2
JAKARTA UTARA & KEP. SERIBU,864,KOJA,JL. YOS SUDARSO,PROTOKOL A
JAKARTA UTARA & KEP. SERIBU,865,KOJA,JL. PASAR ULAR,EKONOMI 2
JAKARTA UTARA & KEP. SERIBU,866,KOJA,JL. INSPEKSI KALI SUNTER,EKONOMI 2
JAKARTA UTARA & KEP. SERIBU,867,KOJA,JL. BERDIKARI,EKONOMI 3
JAKARTA UTARA & KEP. SERIBU,868,KOJA,JL. SEROJA,EKONOMI 3
JAKARTA UTARA & KEP. SERIBU,869,KOJA,JL. MELUR,EKONOMI 1
JAKARTA UTARA & KEP. SERIBU,870,KOJA,JL. MELATI,EKONOMI 1
JAKARTA UTARA & KEP. SERIBU,871,KOJA,JL. CIKIJANG TIMUR,EKONOMI 3
JAKARTA UTARA & KEP. SERIBU,872,KOJA,JL. CIKIJANG BARAT,EKONOMI 3
JAKARTA UTARA & KEP. SERIBU,873,KOJA,JL. CIPEUCANG 1,EKONOMI 2
JAKARTA UTARA & KEP. SERIBU,874,KOJA,JL. STADION RAWA BADAK,EKONOMI 3
JAKARTA UTARA & KEP. SERIBU,875,KOJA,JL. K II,EKONOMI 3
JAKARTA UTARA & KEP. SERIBU,876,KOJA,JL. MASJID AL KURAMAA,EKONOMI 3
JAKARTA UTARA & KEP. SERIBU,877,KOJA,JL. KORAMIL,EKONOMI 2
JAKARTA UTARA & KEP. SERIBU,878,KOJA,JL. PERJUANGAN,EKONOMI 2
JAKARTA UTARA & KEP. SERIBU,879,KOJA,JL. BENDUNGAN MELAYU SELATAN,EKONOMI 3
JAKARTA UTARA & KEP. SERIBU,880,KOJA,JL. BENDUNGAN MELAYU UTARA,EKONOMI 3
JAKARTA UTARA & KEP. SERIBU,881,KOJA,JL. BATU TUMBUH,EKONOMI 3
JAKARTA UTARA & KEP. SERIBU,882,KOJA,JL. BENDUNGAN BATIK,EKONOMI 3
JAKARTA UTARA & KEP. SERIBU,883,KOJA,JL. PALEM,EKONOMI 3
JAKARTA UTARA & KEP. SERIBU,884,KOJA,JL. PASAR KOJA,EKONOMI 2
JAKARTA UTARA & KEP. SERIBU,885,KOJA,JL. B LAGOA TERUSAN,EKONOMI 2
JAKARTA UTARA & KEP. SERIBU,886,KOJA,JL. A LAGOA TERUSAN,EKONOMI 2
JAKARTA UTARA & KEP. SERIBU,887,KOJA,JL. LAGOA SINAR,EKONOMI 1
JAKARTA UTARA & KEP. SERIBU,888,KOJA,JL. B RAYA,EKONOMI 3
JAKARTA UTARA & KEP. SERIBU,889,KOJA,JL. SOKA,EKONOMI 3
JAKARTA UTARA & KEP. SERIBU,890,KOJA,JL. SAMUDRA,EKONOMI 3
JAKARTA UTARA & KEP. SERIBU,891,KOJA,JL. WALANG,EKONOMI 3
JAKARTA UTARA & KEP. SERIBU,892,KOJA,JL. KO TUGU PERMAI,EKONOMI 3
JAKARTA UTARA & KEP. SERIBU,893,KOJA,JL. DIGUL,EKONOMI 2
JAKARTA UTARA & KEP. SERIBU,894,KELAPA GADING,JL. ACOR DION,EKONOMI 3
JAKARTA UTARA & KEP. SERIBU,895,KELAPA GADING,JL. ARTERI KELAPA GADING,EKONOMI 1
JAKARTA UTARA & KEP. SERIBU,896,KELAPA GADING,JL. BANGUN CIPTA SARANA RAYA,EKONOMI 3
JAKARTA UTARA & KEP. SERIBU,897,KELAPA GADING,JL. BIRU LAUT BARAT,LINGKUNGAN
JAKARTA UTARA & KEP. SERIBU,898,KELAPA GADING,JL. BIRU LAUT TIMUR,LINGKUNGAN
JAKARTA UTARA & KEP. SERIBU,899,KELAPA GADING,JL. BOULEVARD ARTHA GADING,PROTOKOL C
JAKARTA UTARA & KEP. SERIBU,900,KELAPA GADING,JL. BOULEVARD BARAT RAYA,PROTOKOL C
JAKARTA UTARA & KEP. SERIBU,901,KELAPA GADING,JL. BOULEVARD BUKIT GADING RAYA,PROTOKOL C
JAKARTA UTARA & KEP. SERIBU,902,KELAPA GADING,JL. BOULEVARD KELAPA GADING,PROTOKOL C
JAKARTA UTARA & KEP. SERIBU,903,KELAPA GADING,JL. BUKIT GADING MEDITERANIA,EKONOMI 2
JAKARTA UTARA & KEP. SERIBU,904,KELAPA GADING,JL. FLAMBOYAN,EKONOMI 3
JAKARTA UTARA & KEP. SERIBU,905,KELAPA GADING,JL. GADING,EKONOMI 3
JAKARTA UTARA & KEP. SERIBU,906,KELAPA GADING,JL. GADING BATAVIA RAYA,EKONOMI 1
JAKARTA UTARA & KEP. SERIBU,907,KELAPA GADING,JL. GADING ELOK UTARA,EKONOMI 3
JAKARTA UTARA & KEP. SERIBU,908,KELAPA GADING,JL. GADING GRIYA LESTARI,EKONOMI 2
JAKARTA UTARA & KEP. SERIBU,909,KELAPA GADING,JL. GADING INDAH RAYA,EKONOMI 1
JAKARTA UTARA & KEP. SERIBU,910,KELAPA GADING,JL. GADING KIRANA,EKONOMI 1
JAKARTA UTARA & KEP. SERIBU,911,KELAPA GADING,JL. GADING KIRANA TJL. GADING KIRANA TIM,EKONOMI 2
JAKARTA UTARA & KEP. SERIBU,912,KELAPA GADING,JL. GADING KIRANA UTARA,EKONOMI 2
JAKARTA UTARA & KEP. SERIBU,913,KELAPA GADING,JL. GADING NIRWANA,EKONOMI 3
JAKARTA UTARA & KEP. SERIBU,914,KELAPA GADING,JL. GADING PUTIH,EKONOMI 3
JAKARTA UTARA & KEP. SERIBU,915,KELAPA GADING,JL. GADING PUTIH ELOK,EKONOMI 3
JAKARTA UTARA & KEP. SERIBU,916,KELAPA GADING,JL. GIRING-GIRING,EKONOMI 3
JAKARTA UTARA & KEP. SERIBU,917,KELAPA GADING,"JL. IR. WIYOTO WIYONO, MSC",PROTOKOL B
JAKARTA UTARA & KEP. SERIBU,918,KELAPA GADING,JL. JANUR ASRI,EKONOMI 3
JAKARTA UTARA & KEP. SERIBU,919,KELAPA GADING,JL. JANUR ELOK,EKONOMI 3
JAKARTA UTARA & KEP. SERIBU,920,KELAPA GADING,JL. JANUR KUNING,EKONOMI 3
JAKARTA UTARA & KEP. SERIBU,921,KELAPA GADING,JL. JINGGA RAYA,EKONOMI 3
JAKARTA UTARA & KEP. SERIBU,922,KELAPA GADING,JL. KELAPA CENGKIR,EKONOMI 2
JAKARTA UTARA & KEP. SERIBU,923,KELAPA GADING,JL. KELAPA CENGKIR BARAT,EKONOMI 3
JAKARTA UTARA & KEP. SERIBU,924,KELAPA GADING,JL. KELAPA CENGKIR TIMUR,EKONOMI 3
JAKARTA UTARA & KEP. SERIBU,925,KELAPA GADING,JL. KELAPA GADING PERMAI,EKONOMI 2
JAKARTA UTARA & KEP. SERIBU,926,KELAPA GADING,JL. KELAPA GADING TIMUR,EKONOMI 3
JAKARTA UTARA & KEP. SERIBU,927,KELAPA GADING,JL. KELAPA HIBRIDA,EKONOMI 1
JAKARTA UTARA & KEP. SERIBU,928,KELAPA GADING,JL. KELAPA KOPYOR,EKONOMI 3
JAKARTA UTARA & KEP. SERIBU,929,KELAPA GADING,JL. KELAPA LILIN RAYA,EKONOMI 1
JAKARTA UTARA & KEP. SERIBU,930,KELAPA GADING,JL. KELAPA MOLEK,EKONOMI 3
JAKARTA UTARA & KEP. SERIBU,931,KELAPA GADING,JL. KELAPA PUAN,EKONOMI 1
JAKARTA UTARA & KEP. SERIBU,932,KELAPA GADING,JL. KELAPA PUYUH,EKONOMI 3
JAKARTA UTARA & KEP. SERIBU,933,KELAPA GADING,JL. KELAPA SAWIT,EKONOMI 3
JAKARTA UTARA & KEP. SERIBU,934,KELAPA GADING,JL. KOMP KUNING TUA,EKONOMI 3
JAKARTA UTARA & KEP. SERIBU,935,KELAPA GADING,JL. KOMP. AXC KELAPA GADING,EKONOMI 1
JAKARTA UTARA & KEP. SERIBU,936,KELAPA GADING,JL. KOMP. HARMONI MAS,EKONOMI 1
JAKARTA UTARA & KEP. SERIBU,937,KELAPA GADING,JL. KOMP. KUNING LANGSAT,EKONOMI 3
JAKARTA UTARA & KEP. SERIBU,938,KELAPA GADING,JL. MUSIK RAYA,EKONOMI 3
JAKARTA UTARA & KEP. SERIBU,939,KELAPA GADING,JL. PEGANGSAAN DUA,EKONOMI 1
JAKARTA UTARA & KEP. SERIBU,940,KELAPA GADING,JL. PELEPAH ASRI,EKONOMI 3
JAKARTA UTARA & KEP. SERIBU,941,KELAPA GADING,JL. PELEPAH ELOK,EKONOMI 3
JAKARTA UTARA & KEP. SERIBU,942,KELAPA GADING,JL. PELEPAH HIJAU I,EKONOMI 3
JAKARTA UTARA & KEP. SERIBU,943,KELAPA GADING,JL. PELEPAH INDAH,EKONOMI 3
JAKARTA UTARA & KEP. SERIBU,944,KELAPA GADING,JL. PELEPAH KUNING I,EKONOMI 3
JAKARTA UTARA & KEP. SERIBU,945,KELAPA GADING,JL. PELEPAH RAYA,EKONOMI 3
JAKARTA UTARA & KEP. SERIBU,946,KELAPA GADING,JL. PRINTIS KEMERDEKAAN,PROTOKOL C
JAKARTA UTARA & KEP. SERIBU,947,KELAPA GADING,JL. PT HII,EKONOMI 1
JAKARTA UTARA & KEP. SERIBU,948,KELAPA GADING,JL. RAYA BEKASI/SRI SULTAN H B IX,PROTOKOL C
JAKARTA UTARA & KEP. SERIBU,949,KELAPA GADING,JL. RAYA GADING KIRANA,PROTOKOL C
JAKARTA UTARA & KEP. SERIBU,950,KELAPA GADING,JL. RAYA KELAPA NIAS,PROTOKOL C
JAKARTA UTARA & KEP. SERIBU,951,KELAPA GADING,JL. SUMANGGUNG II,EKONOMI 3
JAKARTA UTARA & KEP. SERIBU,952,KELAPA GADING,JL. SUMANGUNG I,EKONOMI 3
JAKARTA UTARA & KEP. SERIBU,953,KELAPA GADING,JL. SUMANGUNG III,EKONOMI 3
JAKARTA UTARA & KEP. SERIBU,954,KELAPA GADING,JL. TAMAN PEGANGSAAN INDAH (TPI),LINGKUNGAN
JAKARTA UTARA & KEP. SERIBU,955,KELAPA GADING,JL. TARIAN RAYA BARAT,EKONOMI 3
JAKARTA UTARA & KEP. SERIBU,956,KELAPA GADING,JL. TARIAN TIMUR RAYA BARAT,EKONOMI 3
JAKARTA UTARA & KEP. SERIBU,957,KELAPA GADING,JL. TARUMPET,EKONOMI 3
JAKARTA UTARA & KEP. SERIBU,958,KELAPA GADING,JL. YOS SUDARSO,PROTOKOL B
JAKARTA UTARA & KEP. SERIBU,959,KELAPA GADING,JL. BOULEVARD TIMUR,PROTOKOL C
JAKARTA UTARA & KEP. SERIBU,960,KELAPA GADING,JL. BOULEVARD RAYA,PROTOKOL C
JAKARTA UTARA & KEP. SERIBU,961,KELAPA GADING,JL. BOULEVARD UTARA,PROTOKOL C
JAKARTA UTARA & KEP. SERIBU,962,KELAPA GADING,JL. PASAR MANDIRI,EKONOMI 1
JAKARTA UTARA & KEP. SERIBU,963,KELAPA GADING,JL. MANDIRI TENGAH,EKONOMI 1
JAKARTA UTARA & KEP. SERIBU,964,CILINCING,JL. AKSES MARUNDA/ARTERI MARUNDA,EKONOMI 2
JAKARTA UTARA & KEP. SERIBU,965,CILINCING,JL. BAKTI,EKONOMI 3
JAKARTA UTARA & KEP. SERIBU,966,CILINCING,JL. BELIMBING,EKONOMI 3
JAKARTA UTARA & KEP. SERIBU,967,CILINCING,JL. CAKUNG CILINCING RAYA,PROTOKOL C
JAKARTA UTARA & KEP. SERIBU,968,CILINCING,JL. CILINCING BARU,EKONOMI 3
JAKARTA UTARA & KEP. SERIBU,969,CILINCING,JL. CILINCING BESAR,EKONOMI 3
JAKARTA UTARA & KEP. SERIBU,970,CILINCING,JL. CILINCING CILANDAK,EKONOMI 3
JAKARTA UTARA & KEP. SERIBU,971,CILINCING,JL. CILINCING KSATRIA,EKONOMI 3
JAKARTA UTARA & KEP. SERIBU,972,CILINCING,JL. CILINCING LAMA,EKONOMI 2
JAKARTA UTARA & KEP. SERIBU,973,CILINCING,JL. CILINCING LANDAK MARINIR,EKONOMI 3
JAKARTA UTARA & KEP. SERIBU,974,CILINCING,JL. CILINCING PAGI,EKONOMI 3
JAKARTA UTARA & KEP. SERIBU,975,CILINCING,JL. CILINCING RAYA,PROTOKOL C
JAKARTA UTARA & KEP. SERIBU,976,CILINCING,JL. DUREN,EKONOMI 3
JAKARTA UTARA & KEP. SERIBU,977,CILINCING,JL. GADING GRIYA LESTARI,EKONOMI 2
JAKARTA UTARA & KEP. SERIBU,978,CILINCING,JL. GAYA MOTOR,EKONOMI 3
JAKARTA UTARA & KEP. SERIBU,979,CILINCING,JL. KALI BARU,EKONOMI 3
JAKARTA UTARA & KEP. SERIBU,980,CILINCING,JL. KALI BARU BARAT II,EKONOMI 3
JAKARTA UTARA & KEP. SERIBU,981,CILINCING,JL. KALI BARU TIMUR,EKONOMI 3
JAKARTA UTARA & KEP. SERIBU,982,CILINCING,JL. KEBANTENAN,EKONOMI 2
JAKARTA UTARA & KEP. SERIBU,983,CILINCING,JL. KEBON BARU,EKONOMI 3
JAKARTA UTARA & KEP. SERIBU,984,CILINCING,JL. KELAPA HIBRIDA,EKONOMI 1
JAKARTA UTARA & KEP. SERIBU,985,CILINCING,JL. KEPALA DUA,EKONOMI 3
JAKARTA UTARA & KEP. SERIBU,986,CILINCING,JL. KESEMEK,EKONOMI 3
JAKARTA UTARA & KEP. SERIBU,987,CILINCING,JL. KRAMAT JAYA/TUNGGAK,EKONOMI 1
JAKARTA UTARA & KEP. SERIBU,988,CILINCING,JL. MANUNGGAL JUANG,EKONOMI 3
JAKARTA UTARA & KEP. SERIBU,989,CILINCING,JL. MARUNDA CILINCING,EKONOMI 3
JAKARTA UTARA & KEP. SERIBU,990,CILINCING,JL. PEDONGKELAN,EKONOMI 3
JAKARTA UTARA & KEP. SERIBU,991,CILINCING,JL. PEMADAM,EKONOMI 2
JAKARTA UTARA & KEP. SERIBU,992 CILINCING,JL. PEPAYA,EKONOMI 3,
JAKARTA UTARA & KEP. SERIBU,993 CILINCING,JL. ROROTAN,EKONOMI 2,
JAKARTA UTARA & KEP. SERIBU,994 CILINCING,JL. ROROTAN MALAKA,EKONOMI 2,
JAKARTA UTARA & KEP. SERIBU,995 CILINCING,JL. SUNGAI BARITO,EKONOMI 3,
JAKARTA UTARA & KEP. SERIBU,996 CILINCING,JL. SUNGAI BRANTAS,EKONOMI 3,
JAKARTA UTARA & KEP. SERIBU,997 CILINCING,JL. SUNGAI CITANDUI,EKONOMI 3,
JAKARTA UTARA & KEP. SERIBU,998 CILINCING,JL. SUNGAI LANDAK MARUNDA,EKONOMI 2,
JAKARTA UTARA & KEP. SERIBU,999 CILINCING,JL. TAMAN TIPAR,EKONOMI 3,
JAKARTA UTARA & KEP. SERIBU,1000 CILINCING,JL. TANAH MERDEKA CILINCING,EKONOMI 3,
JAKARTA UTARA & KEP. SERIBU,1001 CILINCING,JL. TIPAR CAKUNG,EKONOMI 1,
JAKARTA UTARA & KEP. SERIBU,1002 CILINCING,JL. TUGU SEMPER,EKONOMI 1,
JAKARTA UTARA & KEP. SERIBU,1003 CILINCING,KBN CAKUNG,EKONOMI 1,
JAKARTA UTARA & KEP. SERIBU,1004 CILINCING,KBN MARUNDA,EKONOMI 2,
JAKARTA UTARA & KEP. SERIBU,1005 CILINCING,KO. BEA CUKAI SUKAPURA,EKONOMI 2,
JAKARTA UTARA & KEP. SERIBU,1006 CILINCING,TOL AKSES TANJUNG PRIOK,PROTOKOL,C
JAKARTA UTARA & KEP. SERIBU,1007 CILINCING,JL. DUKUH,EKONOMI 3,
JAKARTA UTARA & KEP. SERIBU,1008 CILINCING,JL. CAMAR,EKONOMI 3,
JAKARTA UTARA & KEP. SERIBU,1009 CILINCING,JL. BIDARA,EKONOMI 3,
JAKARTA UTARA & KEP. SERIBU,1010 CILINCING,JL. KELAPA DUA,EKONOMI 3,
JAKARTA UTARA & KEP. SERIBU,1011 CILINCING,JL. SARANG BANGO,EKONOMI 2,
JAKARTA UTARA & KEP. SERIBU,1012 CILINCING,JL. MARUNDA MAKMUR,EKONOMI 2,
JAKARTA UTARA & KEP. SERIBU,1013 CILINCING,JL. INSPEKSI CAKUNG DRAIN,EKONOMI 2,
JAKARTA UTARA & KEP. SERIBU,1014 CILINCING,JL. SIAK,EKONOMI 1,
JAKARTA UTARA & KEP. SERIBU,1015 KEPULAUAN SERIBU,PULAU AIR BESAR,EKONOMI 3,
JAKARTA UTARA & KEP. SERIBU,1016 KEPULAUAN SERIBU,PULAU AIR KECIL / PULAU JUSI,EKONOMI 3,
JAKARTA UTARA & KEP. SERIBU,1017 KEPULAUAN SERIBU,PULAU AYER,EKONOMI 3,
JAKARTA UTARA & KEP. SERIBU,1018 KEPULAUAN SERIBU,PULAU BELANDA,EKONOMI 3,
JAKARTA UTARA & KEP. SERIBU,1019 KEPULAUAN SERIBU,PULAU BIAWAK,EKONOMI 3,
JAKARTA UTARA & KEP. SERIBU,1020 KEPULAUAN SERIBU,PULAU BIDADARI / PULAU PURMEREND,EKONOMI 3,
JAKARTA UTARA & KEP. SERIBU,1021 KEPULAUAN SERIBU,PULAU BIRA BESAR,EKONOMI 3,
JAKARTA UTARA & KEP. SERIBU,1022 KEPULAUAN SERIBU,PULAU BIRA KECIL,EKONOMI 3,
JAKARTA UTARA & KEP. SERIBU,1023 KEPULAUAN SERIBU,PULAU BOKOR,EKONOMI 3,
JAKARTA UTARA & KEP. SERIBU,1024 KEPULAUAN SERIBU,PULAU BULAT,EKONOMI 3,
JAKARTA UTARA & KEP. SERIBU,1025 KEPULAUAN SERIBU,PULAU BUNDAR,EKONOMI 3,
JAKARTA UTARA & KEP. SERIBU,1026 KEPULAUAN SERIBU,PULAU BURUNG,EKONOMI 3,
JAKARTA UTARA & KEP. SERIBU,1027 KEPULAUAN SERIBU,PULAU CINA,EKONOMI 3,
JAKARTA UTARA & KEP. SERIBU,1028 KEPULAUAN SERIBU,PULAU CIPIR / PULAU KUIPER / PULAU KAHYANGAN,EKONOMI 3,
JAKARTA UTARA & KEP. SERIBU,1029 KEPULAUAN SERIBU,PULAU DAMAR BESAR,EKONOMI 3,
JAKARTA UTARA & KEP. SERIBU,1030 KEPULAUAN SERIBU,PULALJ DAMAR KECIL / PULAU WANARA,EKONOMI 3,
JAKARTA UTARA & KEP. SERIBU,1031 KEPULAUAN SERIBU,PULAU DAPUR,EKONOMI 3,
JAKARTA UTARA & KEP. SERIBU,1032 KEPULAUAN SERIBU,PULAU DUA BARAT,EKONOMI 3,
JAKARTA UTARA & KEP. SERIBU,1033 KEPULAUAN SERIBU,PULAU DUA TIMUR,EKONOMI 3,
JAKARTA UTARA & KEP. SERIBU,1034 KEPULAUAN SERIBU,PULAU GENTENG BESAR,EKONOMI 3,
JAKARTA UTARA & KEP. SERIBU,1035 KEPULAUAN SERIBU,PULAU GENTENG KECIL,EKONOMI 3,
JAKARTA UTARA & KEP. SERIBU,1036 KEPULAUAN SERIBU,PULAU GOSONG PABELOKAN,EKONOMI 3,
JAKARTA UTARA & KEP. SERIBU,1037 KEPULAUAN SERIBU,PULAU GOSONG RENGAT,EKONOMI 3,
JAKARTA UTARA & KEP. SERIBU,1038 KEPULAUAN SERIBU,PULAU GUDUS LEMPENG,EKONOMI 3,
JAKARTA UTARA & KEP. SERIBU,1039 KEPULAUAN SERIBU,PULAU GUNDUL,EKONOMI 3,
JAKARTA UTARA & KEP. SERIBU,1040 KEPULAUAN SERIBU,PULAU HANTU BARAT / PULAU PANTARA BARAT,EKONOMI 3,
JAKARTA UTARA & KEP. SERIBU,1041 KEPULAUAN SERIBU,PULAU HANTU TIMUR / PULAU PANTARA TIMUR,EKONOMI 3,
JAKARTA UTARA & KEP. SERIBU,1042 KEPULAUAN SERIBU,PULAU HARAPAN,EKONOMI 3,
JAKARTA UTARA & KEP. SERIBU,1043 KEPULAUAN SERIBU,PULAU JAGUNG,EKONOMI 3,
JAKARTA UTARA & KEP. SERIBU,1044 KEPULAUAN SERIBU,PULAU JUKUNG,EKONOMI 3,
JAKARTA UTARA & KEP. SERIBU,1045 KEPULAUAN SERIBU,PULAU KALANG KUDUS,EKONOMI 3,
JAKARTA UTARA & KEP. SERIBU,1046 KEPULAUAN SERIBU,PULAU KALIAGE BESAR,EKONOMI 3,
JAKARTA UTARA & KEP. SERIBU,1047 KEPULAUAN SERIBU,PULAU KALIAGE KECIL,EKONOMI 3,
JAKARTA UTARA & KEP. SERIBU,1048 KEPULAUAN SERIBU,PULAU KARANG BERAS,EKONOMI 3,
JAKARTA UTARA & KEP. SERIBU,1049 KEPULAUAN SERIBU,PULAU KARANG BONGKOK,EKONOMI 3,
JAKARTA UTARA & KEP. SERIBU,1050 KEPULAUAN SERIBU,PULAU KARANG CONGKAK,EKONOMI 3,
JAKARTA UTARA & KEP. SERIBU,1051 KEPULAUAN SERIBU,PULAU KARYA,EKONOMI 3,
JAKARTA UTARA & KEP. SERIBU,1052 KEPULAUAN SERIBU,PULAU KAYU ANGIN BIRA,EKONOMI 3,
JAKARTA UTARA & KEP. SERIBU,1053 KEPULAUAN SERIBU,PULAU KAYU ANGIN GENTENG,EKONOMI 3,
JAKARTA UTARA & KEP. SERIBU,1054,KEPULAUAN SERIBU,PULAU KAYU ANGIN MELINTANG,EKONOMI 3
JAKARTA UTARA & KEP. SERIBU,1055,KEPULAUAN SERIBU,PULAU KAYU ANGIN PUTRI,EKONOMI 3
JAKARTA UTARA & KEP. SERIBU,1056,KEPULAUAN SERIBU,PULAU KELAPA,EKONOMI 3
JAKARTA UTARA & KEP. SERIBU,1057,KEPULAUAN SERIBU,PULAU KELOR BARAT DAHULU PULAU KHERKOF,EKONOMI 3
JAKARTA UTARA & KEP. SERIBU,1058,KEPULAUAN SERIBU,PULAU KELOR BESAR DAHULU PULAU KHERKOF,EKONOMI 3
JAKARTA UTARA & KEP. SERIBU,1059,KEPULAUAN SERIBU,PULAU KELOR TIMUR DAHULU PULAU KHERKOF,EKONOMI 3
JAKARTA UTARA & KEP. SERIBU,1060,KEPULAUAN SERIBU,PULAU KONGSI,EKONOMI 3
JAKARTA UTARA & KEP. SERIBU,1061,KEPULAUAN SERIBU,PULAU KOTOK BESAR / PULAU KOTOK BARAT,EKONOMI 3
JAKARTA UTARA & KEP. SERIBU,1062,KEPULAUAN SERIBU,PULAU KOTOK KECIL / PULAU KOTOK TIMUR,EKONOMI 3
JAKARTA UTARA & KEP. SERIBU,1063,KEPULAUAN SERIBU,PULAU KUBURAN CINA,EKONOMI 3
JAKARTA UTARA & KEP. SERIBU,1064,KEPULAUAN SERIBU,PULAU KUNGSI / PULAU KEPALA DUA,EKONOMI 3
JAKARTA UTARA & KEP. SERIBU,1065,KEPULAUAN SERIBU,PULAU LAGA,EKONOMI 3
JAKARTA UTARA & KEP. SERIBU,1066,KEPULAUAN SERIBU,PULAU LAKI,EKONOMI 3
JAKARTA UTARA & KEP. SERIBU,1067,KEPULAUAN SERIBU,PULAU LANCANG BESAR,EKONOMI 3
JAKARTA UTARA & KEP. SERIBU,1068,KEPULAUAN SERIBU,PULAU LANCANG KECIL,EKONOMI 3
JAKARTA UTARA & KEP. SERIBU,1069,KEPULAUAN SERIBU,PULAU LIPAN,EKONOMI 3
JAKARTA UTARA & KEP. SERIBU,1070,KEPULAUAN SERIBU,PULAU MACAN BESAR / PULAU MATAHARI,EKONOMI 3
JAKARTA UTARA & KEP. SERIBU,1071,KEPULAUAN SERIBU,PULAU MACAN KECIL,EKONOMI 3
JAKARTA UTARA & KEP. SERIBU,1072,KEPULAUAN SERIBU,PULAU MELINJO,EKONOMI 3
JAKARTA UTARA & KEP. SERIBU,1073,KEPULAUAN SERIBU,PULAU MELINTANG BESAR,EKONOMI 3
JAKARTA UTARA & KEP. SERIBU,1074,KEPULAUAN SERIBU,PULAU MELINTANG KECIL,EKONOMI 3
JAKARTA UTARA & KEP. SERIBU,1075,KEPULAUAN SERIBU,PULAU NYAMPLUNG,EKONOMI 3
JAKARTA UTARA & KEP. SERIBU,1076,KEPULAUAN SERIBU,PULAU NYAMUK BESAR / PULAU NIRWANA,EKONOMI 3
JAKARTA UTARA & KEP. SERIBU,1077,KEPULAUAN SERIBU,PULAU NYAMUK KECIL / PULAU TALAK,EKONOMI 3
JAKARTA UTARA & KEP. SERIBU,1078,KEPULAUAN SERIBU,PULAU ONRUST / PULAU KAPAL,EKONOMI 3
JAKARTA UTARA & KEP. SERIBU,1079,KEPULAUAN SERIBU,PULAU OPAK BESAR BARAT,EKONOMI 3
JAKARTA UTARA & KEP. SERIBU,1080,KEPULAUAN SERIBU,PULAU OPAK BESAR TIMUR,EKONOMI 3
JAKARTA UTARA & KEP. SERIBU,1081,KEPULAUAN SERIBU,PULAU OPAK KECIL,EKONOMI 3
JAKARTA UTARA & KEP. SERIBU,1082,KEPULAUAN SERIBU,PULAU PABELOKAN,EKONOMI 3
JAKARTA UTARA & KEP. SERIBU,1083,KEPULAUAN SERIBU,PULAU PANGGANG,EKONOMI 3
JAKARTA UTARA & KEP. SERIBU,1084,KEPULAUAN SERIBU,PULAU PANIKI,EKONOMI 3
JAKARTA UTARA & KEP. SERIBU,1085,KEPULAUAN SERIBU,PULAU PANJANG BESAR,EKONOMI 3
JAKARTA UTARA & KEP. SERIBU,1086,KEPULAUAN SERIBU,PULAU PANJANG KECIL,EKONOMI 3
JAKARTA UTARA & KEP. SERIBU,1087,KEPULAUAN SERIBU,PULAU PARI,EKONOMI 3
JAKARTA UTARA & KEP. SERIBU,1088,KEPULAUAN SERIBU,PULAII PATELORAN BARAT / PULAU PATELORAN BESAR,EKONOMI 3
JAKARTA UTARA & KEP. SERIBU,1089,KEPULAUAN SERIBU,PULAU PATELORAN TIMUR / PULAU PATELORAN KECIL,EKONOMI 3
JAKARTA UTARA & KEP. SERIBU,1090,KEPULAUAN SERIBU,PULAU PAYUNG BESAR,EKONOMI 3
JAKARTA UTARA & KEP. SERIBU,1091,KEPULAUAN SERIBU,PULAU PAYUNG KECIL,EKONOMI 3
JAKARTA UTARA & KEP. SERIBU,1092,KEPULAUAN SERIBU,PULAU PEMAGARAN,EKONOMI 3
JAKARTA UTARA & KEP. SERIBU,1093,KEPULAUAN SERIBU,PULAU PENYALIRAN BARAT,EKONOMI 3
JAKARTA UTARA & KEP. SERIBU,1094,KEPULAUAN SERIBU,PULAU PENYALIRAN TIMUR,EKONOMI 3
JAKARTA UTARA & KEP. SERIBU,1095,KEPULAUAN SERIBU,PULAtl PERAK,EKONOMI 3
JAKARTA UTARA & KEP. SERIBU,1096,KEPULAUAN SERIBU,PULAU PETONDAN BESAR / PULAU PELANGI,EKONOMI 3
JAKARTA UTARA & KEP. SERIBU,1097,KEPULAUAN SERIBU,PULAU PETONDAN KECIL /PULAU PETONDAN TIMUR,EKONOMI 3
JAKARTA UTARA & KEP. SERIBU,1098,KEPULAUAN SERIBU,PULAU PRAMUKA,EKONOMI 3
JAKARTA UTARA & KEP. SERIBU,1099,KEPULAUAN SERIBU,PULAU PUTRI BARAT / PULAU PUTRI BESAR,EKONOMI 3
JAKARTA UTARA & KEP. SERIBU,1100,KEPULAUAN SERIBU,PULAU PUTRI GUNDUL,EKONOMI 3
JAKARTA UTARA & KEP. SERIBU,1101,KEPULAUAN SERIBU,PULAU PUTRI TIMUR / PULAU PUTRI KECIL,EKONOMI 3
JAKARTA UTARA & KEP. SERIBU,1102,KEPULAUAN SERIBU,PULAU RAMBUT / PULAU MIDDBUR,EKONOMI 3
JAKARTA UTARA & KEP. SERIBU,1103,KEPULAUAN SERIBU,PULAU RENGIT,EKONOMI 3
JAKARTA UTARA & KEP. SERIBU,1104,KEPULAUAN SERIBU,PULAU SAKTU,EKONOMI 3
JAKARTA UTARA & KEP. SERIBU,1105,KEPULAUAN SERIBU,PULAU SEBARU BESAR,EKONOMI 3
JAKARTA UTARA & KEP. SERIBU,1106,KEPULAUAN SERIBU,PULAU SEBARU KECIL,EKONOMI 3
JAKARTA UTARA & KEP. SERIBU,1107,KEPULAUAN SERIBU,PULAU SEBIRA,EKONOMI 3
JAKARTA UTARA & KEP. SERIBU,1108,KEPULAUAN SERIBU,PULAU SEKATI,EKONOMI 3
JAKARTA UTARA & KEP. SERIBU,1109,KEPULAUAN SERIBU,PULAU SEMAK DAUN,EKONOMI 3
JAKARTA UTARA & KEP. SERIBU,1110,KEPULAUAN SERIBU,PULAU SEMUT,EKONOMI 3
JAKARTA UTARA & KEP. SERIBU,1111,KEPULAUAN SERIBU,PULAU SEMUT BESAR,EKONOMI 3
JAKARTA UTARA & KEP. SERIBU,1112,KEPULAUAN SERIBU,PULAU SEMUT KECIL,EKONOMI 3
JAKARTA UTARA & KEP. SERIBU,1113,KEPULAUAN SERIBU,PULAU SEPA BESAR / PULAU SEPA BARAT,EKONOMI 3
JAKARTA UTARA & KEP. SERIBU,1114,KEPULAUAN SERIBU,PULAU SEPA KECIL / PULAU SEPA TIMUR,EKONOMI 3
JAKARTA UTARA & KEP. SERIBU,1115,KEPULAUAN SERIBU,PULAU TENGAH,EKONOMI 3
JAKARTA UTARA & KEP. SERIBU,1116,KEPULAUAN SERIBU,PULAU TIDUNG BESAR,EKONOMI 3
JAKARTA UTARA & KEP. SERIBU,1117,KEPULAUAN SERIBU,PULAU TIDUNG KECIL,EKONOMI 3
JAKARTA UTARA & KEP. SERIBU,1118,KEPULAUAN SERIBU,PULAU TIKUS,EKONOMI 3
JAKARTA UTARA & KEP. SERIBU,1119,KEPULAUAN SERIBU,PULAU TONGKENG,EKONOMI 3
JAKARTA UTARA & KEP. SERIBU,1120,KEPULAUAN SERIBU,PULAU UBI BESAR / PULAU ROTTERDAM,EKONOMI 3
JAKARTA UTARA & KEP. SERIBU,1121,KEPULAUAN SERIBU,PULAU UBI KECIL / PULAU SEHIEDAM,EKONOMI 3
JAKARTA UTARA & KEP. SERIBU,1122,KEPULAUAN SERIBU,PULAU UNTUNG JAWA / PULAU AMITERDAM,EKONOMI 3
JAKARTA UTARA & KEP. SERIBU,1123,KEPULAUAN SERIBU,PULAU YU BESAR / PULAU YU BARAT,EKONOMI 3
JAKARTA UTARA & KEP. SERIBU,1124,KEPULAUAN SERIBU,PULAP YU KECIL / PULAUYU TIMUR,EKONOMI 3
JAKARTA BARAT,1,KEBON JERUK,JL. ARJUNA RAYA,PROTOKOL C
JAKARTA BARAT,2,KEBON JERUK,JL. ARJUNA SELATAN,PROTOKOL C
JAKARTA BARAT,3,KEBON JERUK,JL. ARJUNA UTARA,PROTOKOL C
JAKARTA BARAT,4,KEBON JERUK,JL. TOL JAKARTA-TANGERANG,PROTOKOL B
JAKARTA BARAT,5,KEBON JERUK,JL. ARTERI KEDOYA,PROTOKOL C
JAKARTA BARAT,6,KEBON JERUK,JL. KEBAYORAN LAMA,EKONOMI 1
JAKARTA BARAT,7,KEBON JERUK,JL. KEDOYA AGAVE RAYA,PROTOKOL C
JAKARTA BARAT,8,KEBON JERUK,JL. PERJUANGAN (PANJANG),PROTOKOL C
JAKARTA BARAT,9,KEBON JERUK,JL. POS PENGUMBEN,EKONOMI 1
JAKARTA BARAT,10,KEBON JERUK,JL. RAYA PERJUANGAN,PROTOKOL C
JAKARTA BARAT,11,KEBON JERUK,JL. BATU SARI,EKONOMI 1
JAKARTA BARAT,12,KEBON JERUK,JL. BUDI RAYA KEMANGGISAN,EKONOMI 1
JAKARTA BARAT,13,KEBON JERUK,JL. DAAN MOGOT II,EKONOMI 2
JAKARTA BARAT,14,KEBON JERUK,JL. E KEBON JERUK,EKONOMI 2
JAKARTA BARAT,15,KEBON JERUK,JL. GREEN GARDEN RAYA,PROTOKOL C
JAKARTA BARAT,16,KEBON JERUK,JL. GREEN VILLE RAYA,EKONOMI 1
JAKARTA BARAT,17,KEBON JERUK,JL. JERUK BALI,EKONOMI 3
JAKARTA BARAT,18,KEBON JERUK,JL. KEBON JERUK,EKONOMI 1
JAKARTA BARAT,19,KEBON JERUK,JL. KEBON RAYA,EKONOMI 2
JAKARTA BARAT,20,KEBON JERUK,JL. KEDOYA (KEBON JERUK),EKONOMI 2
JAKARTA BARAT,21,KEBON JERUK,JL. KEDOYA DURI,EKONOMI 1
JAKARTA BARAT,22,KEBON JERUK,JL. KEDOYA PESING,EKONOMI 1
JAKARTA BARAT,23,KEBON JERUK,JL. KEDOYA RAYA (PASAR INPRES),EKONOMI 1
JAKARTA BARAT,24,KEBON JERUK,JL. KELAPA DUA RAYA,PROTOKOL C
JAKARTA BARAT,25,KEBON JERUK,JL. KOMP. SUNRISE GARDEN,EKONOMI 2
JAKARTA BARAT,26,KEBON JERUK,JL. LAPANGAN BOLA,PROTOKOL C
JAKARTA BARAT,27,KEBON JERUK,JL. MANGGA RAYA KOMP. GREEN VILLE,EKONOMI 1
JAKARTA BARAT,28,KEBON JERUK,JL. PERJUANGAN,EKONOMI 2
JAKARTA BARAT,29,KEBON JERUK,JL. RATU KEMUNING,EKONOMI 1
JAKARTA BARAT,30,KEBON JERUK,JL. RATU MAWAR,EKONOMI 1
JAKARTA BARAT,31,KEBON JERUK,JL. RATU MELATI I,EKONOMI 1
JAKARTA BARAT,32,KEBON JERUK,JL. RATU TERATAI,EKONOMI 1
JAKARTA BARAT,33,KEBON JERUK,JL. RAYA PESING KONENG,EKONOMI 1
JAKARTA BARAT,34,KEBON JERUK,JL. SURYA WIJAYA,EKONOMI 1
JAKARTA BARAT,35,KEBON JERUK,JL. TANJUNG DUREN BARAT I,EKONOMI 1
JAKARTA BARAT,36,KEBON JERUK,JL. KEDOYA,EKONOMI 1
JAKARTA BARAT,37,KEBON JERUK,JL. KEDOYA PURI KEMBANGAN,EKONOMI 1
JAKARTA BARAT,38,KEBON JERUK,JL. PILAR RAYA,EKONOMI 1
JAKARTA BARAT,39,KEBON JERUK,JL. TAMAN RATU RAYA,EKONOMI 1
JAKARTA BARAT,40,KEBON JERUK,JL. ANGSANA,EKONOMI 3
JAKARTA BARAT,41,KEBON JERUK,JL. AS. SYIROD,EKONOMI 2
JAKARTA BARAT,42,KEBON JERUK,JL. ASSURUR,EKONOMI 2
JAKARTA BARAT,43,KEBON JERUK,JL. A,EKONOMI 3
JAKARTA BARAT,44,KEBON JERUK,JL. B,EKONOMI 3
JAKARTA BARAT,45,KEBON JERUK,JL. C,EKONOMI 3
JAKARTA BARAT,46,KEBON JERUK,JL. D,EKONOMI 3
JAKARTA BARAT,47,KEBON JERUK,JL. DURI,EKONOMI 2
JAKARTA BARAT,48,KEBON JERUK,JL. DURI SELATAN,EKONOMI 2
JAKARTA BARAT,49,KEBON JERUK,JL. DURI UTAMA,EKONOMI 2
JAKARTA BARAT,50,KEBON JERUK,JL. GANG MACAN,EKONOMI 2
JAKARTA BARAT,51,KEBON JERUK,•,JL. GREEN VILLE I
JAKARTA BARAT,52,KEBON JERUK,JL. H. DOMANG,EKONOMI 2
JAKARTA BARAT,53,KEBON JERUK,JL. H. RAISAN,EKONOMI 3
JAKARTA BARAT,54,KEBON JERUK,JL. H. RAUSIN,EKONOMI 3
JAKARTA BARAT,55,KEBON JERUK,JL. KEDOYA UTARA,EKONOMI 2
JAKARTA BARAT,56,KEBON JERUK,JL. KELAPA DUA,EKONOMI 2
JAKARTA BARAT,57,KEBON JERUK,JL. KOMP. GREEN VILLE,EKONOMI 2
JAKARTA BARAT,58,KEBON JERUK,JL. KOMP. KEDOYA CENTRE,EKONOMI 2
JAKARTA BARAT,59,KEBON JERUK,JL. PALAPA RAYA,EKONOMI 2
JAKARTA BARAT,60,KEBON JERUK,JL. PALEM SELATAN,EKONOMI 3
JAKARTA BARAT,61,KEBON JERUK,JL. PALEM TIMUR,EKONOMI 3
JAKARTA BARAT,62,KEBON JERUK,JL. PALEM UTAMA,EKONOMI 3
JAKARTA BARAT,63,KEBON JERUK,JL. PATRA,EKONOMI 3
JAKARTA BARAT,64,KEBON JERUK,JL. PESING KEDOYA,EKONOMI 3
JAKARTA BARAT,65,KEBON JERUK,JL. PRISMA RAYA KEDOYA,EKONOMI 3
JAKARTA BARAT,66,KEBON JERUK,JL. SASAK I,EKONOMI 3
JAKARTA BARAT,67,KEBON JERUK,JL. SASAK II,EKONOMI 3
JAKARTA BARAT,68,KEBON JERUK,JL. SULAEMAN,EKONOMI 2
JAKARTA BARAT,69,KEBON JERUK,JL. SUNRISE GARDEN,EKONOMI 2
JAKARTA BARAT,70,KEBON JERUK,JL. TAMAN RATU INDAH,EKONOMI 2
JAKARTA BARAT,71,KEBON JERUK,JL. PILAR MAS UTAMA,EKONOMI 1
JAKARTA BARAT,72,KEBON JERUK,JL. AKASIA,EKONOMI 1
JAKARTA BARAT,73,KEBON JERUK,JL. ALAMANDA,EKONOMI 1
JAKARTA BARAT,74,KEBON JERUK,JL. ASEM II,EKONOMI 3
JAKARTA BARAT,75,KEBON JERUK,JL. ASEM III,EKONOMI 3
JAKARTA BARAT,76,KEBON JERUK,JL. ASIA BARU,EKONOMI 1
JAKARTA BARAT,77,KEBON JERUK,JL. KEPA DURI,EKONOMI 1
JAKARTA BARAT,78,KEBON JERUK,JL. QRISDOREN II,EKONOMI 1
JAKARTA BARAT,79,KEBON JERUK,JL. SALAM,EKONOMI 2
JAKARTA BARAT,80,KEBON JERUK,JL. SUKABUMI UDIK,EKONOMI 1
JAKARTA BARAT,81,KEBON JERUK,JL. SURYA SARANA,EKONOMI 1
JAKARTA BARAT,82,KEBON JERUK,JL. AA,EKONOMI 3
JAKARTA BARAT,83,KEBON JERUK,JL. AGAVE I,EKONOMI 3
JAKARTA BARAT,84,KEBON JERUK,JL. AGAVE II,EKONOMI 3
JAKARTA BARAT,85,KEBON JERUK,JL. AGAVE III,EKONOMI 3
JAKARTA BARAT,86,KEBON JERUK,JL. AGAVE IV,EKONOMI 3
JAKARTA BARAT,87,KEBON JERUK,JL. AGAVE V,EKONOMI 3
JAKARTA BARAT,88,KEBON JERUK,JL. AGAVE VI,EKONOMI 3
JAKARTA BARAT,89,KEBON JERUK,JL. AGAVE VII,EKONOMI 3
JAKARTA BARAT,90,KEBON JERUK,JL. ANGSANA I,EKONOMI 3
JAKARTA BARAT,91,KEBON JERUK,JL. ANGSANA II,EKONOMI 3
JAKARTA BARAT,92,KEBON JERUK,JL. ANGSANA III,EKONOMI 3
JAKARTA BARAT,93,KEBON JERUK,JL. ANGSANA IV,.
JAKARTA BARAT,94,KEBON JERUK,JL. ANGSANA V,EKONOMI 3
JAKARTA BARAT,95,KEBON JERUK,JL. ANGSANA VI,EKONOMI 3
JAKARTA BARAT,96,KEBON JERUK,JL. ANGSANA VII,EKONOMI 3
JAKARTA BARAT,97,KEBON JERUK,JL. ASPARAGUS,EKONOMI 3
JAKARTA BARAT,98,KEBON JERUK,JL. BB,EKONOMI 3
JAKARTA BARAT,99,KEBON JERUK,JL. BUDHI,EKONOMI 3
JAKARTA BARAT,100,KEBON JERUK,JL. DAUD,EKONOMI 3
JAKARTA BARAT,101,KEBON JERUK,JL. GILI SAMPENG,EKONOMI 2
JAKARTA BARAT,102,KEBON JERUK,JL. H. MARZUKI,EKONOMI 3
JAKARTA BARAT,103,KEBON JERUK,JL. H. MUHAJAR,EKONOMI 3
JAKARTA BARAT,104,KEBON JERUK,JL. H. SALMAN,EKONOMI 3
JAKARTA BARAT,105,KEBON JERUK,JL. JERUK NIPIS,EKONOMI 3
JAKARTA BARAT,106,KEBON JERUK,JL. KARMEL I,EKONOMI 3
JAKARTA BARAT,107,KEBON JERUK,JL. KARMEL V,EKONOMI 3
JAKARTA BARAT,108,KEBON JERUK,JL. KEBON RAYA VI,EKONOMI 3
JAKARTA BARAT,109,KEBON JERUK,JL. KEBUN JERUK BARU,EKONOMI 2
JAKARTA BARAT,110,KEBON JERUK,JL. KEMUNING,EKONOMI 2
JAKARTA BARAT,111,KEBON JERUK,JL. MANGGA,EKONOMI 3
JAKARTA BARAT,112,KEBON JERUK,JL. PAHLAWAN,EKONOMI 2
JAKARTA BARAT,113,KEBON JERUK,JL. PALAPA I,EKONOMI 3
JAKARTA BARAT,114,KEBON JERUK,JL. PALAPA II,EKONOMI 3
JAKARTA BARAT,115,KEBON JERUK,JL. PATRA TOMANG,EKONOMI 3
JAKARTA BARAT,116,KEBON JERUK,JL. RATU MELATI II,EKONOMI 3
JAKARTA BARAT,117,KEBON JERUK,JL. RATU MELATI III,EKONOMI 3
JAKARTA BARAT,118,KEBON JERUK,JL. RATU MELATI IV,EKONOMI 3
JAKARTA BARAT,119,KEBON JERUK,JL. RATU MELATI V,EKONOMI 3
JAKARTA BARAT,120,KEBON JERUK,JL. SOLEH I,EKONOMI 3
JAKARTA BARAT,121,KEBON JERUK,JL. SOLEH II,EKONOMI 3
JAKARTA BARAT,122,KEBON JERUK,JL. SUKABUMI SELATAN,EKONOMI 2
JAKARTA BARAT,123,KEBON JERUK,"JL, SURYA BARAT",EKONOMI 3
JAKARTA BARAT,124,KEBON JERUK,JL. SURYA MULIA,EKONOMI 3
JAKARTA BARAT,125,KEBON JERUK,JL. SURYA NIRMALA,EKONOMI 3
JAKARTA BARAT,126,KEBON JERUK,JL. SURYA TIMUR,EKONOMI 3
JAKARTA BARAT,127,KEBON JERUK,JL. SURYA UTAMA,EKONOMI 3
JAKARTA BARAT,128,KEBON JERUK,JL. TAMAN COSMOS,EKONOMI 3
JAKARTA BARAT,129,KEBON JERUK,JL. COSMOS,EKONOMI 3
JAKARTA BARAT,130,KEBON JERUK,JL. TOSIGA,EKONOMI 3
JAKARTA BARAT,131,KEBON JERUK,JL. DURI KENCANA BARAT,EKONOMI 3
JAKARTA BARAT,132,KEBON JERUK,JL. DURI KENCANA TIMUR,EKONOMI 3
JAKARTA BARAT,133,KEBON JERUK,JL. KEDOYA BARU,EKONOMI 3
JAKARTA BARAT,134,KEBON JERUK,JL. KUBUR,EKONOMI 3
JAKARTA BARAT,135,KEBON JERUK,JL. PALAPA III,EKONOMI 3
JAKARTA BARAT,136,KEBON JERUK,JL. PALAPA IV,EKONOMI 3
JAKARTA BARAT,137,KEBON JERUK,JL. PALAPA V,EKONOMI 3
JAKARTA BARAT,138,KEBON JERUK,JL. PALAPA VI,EKONOMI 3
JAKARTA BARAT,139,KEBON JERUK,JL. PALAPA VII,EKONOMI 3
JAKARTA BARAT,140,KEBON JERUK,JL. PALAPA VIII,EKONOMI 3
JAKARTA BARAT,141,KEBON JERUK,JL. RATU ALAMANDA,EKONOMI 3
JAKARTA BARAT,142,KEBON JERUK,JL. TAMAN KEDOYA PERMAI,EKONOMI 3
JAKARTA BARAT,143,KEBON JERUK,JL. KEPA GUJI,EKONOMI 3
JAKARTA BARAT,144,KEBON JERUK,JL. PALEM RAYA,EKONOMI 3
JAKARTA BARAT,145,KEBON JERUK,JL. RATU KAMBOJA,EKONOMI 3
JAKARTA BARAT,146,KEBON JERUK,JL. PILAR,EKONOMI 3
JAKARTA BARAT,147,KEBON JERUK,JL. RAWA BELONG,EKONOMI 1
JAKARTA BARAT,148,KEBON JERUK,JL. ANGGREK CAKRA,EKONOMI 2
JAKARTA BARAT,149,KEBON JERUK,JL. MUSYAWARAH,EKONOMI 3
JAKARTA BARAT,150,KEBON JERUK,JL. HAJI KELIK,EKONOMI 2
JAKARTA BARAT,151,KEBON JERUK,JL. ANGGREK,EKONOMI 2
JAKARTA BARAT,152,KEBON JERUK,JL. PANJANG CIDODOL/KP. BARU,EKONOMI 2
JAKARTA BARAT,153,KEBON JERUK,JL. FF,EKONOMI 2
JAKARTA BARAT,154,KEBON JERUK,JL. MASJID AL ANWAR,EKONOMI 2
JAKARTA BARAT,155,KEBON JERUK,JL. DAAN MOGOT RAYA,PROTOKOL C
JAKARTA BARAT,156,KEBON JERUK,JL. DURI RAYA,EKONOMI 1
JAKARTA BARAT,157,KEBON JERUK,JL. DURI UTAMA RAYA/ PALEM RAYA,EKONOMI 1
JAKARTA BARAT,158,KEMBANGAN,JL. TOL JAKARTA-TANGERANG,PROTOKOL B
JAKARTA BARAT,159,KEMBANGAN,JL. PURI KENCANA,PROTOKOL C
JAKARTA BARAT,160,KEMBANGAN,JL. MERUYA ILIR RAYA,PROTOKOL C
JAKARTA BARAT,161,KEMBANGAN,JL. LINGKAR LUAR BARAT,PROTOKOL C
JAKARTA BARAT,162,KEMBANGAN,JL. RING ROAD,PROTOKOL C
JAKARTA BARAT,163,KEMBANGAN,JL. H. KELIK,EKONOMI 2
JAKARTA BARAT,164,KEMBANGAN,JL. JOGLO RAYA,EKONOMI 1
JAKARTA BARAT,165,KEMBANGAN,JL. KEMBANG KEREP,EKONOMI 1
JAKARTA BARAT,166,KEMBANGAN,JL. SANGGRAHAN,EKONOMI 3
JAKARTA BARAT,167,KEMBANGAN,JL. SRENGSENG RAYA,EKONOMI 1
JAKARTA BARAT,168,KEMBANGAN,JL. PURI INDAH,EKONOMI 1
JAKARTA BARAT,169,KEMBANGAN,JL. KOMP. TAMAN ARIES,EKONOMI 1
JAKARTA BARAT,170,KEMBANGAN,JL. KOMP. TAMAN KOTA,EKONOMI 1
JAKARTA BARAT,171,KEMBANGAN,JL. MERUYA INDAH,EKONOMI 2
JAKARTA BARAT,172,KEMBANGAN,JL. PURI KEMBANGAN BARAT,EKONOMI 1
JAKARTA BARAT,173,KEMBANGAN,JL. PURI KEMBANGAN RAYA,EKONOMI 1
JAKARTA BARAT,174,KEMBANGAN,JL. PURI KEMBANGAN TIMUR,EKONOMI 1
JAKARTA BARAT,175,KEMBANGAN,JL. PURI KEMBANGAN UTARA,EKONOMI 1
JAKARTA BARAT,176,KEMBANGAN,JL. KOMP. RUKO PURI INDAH,EKONOMI 1
JAKARTA BARAT,177,KEMBANGAN,JL. RAYA KEMBANGAN,EKONOMI 1
JAKARTA BARAT,178,KEMBANGAN,JL. MERUYA SELATAN/UDIK,EKONOMI 2
JAKARTA BARAT,179 KEMBANGAN,JL. KEMBANG,EKONOMI 2,
JAKARTA BARAT,180 KEMBANGAN,JL. TAMAN KEBON JERUK,EKONOMI 3,
JAKARTA BARAT,181 KEMBANGAN,JL. BUANA BIRU BESAR I,EKONOMI 2,
JAKARTA BARAT,182 KEMBANGAN,JL. H. LEBAR,EKONOMI 2,
JAKARTA BARAT,183 KEMBANGAN,JL. KEMBANG ABADI UTAMA,EKONOMI 2,
JAKARTA BARAT,184 KEMBANGAN,JL. KEMBANGAN,EKONOMI 2,
JAKARTA BARAT,185 KEMBANGAN,JL. KOMP. INTERCON PLAZA,EKONOMI 2,
JAKARTA BARAT,186 KEMBANGAN,JL. MERUYA UTARA RAYA,EKONOMI 2,
JAKARTA BARAT,187 KEMBANGAN,JL. PURI BIRA,EKONOMI 2,
JAKARTA BARAT,188 KEMBANGAN,JL. KEMBANGAN SAKTI BARAT,EKONOMI 2,
JAKARTA BARAT,189 KEMBANGAN,JL. KEMBANGAN SAKTI TIMUR,EKONOMI 2,
JAKARTA BARAT,190 KEMBANGAN,JL. KEMBANGAN UTARA,EKONOMI 2,
JAKARTA BARAT,191 KEMBANGAN,JL. KARANG TENGAH RAYA,EKONOMI 2,
JAKARTA BARAT,192 KEMBANGAN,JL. KOMP. PERMATA,EKONOMI 2,
JAKARTA BARAT,193 KEMBANGAN,JL. KOMP.DPR I,EKONOMI 2,
JAKARTA BARAT,194 KEMBANGAN,JL. KOMP.DPR II,EKONOMI 2,
JAKARTA BARAT,195 KEMBANGAN,JL. PESANGGRAHAN,EKONOMI 1,
JAKARTA BARAT,196 KEMBANGAN,JL. TAMAN ALFA INDAH,EKONOMI 2,
JAKARTA BARAT,197 KEMBANGAN,JL. TAMAN ARIES,PROTOKOL,C
JAKARTA BARAT,198 KEMBANGAN,JL. BASMOL RAYA,EKONOMI 3,
JAKARTA BARAT,199 KEMBANGAN,JL. KEMBANG ASRI,EKONOMI 3,
JAKARTA BARAT,200 KEMBANGAN,JL. KEMBANG AYU UTAMA,EKONOMI 3,
JAKARTA BARAT,201 KEMBANGAN,JL. KEMBANG HARUM UTAMA,EKONOMI 3,
JAKARTA BARAT,202 KEMBANGAN,JL. PENYELESAIAN TOMANG I,EKONOMI 3,
JAKARTA BARAT,203 KEMBANGAN,JL. PENYELESAIAN TOMANG II,EKONOMI 3,
JAKARTA BARAT,204 KEMBANGAN,JL. PENYELESAIAN TOMANG III,EKONOMI 3,
JAKARTA BARAT,205 KEMBANGAN,JL. PENYELESAIAN TOMANG IV,EKONOMI 3,
JAKARTA BARAT,206 KEMBANGAN,JL. PENYELESAIAN TOMANG V,EKONOMI 3,
JAKARTA BARAT,207 KEMBANGAN,JL. H. MUCHTAR/KAV.DKI,EKONOMI 2,
JAKARTA BARAT,208 KEMBANGAN,JL. KENANGA,EKONOMI 3,
JAKARTA BARAT,209 KEMBANGAN,JL. BERLIAN SELATAN,EKONOMI 3,
JAKARTA BARAT,210 KEMBANGAN,JL. DIAMOND,EKONOMI 3,
JAKARTA BARAT,211 KEMBANGAN,JL. MURNI,EKONOMI 3,
JAKARTA BARAT,212 KEMBANGAN,JL. MUTIARA KEDOYA UTAMA,EKONOMI 3,
JAKARTA BARAT,213 KEMBANGAN,JL. PULAU PUTRI,EKONOMI 3,
JAKARTA BARAT,214 KEMBANGAN,JL. POS PENGUMBEN,EKONOMI 1,
JAKARTA BARAT,215 KEMBANGAN,JL. LAPANGAN BOLA,EKONOMI 3,
JAKARTA BARAT,216 KEMBANGAN,JL. KOMP. BATU MULIA,EKONOMI 2,
JAKARTA BARAT,217 KEMBANGAN,JL. KEMBANGAN UTAMA,EKONOMI 1,
JAKARTA BARAT,218 KEMBANGAN,JL. KOMP. PERMATA BUANA,EKONOMI 2,
JAKARTA BARAT,219 KEMBANGAN,JL. KEMBANGAN SELATAN,EKONOMI 2,
JAKARTA BARAT,220 KEMBANGAN,JL. SWADARMA RAYA,EKONOMI 1,
JAKARTA BARAT,221 KEMBANGAN,JL. KAV DKI,EKONOMI 2,
JAKARTA BARAT,222 KEMBANGAN,JL. BATU MULIA,PROTOKOL,C
JAKARTA BARAT,223 KEMBANGAN,JL. JOGLO BARU,EKONOMI 2,
JAKARTA BARAT,224 KEMBANGAN,JL. KEMBANGAN BARU,EKONOMI 2,
JAKARTA BARAT,225 KEMBANGAN,JL. PERMATA MERUYA,EKONOMI 3,
JAKARTA BARAT,226 CENGKARENG,JL. LINGKAR LUAR BARAT/KAMAL RAYA,PROTOKOL,C
JAKARTA BARAT,227 CENGKARENG,JL. KAMAL RAYA RING ROAD,PROTOKOL,C
JAKARTA BARAT,228 CENGKARENG,JL. DAAN MOGOT ( CENGKARENG),PROTOKOL,C
JAKARTA BARAT,229 CENGKARENG,JL. DAAN MOGOT RAYA,PROTOKOL,C
JAKARTA BARAT,230 CENGKARENG,JL. KAPUK RAYA,EKONOMI 1,
JAKARTA BARAT,231 CENGKARENG,JL. UTAMA RAYA,EKONOMI 1,
JAKARTA BARAT,232 CENGKARENG,JL. KAYU BESAR,EKONOMI 1,
JAKARTA BARAT,233 CENGKARENG,JL. KAMAL RAYA,EKONOMI 1,
JAKARTA BARAT,234 CENGKARENG,JL. UTAMA,EKONOMI 2,
JAKARTA BARAT,235 CENGKARENG,JL. RAYA DURI KOSAMBI,EKONOMI 1,
JAKARTA BARAT,236 CENGKARENG,JL. TAMAN SEMANAN INDAH,EKONOMI 2,
JAKARTA BARAT,237 CENGKARENG,JL. TAMAN KENCANA,EKONOMI 2,
JAKARTA BARAT,238 CENGKARENG,JL. TAMAN PALEM MUTIARA,EKONOMI 1,
JAKARTA BARAT,239 CENGKARENG,JL. TAMAN PALEM LESTARI,EKONOMI 1,
JAKARTA BARAT,240 CENGKARENG,JL. UTAMA II,EKONOMI 2,
JAKARTA BARAT,241 CENGKARENG,JL. RAYA PONDOK RANDU,EKONOMI 2,
JAKARTA BARAT,242,CENGKARENG,JL. SUMUR BOR,EKONOMI 2
JAKARTA BARAT,243,CENGKARENG,JL. CENDRAWASIFI,EKONOMI 2
JAKARTA BARAT,244,CENGKARENG,JL. KRESEK RAYA,EKONOMI 2
JAKARTA BARAT,245,CENGKARENG,JL. RAWA BUAYA,EKONOMI 2
JAKARTA BARAT,246,CENGKARENG,JL. JEMBATAN BARU,EKONOMI 2
JAKARTA BARAT,247,CENGKARENG,JL. RAYA KOSAMBI BARU,EKONOMI 3
JAKARTA BARAT,248,CENGKARENG,JL. KOSAMBI BARU,EKONOMI 2
JAKARTA BARAT,249,CENGKARENG,JL. PONDOK RANDU,EKONOMI 2
JAKARTA BARAT,250,CENGKARENG,JL. TAMAN KOTA,EKONOMI 2
JAKARTA BARAT,251,CENGKARENG,JL. PASAR CENGKARENG,EKONOMI 2
JAKARTA BARAT,252,CENGKARENG,JL. KOMP. CASA JARDIN,EKONOMI 2
JAKARTA BARAT,253,CENGKARENG,JL. BUMI CENGKARENG INDAH,EKONOMI 2
JAKARTA BARAT,254,CENGKARENG,JL. POOL PPD,EKONOMI 3
JAKARTA BARAT,255,CENGKARENG,JL. KAPUK PULO,EKONOMI 3
JAKARTA BARAT,256,CENGKARENG,JL. MELATI RAYA,EKONOMI 3
JAKARTA BARAT,257,CENGKARENG,JL. KAYU BESAR DALAM,EKONOMI 3
JAKARTA BARAT,258,CENGKARENG,JL. FLAMBOYAN,EKONOMI 3
JAKARTA BARAT,259,CENGKARENG,JL. NUSA INDAH,EKONOMI 3
JAKARTA BARAT,260,CENGKARENG,JL. KOSAMBI BARAT,EKONOMI 3
JAKARTA BARAT,261,CENGKARENG,JL. BERINGIN I,EKONOMI 3
JAKARTA BARAT,262,CENGKARENG,JL. BERINGIN II,EKONOMI 3
JAKARTA BARAT,263,CENGKARENG,JL. BERINGIN III,EKONOMI 3
JAKARTA BARAT,264,CENGKARENG,JL. BERINGIN IV,EKONOMI 3
JAKARTA BARAT,265,CENGKARENG,JL. DURIAN I,EKONOMI 3
JAKARTA BARAT,266,CENGKARENG,JL. DURIAN II,EKONOMI 3
JAKARTA BARAT,267,CENGKARENG,JL. DURIAN III,EKONOMI 3
JAKARTA BARAT,268,CENGKARENG,JL. DURIAN IV,EKONOMI 3
JAKARTA BARAT,269,CENGKARENG,JL. DURIAN V,EKONOMI 3
JAKARTA BARAT,270,CENGKARENG,JL. INTAN,EKONOMI 3
JAKARTA BARAT,271,CENGKARENG,JL. KEDELAI RAYA,EKONOMI 3
JAKARTA BARAT,272,CENGKARENG,JL. TERATAI,EKONOMI 3
JAKARTA BARAT,273,CENGKARENG,JL. BOJONG RAYA,EKONOMI 3
JAKARTA BARAT,274,CENGKARENG,JL. BANGUN NUSA,EKONOMI 3
JAKARTA BARAT,275,CENGKARENG,JL. CABE RAWIT I,EKONOMI 3
JAKARTA BARAT,276,CENGKARENG,JL. CABE RAWIT II,EKONOMI 3
JAKARTA BARAT,277,CENGKARENG,JL. CABE RAWIT III,EKONOMI 3
JAKARTA BARAT,278,CENGKARENG,JL. CABE RAWIT IV,EKONOMI 3
JAKARTA BARAT,279,CENGKARENG,JL. ANGGREK,EKONOMI 3
JAKARTA BARAT,280,CENGKARENG,JL. PAKIS RAYA,EKONOMI 3
JAKARTA BARAT,281,CENGKARENG,JL. NIRMALA,EKONOMI 3
JAKARTA BARAT,282,CENGKARENG,JL. SAKURA,EKONOMI 3
JAKARTA BARAT,283,CENGKARENG,JL. CEMARA,EKONOMI 3
JAKARTA BARAT,284,CENGKARENG,JL. KOSAMBI TIMUR,EKONOMI 3
JAKARTA BARAT,285,CENGKARENG,JL. MANGGIS RAYA,EKONOMI 3
JAKARTA BARAT,286,CENGKARENG,JL. PEDONGKELAN,EKONOMI 2
JAKARTA BARAT,287,CENGKARENG,JL. PESING POGLAR,EKONOMI 3
JAKARTA BARAT,288,CENGKARENG,JL. PETERNAKAN,EKONOMI 3
JAKARTA BARAT,289,CENGKARENG,JL. FAJAR BARU,EKONOMI 3
JAKARTA BARAT,290,CENGKARENG,JL. KOMP. DEPAG,EKONOMI 3
JAKARTA BARAT,291,CENGKARENG,JL. JAGUNG RAYA,EKONOMI 3
JAKARTA BARAT,292,CENGKARENG,JL. AKIK,EKONOMI 3
JAKARTA BARAT,293,CENGKARENG,JL. BADAR,EKONOMI 3
JAKARTA BARAT,294,CENGKARENG,JL. BAMBU BETUNG I,EKONOMI 3
JAKARTA BARAT,295,CENGKARENG,JL. BAMBU BETUNG II,EKONOMI 3
JAKARTA BARAT,296,CENGKARENG,JL. BAMBU BETUNG III,EKONOMI 3
JAKARTA BARAT,297,CENGKARENG,JL. BAMBU BETUNG IV,EKONOMI 3
JAKARTA BARAT,298,CENGKARENG,JL. BAMBU BETUNG V,EKONOMI 3
JAKARTA BARAT,299,CENGKARENG,JL. BAMBU BETUNG VI,EKONOMI 3
JAKARTA BARAT,300,CENGKARENG,JL. BAMBU BETUNG VII,EKONOMI 3
JAKARTA BARAT,301,CENGKARENG,JL. BAMBU TALI,EKONOMI 3
JAKARTA BARAT,302,CENGKARENG,JL. BAMBU WULUNG,EKONOMI 3
JAKARTA BARAT,303,CENGKARENG,JL. DHARMA PRATAMA,EKONOMI 3
JAKARTA BARAT,304,CENGKARENG,JL. KEBON JAHE,EKONOMI 3
JAKARTA BARAT,305,CENGKARENG,JL. SEROJA,EKONOMI 3
JAKARTA BARAT,306,CENGKARENG,JL. CENGKARENG BARAT,EKONOMI 3
JAKARTA BARAT,307,CENGKARENG,JL. CENGKARENG TIMUR,EKONOMI 3
JAKARTA BARAT,308,CENGKARENG,JL. CENGKARENG,EKONOMI 3
JAKARTA BARAT,309,CENGKARENG,JL. KOMP. APARTEMEN GREEN PARK VIEW,EKONOMI 2
JAKARTA BARAT,310,CENGKARENG,JL. KOMP. DUTA INDAH KARYA,EKONOMI 2
JAKARTA BARAT,311,CENGKARENG,JL. KOMP. DAAN MOGOT PRIMA,EKONOMI 2
JAKARTA BARAT,312,CENGKARENG,JL. KOMP. GREEN LAKE RESIDENCE,EKONOMI 2
JAKARTA BARAT,313,CENGKARENG,JL. KOMP. GREEN PALM,EKONOMI 2
JAKARTA BARAT,314,KALIDERES,JL. TOL SEDYATMO,PROTOKOL B
JAKARTA BARAT,315,KALIDERES,JL. PETA SELATAN,EKONOMI 1
JAKARTA BARAT,316,KALIDERES,JL. TAMPAK SIRING,EKONOMI 1
JAKARTA BARAT,317,KALIDERES,JL. TANAH LOT,EKONOMI 1
JAKARTA BARAT,318,KALIDERES,JL. GILIMANUK,EKONOMI 1
JAKARTA BARAT,319,KALIDERES,JL. JIMBARAN,EKONOMI 1
JAKARTA BARAT,320,KALIDERES,JL. BEDUGUL,EKONOMI 1
JAKARTA BARAT,321,KALIDERES,JL. CITRA 1,EKONOMI 1
JAKARTA BARAT,322,KALIDERES,JL. UTAN JATI,EKONOMI 1
JAKARTA BARAT,323,KALIDERES,JL. TAMPAK SIRING BARAT,EKONOMI 1
JAKARTA BARAT,324,KALIDERES,JL. CITRA 7,EKONOMI 1
JAKARTA BARAT,325,KALIDERES,JL. CITRA 2,EKONOMI 1
JAKARTA BARAT,326,KALIDERES,JL. PETA UTARA,EKONOMI 2
JAKARTA BARAT,327,KALIDERES,JL. GARDENA UTAMA,EKONOMI 1
JAKARTA BARAT,328,KALIDERES,JL. CITRA 2 EXT,EKONOMI 1
JAKARTA BARAT,329,KALIDERES,JL. CITRA 5,EKONOMI 1
JAKARTA BARAT,330,KALIDERES,JL. CITRA 3,EKONOMI 1
JAKARTA BARAT,331,KALIDERES,JL. CITRA 6,EKONOMI 1
JAKARTA BARAT,332,KALIDERES,JL. MENCENG RAYA,EKONOMI 1
JAKARTA BARAT,333,KALIDERES,JL. KAMAL MUARA,EKONOMI 1
JAKARTA BARAT,334,KALIDERES,JL. PETA BARAT,EKONOMI 1
JAKARTA BARAT,335,KALIDERES,JL. KOMP. CITRA GARDEN,EKONOMI 1
JAKARTA BARAT,336,KALIDERES,JL. KAMAL TEGAL ALUR,EKONOMI 1
JAKARTA BARAT,337,KALIDERES,JL. SEMANAN RAYA,EKONOMI 2
JAKARTA BARAT,338,KALIDERES,JL. DHARMA,EKONOMI 2
JAKARTA BARAT,339,KALIDERES,JL. SMA 94,EKONOMI 2
JAKARTA BARAT,340,KALIDERES,JL. GAGA UTAMA,EKONOMI 2
JAKARTA BARAT,341,KALIDERES,JL. PANGKALAN KRAMAT,EKONOMI 2
JAKARTA BARAT,342,KALIDERES,JL. MOHAMMAD ASINIE,EKONOMI 2
JAKARTA BARAT,343,KALIDERES,JL. WARUNG GANTUNG,EKONOMI 2
JAKARTA BARAT,344,KALIDERES,JL. BENDA RAWA LELE,EKONOMI 2
JAKARTA BARAT,345,KALIDERES,JL. BAMBU LARANGAN,EKONOMI 2
JAKARTA BARAT,346,KALIDERES,JL. TAMAN SURYA,EKONOMI 1
JAKARTA BARAT,347,KALIDERES,JL. DUA PULUH DESEMBER,EKONOMI 2
JAKARTA BARAT,348,KALIDERES,JL. 22 DESEMBER,EKONOMI 2
JAKARTA BARAT,349,KALIDERES,JL. SATU MARET,EKONOMI 2
JAKARTA BARAT,350,KALIDERES,JL. TANJUNG PURA,EKONOMI 2
JAKARTA BARAT,351,KALIDERES,JL. PREPEDAN,EKONOMI 2
JAKARTA BARAT,352,KALIDERES,JL. BENDA RAYA,EKONOMI 3
JAKARTA BARAT,353,KALIDERES,JL. KALI DERES RAYA,EKONOMI 2
JAKARTA BARAT,354,KALIDERES,JL. PETA TIMUR,EKONOMI 2
JAKARTA BARAT,355,KALIDERES,JL. LINGKUNGAN,EKONOMI 2
JAKARTA BARAT,356,KALIDERES,JL. KAMAL BENDA,EKONOMI 2
JAKARTA BARAT,357,KALIDERES,JL. RUKO PELANGI TAMAN PALEM,EKONOMI 2
JAKARTA BARAT,358,KALIDERES,JL. SEBELAS MARET,EKONOMI 2
JAKARTA BARAT,359,KALIDERES,JL. SUMUR BOR,EKONOMI 2
JAKARTA BARAT,360,KALIDERES,JL. ALBASIAH,EKONOMI 3
JAKARTA BARAT,361,KALIDERES,JL. AMD KALIDERES,EKONOMI 3
JAKARTA BARAT,362,KALIDERES,JL. KEBON KELAPA,EKONOMI 3
JAKARTA BARAT,363,KALIDERES,JL. KEBON 200,EKONOMI 3
JAKARTA BARAT,364,KALIDERES,JL. SAHABAT,EKONOMI 3
JAKARTA BARAT,365,KALIDERES,JL. RAWA KOMPENI,EKONOMI 3
JAKARTA BARAT,366,KALIDERES,JL. KEBON MEDE,EKONOMI 3
JAKARTA BARAT,367,KALIDERES,JL. DAAN MOGOT,PROTOKOL C
JAKARTA BARAT,368,KALIDERES,JL. KAMAL RAYA,EKONOMI 1
JAKARTA BARAT,369,KALIDERES,JL. KEMUNING,EKONOMI 2
JAKARTA BARAT,370,KALIDERES,JL. TAMAN PALEM LESTARI,EKONOMI 2
JAKARTA BARAT,371,KALIDERES,JL. KOMP. RUKO DAAN MOGOT,EKONOMI 1
JAKARTA BARAT,372,KALIDERES,JL CITRA 8,EKONOMI 1
JAKARTA BARAT,373,KALIDERES,JL HUSEIN SASTRANEGARA,EKONOMI 1
JAKARTA BARAT,374,GROGOL PETAMBURAN,JL. PROF. DR. LATUMENTEN,PROTOKOL B
JAKARTA BARAT,375,GROGOL PETAMBURAN,JL. LETJEN S. PARMAN,PROTOKOL A
JAKARTA BARAT,376,GROGOL PETAMBURAN,JL. TOL JAKARTA-TANGERANG,PROTOKOL B
JAKARTA BARAT,377,GROGOL PETAMBURAN,JL. SATRIA,PROTOKOL B
JAKARTA BARAT,378,GROGOL PETAMBURAN,JL. TOMANG RAYA,PROTOKOL B
JAKARTA BARAT,379,GROGOL PETAMBURAN,JL. DAAN MOGOT RAYA,PROTOKOL C
JAKARTA BARAT,380,GROGOL PETAMBURAN,"JL, ARJUNA RAYA",PROTOKOL B
JAKARTA BARAT,381,GROGOL PETAMBURAN,JL. KYAI TAPA,PROTOKOL B
JAKARTA BARAT,382,GROGOL PETAMBURAN,JL. TANJUNG DUREN UTARA,EKONOMI 1
JAKARTA BARAT,383,GROGOL PETAMBURAN,JL. TANJUNG DUREN TIMUR II,PROTOKOL C
JAKARTA BARAT,384,GROGOL PETAMBURAN,JL. SALAK MASIR,EKONOMI 1
JAKARTA BARAT,385,GROGOL PETAMBURAN,JL. PANGERAN TUBAGUS ANGKE,PROTOKOL C
JAKARTA BARAT,386,GROGOL PETAMBURAN,JL. JELAMBAR BARU,EKONOMI 1
JAKARTA BARAT,387,GROGOL PETAMBURAN,JL. TANJUNG DUREN RAYA,EKONOMI 1
JAKARTA BARAT,388,GROGOL PETAMBURAN,JL. GELONG BARU,EKONOMI 1
JAKARTA BARAT,389,GROGOL PETAMBURAN,JL. TOMANG TINGGI,EKONOMI 1
JAKARTA BARAT,390,GROGOL PETAMBURAN,JL. GELONG BARU UTARA,EKONOMI 1
JAKARTA BARAT,391,GROGOL PETAMBURAN,JL. MANDALA,EKONOMI 1
JAKARTA BARAT,392,GROGOL PETAMBURAN,JL. SUSILO RAYA,PROTOKOL C
JAKARTA BARAT,393,GROGOL PETAMBURAN,JL. DR. SUSILO I,EKONOMI 2
JAKARTA BARAT,394,GROGOL PETAMBURAN,JL. DR. SUSILO II,EKONOMI 2
JAKARTA BARAT,395,GROGOL PETAMBURAN,JL. DR. SUSILO III,EKONOMI 2
JAKARTA BARAT,396,GROGOL PETAMBURAN,JL. DR. SUSILO IV,EKONOMI 2
JAKARTA BARAT,397,"GROGOI, PETAMBURAN",JL. DR. MUWARDI,EKONOMI 1
JAKARTA BARAT,398,GROGOL PETAMBURAN,JL. DR. MUWARDI I,EKONOMI 2
JAKARTA BARAT,399,GROGOL PETAMBURAN,JL. DR. MUWARDI II,EKONOMI 2
JAKARTA BARAT,400,GROGOL PETAMBURAN,JL. DR. MUWARDI III,EKONOMI 2
JAKARTA BARAT,401,GROGOL PETAMBURAN,JL. DR. MAKALIWE,PROTOKOL B
JAKARTA BARAT,402,GROGOL PETAMBURAN,JL. EMPANG BAHAGIA,EKONOMI 1
JAKARTA BARAT,403,GROGOL PETAMBURAN,JL. GROGOL PERMAI,EKONOMI 1
JAKARTA BARAT,404,GROGOL PETAMBURAN,JL. TANJUNG DUREN BARAT,EKONOMI 1
JAKARTA BARAT,405,GROGOL PETAMBURAN,JL. TANJUNG DUREN UTARA IV,EKONOMI 1
JAKARTA BARAT,406,GROGOL PETAMBURAN,JL. TANJUNG DUREN BARAT I,EKONOMI 1
JAKARTA BARAT,407,GROGOL PETAMBURAN,JL. TANJUNG DUREN BARAT IV,EKONOMI 1
JAKARTA BARAT,408,GROGOL PETAMBURAN,JL. MUWARDI RAYA,EKONOMI 2
JAKARTA BARAT,409,GROGOL PETAMBURAN,JL. TANJUNG DUREN BARAT VI,EKONOMI 1
JAKARTA BARAT,410,GROGOL PETAMBURAN,JL. MUWARDI IV,EKONOMI 2
JAKARTA BARAT,411,GROGOL PETAMBURAN,JL. JELAMBAR UTAMA,EKONOMI 2
JAKARTA BARAT,412,GROGOL PETAMBURAN,JL. TAMAN DUTA MAS,EKONOMI 1
JAKARTA BARAT,413,GROGOL PETAMBURAN,JL. TAWAKAL RAYA,EKONOMI 1
JAKARTA BARAT,414,GROGOL PETAMBURAN,JL. TOMANG UTARA,EKONOMI 1
JAKARTA BARAT,415,GROGOL PETAMBURAN,JL. TOMANG UTARA I,EKONOMI 1
JAKARTA BARAT,416,GROGOL PETAMBURAN,JL. TOMANG RAWA KEPA RAYA,EKONOMI 2
JAKARTA BARAT,417,GROGOL PETAMBURAN,JL. PULO MACAN,EKONOMI 2
JAKARTA BARAT,418,GROGOL PETAMBURAN,JL. SEMERU,EKONOMI 2
JAKARTA BARAT,419,GROGOL PETAMBURAN,JL. NURDIN,EKONOMI 2
JAKARTA BARAT,420,GROGOL PETAMBURAN,JL. HADIAH,EKONOMI 2
JAKARTA BARAT,421,GROGOL PETAMBURAN,JL. DAAN MOGOT I,EKONOMI 1
JAKARTA BARAT,422,GROGOL PETAMBURAN,JL. JELAMBAR KAV. POLRI,EKONOMI 2
JAKARTA BARAT,423,GROGOL PETAMBURAN,JL. JELAMBAR UTAMA SAKTI,EKONOMI 2
JAKARTA BARAT,424,GROGOL PETAMBURAN,JL. SWADAYA RAYA,EKONOMI 2
JAKARTA BARAT,425,GROGOL PETAMBURAN,JL. KARYA,EKONOMI 2
JAKARTA BARAT,426,GROGOL PETAMBURAN,JL. MANDALA UTARA,EKONOMI 1
JAKARTA BARAT,427,GROGOL PETAMBURAN,JL. JELAMBAR BARAT,EKONOMI 2
JAKARTA BARAT,428,GROGOL PETAMBURAN,JL. JELAMBAR ILIR,EKONOMI 2
JAKARTA BARAT,429,GROGOL PETAMBURAN,JL. JELAMBAR JAYA,EKONOMI 2
JAKARTA BARAT,430,GROGOL PETAMBURAN,JL. TAMAN HARAPAN INDAH,EKONOMI 1
JAKARTA BARAT,431,GROGOL PETAMBURAN,JL. TANJUNG DUREN BARAT III,EKONOMI 2
JAKARTA BARAT,432,GROGOL PETAMBURAN,JL. TAMAN DAAN MOGOT,EKONOMI 1
JAKARTA BARAT,433,GROGOL PETAMBURAN,JL. TANJUNG DUREN TIMUR,EKONOMI 2
JAKARTA BARAT,434,GROGOL PETAMBURAN,JL. TANJUNG DUREN SELATAN,EKONOMI 2
JAKARTA BARAT,435,GROGOL PETAMBURAN,JL. TOMANG UTARA II,EKONOMI 2
JAKARTA BARAT,436,GROGOL PETAMBURAN,JL. TOMANG UTARA III,EKONOMI 2
JAKARTA BARAT,437,GROGOL PETAMBURAN,JL. TOMANG UTARA IV,EKONOMI 2
JAKARTA BARAT,438,GROGOL PETAMBURAN,JL. TOMANG BANJIR KANAL,EKONOMI 2
JAKARTA BARAT,439,GROGOL PETAMBURAN,JL. RAWA KEPA,EKONOMI 1
JAKARTA BARAT,440,GROGOL PETAMBURAN,JL. GELONG BARU BARAT I,EKONOMI 2
JAKARTA BARAT,441,GROGOL PETAMBURAN,JL. GELONG BARU BARAT II,EKONOMI 2
JAKARTA BARAT,442,GROGOL PETAMBURAN,JL. GELONG BARU BARAT III,EKONOMI 2
JAKARTA BARAT,443,GROGOL PETAMBURAN,JL. GELONG BARU BARAT IV,EKONOMI 2
JAKARTA BARAT,444,GROGOL PETAMBURAN,JL. GELONG BARU BARAT V,EKONOMI 2
JAKARTA BARAT,445,GROGOL PETAMBURAN,JL. GELONG BARU BARAT VI,EKONOMI 2
JAKARTA BARAT,446,GROGOL PETAMBURAN,JL. GELONG BARU BARAT VII,EKONOMI 2
JAKARTA BARAT,447,GROGOL PETAMBURAN,JL. GELONG BARU BARAT VIII,EKONOMI 2
JAKARTA BARAT,448,GROGOL PETAMBURAN,JL. GELONG BARU BARAT IX,EKONOMI 2
JAKARTA BARAT,449,GROGOL PETAMBURAN,JL. WIJAYA KUSUMA,EKONOMI 2
JAKARTA BARAT,450,GROGOL PETAMBURAN,JL. KOMP. RASA SAYANG,EKONOMI 2
JAKARTA BARAT,451,GROGOL PETAMBURAN,JL. JELAMBAR UTARA,EKONOMI 2
JAKARTA BARAT,452,GROGOL PETAMBURAN,JL. TANJUNG DUREN BARAT II,EKONOMI 2
JAKARTA BARAT,453,GROGOL PETAMBURAN,JL. TANJUNG DUREN BARAT V,EKONOMI 2
JAKARTA BARAT,454,GROGOL PETAMBURAN,JL. TANJUNG DUREN UTARA I,EKONOMI 2
JAKARTA BARAT,455,GROGOL PETAMBURAN,JL. TANJUNG DUREN UTARA II,EKONOMI 2
JAKARTA BARAT,456,GROGOL PETAMBURAN,JL. TANJUNG DUREN UTARA III,EKONOMI 2
JAKARTA BARAT,457,GROGOL PETAMBURAN,JL. TANJUNG DUREN UTARA V,EKONOMI 2
JAKARTA BARAT,458,GROGOL PETAMBURAN,JL. TANJUNG DUREN UTARA VI,EKONOMI 2
JAKARTA BARAT,459,GROGOL PETAMBURAN,JL. TANJUNG DUREN UTARA VII,EKONOMI 2
JAKARTA BARAT,460,GROGOL PETAMBURAN,JL. TANJUNG DUREN UTARA VIII,EKONOMI 2
JAKARTA BARAT,461,GROGOL PETAMBURAN,JL. TANJUNG DUREN UTARA IX,EKONOMI 2
JAKARTA BARAT,462,GROGOL PETAMBURAN,JL. TANJUNG DUREN TIMUR I,EKONOMI 2
JAKARTA BARAT,463,GROGOL PETAMBURAN,JL. TANJUNG DUREN TIMUR III,EKONOMI 2
JAKARTA BARAT,464,GROGOL PETAMBURAN,JL. TANJUNG DUREN TIMUR IV,EKONOMI 2
JAKARTA BARAT,465,GROGOL PETAMBURAN,JL. KOMP. TAMAN HARAPAN INDAH,EKONOMI 2
JAKARTA BARAT,466,GROGOL PETAMBURAN,JL. KOMP. DUTA MAS,EKONOMI 2
JAKARTA BARAT,467,GROGOL PETAMBURAN,JL. TANJUNG DUREN VI,EKONOMI 2
JAKARTA BARAT,468,GROGOL PETAMBURAN,JL. ARANDA,PROTOKOL B
JAKARTA BARAT,469,GROGOL PETAMBURAN,JL. HADIAH UJUNG,EKONOMI 2
JAKARTA BARAT,470,GROGOL PETAMBURAN,JL. SENI BUDAYA RAYA,EKONOMI 2
JAKARTA BARAT,471,GROGOL PETAMBURAN,JL. JELAMBAR BARAT III,EKONOMI 2
JAKARTA BARAT,472,GROGOL PETAMBURAN,JL. RAWA BAHAGIA,EKONOMI 2
JAKARTA BARAT,473,GROGOL PETAMBURAN,JL. INDRALOKA RAYA,EKONOMI 2
JAKARTA BARAT,474,GROGOL PETAMBURAN,KO. GRAWISA,EKONOMI 2
JAKARTA BARAT,475,GROGOL PETAMBURAN,JL. JELAMBAR BARAT II,EKONOMI 2
JAKARTA BARAT,476,GROGOL PETAMBURAN,JL. JELAMBAR BARAT III,EKONOMI 2
JAKARTA BARAT,477,GROGOL PETAMBURAN,JL. MAKALIWE I,EKONOMI 2
JAKARTA BARAT,478,GROGOL PETAMBURAN,JL. KALI SEKRETARIS UTARA,EKONOMI 1
JAKARTA BARAT,479,GROGOL PETAMBURAN,JL. TANJUNG DUREN UTARA X,EKONOMI 2
JAKARTA BARAT,480,GROGOL PETAMBURAN,JL. TANJUNG DUREN UTARA XI,EKONOMI 2
JAKARTA BARAT,481,GROGOL PETAMBURAN,JL. LONTAR RAYA,EKONOMI 1
JAKARTA BARAT,482,GROGOL PETAMBURAN,JL. MEDITERANIA GARDEN,EKONOMI 1
JAKARTA BARAT,483,GROGOL PETAMBURAN,JL. WAY BESAI,EKONOMI 2
JAKARTA BARAT,484,GROGOL PETAMBURAN,JL. TANJUNG DUREN RAYA LAMA,EKONOMI 2
JAKARTA BARAT,485,GROGOL PETAMBURAN,JL. TANJUNG DUREN TIMUR VI,EKONOMI 2 '
JAKARTA BARAT,486,GROGOL PETAMBURAN,JL. SEKRETARIS,EKONOMI 1
JAKARTA BARAT,487,GROGOL PETAMBURAN,JL. DELIMA RAYA,EKONOMI 2
JAKARTA BARAT,488,PALMERAH,JL. LETJEN S. PARMAN,PROTOKOL A
JAKARTA BARAT,489,PALMERAH,JL. ARJUNA SELATAN,PROTOKOL B
JAKARTA BARAT,490,PALMERAH,JL. TOMANG RAYA,PROTOKOL B
JAKARTA BARAT,491,PALMERAH,JL. BATU SARI / KEBON JERUK RAYA,EKONOMI 1
JAKARTA BARAT,492,PALMERAH,JL. BATU SARI 4,EKONOMI 1
JAKARTA BARAT,493,PALMERAH,JL. BRIGJEN KATAMS0 (TR),EKONOMI 1
JAKARTA BARAT,494 PALMERAH,JL. BUDI RAYA KEMANGGISAN,EKONOMI 1,
JAKARTA BARAT,495 PALMERAH,JL. KEMANGGISAN UTAMA RAYA,EKONOMI 1,
JAKARTA BARAT,496 PALMERAH,JL. KS TUBUN,EKONOMI 1,
JAKARTA BARAT,497 PALMERAH,JL. PALMERAH BARAT,EKONOMI 1,
JAKARTA BARAT,498 PALMERAH,JL. PALMERAH UTARA,EKONOMI 1,
JAKARTA BARAT,499 PALMERAH,JL. RAWA BELONG,EKONOMI 1,
JAKARTA BARAT,500 PALMERAH,JL. KAMBOJA (TOMANG),EKONOMI 1,
JAKARTA BARAT,501 PALMERAH,JL. KEMANGGISAN,EKONOMI 1,
JAKARTA BARAT,502 PALMERAH,JL. KEMANGGISAN ILIR,EKONOMI 2,
JAKARTA BARAT,503 PALMERAH,JL. KH. SYAHDAN,EKONOMI 1,
JAKARTA BARAT,504 PALMERAH,JL. KH. TAISIR,EKONOMI 1,
JAKARTA BARAT,505 PALMERAH,JL. PALMA,EKONOMI 2,
JAKARTA BARAT,506 PALMERAH,JL. PONDOK BANDUNG,EKONOMI 2,
JAKARTA BARAT,507 PALMERAH,JL. TOMANG ASLI,EKONOMI 1,
JAKARTA BARAT,508 PALMERAH,JL. KEMANDORAN RAYA,EKONOMI 2,
JAKARTA BARAT,509 PALMERAH,JL. KEMANGGISAN UTARA,EKONOMI 1,
JAKARTA BARAT,510 PALMERAH,JL. KOTA BAMBU RAYA,EKONOMI 1,
JAKARTA BARAT,511 PALMERAH,JL. ANGGREK ROSLIANA,EKONOMI 2,
JAKARTA BARAT,512 PALMERAH,JL. ANGGREK ROSLIANA VII,EKONOMI 2,
JAKARTA BARAT,513 PALMERAH,JL. BIDARA RAYA,EKONOMI 2,
JAKARTA BARAT,514 PALMERAH,JL. CEMPAKA,EKONOMI 2,
JAKARTA BARAT,515 PALMERAH,JL. DAHLIA,EKONOMI 2,
JAKARTA BARAT,516 PALMERAH,JL. DELIMA,EKONOMI 2,
JAKARTA BARAT,517 PALMERAH,JL. INSPEKSI KALI KEMANGGISAN,EKONOMI 2,
JAKARTA BARAT,518 PALMERAH,JL. INSPEKSI KALI PALMERAH,EKONOMI 2,
JAKARTA BARAT,519 PALMERAH,JL. KEMANGGISAN ILIR I,EKONOMI 2,
JAKARTA BARAT,520 PALMERAH,JL. KEMANGGISAN ILIR II,EKONOMI 2,
JAKARTA BARAT,521 PALMERAH,JL. KEMANGGISAN ILIR III,EKONOMI 2,
JAKARTA BARAT,522 PALMERAH,JL. KEMANGGISAN ILIR IV,EKONOMI 2,
JAKARTA BARAT,523 PALMERAH,JL. KEMANGGISAN ILIR IX,EKONOMI 2,
JAKARTA BARAT,524 PALMERAH,JL. KEMANGGISAN ILIR V,EKONOMI 2,
JAKARTA BARAT,525 PALMERAH,JL. KEMANGGISAN ILIR VI,EKONOMI 2,
JAKARTA BARAT,526 PALMERAH,JL. KEMANGGISAN ILIR VII,EKONOMI 2,
JAKARTA BARAT,527 PALMERAH,JL. KEMANGGISAN ILIR VIII,EKONOMI 2,
JAKARTA BARAT,528 PALMERAH,JL. KEMANGGISAN RAYA / PALMERAH,EKONOMI 1,
JAKARTA BARAT,529 PALMERAH,JL. KOTA BAMBU SELATAN,EKONOMI 2,
JAKARTA BARAT,530 PALMERAH,JL. KOTA BAMBU SELATAN IV,EKONOMI 2,
JAKARTA BARAT,531 PALMERAH,JL. KOTA BAMBU SELATAN V,EKONOMI 2,
JAKARTA BARAT,532 PALMERAH,JL. KOTA BAMBU UTARA,EKONOMI 2,
JAKARTA BARAT,533 PALMERAH,JL. KS TUBUN II DALAM,EKONOMI 2,
JAKARTA BARAT,534 PALMERAH,JL. KS TUBUN III DALAM,EKONOMI 2,
JAKARTA BARAT,535 PALMERAH,JL. PALMERAH BARAT I,EKONOMI 2,
JAKARTA BARAT,536 PALMERAH,JL. PALMERAH BARAT II,EKONOMI 2,
JAKARTA BARAT,537 PALMERAH,JL. PALMERAH BARAT III,EKONOMI 2,
JAKARTA BARAT,538 PALMERAH,JL. PALMERAH BARAT IV,EKONOMI 2,
JAKARTA BARAT,539 PALMERAH,JL. RASAMALA,EKONOMI 2,
JAKARTA BARAT,540 PALMERAH,JL. SAKTI,EKONOMI 2,
JAKARTA BARAT,541 PALMERAH,JL. SATYA RAYA,,LINGKUNGAN
JAKARTA BARAT,542 PALMERAH,JL. SEMANGKA,EKONOMI 2,
JAKARTA BARAT,543 PALMERAH,JL. U. PALMERAH,EKONOMI 1,
JAKARTA BARAT,544 PALMERAH,JL. ANGGREK CENDRAWASIH,EKONOMI 2,
JAKARTA BARAT,545 PALMERAH,JL. ANGGREK GARUDA,EKONOMI 2,
JAKARTA BARAT,546 PALMERAH,JL. ANGGREK NELI MURNI,EKONOMI 2,
JAKARTA BARAT,547 PALMERAH,JL. HARLAND,EKONOMI 2,
JAKARTA BARAT,548 PALMERAH,JL. PAAL MERAH UTARA I,EKONOMI 2,
JAKARTA BARAT,549 PALMERAH,JL. PAAL MERAH UTARA II,EKONOMI 2,
JAKARTA BARAT,550 PALMERAH,JL. PAAL MERAH UTARA III,•,EKONOMI 2
JAKARTA BARAT,551 PALMERAH,JL. PAAL MERAH UTARA IV,EKONOMI 2,
JAKARTA BARAT,552 PALMERAH,JL. SAKTI I,,LINGKUNGAN
JAKARTA BARAT,553 PALMERAH,JL. SAKTI II,,LINGKUNGAN
JAKARTA BARAT,554 PALMERAH,JL. SAKTI III,,LINGKUNGAN
JAKARTA BARAT,555 PALMERAH,JL. SAKTI IV,,LINGKUNGAN
JAKARTA BARAT,556 PALMERAH,JL. SAKTI V,,LINGKUNGAN
JAKARTA BARAT,557 PALMERAH,JL. SAKTI VI,,LINGKUNGAN
JAKARTA BARAT,558 PALMERAH,JL. SAKTI VII,,LINGKUNGAN
JAKARTA BARAT,559 PALMERAH,JL. SEMANGKA I,,LINGKUNGAN
JAKARTA BARAT,560 PALMERAH,JL. SEMANGKA II,,LINGKUNGAN
JAKARTA BARAT,561 ' PALMERAH,JL. SEMANGKA III,,LINGKUNGAN
JAKARTA BARAT,562 PALMERAH,JL. SEMANGKA IV,,LINGKUNGAN
JAKARTA BARAT,563 PALMERAH,JL. SEMANGKA V,,LINGKUNGAN
JAKARTA BARAT,564 PALMERAH,JL. NANGKA,,LINGKUNGAN
JAKARTA BARAT,565 PALMERAH,JL. BUNI,,LINGKUNGAN
JAKARTA BARAT,566 PALMERAH,JL. TOMANG ANCAK,,LINGKUNGAN
JAKARTA BARAT,567 PALMERAH,JL. WULUH,,LINGKUNGAN
JAKARTA BARAT,568 PALMERAH,JL. KATALIA I,,LINGKUNGAN
JAKARTA BARAT,569 PALMERAH,JL. KATALIA II,,LINGKUNGAN
JAKARTA BARAT,570 PALMERAH,JL. KATALIA III,,LINGKUNGAN
JAKARTA BARAT,571 PALMERAH,JL. KATALIA IV,,LINGKUNGAN
JAKARTA BARAT,572 PALMERAH,JL. KEMANGGISAN UTAMA II,,LINGKUNGAN
JAKARTA BARAT,573 PALMERAH,JL. KEMANGGISAN UTAMA III,,LINGKUNGAN
JAKARTA BARAT,574 PALMERAH,JL. KEMANGGISAN UTAMA IV,,LINGKUNGAN
JAKARTA BARAT,575 PALMERAH,JL. KEMANGGISAN UTAMA V,,LINGKUNGAN
JAKARTA BARAT,576 PALMERAH,JL. OLAHRAGA I,,LINGKUNGAN
JAKARTA BARAT,577 PALMERAH,JL. OLAHRAGA II,,LINGKUNGAN
JAKARTA BARAT,578 PALMERAH,JL. OLAHRAGA III,,LINGKUNGAN
JAKARTA BARAT,579 PALMERAH,JL. OLAHRAGA IV,,LINGKUNGAN
JAKARTA BARAT,580 PALMERAH,JL. OLAHRAGA V,,LINGKUNGAN
JAKARTA BARAT,581 PALMERAH,JL. BIMA,,LINGKUNGAN
JAKARTA BARAT,582 PALMERAH,JL. H DJUNAEDI,,LINGKUNGAN
JAKARTA BARAT,583 PALMERAH,JL. H SENIN,,•LINGKUNGAN
JAKARTA BARAT,584 PALMERAH,JL. SANDANG,,LINGKUNGAN
JAKARTA BARAT,585 PALMERAH,JL. KS TUBUN III,,LINGKUNGAN
JAKARTA BARAT,586 PALMERAH,JL. KS TUBUN IV,,LINGKUNGAN
JAKARTA BARAT,587 PALMERAH,JL. KS TUBUN IIA,,LINGKUNGAN
JAKARTA BARAT,588 PALMERAH,JL. KS TUBUN IIC,,LINGKUNGAN
JAKARTA BARAT,589 PALMERAH,JL. WIJAYA KUSUMA,EKONOMI 2,
JAKARTA BARAT,590 PALMERAH,JL. KS TUBUN I DALAM,EKONOMI 3,
JAKARTA BARAT,591 PALMERAH,JL. H. MARZUKI,,LINGKUNGAN
JAKARTA BARAT,592 PALMERAH,JL. MANGGA,,LINGKUNGAN
JAKARTA BARAT,593 TAMBORA,JL. PROF. DR. LATUMENTEN,PROTOKOL,B
JAKARTA BARAT,594 TAMBORA,JL. JEMBATAN LIMA,PROTOKOL,C
JAKARTA BARAT,595 TAMBORA,JL. KH. MOH. MANSYUR,PROTOKOL,C
JAKARTA BARAT,596 TAMBORA,JL. JEMBATAN DUA,EKONOMI 1,
JAKARTA BARAT,597 TAMBORA,JL. KALI BESAR BARAT,EKONOMI 1,
JAKARTA BARAT,598 TAMBORA,JL. ROA MALAKA UTARA,EKONOMI 1,
JAKARTA BARAT,599 TAMBORA,JL. BANDENGAN SELT/UTARA,EKONOMI 1,
JAKARTA BARAT,600 TAMBORA,JL. GEDONG PANJANG,EKONOMI 1,
JAKARTA BARAT,601 TAMBORA,JL. KH. ZAINUL ARIFIN,EKONOMI 1,
JAKARTA BARAT,602 TAMBORA,JL. KOPI,EKONOMI 1,
JAKARTA BARAT,603 TAMBORA,JL. PANGERAN TUBAGUS ANGKE,EKONOMI 1,
JAKARTA BARAT,604 TAMBORA,JL. TUBAGUS ANGKE/PETONGKANGAN,EKONOMI 1,
JAKARTA BARAT,605 TAMBORA,JL. KRENDANG UTARA,EKONOMI 2,
JAKARTA BARAT,606 TAMBORA,JL. MALAKA,EKONOMI 2,
JAKARTA BARAT,607 TAMBORA,JL. ORPA,EKONOMI 2,
JAKARTA BARAT,608 TAMBORA,JL. PASAR PAGI,EKONOMI 2,
JAKARTA BARAT,609 TAMBORA,JL.. PERNIAGAAN BARAT,EKONOMI 2,
JAKARTA BARAT,610 TAMBORA,JL. PERNIAGAAN TIMUR,EKONOMI 2,
JAKARTA BARAT,611 TAMBORA,JL. PETAK BARU,EKONOMI 2,
JAKARTA BARAT,612 TAMBORA,JL. TELEPON KOTA,EKONOMI 2,
JAKARTA BARAT,613 TAMBORA,JL. TIANG BENDERA I,EKONOMI 2,
JAKARTA BARAT,614 TAMBORA,JL. TIANG BENDERA II,EKONOMI 2,
JAKARTA BARAT,615 TAMBORA,JL. TIANG BENDERA III,EKONOMI 2,
JAKARTA BARAT,616 TAMBORA,JL. TIANG BENDERA SELATAN,EKONOMI 2,
JAKARTA BARAT,617 TAMBORA,JL. TSS,EKONOMI 2,
JAKARTA BARAT,618 TAMBORA,JL. ASEMKA/PINTU KECIL,EKONOMI 2,
JAKARTA BARAT,619 TAMBORA,JL. BETET RAYA,EKONOMI 2,
JAKARTA BARAT,620 TAMBORA,JL. DURI,EKONOMI 2,
JAKARTA BARAT,621 TAMBORA,JL. DURI UTAMA,EKONOMI 2,
JAKARTA BARAT,622 TAMBORA,JL. JEMBATAN BESI RAYA,EKONOMI 2,
JAKARTA BARAT,623 TAMBORA,JL. KRENDANG RAYA,EKONOMI 2,
JAKARTA BARAT,624 TAMBORA,JL. PEJAGALAN,EKONOMI 2,
JAKARTA BARAT,625 TAMBORA,JL. PERNIAGAAN/TOKO TIGA,EKONOMI 2,
JAKARTA BARAT,626 TAMBORA,JL. ROA MALAKA SELATAN,EKONOMI 2,
JAKARTA BARAT,627 TAMBORA,JL. TIANG BENDERA BARAT,EKONOMI 2,
JAKARTA BARAT,628 TAMBORA,JL. TOKO TIGA,EKONOMI 2,
JAKARTA BARAT,629 TAMBORA,JL. PETONGKANGAN,EKONOMI 2,
JAKARTA BARAT,630 TAMBORA,JL. LAKSA I,EKONOMI 2,
JAKARTA BARAT,631 TAMBORA,JL. KRENDANG BARAT,EKONOMI 2,
JAKARTA BARAT,632 TAMBORA,JL. JEMBATAN BESI VIII,EKONOMI 2,
JAKARTA BARAT,633 TAMBORA,JL. BANDENGAN UTARA I,EKONOMI 2,
JAKARTA BARAT,634 TAMBORA,JL. PEJAGALAN I,EKONOMI 2,
JAKARTA BARAT,635 TAMBORA,JL. KALIANYAR DURI BANGKIT,EKONOMI 3,
JAKARTA BARAT,636 TAMBORA,JL. LIBERIA,EKONOMI 3,
JAKARTA BARAT,637 TAMBORA,JL. MESJID PEKOJAN,EKONOMI 3,
JAKARTA BARAT,638 TAMBORA,JL. PEKOJAN I,EKONOMI 3,
JAKARTA BARAT,639 TAMBORA,JL. PENGUKIRAN,EKONOMI 3,
JAKARTA BARAT,640 TAMBORA,JL. PENGUKIRAN I,EKONOMI 3,
JAKARTA BARAT,641 TAMBORA,JL. PENGUKIRAN II,EKONOMI 3,
JAKARTA BARAT,642 TAMBORA,JL. PENGUKIRAN III,EKONOMI 3,
JAKARTA BARAT,643 TAMBORA,JL. PENGUKIRAN IV,EKONOMI 3,
JAKARTA BARAT,644 TAMBORA,JL. PERSIMA,EKONOMI 3,
JAKARTA BARAT,645 TAMBORA,JL. RAYA TANAH SEREAL,EKONOMI 3,
JAKARTA BARAT,646 TAMBORA,JL. BLANDONGAN,EKONOMI 3,
JAKARTA BARAT,647 TAMBORA,JL. DURI SELATAN,EKONOMI 3,
JAKARTA BARAT,648 TAMBORA,JL. GARUDA,EKONOMI 3,
JAKARTA BARAT,649 TAMBORA,JL. JEMBATAN BESI I,EKONOMI 3,
JAKARTA BARAT,650 TAMBORA,JL. JEMBATAN BESI II,EKONOMI 3,
JAKARTA BARAT,651 TAMBORA,JL. KRENDANG TENGAH,EKONOMI 3,
JAKARTA BARAT,652 TAMBORA,JL. KRENDANG TIMUR,EKONOMI 3,
JAKARTA BARAT,653 TAMBORA,JL. MESJID AL JIHAD,EKONOMI 3,
JAKARTA BARAT,654 TAMBORA,JL. PEKAPURAN,EKONOMI 3,
JAKARTA BARAT,655 TAMBORA,"JL, PEKOJAN",EKONOMI 3,
JAKARTA BARAT,656 TAMBORA,JL. POS DURI,EKONOMI 3,
JAKARTA BARAT,657 TAMBORA,JL. SAWAH LIO,EKONOMI 3,
JAKARTA BARAT,658 TAMBORA,JL. STASIUN ANGKE,EKONOMI 3,
JAKARTA BARAT,659 TAMBORA,JL. ANGKE INDAH RAYA,EKONOMI 3,
JAKARTA BARAT,660 TAMBORA,JL. ANGKE JAYA,EKONOMI 3,
JAKARTA BARAT,661 TAMBORA,JL. PADA MULYA,EKONOMI 3,
JAKARTA BARAT,662 TAMBORA,JL. LAKSA,EKONOMI 3,
JAKARTA BARAT,663 TAMBORA,JL. KRENDANG SELATAN,EKONOMI 3,
JAKARTA BARAT,664 TAMBORA,JL. DURI SELATAN I/JL. JAMBLANG RAYA,EKONOMI 3,
JAKARTA BARAT,665 TAMBORA,JL. PEKAPURAN VIII,EKONOMI 3,
JAKARTA BARAT,666 TAMBORA,JL. TAMBORA IV,EKONOMI 3,
JAKARTA BARAT,667 TAMBORA,JL. TANAH SEREAL X,EKONOMI 3,
JAKARTA BARAT,668 TAMBORA,JL. DURI BARU,,LINGKUNGAN
JAKARTA BARAT,669 TAMBORA,JL. KAMPUNG TAMBORA,,LINGKUNGAN
JAKARTA BARAT,670 TAMBORA,JL. JEMBATAN ITEM,,LINGKUNGAN
JAKARTA BARAT,671 TAMBORA,JL. DURI BANGKIT,EKONOMI 3,
JAKARTA BARAT,672 TAMBORA,JL. JAMBLANG RAYA,EKONOMI 3,
JAKARTA BARAT,673 TAMBORA,JL. KALI ANYAR RAYA,EKONOMI 3,
JAKARTA BARAT,674 TAMBORA,JL. KOMPLEK BELAKANG SEASONS CITY,EKONOMI 1,
JAKARTA BARAT,675 TAMBORA,JL TIANG BENDERA V,EKONOMI 2,
JAKARTA BARAT,676 TAMBORA,JL STASIUN ANGKE,,LINGKUNGAN
JAKARTA BARAT,677 TAMBORA,JL ANGKE BARAT,,LINGKUNGAN
JAKARTA BARAT,678 TAMBORA,JL DURI UTARA II,,LINGKUNGAN
JAKARTA BARAT,679 TAMBORA,JL DURI UTARA / JL STASIUN DURI,,LINGKUNGAN
JAKARTA BARAT,680 TAMBORA,JL HANURA RAYA (IV),EKONOMI 3,
JAKARTA BARAT,681 TAMBORA,JL PEKAPURAN I,EKONOMI 3,
JAKARTA BARAT,682 TAMAN SARI,JL. GAJAH MADA,PROTOKOL,B
JAKARTA BARAT,683,TAMAN SARI,JL. GLODOK LINDETEVES,PROTOKOL B
JAKARTA BARAT,684,TAMAN SARI,JL. HAYAM WURUK,PROTOKOL B
JAKARTA BARAT,685,TAMAN SARI,JL. JEMBATAN BATU,PROTOKOL C
JAKARTA BARAT,686,TAMAN SARI,JL. MANGGA DUA,PROTOKOL C
JAKARTA BARAT,687,TAMAN SARI,JL. KALI BESAR TIMUR,EKONOMI 1
JAKARTA BARAT,688,TAMAN SARI,JL. KETAPANG,EKONOMI 1
JAKARTA BARAT,689,TAMAN SARI,JL. MANGGA BESAR RAYA,EKONOMI 1
JAKARTA BARAT,690,TAMAN SARI,JL. PANGERAN JAYAKARTA,EKONOMI 1
JAKARTA BARAT,691,TAMAN SARI,JL. PINANGSIA RAYA,EKONOMI 1
JAKARTA BARAT,692,TAMAN SARI,JL. PINTU BESAR SEL / UTR,PROTOKOL C
JAKARTA BARAT,693,TAMAN SARI,JL. STASIUN KOTA,EKONOMI 1
JAKARTA BARAT,694,TAMAN SARI,JL. SUKARDJO WIRYOPRANOTO,PROTOKOL C
JAKARTA BARAT,695,TAMAN SARI,JL. TAMAN SARI RAYA,EKONOMI 1
JAKARTA BARAT,696,TAMAN SARI,JL. ASEM,EKONOMI 2
JAKARTA BARAT,697,TAMAN SARI,JL. ASEMKA/PINTU KECIL,EKONOMI 2
JAKARTA BARAT,698,TAMAN SARI,JL. BLUSTRU,EKONOMI 2
JAKARTA BARAT,699,TAMAN SARI,JL. CENGKEH,EKONOMI 2
JAKARTA BARAT,700,TAMAN SARI,JL. GAJAH MADA MEDITERANIA APARTEMEN,EKONOMI 2
JAKARTA BARAT,701,TAMAN SARI,JL. GLODOK JAYA,EKONOMI 2
JAKARTA BARAT,702,TAMAN SARI,JL. GLODOK MAKMUR,EKONOMI 2
JAKARTA BARAT,703,TAMAN SARI,JL. GLODOK SELATAN,EKONOMI 2
JAKARTA BARAT,704,TAMAN SARI,JL. KEMUKUS,EKONOMI 2
JAKARTA BARAT,705,TAMAN SARI,JL. KETAPANG UTARA,EKONOMI 2
JAKARTA BARAT,706,TAMAN SARI,JL. KOMP. THR / LOKASARI,EKONOMI 2
JAKARTA BARAT,707,TAMAN SARI,JL. KUNIR,EKONOMI 2
JAKARTA BARAT,708,TAMAN SARI,JL. LABU,EKONOMI 2
JAKARTA BARAT,709,TAMAN SARI,JL. LADA/POS KOTA,EKONOMI 1
JAKARTA BARAT,710,TAMAN SARI,JL. LAPANGAN STASIUN,EKONOMI 1
JAKARTA BARAT,711,TAMAN SARI,JL. MANGGA BESAR I,EKONOMI 2
JAKARTA BARAT,712,TAMAN SARI,JL. MANGGA BESAR II,EKONOMI 2
JAKARTA BARAT,713,TAMAN SARI,JL. MANGGA BESAR III,EKONOMI 2
JAKARTA BARAT,714,TAMAN SARI,JL. MANGGA BESAR IV,EKONOMI 2
JAKARTA BARAT,715,TAMAN SARI,JL. MANGGA BESAR V,EKONOMI 2
JAKARTA BARAT,716,TAMAN SARI,JL. MANGGA BESAR VI,EKONOMI 2
JAKARTA BARAT,717,TAMAN SARI,JL. MANGGA BESAR VII,EKONOMI 2
JAKARTA BARAT,718,TAMAN SARI,JL. MANGGA BESAR VIII,EKONOMI 1
JAKARTA BARAT,719,TAMAN SARI,JL. MANGGA BESAR XII/ASEM REGES,EKONOMI 2
JAKARTA BARAT,720,TAMAN SARI,JL. MANGGIS,EKONOMI 2
JAKARTA BARAT,721,TAMAN SARI,JL. PERTOKOAN GLODOK PLAZA,EKONOMI 2
JAKARTA BARAT,722,TAMAN SARI,JL. PETAK SEMBILAN,EKONOMI 2
JAKARTA BARAT,723,TAMAN SARI,JL. PINANGSIA I,EKONOMI 2
JAKARTA BARAT,724,TAMAN SARI,JL. PINANGSIA II,EKONOMI 2
JAKARTA BARAT,725,TAMAN SARI,JL. PINANGSIA III,EKONOMI 2
JAKARTA BARAT,726,TAMAN SARI,JL. PINANGSIA TIMUR,EKONOMI 2
JAKARTA BARAT,727,TAMAN SARI,JL. TAMAN SARI I,EKONOMI 2
JAKARTA BARAT,728,TAMAN SARI,JL. TAMAN SARI II,EKONOMI 2
JAKARTA BARAT,729,TAMAN SARI,JL. TAMAN SARI III,EKONOMI 2
JAKARTA BARAT,730,TAMAN SARI,JL. TAMAN SARI IV,EKONOMI 2
JAKARTA BARAT,731,TAMAN SARI,JL. TOKO TIGA,EKONOMI 2
JAKARTA BARAT,732,TAMAN SARI,JL. KEMENANGAN,EKONOMI 3
JAKARTA BARAT,733,TAMAN SARI,JL. KEMURNIAN,EKONOMI 3
JAKARTA BARAT,734,TAMAN SARI,JL. KEMENANGAN I,EKONOMI 3
JAKARTA BARAT,735,TAMAN SARI,JL. KEMENANGAN II,•
JAKARTA BARAT,736,TAMAN SARI,JL. KEMENANGAN III,EKONOMI 3
JAKARTA BARAT,737,TAMAN SARI,JL. KEADILAN,EKONOMI 3
JAKARTA BARAT,738,TAMAN SARI,JL. KEAGUNGAN,EKONOMI 3
JAKARTA BARAT,739,TAMAN SARI,JL. PANCORAN,EKONOMI 2
JAKARTA BARAT,740,TAMAN SARI,JL. GLODOK HARCO,EKONOMI 3
JAKARTA BARAT,741,TAMAN SARI,JL. GLODOK I,EKONOMI 3
JAKARTA BARAT,742,TAMAN SARI,JL. GLODOK II,EKONOMI 3
JAKARTA BARAT,743,TAMAN SARI,JL. GLODOK III,EKONOMI 2
JAKARTA BARAT,744,TAMAN SARI,•,JL. KEAMANAN
JAKARTA BARAT,745,TAMAN SARI,JL. KEBAHAGIAAN,EKONOMI 3
JAKARTA BARAT,746 TAMAN SARI,JL. KEBON SAYUR,EKONOMI 3,
JAKARTA BARAT,747 TAMAN SARI,JL. KEBUN JERUK I,EKONOMI 3,
JAKARTA BARAT,748 TAMAN SARI,JL. KEBUN JERUK II,EKONOMI 3,
JAKARTA BARAT,749 TAMAN SARI,JL. KEBUN JERUK III,EKONOMI 2,
JAKARTA BARAT,750 TAMAN SARI,JL. KEBUN JERUK IV,EKONOMI 3,
JAKARTA BARAT,751 TAMAN SARI,JL. KEBUN JERUK IX,EKONOMI 3,
JAKARTA BARAT,752 TAMAN SARI,JL. KEBUN JERUK V,EKONOMI 3,
JAKARTA BARAT,753 TAMAN SARI,JL. KEBUN JERUK VI,EKONOMI 3,
JAKARTA BARAT,754 TAMAN SARI,JL. KEBUN JERUK VII,EKONOMI 3,
JAKARTA BARAT,755 TAMAN SARI,JL. KEBUN JERUK VIII,EKONOMI 3,
JAKARTA BARAT,756 TAMAN SARI,JL. KEBUN JERUK X,EKONOMI 3,
JAKARTA BARAT,757 TAMAN SARI,JL. KEBUN JERUK XI,EKONOMI 3,
JAKARTA BARAT,758 TAMAN SARI,JL. KEBUN JERUK XII,EKONOMI 3,
JAKARTA BARAT,759 TAMAN SARI,JL. KEBUN JERUK XIII,EKONOMI 3,
JAKARTA BARAT,760 TAMAN SARI,JL. KEBUN JERUK XIV,EKONOMI 3,
JAKARTA BARAT,761 TAMAN SARI,JL. KEBUN JERUK XIX,EKONOMI 3,
JAKARTA BARAT,762 TAMAN SARI,JL. KEBUN JERUK XV,EKONOMI 3,
JAKARTA BARAT,763 TAMAN SARI,JL. KEBUN JERUK XVI,EKONOMI 3,
JAKARTA BARAT,764 TAMAN SARI,JL. KEBUN JERUK XVII,EKONOMI 3,
JAKARTA BARAT,765 TAMAN SARI,JL. KEBUN JERUK XVIII,EKONOMI 3,
JAKARTA BARAT,766 TAMAN SARI,JL. KEJAYAAN,EKONOMI 3,
JAKARTA BARAT,767 TAMAN SARI,JL. KERAJINAN,EKONOMI 3,
JAKARTA BARAT,768 TAMAN SARI,JL. KESEDERHANAAN,EKONOMI 3,
JAKARTA BARAT,769 TAMAN SARI,JL. KESELAMATAN,EKONOMI 3,
JAKARTA BARAT,770 TAMAN SARI,JL. KETENTRAMAN,EKONOMI 3,
JAKARTA BARAT,771 TAMAN SARI,JL. KEUTAMAAN,EKONOMI 3,
JAKARTA BARAT,772 TAMAN SARI,JL. KOMP. JAYAKARTA,EKONOMI 3,
JAKARTA BARAT,773 TAMAN SARI,JL. KOMP. KOTA INDAH,EKONOMI 3,
JAKARTA BARAT,774 TAMAN SARI,JL. KUNIR II,EKONOMI 3,
JAKARTA BARAT,775 TAMAN SARI,JL. MANGGA BESAR IX,EKONOMI 2,
JAKARTA BARAT,776 TAMAN SARI,JL. MANGGA BESAR X,EKONOMI 3,
JAKARTA BARAT,777 TAMAN SARI,JL. MANGGA BESAR XI,EKONOMI 3,
JAKARTA BARAT,778 TAMAN SARI,JL. PASAR ASEM REGES,EKONOMI 3,
JAKARTA BARAT,779 TAMAN SARI,JL. PERTOKOAN GLODOK SKY,EKONOMI 3,
JAKARTA BARAT,780 TAMAN SARI,JL. SAWAH BESAR I,EKONOMI 3,
JAKARTA BARAT,781 TAMAN SARI,JL. TAMAN SARI IX,EKONOMI 3,
JAKARTA BARAT,782 TAMAN SARI,JL. TAMAN SARI X,EKONOMI 3,
JAKARTA BARAT,783 TAMAN SARI,JL. TAMAN SARI XI,EKONOMI 3,
JAKARTA BARAT,784 TAMAN SARI,JL. BELIMBING,,LINGKUNGAN
JAKARTA BARAT,785 TAMAN SARI,JL KH. ZAINUL ARIFIN,PROTOKOL,C
